index,date,SPEED,TORQUE,POWER,CURRENT,1,2,3,4
0,1765820036772,0,0,0,0,0,0,0,0
1,1765820037288,0,0,0,0,0,0,0,0
2,1765820037805,0,0,0,0,0,0,0,0
3,1765820038372,0,0,0,0,0,0,0,0
4,1765820038638,0,0,0,0,0,0,0,0
5,1765820038837,0,0,0,0,0,0,0,0
6,1765820039189,0,0,0,0,0,0,0,0
7,1765820039322,0,0,0,0,0,0,0,0
8,1765820039672,0,0,0,0,0,0,0,0
9,1765820039871,0,0,0,0,0,0,0,0
10,1765820040155,0,0,0,0,0,0,0,0
11,1765820040722,0,0,0,0,0,0,0,0
12,1765820041189,0,0,0,0,0,0,0,0
13,1765820041489,0,0,0,0,0,0,0,0
14,1765820041656,0,0,0,0,0,0,0,0
15,1765820042038,0,0,0,0,0,0,0,0
16,1765820042239,0,0,0,0,0,0,0,0
17,1765820042521,0,0,0,0,0,0,0,0
18,1765820042721,0,0,0,0,0,0,0,0
19,1765820043071,0,0,0,0,0,0,0,0
20,1765820043572,0,0,0,0,0,0,0,0
21,1765820044021,0,0,0,0,0,0,0,0
22,1765820044387,0,0,0,0,0,0,0,0
23,1765820044587,0,0,0,0,0,0,0,0
24,1765820044870,0,0,0,0,0,0,0,0
25,1765820045038,0,0,0,0,0,0,0,0
26,1765820045354,0,0,0,0,0,0,0,0
27,1765820045855,0,0,0,0,0,0,0,0
28,1765820046323,0,0,0,0,0,0,0,0
29,1765820046672,0,0,0,0,0,0,0,0
30,1765820046872,0,0,0,0,0,0,0,0
31,1765820047156,0,0,0,0,0,0,0,0
32,1765820047355,0,0,0,0,0,0,0,0
33,1765820047622,0,0,0,0,0,0,0,0
34,1765820048172,0,0,0,0,0,0,0,0
35,1765820048638,0,0,0,0,0,0,0,0
36,1765820049006,0,0,0,0,0,0,0,0
37,1765820049139,0,0,0,0,0,0,0,0
38,1765820049472,0,0,0,0,0,0,0,0
39,1765820049672,0,0,0,0,0,0,0,0
40,1765820049955,0,0,0,0,0,0,0,0
41,1765820050489,0,0,0,0,0,0,0,0
42,1765820050988,0,0,0,0,0,0,0,0
43,1765820051305,0,0,0,0,0,0,0,0
44,1765820051472,0,0,0,0,0,0,0,0
45,1765820051805,0,0,0,0,0,0,0,0
46,1765820052021,0,0,0,0,0,0,0,0
47,1765820052305,0,0,0,0,0,0,0,0
48,1765820052522,0,0,0,0,0,0,0,0
49,1765820052872,0,0,0,0,0,0,0,0
50,1765820053322,0,0,0,0,0,0,0,0
51,1765820053821,0,0,0,0,0,0,0,0
52,1765820054171,0,0,0,0,0,0,0,0
53,1765820054371,0,0,0,0,0,0,0,0
54,1765820054657,0,0,0,0,0,0,0,0
55,1765820054855,0,0,0,0,0,0,0,0
56,1765820055171,0,0,0,0,0,0,0,0
57,1765820055688,0,0,0,0,0,0,0,0
58,1765820055887,0,0,0,0,0,0,0,0
59,1765820056172,0,0,0,0,0,0,0,0
60,1765820056705,0,0,0,0,0,0,0,0
61,1765820056989,0,0,0,0,0,0,0,0
62,1765820057189,0,0,0,0,0,0,0,0
63,1765820057471,0,0,0,0,0,0,0,0
64,1765820058005,0,0,0,0,0,0,0,0
65,1765820058206,0,0,0,0,0,0,0,0
66,1765820058505,0,0,0,0,0,0,0,0
67,1765820059022,0,0,0,0,0,0,0,0
68,1765820059505,0,0,0,0,0,0,0,0
69,1765820059789,0,0,0,0,0,0,0,0
70,1765820059988,0,0,0,0,0,0,0,0
71,1765820060355,0,0,0,0,0,0,0,0
72,1765820060522,0,0,0,0,0,0,0,0
73,1765820060820,0,0,0,0,0,0,0,0
74,1765820061322,0,0,0,0,0,0,0,0
75,1765820061872,0,0,0,0,0,0,0,0
76,1765820062172,0,0,0,0,0,0,0,0
77,1765820062405,0,0,0,0,0,0,0,0
78,1765820062741,0,0,0,0,0,0,0,0
79,1765820062906,0,0,0,0,0,0,0,0
80,1765820063205,0,0,0,0,0,0,0,0
81,1765820063405,0,0,0,0,0,0,0,0
82,1765820063704,0,0,0,0,0,0,0,0
83,1765820064288,0,0,0,0,0,0,0,0
84,1765820064505,0,0,0,0,0,0,0,0
85,1765820064788,0,0,0,0,0,0,0,0
86,1765820065288,0,0,0,0,0,0,0,0
87,1765820216172,0,0,0,0,0,0,0,0
88,1765820216355,0,0,0,0,0,0,0,0
89,1765820216720,0,0,0,0,0,0,0,0
90,1765820216886,0,0,0,0,0,0,0,0
91,1765820217169,0,0,0,0,0,0,0,0
92,1765820217387,0,0,0,0,0,0,0,0
93,1765820217670,0,0,0,0,0,0,0,0
94,1765820218220,0,0,0,0,0,0,0,0
95,1765820218703,0,0,0,0,0,0,0,0
96,1765820219070,0,0,0,0,0,0,0,0
97,1765820219169,0,0,0,0,0,0,0,0
98,1765820219536,0,0,0,0,0,0,0,0
99,1765820219719,0,0,0,0,0,0,0,0
100,1765820220003,0,0,0,0,0,0,0,0
101,1765820220569,0,0,0,0,0,0,0,0
102,1765820221035,0,0,0,0,0,0,0,0
103,1765820221320,0,0,0,0,0,0,0,0
104,1765820221503,0,0,0,0,0,0,0,0
105,1765820221852,0,0,0,0,0,0,0,0
106,1765820222069,0,0,0,0,0,0,0,0
107,1765820222337,0,0,0,0,0,0,0,0
108,1765820222537,0,0,0,0,0,0,0,0
109,1765820222853,0,0,0,0,0,0,0,0
110,1765820223352,0,0,0,0,0,0,0,0
111,1765820223636,0,0,0,0,0,0,0,0
112,1765820223819,0,0,0,0,0,0,0,0
113,1765820224170,0,0,0,0,0,0,0,0
114,1765820224370,0,0,0,0,0,0,0,0
115,1765820224653,0,0,0,0,0,0,0,0
116,1765820225120,0,0,0,0,0,0,0,0
117,1765820225670,0,0,0,0,0,0,0,0
118,1765820225953,0,0,0,0,0,0,0,0
119,1765820226120,0,0,0,0,0,0,0,0
120,1765820226486,0,0,0,0,0,0,0,0
121,1765820226636,0,0,0,0,0,0,0,0
122,1765820226953,0,0,0,0,0,0,0,0
123,1765820227420,0,0,0,0,0,0,0,0
124,1765820227986,0,0,0,0,0,0,0,0
125,1765820228253,0,0,0,0,0,0,0,0
126,1765820228452,0,0,0,0,0,0,0,0
127,1765820228787,0,0,0,0,0,0,0,0
128,1765820229270,0,0,0,0,0,0,0,0
129,1765820229487,0,0,0,0,0,0,0,0
130,1765820229770,0,0,0,0,0,0,0,0
131,1765820230303,0,0,0,0,0,0,0,0
132,1765820230806,0,0,0,0,0,0,0,0
133,1765820231087,0,0,0,0,0,0,0,0
134,1765820231288,0,0,0,0,0,0,0,0
135,1765820231621,0,0,0,0,0,0,0,0
136,1765820231835,0,0,0,0,0,0,0,0
137,1765820232118,0,0,0,0,0,0,0,0
138,1765820232635,0,0,0,0,0,0,0,0
139,1765820233135,0,0,0,0,0,0,0,0
140,1765820233435,0,0,0,0,0,0,0,0
141,1765820233634,0,0,0,0,0,0,0,0
142,1765820233985,0,0,0,0,0,0,0,0
143,1765820234201,0,0,0,0,0,0,0,0
144,1765820234468,0,0,0,0,0,0,0,0
145,1765820234684,0,0,0,0,0,0,0,0
146,1765820234986,0,0,0,0,0,0,0,0
147,1765820235551,0,0,0,0,0,0,0,0
148,1765820235751,0,0,0,0,0,0,0,0
149,1765820236035,0,0,0,0,0,0,0,0
150,1765820236584,0,0,0,0,0,0,0,0
151,1765820237118,0,0,0,0,0,0,0,0
152,1765820237401,0,0,0,0,0,0,0,0
153,1765820237601,0,0,0,0,0,0,0,0
154,1765820237968,0,0,0,0,0,0,0,0
155,1765820238168,0,0,0,0,0,0,0,0
156,1765820238469,0,0,0,0,0,0,0,0
157,1765820238684,0,0,0,0,0,0,0,0
158,1765820238969,0,0,0,0,0,0,0,0
159,1765820239201,0,0,0,0,0,0,0,0
160,1765820239568,0,0,0,0,0,0,0,0
161,1765820239801,0,0,0,0,0,0,0,0
162,1765820240085,0,0,0,0,0,0,0,0
163,1765820240301,0,0,0,0,0,0,0,0
164,1765820240618,0,0,0,0,0,0,0,0
165,1765820241152,0,0,0,0,0,0,0,0
166,1765820241368,0,0,0,0,0,0,0,0
167,1765820241668,0,0,0,0,0,0,0,0
168,1765820242251,0,0,0,0,0,0,0,0
169,1765820242738,0,0,0,0,0,0,0,0
170,1765820243253,0,0,0,0,0,0,0,0
171,1765820243823,0,0,0,0,0,0,0,0
172,1765820244106,0,0,0,0,0,0,0,0
173,1765820244287,0,0,0,0,0,0,0,0
174,1765820244619,0,0,0,0,0,0,0,0
175,1765820244768,0,0,0,0,0,0,0,0
176,1765820372051,0,0,0,0,0,0,0,0
177,1765820372334,0,0,0,0,0,0,0,0
178,1765820372551,0,0,0,0,0,0,0,0
179,1765820372917,0,0,0,0,0,0,0,0
180,1765820373117,0,0,0,0,0,0,0,0
181,1765820373401,0,0,0,0,0,0,0,0
182,1765820373618,0,0,0,0,0,0,0,0
183,1765820373951,0,0,0,0,0,0,0,0
184,1765820374467,0,0,0,0,0,0,0,0
185,1765820374684,0,0,0,0,0,0,0,0
186,1765820374951,0,0,0,0,0,0,0,0
187,1765820375532,0,0,0,0,0,0,0,0
188,1765820376016,0,0,0,0,0,0,0,0
189,1765820376301,0,0,0,0,0,0,0,0
190,1765820376518,0,0,0,0,0,0,0,0
191,1765820376868,0,0,0,0,0,0,0,0
192,1765820377084,0,0,0,0,0,0,0,0
193,1765820377400,0,0,0,0,0,0,0,0
194,1765820377583,0,0,0,0,0,0,0,0
195,1765820377918,0,0,0,0,0,0,0,0
196,1765820378083,0,0,0,0,0,0,0,0
197,1765820378450,0,0,0,0,0,0,0,0
198,1765820378668,0,0,0,0,0,0,0,0
199,1765820378950,0,0,0,0,0,0,0,0
200,1765820379518,0,0,0,0,0,0,0,0
201,1765820380034,0,0,0,0,0,0,0,0
202,1765820380500,0,0,0,0,0,0,0,0
203,1765820381084,0,0,0,0,0,0,0,0
204,1765820381351,0,0,0,0,0,0,0,0
205,1765820381566,0,0,0,0,0,0,0,0
206,1765820381851,0,0,0,0,0,0,0,0
207,1765820382034,0,0,0,0,0,0,0,0
208,1765820382383,0,0,0,0,0,0,0,0
209,1765820382868,0,0,0,0,0,0,0,0
210,1765820383367,0,0,0,0,0,0,0,0
211,1765820383684,0,0,0,0,0,0,0,0
212,1765820383867,0,0,0,0,0,0,0,0
213,1765820384151,0,0,0,0,0,0,0,0
214,1765820384667,0,0,0,0,0,0,0,0
215,1765820385134,0,0,0,0,0,0,0,0
216,1765820385451,0,0,0,0,0,0,0,0
217,1765820385601,0,0,0,0,0,0,0,0
218,1765820385934,0,0,0,0,0,0,0,0
219,1765820386118,0,0,0,0,0,0,0,0
220,1765820386400,0,0,0,0,0,0,0,0
221,1765820386934,0,0,0,0,0,0,0,0
222,1765820387218,0,0,0,0,0,0,0,0
223,1765820387400,0,0,0,0,0,0,0,0
224,1765820387684,0,0,0,0,0,0,0,0
225,1765820387901,0,0,0,0,0,0,0,0
226,1765820388234,0,0,0,0,0,0,0,0
227,1765820388417,0,0,0,0,0,0,0,0
228,1765820388701,0,0,0,0,0,0,0,0
229,1765820389200,0,0,0,0,0,0,0,0
230,1765820389534,0,0,0,0,0,0,0,0
231,1765820389718,0,0,0,0,0,0,0,0
232,1765820389984,0,0,0,0,0,0,0,0
233,1765820390167,0,0,0,0,0,0,0,0
234,1765820390551,0,0,0,0,0,0,0,0
235,1765820390999,0,0,0,0,0,0,0,0
236,1765820391466,0,0,0,0,0,0,0,0
237,1765820391834,0,0,0,0,0,0,0,0
238,1765820392000,0,0,0,0,0,0,0,0
239,1765820392284,0,0,0,0,0,0,0,0
240,1765820392834,0,0,0,0,0,0,0,0
241,1765820393284,0,0,0,0,0,0,0,0
242,1765820393584,0,0,0,0,0,0,0,0
243,1765820393751,0,0,0,0,0,0,0,0
244,1765820394101,0,0,0,0,0,0,0,0
245,1765820394284,0,0,0,0,0,0,0,0
246,1765820394567,0,0,0,0,0,0,0,0
247,1765820395067,0,0,0,0,0,0,0,0
248,1765820395583,0,0,0,0,0,0,0,0
249,1765820395868,0,0,0,0,0,0,0,0
250,1765820396038,0,0,0,0,0,0,0,0
251,1765820396386,0,0,0,0,0,0,0,0
252,1765820396585,0,0,0,0,0,0,0,0
253,1765820396868,0,0,0,0,0,0,0,0
254,1765820397334,0,0,0,0,0,0,0,0
255,1765820502465,0,0,0,0,0,0,0,0
256,1765820502749,0,0,0,0,0,0,0,0
257,1765820502932,0,0,0,0,0,0,0,0
258,1765820503316,0,0,0,0,0,0,0,0
259,1765820503498,0,0,0,0,0,0,0,0
260,1765820503799,0,0,0,0,0,0,0,0
261,1765820504283,0,0,0,0,0,0,0,0
262,1765820504848,0,0,0,0,0,0,0,0
263,1765820505116,0,0,0,0,0,0,0,0
264,1765820505332,0,0,0,0,0,0,0,0
265,1765820505682,0,0,0,0,0,0,0,0
266,1765820505849,0,0,0,0,0,0,0,0
267,1765820506166,0,0,0,0,0,0,0,0
268,1765820506365,0,0,0,0,0,0,0,0
269,1765820506649,0,0,0,0,0,0,0,0
270,1765820507232,0,0,0,0,0,0,0,0
271,1765820507448,0,0,0,0,0,0,0,0
272,1765820507716,0,0,0,0,0,0,0,0
273,1765820508216,0,0,0,0,0,0,0,0
274,1765820508799,0,0,0,0,0,0,0,0
275,1765820509066,0,0,0,0,0,0,0,0
276,1765820509265,0,0,0,0,0,0,0,0
277,1765820509649,0,0,0,0,0,0,0,0
278,1765820509848,0,0,0,0,0,0,0,0
279,1765820510149,0,0,0,0,0,0,0,0
280,1765820510349,0,0,0,0,0,0,0,0
281,1765820510632,0,0,0,0,0,0,0,0
282,1765820510847,0,0,0,0,0,0,0,0
283,1765820511216,0,0,0,0,0,0,0,0
284,1765820511416,0,0,0,0,0,0,0,0
285,1765820511716,0,0,0,0,0,0,0,0
286,1765820512217,0,0,0,0,0,0,0,0
287,1765820512782,0,0,0,0,0,0,0,0
288,1765820513299,0,0,0,0,0,0,0,0
289,1765820513849,0,0,0,0,0,0,0,0
290,1765820514398,0,0,0,0,0,0,0,0
291,1765820514683,0,0,0,0,0,0,0,0
292,1765820514916,0,0,0,0,0,0,0,0
293,1765820515516,0,0,0,0,0,0,0,0
294,1765820515799,0,0,0,0,0,0,0,0
295,1765820515999,0,0,0,0,0,0,0,0
296,1765820516283,0,0,0,0,0,0,0,0
297,1765820516515,0,0,0,0,0,0,0,0
298,1765820516899,0,0,0,0,0,0,0,0
299,1765820517098,0,0,0,0,0,0,0,0
300,1765820517398,0,0,0,0,0,0,0,0
301,1765820517598,0,0,0,0,0,0,0,0
302,1765820517932,0,0,0,0,0,0,0,0
303,1765820518098,0,0,0,0,0,0,0,0
304,1765820518448,0,0,0,0,0,0,0,0
305,1765820518648,0,0,0,0,0,0,0,0
306,1765820518932,0,0,0,0,0,0,0,0
307,1765820519498,0,0,0,0,0,0,0,0
308,1765820519966,0,0,0,0,0,0,0,0
309,1765820520232,0,0,0,0,0,0,0,0
310,1765820520432,0,0,0,0,0,0,0,0
311,1765820520799,0,0,0,0,0,0,0,0
312,1765820520998,0,0,0,0,0,0,0,0
313,1765820521282,0,0,0,0,0,0,0,0
314,1765820521782,0,0,0,0,0,0,0,0
315,1765820522082,0,0,0,0,0,0,0,0
316,1765820522299,0,0,0,0,0,0,0,0
317,1765820522582,0,0,0,0,0,0,0,0
318,1765820522766,0,0,0,0,0,0,0,0
319,1765820523099,0,0,0,0,0,0,0,0
320,1765820523282,0,0,0,0,0,0,0,0
321,1765820523565,0,0,0,0,0,0,0,0
322,1765820524031,0,0,0,0,0,0,0,0
323,1765820524400,0,0,0,0,0,0,0,0
324,1765820524567,0,0,0,0,0,0,0,0
325,1765820524868,0,0,0,0,0,0,0,0
326,1765820525033,0,0,0,0,0,0,0,0
327,1765820525401,0,0,0,0,0,0,0,0
328,1765820525883,0,0,0,0,0,0,0,0
329,1765820526349,0,0,0,0,0,0,0,0
330,1765820526699,0,0,0,0,0,0,0,0
331,1765820526899,0,0,0,0,0,0,0,0
332,1765820527166,0,0,0,0,0,0,0,0
333,1765820527349,0,0,0,0,0,0,0,0
334,1765820527699,0,0,0,0,0,0,0,0
335,1765820528166,0,0,0,0,0,0,0,0
336,1765820528449,0,0,0,0,0,0,0,0
337,1765820528652,0,0,0,0,0,0,0,0
338,1765820582014,0,0,0,0,0,0,0,0
339,1765820582232,0,0,0,0,0,0,0,0
340,1765820582515,0,0,0,0,0,0,0,0
341,1765820583014,0,0,0,0,0,0,0,0
342,1765820583565,0,0,0,0,0,0,0,0
343,1765820583864,0,0,0,0,0,0,0,0
344,1765820584065,0,0,0,0,0,0,0,0
345,1765820584431,0,0,0,0,0,0,0,0
346,1765820584614,0,0,0,0,0,0,0,0
347,1765820584915,0,0,0,0,0,0,0,0
348,1765820585131,0,0,0,0,0,0,0,0
349,1765820585415,0,0,0,0,0,0,0,0
350,1765820585982,0,0,0,0,0,0,0,0
351,1765820586198,0,0,0,0,0,0,0,0
352,1765820586481,0,0,0,0,0,0,0,0
353,1765820586964,0,0,0,0,0,0,0,0
354,1765820587315,0,0,0,0,0,0,0,0
355,1765820587498,0,0,0,0,0,0,0,0
356,1765820587764,0,0,0,0,0,0,0,0
357,1765820587948,0,0,0,0,0,0,0,0
358,1765820588315,0,0,0,0,0,0,0,0
359,1765820588764,0,0,0,0,0,0,0,0
360,1765820589065,0,0,0,0,0,0,0,0
361,1765820589247,0,0,0,0,0,0,0,0
362,1765820589598,0,0,0,0,0,0,0,0
363,1765820589782,0,0,0,0,0,0,0,0
364,1765820590064,0,0,0,0,0,0,0,0
365,1765820590548,0,0,0,0,0,0,0,0
366,1765820591031,0,0,0,0,0,0,0,0
367,1765820591314,0,0,0,0,0,0,0,0
368,1765820591482,0,0,0,0,0,0,0,0
369,1765820591848,0,0,0,0,0,0,0,0
370,1765820592281,0,0,0,0,0,0,0,0
371,1765820592748,0,0,0,0,0,0,0,0
372,1765820593098,0,0,0,0,0,0,0,0
373,1765820593281,0,0,0,0,0,0,0,0
374,1765820593548,0,0,0,0,0,0,0,0
375,1765820594081,0,0,0,0,0,0,0,0
376,1765820594548,0,0,0,0,0,0,0,0
377,1765820594815,0,0,0,0,0,0,0,0
378,1765820595013,0,0,0,0,0,0,0,0
379,1765820595381,0,0,0,0,0,0,0,0
380,1765820595548,0,0,0,0,0,0,0,0
381,1765820595832,0,0,0,0,0,0,0,0
382,1765820596331,0,0,0,0,0,0,0,0
383,1765820596648,0,0,0,0,0,0,0,0
384,1765820596831,0,0,0,0,0,0,0,0
385,1765820597114,0,0,0,0,0,0,0,0
386,1765820597298,0,0,0,0,0,0,0,0
387,1765820597631,0,0,0,0,0,0,0,0
388,1765820598097,0,0,0,0,0,0,0,0
389,1765820598431,0,0,0,0,0,0,0,0
390,1765820598564,0,0,0,0,0,0,0,0
391,1765820598915,0,0,0,0,0,0,0,0
392,1765820599098,0,0,0,0,0,0,0,0
393,1765820599398,0,0,0,0,0,0,0,0
394,1765820599915,0,0,0,0,0,0,0,0
395,1765820600365,0,0,0,0,0,0,0,0
396,1765820600647,0,0,0,0,0,0,0,0
397,1765820600831,0,0,0,0,0,0,0,0
398,1765820601181,0,0,0,0,0,0,0,0
399,1765820601647,0,0,0,0,0,0,0,0
400,1765820602164,0,0,0,0,0,0,0,0
401,1765820602464,0,0,0,0,0,0,0,0
402,1765820602631,0,0,0,0,0,0,0,0
403,1765820602914,0,0,0,0,0,0,0,0
404,1765820603448,0,0,0,0,0,0,0,0
405,1765820603900,0,0,0,0,0,0,0,0
406,1765820604249,0,0,0,0,0,0,0,0
407,1765820604364,0,0,0,0,0,0,0,0
408,1765820604732,0,0,0,0,0,0,0,0
409,1765820604898,0,0,0,0,0,0,0,0
410,1765820605198,0,0,0,0,0,0,0,0
411,1765820605715,0,0,0,0,0,0,0,0
412,1765820605997,0,0,0,0,0,0,0,0
413,1765820606198,0,0,0,0,0,0,0,0
414,1765820606482,0,0,0,0,0,0,0,0
415,1765820606647,0,0,0,0,0,0,0,0
416,1765820606997,0,0,0,0,0,0,0,0
417,1765820607465,0,0,0,0,0,0,0,0
418,1765820607966,0,0,0,0,0,0,0,0
419,1765820608299,0,0,0,0,0,0,0,0
420,1765820608481,0,0,0,0,0,0,0,0
421,1765820608748,0,0,0,0,0,0,0,0
422,1765820663613,0,0,0,0,0,0,0,0
423,1765820663964,0,0,0,0,0,0,0,0
424,1765820664264,0,0,0,0,0,0,0,0
425,1765820664630,0,0,0,0,0,0,0,0
426,1765820664881,0,0,0,0,0,0,0,0
427,1765820665280,0,0,0,0,0,0,0,0
428,1765820665547,0,0,0,0,0,0,0,0
429,1765820665913,0,0,0,0,0,0,0,0
430,1765820666214,0,0,0,0,0,0,0,0
431,1765820666580,0,0,0,0,0,0,0,0
432,1765820666864,0,0,0,0,0,0,0,0
433,1765820667213,0,0,0,0,0,0,0,0
434,1765820667529,0,0,0,0,0,0,0,0
435,1765820667881,0,0,0,0,0,0,0,0
436,1765820668180,0,0,0,0,0,0,0,0
437,1765820668531,0,0,0,0,0,0,0,0
438,1765820668813,0,0,0,0,0,0,0,0
439,1765820669196,0,0,0,0,0,0,0,0
440,1765820669464,0,0,0,0,0,0,0,0
441,1765820669847,0,0,0,0,0,0,0,0
442,1765820670114,0,0,0,0,0,0,0,0
443,1765820670397,0,0,0,0,0,0,0,0
444,1765820670464,0,0,0,0,0,0,0,0
445,1765820670780,0,0,0,0,0,0,0,0
446,1765820671063,0,0,0,0,0,0,0,0
447,1765820671130,0,0,0,0,0,0,0,0
448,1765820671413,0,0,0,0,0,0,0,0
449,1765820671712,0,0,0,0,0,0,0,0
450,1765820671780,0,0,0,0,0,0,0,0
451,1765820672080,0,0,0,0,0,0,0,0
452,1765820672364,0,0,0,0,0,0,0,0
453,1765820672697,0,0,0,0,0,0,0,0
454,1765820673014,0,0,0,0,0,0,0,0
455,1765820673081,0,0,0,0,0,0,0,0
456,1765820673363,0,0,0,0,0,0,0,0
457,1765820673647,0,0,0,0,0,0,0,0
458,1765820674014,0,0,0,0,0,0,0,0
459,1765820674313,0,0,0,0,0,0,0,0
460,1765820674680,0,0,0,0,0,0,0,0
461,1765820674964,0,0,0,0,0,0,0,0
462,1765820675330,0,0,0,0,0,0,0,0
463,1765820675613,0,0,0,0,0,0,0,0
464,1765820675997,0,0,0,0,0,0,0,0
465,1765820676280,0,0,0,0,0,0,0,0
466,1765820676630,0,0,0,0,0,0,0,0
467,1765820676946,0,0,0,0,0,0,0,0
468,1765820677296,0,0,0,0,0,0,0,0
469,1765820677581,0,0,0,0,0,0,0,0
470,1765820677946,0,0,0,0,0,0,0,0
471,1765820678230,0,0,0,0,0,0,0,0
472,1765820678630,0,0,0,0,0,0,0,0
473,1765820678897,0,0,0,0,0,0,0,0
474,1765820679264,0,0,0,0,0,0,0,0
475,1765820679564,0,0,0,0,0,0,0,0
476,1765820679947,0,0,0,0,0,0,0,0
477,1765820680230,0,0,0,0,0,0,0,0
478,1765820680580,0,0,0,0,0,0,0,0
479,1765820680897,0,0,0,0,0,0,0,0
480,1765820681264,0,0,0,0,0,0,0,0
481,1765820681564,0,0,0,0,0,0,0,0
482,1765820681680,0,0,0,0,0,0,0,0
483,1765820681963,0,0,0,0,0,0,0,0
484,1765820682247,0,0,0,0,0,0,0,0
485,1765820682330,0,0,0,0,0,0,0,0
486,1765820682646,0,0,0,0,0,0,0,0
487,1765820682930,0,0,0,0,0,0,0,0
488,1765820683030,0,0,0,0,0,0,0,0
489,1765820683346,0,0,0,0,0,0,0,0
490,1765820683730,0,0,0,0,0,0,0,0
491,1765820684013,0,0,0,0,0,0,0,0
492,1765820684414,0,0,0,0,0,0,0,0
493,1765820684697,0,0,0,0,0,0,0,0
494,1765820685114,0,0,0,0,0,0,0,0
495,1765820685414,0,0,0,0,0,0,0,0
496,1765820685813,0,0,0,0,0,0,0,0
497,1765820686096,0,0,0,0,0,0,0,0
498,1765820686180,0,0,0,0,0,0,0,0
499,1765820686479,0,0,0,0,0,0,0,0
500,1765820686779,0,0,0,0,0,0,0,0
501,1765820686880,0,0,0,0,0,0,0,0
502,1765820687180,0,0,0,0,0,0,0,0
503,1765820687580,0,0,0,0,0,0,0,0
504,1765820687864,0,0,0,0,0,0,0,0
505,1765820688264,0,0,0,0,0,0,0,0
506,1765820688564,0,0,0,0,0,0,0,0
507,1765820688947,0,0,0,0,0,0,0,0
508,1765820689263,0,0,0,0,0,0,0,0
509,1765820689380,0,0,0,0,0,0,0,0
510,1765820689664,0,0,0,0,0,0,0,0
511,1765820689947,0,0,0,0,0,0,0,0
512,1765820690314,0,0,0,0,0,0,0,0
513,1765820690580,0,0,0,0,0,0,0,0
514,1765820691035,0,0,0,0,0,0,0,0
515,1765820691247,0,0,0,0,0,0,0,0
516,1765820691613,0,0,0,0,0,0,0,0
517,1765820691913,0,0,0,0,0,0,0,0
518,1765820692264,0,0,0,0,0,0,0,0
519,1765820692564,0,0,0,0,0,0,0,0
520,1765820692914,0,0,0,0,0,0,0,0
521,1765820693214,0,0,0,0,0,0,0,0
522,1765820693547,0,0,0,0,0,0,0,0
523,1765820693846,0,0,0,0,0,0,0,0
524,1765820797212,0,0,0,0,0,0,0,0
525,1765820797679,0,0,0,0,0,0,0,0
526,1765820798045,0,0,0,0,0,0,0,0
527,1765820798229,0,0,0,0,0,0,0,0
528,1765820798512,0,0,0,0,0,0,0,0
529,1765820798994,0,0,0,0,0,0,0,0
530,1765820799496,0,0,0,0,0,0,0,0
531,1765820799779,0,0,0,0,0,0,0,0
532,1765820799962,0,0,0,0,0,0,0,0
533,1765820800312,0,0,0,0,0,0,0,0
534,1765820800512,0,0,0,0,0,0,0,0
535,1765820800795,0,0,0,0,0,0,0,0
536,1765820801246,0,0,0,0,0,0,0,0
537,1765820801562,0,0,0,0,0,0,0,0
538,1765820801762,0,0,0,0,0,0,0,0
539,1765820802045,0,0,0,0,0,0,0,0
540,1765820802229,0,0,0,0,0,0,0,0
541,1765820802579,0,0,0,0,0,0,0,0
542,1765820803028,0,0,0,0,0,0,0,0
543,1765820803312,0,0,0,0,0,0,0,0
544,1765820803496,0,0,0,0,0,0,0,0
545,1765820803845,0,0,0,0,0,0,0,0
546,1765820804028,0,0,0,0,0,0,0,0
547,1765820804311,0,0,0,0,0,0,0,0
548,1765820804779,0,0,0,0,0,0,0,0
549,1765820805295,0,0,0,0,0,0,0,0
550,1765820805578,0,0,0,0,0,0,0,0
551,1765820805746,0,0,0,0,0,0,0,0
552,1765820806111,0,0,0,0,0,0,0,0
553,1765820806295,0,0,0,0,0,0,0,0
554,1765820806578,0,0,0,0,0,0,0,0
555,1765820807045,0,0,0,0,0,0,0,0
556,1765820807378,0,0,0,0,0,0,0,0
557,1765820807562,0,0,0,0,0,0,0,0
558,1765820807845,0,0,0,0,0,0,0,0
559,1765820808379,0,0,0,0,0,0,0,0
560,1765820808845,0,0,0,0,0,0,0,0
561,1765820809129,0,0,0,0,0,0,0,0
562,1765820809312,0,0,0,0,0,0,0,0
563,1765820809679,0,0,0,0,0,0,0,0
564,1765820809844,0,0,0,0,0,0,0,0
565,1765820810129,0,0,0,0,0,0,0,0
566,1765820810596,0,0,0,0,0,0,0,0
567,1765820811112,0,0,0,0,0,0,0,0
568,1765820811396,0,0,0,0,0,0,0,0
569,1765820811595,0,0,0,0,0,0,0,0
570,1765820811961,0,0,0,0,0,0,0,0
571,1765820812127,0,0,0,0,0,0,0,0
572,1765820812413,0,0,0,0,0,0,0,0
573,1765820812894,0,0,0,0,0,0,0,0
574,1765820813245,0,0,0,0,0,0,0,0
575,1765820813427,0,0,0,0,0,0,0,0
576,1765820813727,0,0,0,0,0,0,0,0
577,1765820813878,0,0,0,0,0,0,0,0
578,1765820814245,0,0,0,0,0,0,0,0
579,1765820814694,0,0,0,0,0,0,0,0
580,1765820814995,0,0,0,0,0,0,0,0
581,1765820815162,0,0,0,0,0,0,0,0
582,1765820815528,0,0,0,0,0,0,0,0
583,1765820815728,0,0,0,0,0,0,0,0
584,1765820816045,0,0,0,0,0,0,0,0
585,1765820816195,0,0,0,0,0,0,0,0
586,1765820816495,0,0,0,0,0,0,0,0
587,1765820817011,0,0,0,0,0,0,0,0
588,1765820817294,0,0,0,0,0,0,0,0
589,1765820817495,0,0,0,0,0,0,0,0
590,1765820817862,0,0,0,0,0,0,0,0
591,1765820818012,0,0,0,0,0,0,0,0
592,1765820818346,0,0,0,0,0,0,0,0
593,1765820818545,0,0,0,0,0,0,0,0
594,1765820818828,0,0,0,0,0,0,0,0
595,1765820819395,0,0,0,0,0,0,0,0
596,1765820819895,0,0,0,0,0,0,0,0
597,1765820820395,0,0,0,0,0,0,0,0
598,1765820820728,0,0,0,0,0,0,0,0
599,1765820820944,0,0,0,0,0,0,0,0
600,1765820821228,0,0,0,0,0,0,0,0
601,1765820821445,0,0,0,0,0,0,0,0
602,1765820821811,0,0,0,0,0,0,0,0
603,1765820986228,0,0,0,0,0,0,0,0
604,1765820986609,0,0,0,0,0,0,0,0
605,1765820986759,0,0,0,0,0,0,0,0
606,1765820987043,0,0,0,0,0,0,0,0
607,1765820987493,0,0,0,0,0,0,0,0
608,1765820988060,0,0,0,0,0,0,0,0
609,1765820988327,0,0,0,0,0,0,0,0
610,1765820988526,0,0,0,0,0,0,0,0
611,1765820988860,0,0,0,0,0,0,0,0
612,1765820989026,0,0,0,0,0,0,0,0
613,1765820989343,0,0,0,0,0,0,0,0
614,1765820989809,0,0,0,0,0,0,0,0
615,1765820990343,0,0,0,0,0,0,0,0
616,1765820990643,0,0,0,0,0,0,0,0
617,1765820990826,0,0,0,0,0,0,0,0
618,1765820991142,0,0,0,0,0,0,0,0
619,1765820991359,0,0,0,0,0,0,0,0
620,1765820991692,0,0,0,0,0,0,0,0
621,1765820991893,0,0,0,0,0,0,0,0
622,1765820992193,0,0,0,0,0,0,0,0
623,1765820992759,0,0,0,0,0,0,0,0
624,1765820993243,0,0,0,0,0,0,0,0
625,1765820993726,0,0,0,0,0,0,0,0
626,1765820994110,0,0,0,0,0,0,0,0
627,1765820994293,0,0,0,0,0,0,0,0
628,1765820994576,0,0,0,0,0,0,0,0
629,1765820994793,0,0,0,0,0,0,0,0
630,1765820995110,0,0,0,0,0,0,0,0
631,1765820995276,0,0,0,0,0,0,0,0
632,1765820995643,0,0,0,0,0,0,0,0
633,1765820995843,0,0,0,0,0,0,0,0
634,1765820996127,0,0,0,0,0,0,0,0
635,1765820996659,0,0,0,0,0,0,0,0
636,1765820997176,0,0,0,0,0,0,0,0
637,1765820997460,0,0,0,0,0,0,0,0
638,1765820997676,0,0,0,0,0,0,0,0
639,1765820998026,0,0,0,0,0,0,0,0
640,1765820998227,0,0,0,0,0,0,0,0
641,1765820998510,0,0,0,0,0,0,0,0
642,1765820998710,0,0,0,0,0,0,0,0
643,1765820999543,0,0,0,0,0,0,0,0
644,1765821000009,0,0,0,0,0,0,0,0
645,1765821000359,0,0,0,0,0,0,0,0
646,1765821000493,0,0,0,0,0,0,0,0
647,1765821000826,0,0,0,0,0,0,0,0
648,1765821000993,0,0,0,0,0,0,0,0
649,1765821001244,0,0,0,0,0,0,0,0
650,1765821001811,0,0,0,0,0,0,0,0
651,1765821002093,0,0,0,0,0,0,0,0
652,1765821002309,0,0,0,0,0,0,0,0
653,1765821003059,0,0,0,0,0,0,0,0
654,1765821003526,0,0,0,0,0,0,0,0
655,1765821003876,0,0,0,0,0,0,0,0
656,1765821004060,0,0,0,0,0,0,0,0
657,1765821004343,0,0,0,0,0,0,0,0
658,1765821004526,0,0,0,0,0,0,0,0
659,1765821004810,0,0,0,0,0,0,0,0
660,1765821005342,0,0,0,0,0,0,0,0
661,1765821005627,0,0,0,0,0,0,0,0
662,1765821005791,0,0,0,0,0,0,0,0
663,1765821006160,0,0,0,0,0,0,0,0
664,1765821006276,0,0,0,0,0,0,0,0
665,1765821006626,0,0,0,0,0,0,0,0
666,1765821007093,0,0,0,0,0,0,0,0
667,1765821007626,0,0,0,0,0,0,0,0
668,1765821007893,0,0,0,0,0,0,0,0
669,1765821008076,0,0,0,0,0,0,0,0
670,1765821008392,0,0,0,0,0,0,0,0
671,1765821008909,0,0,0,0,0,0,0,0
672,1765821009359,0,0,0,0,0,0,0,0
673,1765821009726,0,0,0,0,0,0,0,0
674,1765821009876,0,0,0,0,0,0,0,0
675,1765821010193,0,0,0,0,0,0,0,0
676,1765821010359,0,0,0,0,0,0,0,0
677,1765821010659,0,0,0,0,0,0,0,0
678,1765821011176,0,0,0,0,0,0,0,0
679,1765821011444,0,0,0,0,0,0,0,0
680,1765821011643,0,0,0,0,0,0,0,0
681,1765821011992,0,0,0,0,0,0,0,0
682,1765821012426,0,0,0,0,0,0,0,0
683,1765821012893,0,0,0,0,0,0,0,0
684,1765821013241,0,0,0,0,0,0,0,0
685,1765821013410,0,0,0,0,0,0,0,0
686,1765821013697,0,0,0,0,0,0,0,0
687,1765821013876,0,0,0,0,0,0,0,0
688,1765821014160,0,0,0,0,0,0,0,0
689,1765821014960,0,0,0,0,0,0,0,0
690,1765821015129,0,0,0,0,0,0,0,0
691,1765821015476,0,0,0,0,0,0,0,0
692,1765821015943,0,0,0,0,0,0,0,0
693,1765821284174,0,0,0,0,0,0,0,0
694,1765821284356,0,0,0,0,0,0,0,0
695,1765821286157,0,0,0,0,0,0,0,0
696,1765821286356,0,0,0,0,0,0,0,0
697,1765821286525,0,0,0,0,0,0,0,0
698,1765821286690,0,0,0,0,0,0,0,0
699,1765821288908,0,0,0,0,0,0,0,0
700,1765821289092,0,0,0,0,0,0,0,0
701,1765821289273,0,0,0,0,0,0,0,0
702,1765821289489,0,0,0,0,0,0,0,0
703,1765821289639,0,0,0,0,0,0,0,0
704,1765821289856,0,0,0,0,0,0,0,0
705,1765821292106,0,0,0,0,0,0,0,0
706,1765821292440,0,0,0,0,0,0,0,0
707,1765821292623,0,0,0,0,0,0,0,0
708,1765821295089,0,0,0,0,0,0,0,0
709,1765821295272,0,0,0,0,0,0,0,0
710,1765821295439,0,0,0,0,0,0,0,0
711,1765821295640,0,0,0,0,0,0,0,0
712,1765821297622,0,0,0,0,0,0,0,0
713,1765821297773,0,0,0,0,0,0,0,0
714,1765821297939,0,0,0,0,0,0,0,0
715,1765821298106,0,0,0,0,0,0,0,0
716,1765821299923,0,0,0,0,0,0,0,0
717,1765821300123,0,0,0,0,0,0,0,0
718,1765821300256,0,0,0,0,0,0,0,0
719,1765821300422,0,0,0,0,0,0,0,0
720,1765821302240,0,0,0,0,0,0,0,0
721,1765821302391,0,0,0,0,0,0,0,0
722,1765821302606,0,0,0,0,0,0,0,0
723,1765821302772,0,0,0,0,0,0,0,0
724,1765821302956,0,0,0,0,0,0,0,0
725,1765821305439,0,0,0,0,0,0,0,0
726,1765821305589,0,0,0,0,0,0,0,0
727,1765821305789,0,0,0,0,0,0,0,0
728,1765821305938,0,0,0,0,0,0,0,0
729,1765821306156,0,0,0,0,0,0,0,0
730,1765821308389,0,0,0,0,0,0,0,0
731,1765821308556,0,0,0,0,0,0,0,0
732,1765821308740,0,0,0,0,0,0,0,0
733,1765821308922,0,0,0,0,0,0,0,0
734,1765821309106,0,0,0,0,0,0,0,0
735,1765821445220,0,0,0,0,0,0,0,0
736,1765821445404,0,0,0,0,0,0,0,0
737,1765821445554,0,0,0,0,0,0,0,0
738,1765821445754,0,0,0,0,0,0,0,0
739,1765821445937,0,0,0,0,0,0,0,0
740,1765821448387,0,0,0,0,0,0,0,0
741,1765821448571,0,0,0,0,0,0,0,0
742,1765821448771,0,0,0,0,0,0,0,0
743,1765821448952,0,0,0,0,0,0,0,0
744,1765821449120,0,0,0,0,0,0,0,0
745,1765821451838,0,0,0,0,0,0,0,0
746,1765821452003,0,0,0,0,0,0,0,0
747,1765821452221,0,0,0,0,0,0,0,0
748,1765821452404,0,0,0,0,0,0,0,0
749,1765821452755,0,0,0,0,0,0,0,0
750,1765821452802,0,0,0,0,0,0,0,0
751,1765821452988,0,0,0,0,0,0,0,0
752,1765821456336,0,0,0,0,0,0,0,0
753,1765821456504,0,0,0,0,0,0,0,0
754,1765821456687,0,0,0,0,0,0,0,0
755,1765821456870,0,0,0,0,0,0,0,0
756,1765821457053,0,0,0,0,0,0,0,0
757,1765821459321,0,0,0,0,0,0,0,0
758,1765821459503,0,0,0,0,0,0,0,0
759,1765821459671,0,0,0,0,0,0,0,0
760,1765821459852,0,0,0,0,0,0,0,0
761,1765821460037,0,0,0,0,0,0,0,0
762,1765821462703,0,0,0,0,0,0,0,0
763,1765821462904,0,0,0,0,0,0,0,0
764,1765821463103,0,0,0,0,0,0,0,0
765,1765821463271,0,0,0,0,0,0,0,0
766,1765821463486,0,0,0,0,0,0,0,0
767,1765821463752,0,0,0,0,0,0,0,0
768,1765821872033,0,0,0,0,0,0,0,0
769,1765821872248,0,0,0,0,0,0,0,0
770,1765821872449,0,0,0,0,0,0,0,0
771,1765821872665,0,0,0,0,0,0,0,0
772,1765821876014,0,0,0,0,0,0,0,0
773,1765821876198,0,0,0,0,0,0,0,0
774,1765821876397,0,0,0,0,0,0,0,0
775,1765821876613,0,0,0,0,0,0,0,0
776,1765821876798,0,0,0,0,0,0,0,0
777,1765821876997,0,0,0,0,0,0,0,0
778,1765821877182,0,0,0,0,0,0,0,0
779,1765821877382,0,0,0,0,0,0,0,0
780,1765821880532,0,0,0,0,0,0,0,0
781,1765821880732,0,0,0,0,0,0,0,0
782,1765821881031,0,0,0,0,0,0,0,0
783,1765821881064,0,0,0,0,0,0,0,0
784,1765821883680,0,0,0,0,0,0,0,0
785,1765821883882,0,0,0,0,0,0,0,0
786,1765821884098,0,0,0,0,0,0,0,0
787,1765821884265,0,0,0,0,0,0,0,0
788,1765821884482,0,0,0,0,0,0,0,0
789,1765821884682,0,0,0,0,0,0,0,0
790,1765821884899,0,0,0,0,0,0,0,0
791,1765821889115,0,0,0,0,0,0,0,0
792,1765821889298,0,0,0,0,0,0,0,0
793,1765821889499,0,0,0,0,0,0,0,0
794,1765821889697,0,0,0,0,0,0,0,0
795,1765821889915,0,0,0,0,0,0,0,0
796,1765821890082,0,0,0,0,0,0,0,0
797,1765821890315,0,0,0,0,0,0,0,0
798,1765821890499,0,0,0,0,0,0,0,0
799,1765821890698,0,0,0,0,0,0,0,0
800,1765821893581,0,0,0,0,0,0,0,0
801,1765821893766,0,0,0,0,0,0,0,0
802,1765821893964,0,0,0,0,0,0,0,0
803,1765821894131,0,0,0,0,0,0,0,0
804,1765821987097,0,0,0,0,0,0,0,0
805,1765821987663,0,0,0,0,0,0,0,0
806,1765821988198,0,0,0,0,0,0,0,0
807,1765821988763,0,0,0,0,0,0,0,0
808,1765821989246,0,0,0,0,0,0,0,0
809,1765821992513,0,0,0,0,0,0,0,0
810,1765821993013,0,0,0,0,0,0,0,0
811,1765821994729,0,0,0,0,0,0,0,0
812,1765821995080,0,0,0,0,0,0,0,0
813,1765821996730,0,0,0,0,0,0,0,0
814,1765821997262,0,0,0,0,0,0,0,0
815,1765821997813,0,0,0,0,0,0,0,0
816,1765821998347,0,0,0,0,0,0,0,0
817,1765821998897,0,0,0,0,0,0,0,0
818,1765821999447,0,0,0,0,0,0,0,0
819,1765821999980,0,0,0,0,0,0,0,0
820,1765822000530,0,0,0,0,0,0,0,0
821,1765822001080,0,0,0,0,0,0,0,0
822,1765822001630,0,0,0,0,0,0,0,0
823,1765822002180,0,0,0,0,0,0,0,0
824,1765822002731,0,0,0,0,0,0,0,0
825,1765822003297,0,0,0,0,0,0,0,0
826,1765822003846,0,0,0,0,0,0,0,0
827,1765822004380,0,0,0,0,0,0,0,0
828,1765822004913,0,0,0,0,0,0,0,0
829,1765822005430,0,0,0,0,0,0,0,0
830,1765822006530,0,0,0,0,0,0,0,0
831,1765822007046,0,0,0,0,0,0,0,0
832,1765822007546,0,0,0,0,0,0,0,0
833,1765822009680,0,0,0,0,0,0,0,0
834,1765822010212,0,0,0,0,0,0,0,0
835,1765822010696,0,0,0,0,0,0,0,0
836,1765822012896,0,0,0,0,0,0,0,0
837,1765822013414,0,0,0,0,0,0,0,0
838,1765822013963,0,0,0,0,0,0,0,0
839,1765822014480,0,0,0,0,0,0,0,0
840,1765822015547,0,0,0,0,0,0,0,0
841,1765822017180,0,0,0,0,0,0,0,0
842,1765822017713,0,0,0,0,0,0,0,0
843,1765822018197,0,0,0,0,0,0,0,0
844,1765822020364,0,0,0,0,0,0,0,0
845,1765822020864,0,0,0,0,0,0,0,0
846,1765822021413,0,0,0,0,0,0,0,0
847,1765822021963,0,0,0,0,0,0,0,0
848,1765822022480,0,0,0,0,0,0,0,0
849,1765822121228,0,0,0,0,0,0,0,0
850,1765822123494,0,0,0,0,0,0,0,0
851,1765822124078,0,0,0,0,0,0,0,0
852,1765822124645,0,0,0,0,0,0,0,0
853,1765822125128,0,0,0,0,0,0,0,0
854,1765822126194,0,0,0,0,0,0,0,0
855,1765822128195,0,0,0,0,0,0,0,0
856,1765822129278,0,0,0,0,0,0,0,0
857,1765822129795,0,0,0,0,0,0,0,0
858,1765822130278,0,0,0,0,0,0,0,0
859,1765822131994,0,0,0,0,0,0,0,0
860,1765822133745,0,0,0,0,0,0,0,0
861,1765822134911,0,0,0,0,0,0,0,0
862,1765822137312,0,0,0,0,0,0,0,0
863,1765822137845,0,0,0,0,0,0,0,0
864,1765822139545,0,0,0,0,0,0,0,0
865,1765822140044,0,0,0,0,0,0,0,0
866,1765822141162,0,0,0,0,0,0,0,0
867,1765822141628,0,0,0,0,0,0,0,0
868,1765822142695,0,0,0,0,0,0,0,0
869,1765822143128,0,0,0,0,0,0,0,0
870,1765822144728,0,0,0,0,0,0,0,0
871,1765822145261,0,0,0,0,0,0,0,0
872,1765822146928,0,0,0,0,0,0,0,0
873,1765822148160,0,0,0,0,0,0,0,0
874,1765822149329,0,0,0,0,0,0,0,0
875,1765822252194,0,0,0,0,0,0,0,0
876,1765822252392,0,0,0,0,0,0,0,0
877,1765822252596,0,0,0,0,0,0,0,0
878,1765822254860,0,0,0,0,0,0,0,0
879,1765822254993,0,0,0,0,0,0,0,0
880,1765822255193,0,0,0,0,0,0,0,0
881,1765822255344,0,0,0,0,0,0,0,0
882,1765822258926,0,0,0,0,0,0,0,0
883,1765822259093,0,0,0,0,0,0,0,0
884,1765822259310,0,0,0,0,0,0,0,0
885,1765822259493,0,0,0,0,0,0,0,0
886,1765822259727,0,0,0,0,0,0,0,0
887,1765822259894,0,0,0,0,0,0,0,0
888,1765822260110,0,0,0,0,0,0,0,0
889,1765822260277,0,0,0,0,0,0,0,0
890,1765822263643,0,0,0,0,0,0,0,0
891,1765822263826,0,0,0,0,0,0,0,0
892,1765822264010,0,0,0,0,0,0,0,0
893,1765822264160,0,0,0,0,0,0,0,0
894,1765822264361,0,0,0,0,0,0,0,0
895,1765822266827,0,0,0,0,0,0,0,0
896,1765822267043,0,0,0,0,0,0,0,0
897,1765822267193,0,0,0,0,0,0,0,0
898,1765822267409,0,0,0,0,0,0,0,0
899,1765822267576,0,0,0,0,0,0,0,0
900,1765822267777,0,0,0,0,0,0,0,0
901,1765822270260,0,0,0,0,0,0,0,0
902,1765822270476,0,0,0,0,0,0,0,0
903,1765822270625,0,0,0,0,0,0,0,0
904,1765822270809,0,0,0,0,0,0,0,0
905,1765822271026,0,0,0,0,0,0,0,0
906,1765822271210,0,0,0,0,0,0,0,0
907,1765822271393,0,0,0,0,0,0,0,0
908,1765822274326,0,0,0,0,0,0,0,0
909,1765822274493,0,0,0,0,0,0,0,0
910,1765822274726,0,0,0,0,0,0,0,0
911,1765822274893,0,0,0,0,0,0,0,0
912,1765822275094,0,0,0,0,0,0,0,0
913,1765822275277,0,0,0,0,0,0,0,0
914,1765822275476,0,0,0,0,0,0,0,0
915,1765822277943,0,0,0,0,0,0,0,0
916,1765822278143,0,0,0,0,0,0,0,0
917,1765822278310,0,0,0,0,0,0,0,0
918,1765822278509,0,0,0,0,0,0,0,0
919,1765822278676,0,0,0,0,0,0,0,0
920,1765822281561,0,0,0,0,0,0,0,0
921,1765822281760,0,0,0,0,0,0,0,0
922,1765822281960,0,0,0,0,0,0,0,0
923,1765822282143,0,0,0,0,0,0,0,0
924,1765822282360,0,0,0,0,0,0,0,0
925,1765822282544,0,0,0,0,0,0,0,0
926,1765822428164,0,0,0,0,0,0,0,0
927,1765822429775,0,0,0,0,0,0,0,0
928,1765822430924,0,0,0,0,0,0,0,0
929,1765822432674,0,0,0,0,0,0,0,0
930,1765822433274,0,0,0,0,0,0,0,0
931,1765822434408,0,0,0,0,0,0,0,0
932,1765822434892,0,0,0,0,0,0,0,0
933,1765822435875,0,0,0,0,0,0,0,0
934,1765822436857,0,0,0,0,0,0,0,0
935,1765822437875,0,0,0,0,0,0,0,0
936,1765822438924,0,0,0,0,0,0,0,0
937,1765822439375,0,0,0,0,0,0,0,0
938,1765822439957,0,0,0,0,0,0,0,0
939,1765822440541,0,0,0,0,0,0,0,0
940,1765822443524,0,0,0,0,0,0,0,0
941,1765822444675,0,0,0,0,0,0,0,0
942,1765822446874,0,0,0,0,0,0,0,0
943,1765822447941,0,0,0,0,0,0,0,0
944,1765822448391,0,0,0,0,0,0,0,0
945,1765822449458,0,0,0,0,0,0,0,0
946,1765822449958,0,0,0,0,0,0,0,0
947,1765822450506,0,0,0,0,0,0,0,0
948,1765822453257,0,0,0,0,0,0,0,0
949,1765822585206,0,0,0,0,0,0,0,0
950,1765822585722,0,0,0,0,0,0,0,0
951,1765822586756,0,0,0,0,0,0,0,0
952,1765822587856,0,0,0,0,0,0,0,0
953,1765822588406,0,0,0,0,0,0,0,0
954,1765822588923,0,0,0,0,0,0,0,0
955,1765822589439,0,0,0,0,0,0,0,0
956,1765822590039,0,0,0,0,0,0,0,0
957,1765822592871,0,0,0,0,0,0,0,0
958,1765822593387,0,0,0,0,0,0,0,0
959,1765822593971,0,0,0,0,0,0,0,0
960,1765822594521,0,0,0,0,0,0,0,0
961,1765822595104,0,0,0,0,0,0,0,0
962,1765822595671,0,0,0,0,0,0,0,0
963,1765822596754,0,0,0,0,0,0,0,0
964,1765822597322,0,0,0,0,0,0,0,0
965,1765822599507,0,0,0,0,0,0,0,0
966,1765822600073,0,0,0,0,0,0,0,0
967,1765822602739,0,0,0,0,0,0,0,0
968,1765822603872,0,0,0,0,0,0,0,0
969,1765822605655,0,0,0,0,0,0,0,0
970,1765822606140,0,0,0,0,0,0,0,0
971,1765822606755,0,0,0,0,0,0,0,0
972,1765822608438,0,0,0,0,0,0,0,0
973,1765822608972,0,0,0,0,0,0,0,0
974,1765822609572,0,0,0,0,0,0,0,0
975,1765822613922,0,0,0,0,0,0,0,0
976,1765822616222,0,0,0,0,0,0,0,0
977,1765822616723,0,0,0,0,0,0,0,0
978,1765822617889,0,0,0,0,0,0,0,0
979,1765822781903,0,0,0,0,0,0,0,0
980,1765822782937,0,0,0,0,0,0,0,0
981,1765822783520,0,0,0,0,0,0,0,0
982,1765822785536,0,0,0,0,0,0,0,0
983,1765822786102,0,0,0,0,0,0,0,0
984,1765822786653,0,0,0,0,0,0,0,0
985,1765822787336,0,0,0,0,0,0,0,0
986,1765822787769,0,0,2,0,0,0,0,0
987,1765822788369,0,0,0,0,0,0,0,0
988,1765822788886,0,0,0,0,0,0,0,0
989,1765822789453,0,0,0,0,0,0,0,0
990,1765822790003,0,0,0,0,0,0,0,0
991,1765822790536,0,0,0,0,0,0,0,0
992,1765822795486,0,0,0,0,0,0,0,0
993,1765822796053,0,0,0,0,0,0,0,0
994,1765822796536,0,0,0,0,0,0,0,0
995,1765822803102,0,0,0,0,0,0,0,0
996,1765822803638,0,0,0,0,0,0,0,0
997,1765822804236,0,0,0,0,0,0,0,0
998,1765822804703,0,0,0,0,0,0,0,0
999,1765822805303,0,0,0,0,0,0,0,0
1000,1765822805770,0,0,0,0,0,0,0,0
1001,1765822806354,0,0,0,0,0,0,0,0
1002,1765822810054,0,0,0,0,0,0,0,0
1003,1765822813353,0,0,0,0,0,0,0,0
1004,1765822813902,0,0,0,0,0,0,0,0
1005,1765822814469,0,0,0,0,0,0,0,0
1006,1765822815587,0,0,0,0,0,0,0,0
1007,1765822816186,0,0,0,0,0,0,0,0
1008,1765822816753,0,0,0,0,0,0,0,0
1009,1765822817286,0,0,0,0,0,0,0,0
1010,1765822817753,0,0,0,0,0,0,0,0
1011,1765822818319,0,0,0,0,0,0,0,0
1012,1765822819952,0,0,0,0,0,0,0,0
1013,1765822820386,0,0,0,0,0,0,0,0
1014,1765822821470,0,0,0,0,0,0,0,0
1015,1765822822586,0,0,0,0,0,0,0,0
1016,1765822823119,0,0,0,0,0,0,0,0
1017,1765822823637,0,0,0,0,0,0,0,0
1018,1765823207514,0,0,0,0,0,0,0,0
1019,1765823207864,0,0,0,0,0,0,0,0
1020,1765823208165,0,0,0,0,0,0,0,0
1021,1765823208498,0,0,0,0,0,0,0,0
1022,1765823208781,0,0,0,0,0,0,0,0
1023,1765823209063,0,0,0,0,0,0,0,0
1024,1765823209098,0,0,0,0,0,0,0,0
1025,1765823209381,0,0,0,0,0,0,0,0
1026,1765823209663,0,0,0,0,0,0,0,0
1027,1765823209981,0,0,0,0,0,0,0,0
1028,1765823210265,0,0,0,0,0,0,0,0
1029,1765823210565,0,0,0,0,0,0,0,0
1030,1765823210847,0,0,0,0,0,0,0,0
1031,1765823211148,0,0,0,0,0,0,0,0
1032,1765823211181,0,0,0,0,0,0,0,0
1033,1765823211465,0,0,0,0,0,0,0,0
1034,1765823211748,0,0,0,0,0,0,0,0
1035,1765823212047,0,0,0,0,0,0,0,0
1036,1765823212331,0,0,0,0,0,0,0,0
1037,1765823212648,0,0,0,0,0,0,0,0
1038,1765823212930,0,0,0,0,0,0,0,0
1039,1765823213215,0,0,0,0,0,0,0,0
1040,1765823213531,0,0,0,0,0,0,0,0
1041,1765823213815,0,0,0,0,0,0,0,0
1042,1765823214132,0,0,0,0,0,0,0,0
1043,1765823214513,0,0,0,0,0,0,0,0
1044,1765823214730,0,0,0,0,0,0,0,0
1045,1765823215031,0,0,0,0,0,0,0,0
1046,1765823215298,0,0,0,0,0,0,0,0
1047,1765823215614,0,0,0,0,0,0,0,0
1048,1765823215897,0,0,0,0,0,0,0,0
1049,1765823216198,0,0,0,0,0,0,0,0
1050,1765823216497,0,0,0,0,0,0,0,0
1051,1765823216815,0,0,0,0,0,0,0,0
1052,1765823217097,0,0,0,0,0,0,0,0
1053,1765823217364,0,0,0,0,0,0,0,0
1054,1765823217681,0,0,0,0,0,0,0,0
1055,1765823217981,0,0,0,0,0,0,0,0
1056,1765823218298,0,0,0,0,0,0,0,0
1057,1765823218581,0,0,0,0,0,0,0,0
1058,1765823218864,0,0,0,0,0,0,0,0
1059,1765823218898,0,0,0,0,0,0,0,0
1060,1765823219165,0,0,0,0,0,0,0,0
1061,1765823219448,0,0,0,0,0,0,0,0
1062,1765823219764,0,0,0,0,0,0,0,0
1063,1765823220046,0,0,0,0,0,0,0,0
1064,1765823719775,0,0,0,0,0,0,0,0
1065,1765823719975,0,0,0,0,0,0,0,0
1066,1765823720109,0,0,0,0,0,0,0,0
1067,1765823720307,0,0,0,0,0,0,0,0
1068,1765823720458,0,0,0,0,0,0,0,0
1069,1765823723374,0,0,0,0,0,0,0,0
1070,1765823723575,0,0,0,0,0,0,0,0
1071,1765823723724,0,0,0,0,0,0,0,0
1072,1765823723973,0,0,0,0,0,0,0,0
1073,1765823724140,0,0,0,0,0,0,0,0
1074,1765823724440,0,0,0,0,0,0,0,0
1075,1765823724623,0,0,0,0,0,0,0,0
1076,1765823724924,0,0,0,0,0,0,0,0
1077,1765823724974,0,0,0,0,0,0,0,0
1078,1765823725207,0,0,0,0,0,0,0,0
1079,1765823725424,0,0,0,0,0,0,0,0
1080,1765823728341,0,0,0,0,0,0,0,0
1081,1765823728558,0,0,0,0,0,0,0,0
1082,1765823728725,0,0,0,0,0,0,0,0
1083,1765823728908,0,0,0,0,0,0,0,0
1084,1765823729091,0,0,0,0,0,0,0,0
1085,1765823731507,0,0,0,0,0,0,0,0
1086,1765823731691,0,0,0,0,0,0,0,0
1087,1765823731874,0,0,0,0,0,0,0,0
1088,1765823732058,0,0,0,0,0,0,0,0
1089,1765823732324,0,0,0,0,0,0,0,0
1090,1765823732458,0,0,0,0,0,0,0,0
1091,1765823732791,0,0,0,0,0,0,0,0
1092,1765823732957,0,0,0,0,0,0,0,0
1093,1765823733428,0,0,0,0,0,0,0,0
1094,1765823733440,0,0,0,0,0,0,0,0
1095,1765823733558,0,0,0,0,0,0,0,0
1096,1765823736458,0,0,0,0,0,0,0,0
1097,1765823736658,0,0,0,0,0,0,0,0
1098,1765823736842,0,0,0,0,0,0,0,0
1099,1765823737009,0,0,0,0,0,0,0,0
1100,1765823739858,0,0,0,0,0,0,0,0
1101,1765823740007,0,0,0,0,0,0,0,0
1102,1765823740241,0,0,0,0,0,0,0,0
1103,1765823740408,0,0,0,0,0,0,0,0
1104,1765823740741,0,0,0,0,0,0,0,0
1105,1765823740890,0,0,0,0,0,0,0,0
1106,1765823741208,0,0,0,0,0,0,0,0
1107,1765823741308,0,0,0,0,0,0,0,0
1108,1765823741525,0,0,0,0,0,0,0,0
1109,1765823741709,0,0,0,0,0,0,0,0
1110,1765823744124,0,0,0,0,0,0,0,0
1111,1765823744389,0,0,0,0,0,0,0,0
1112,1765823744474,0,0,0,0,0,0,0,0
1113,1765823744675,0,0,0,0,0,0,0,0
1114,1765823747808,0,0,0,0,0,0,0,0
1115,1765823748208,0,0,0,0,0,0,0,0
1116,1765823748641,0,0,0,0,0,0,0,0
1117,1765823748841,0,0,0,0,0,0,0,0
1118,1765823749341,0,0,0,0,0,0,0,0
1119,1765823749758,0,0,0,0,0,0,0,0
1120,1765823749958,0,0,0,0,0,0,0,0
1121,1765823750157,0,0,0,0,0,0,0,0
1122,1765823750307,0,0,0,0,0,0,0,0
1123,1765823750508,0,0,0,0,0,0,0,0
1124,1765823753391,0,0,0,0,0,0,0,0
1125,1765823753591,0,0,0,0,0,0,0,0
1126,1765823753774,0,0,0,0,0,0,0,0
1127,1765823753941,0,0,0,0,0,0,0,0
1128,1765823756141,0,0,0,0,0,0,0,0
1129,1765823756307,0,0,0,0,0,0,0,0
1130,1765823756508,0,0,0,0,0,0,0,0
1131,1765823756674,0,0,0,0,0,0,0,0
1132,1765823756958,0,0,0,0,0,0,0,0
1133,1765823757140,0,0,0,0,0,0,0,0
1134,1765823862139,0,0,0,0,0,0,0,0
1135,1765823862356,0,0,0,0,0,0,0,0
1136,1765823862589,0,0,0,0,0,0,0,0
1137,1765823862806,0,0,0,0,0,0,0,0
1138,1765823863039,0,0,0,0,0,0,0,0
1139,1765823863239,0,0,0,0,0,0,0,0
1140,1765823863456,0,0,0,0,0,0,0,0
1141,1765823863689,0,0,0,0,0,0,0,0
1142,1765823864156,0,0,0,0,0,0,0,0
1143,1765823864389,0,0,0,0,0,0,0,0
1144,1765823864540,0,0,0,0,0,0,0,0
1145,1765823864789,0,0,0,0,0,0,0,0
1146,1765823864973,0,0,0,0,0,0,0,0
1147,1765823865189,0,0,0,0,0,0,0,0
1148,1765823865356,0,0,0,0,0,0,0,0
1149,1765823865590,0,0,0,0,0,0,0,0
1150,1765823865806,0,0,0,0,0,0,0,0
1151,1765823866023,0,0,0,0,0,0,0,0
1152,1765823866239,0,0,0,0,0,0,0,0
1153,1765823871289,0,0,0,0,0,0,0,0
1154,1765823871555,0,0,0,0,0,0,0,0
1155,1765823875922,0,0,0,0,0,0,0,0
1156,1765823876556,0,0,0,0,0,0,0,0
1157,1765823876756,0,0,0,0,0,0,0,0
1158,1765823877023,0,0,0,0,0,0,0,0
1159,1765823877188,0,0,0,0,0,0,0,0
1160,1765823877389,0,0,0,0,0,0,0,0
1161,1765823877572,0,0,0,0,0,0,0,0
1162,1765823878023,0,0,0,0,0,0,0,0
1163,1765823878222,0,0,0,0,0,0,0,0
1164,1765823878455,0,0,0,0,0,0,0,0
1165,1765823878707,0,0,0,0,0,0,0,0
1166,1765823878938,0,0,0,0,0,0,0,0
1167,1765823879222,0,0,0,0,0,0,0,0
1168,1765823879371,0,0,0,0,0,0,0,0
1169,1765823879606,0,0,0,0,0,0,0,0
1170,1765823879823,0,0,0,0,0,0,0,0
1171,1765823880089,0,0,0,0,0,0,0,0
1172,1765823880223,0,0,0,0,0,0,0,0
1173,1765823880423,0,0,0,0,0,0,0,0
1174,1765823880838,0,0,0,0,0,0,0,0
1175,1765823881088,0,0,0,0,0,0,0,0
1176,1765823881289,0,0,0,0,0,0,0,0
1177,1765823881921,0,0,0,0,0,0,0,0
1178,1765823887221,0,0,0,0,0,0,0,0
1179,1765823887505,0,0,0,0,0,0,0,0
1180,1765823887707,0,0,0,0,0,0,0,0
1181,1765823887889,0,0,0,0,0,0,0,0
1182,1765823889906,0,0,0,0,0,0,0,0
1183,1765823890139,0,0,0,0,0,0,0,0
1184,1765823890307,0,0,0,0,0,0,0,0
1185,1765823890572,0,0,0,0,0,0,0,0
1186,1765823972471,0,0,0,0,0,0,0,0
1187,1765823973687,0,0,0,0,0,0,0,0
1188,1765823973954,0,0,0,0,0,0,0,0
1189,1765823974172,0,0,0,0,0,0,0,0
1190,1765823974405,0,0,0,0,0,0,0,0
1191,1765823974637,0,0,0,0,0,0,0,0
1192,1765823974955,0,0,0,0,0,0,0,0
1193,1765823975105,0,0,0,0,0,0,0,0
1194,1765823975320,0,0,0,0,0,0,0,0
1195,1765823975521,0,0,0,0,0,0,0,0
1196,1765823975771,0,0,0,0,0,0,0,0
1197,1765823975988,0,0,0,0,0,0,0,0
1198,1765823976255,0,0,0,0,0,0,0,0
1199,1765823976489,0,0,0,0,0,0,0,0
1200,1765823976672,0,0,0,0,0,0,0,0
1201,1765823976904,0,0,0,0,0,0,0,0
1202,1765823977072,0,0,0,0,0,0,0,0
1203,1765823977288,0,0,0,0,0,0,0,0
1204,1765823977521,0,0,0,0,0,0,0,0
1205,1765823977739,0,0,0,0,0,0,0,0
1206,1765823977871,0,0,0,0,0,0,0,0
1207,1765823978105,0,0,0,0,0,0,0,0
1208,1765823978305,0,0,0,0,0,0,0,0
1209,1765823978505,0,0,0,0,0,0,0,0
1210,1765823988905,0,0,0,0,0,0,0,0
1211,1765823989105,0,0,0,0,0,0,0,0
1212,1765823989305,0,0,0,0,0,0,0,0
1213,1765823989522,0,0,0,0,0,0,0,0
1214,1765823989738,0,0,0,0,0,0,0,0
1215,1765823990003,0,0,0,0,0,0,0,0
1216,1765823990189,0,0,0,0,0,0,0,0
1217,1765823990421,0,0,0,0,0,0,0,0
1218,1765823990638,0,0,0,0,0,0,0,0
1219,1765823990904,0,0,0,0,0,0,0,0
1220,1765823991338,0,0,0,0,0,0,0,0
1221,1765823991538,0,0,0,0,0,0,0,0
1222,1765823991755,0,0,0,0,0,0,0,0
1223,1765823991955,0,0,0,0,0,0,0,0
1224,1765823992188,0,0,0,0,0,0,0,0
1225,1765823992405,0,0,0,0,0,0,0,0
1226,1765823992572,0,0,0,0,0,0,0,0
1227,1765823992821,0,0,0,0,0,0,0,0
1228,1765823993038,0,0,0,0,0,0,0,0
1229,1765823993272,0,0,0,0,0,0,0,0
1230,1765823993421,0,0,0,0,0,0,0,0
1231,1765823993621,0,0,0,0,0,0,0,0
1232,1765823993821,0,0,0,0,0,0,0,0
1233,1765824000254,0,0,0,0,0,0,0,0
1234,1765824001071,0,0,0,0,0,0,0,0
1235,1765824001338,0,0,0,0,0,0,0,0
1236,1765824001571,0,0,0,0,0,0,0,0
1237,1765824001805,0,0,0,0,0,0,0,0
1238,1765824001921,0,0,0,0,0,0,0,0
1239,1765824002188,0,0,0,0,0,0,0,0
1240,1765824002388,0,0,0,0,0,0,0,0
1241,1765824002587,0,0,0,0,0,0,0,0
1242,1765824002820,0,0,0,0,0,0,0,0
1243,1765824003004,0,0,0,0,0,0,0,0
1244,1765824003204,0,0,0,0,0,0,0,0
1245,1765824003388,0,0,0,0,0,0,0,0
1246,1765824003621,0,0,0,0,0,0,0,0
1247,1765824164819,0,0,0,0,0,0,0,0
1248,1765824165019,0,0,0,0,0,0,0,0
1249,1765824165185,0,0,0,0,0,0,0,0
1250,1765824165418,0,0,0,0,0,0,0,0
1251,1765824167518,0,0,0,0,0,0,0,0
1252,1765824167769,0,0,0,0,0,0,0,0
1253,1765824168169,0,0,0,0,0,0,0,0
1254,1765824168335,0,0,0,0,0,0,0,0
1255,1765824169285,0,0,0,0,0,0,0,0
1256,1765824169518,0,0,0,0,0,0,0,0
1257,1765824169735,0,0,0,0,0,0,0,0
1258,1765824170419,0,0,0,0,0,0,0,0
1259,1765824170635,0,0,0,0,0,0,0,0
1260,1765824170835,0,0,0,0,0,0,0,0
1261,1765824171069,0,0,0,0,0,0,0,0
1262,1765824171285,0,0,0,0,0,0,0,0
1263,1765824171535,0,0,0,0,0,0,0,0
1264,1765824171735,0,0,0,0,0,0,0,0
1265,1765824171952,0,0,0,0,0,0,0,0
1266,1765824172184,0,0,0,0,0,0,0,0
1267,1765824172419,0,0,0,0,0,0,0,0
1268,1765824172669,0,0,0,0,0,0,0,0
1269,1765824172885,0,0,0,0,0,0,0,0
1270,1765824173068,0,0,0,0,0,0,0,0
1271,1765824180268,0,0,0,0,0,0,0,0
1272,1765824195435,0,0,0,0,0,0,0,0
1273,1765824195668,0,0,0,0,0,0,0,0
