timestamp,THROTTLE,BRAKE,ECU_MODE_ID,TORQUE_GAIN,TORQUE_REF_LEFT_MOTOR,TORQUE_REF_RIGHT_MOTOR,LEFT_MOTOR_SPEED,RIGHT_MOTOR_SPEED,ACCEL_LONGITUDINAL,STACK_1_CELL_1,STACK_1_CELL_2,STACK_1_CELL_3,STACK_1_CELL_4,STACK_2_CELL_1,STACK_2_CELL_2,STACK_2_CELL_3,STACK_2_CELL_4,STACK_3_CELL_1,STACK_3_CELL_2,STACK_3_CELL_3,STACK_3_CELL_4,STACK_4_CELL_1,STACK_4_CELL_2,STACK_4_CELL_3,STACK_4_CELL_4,STACK_5_CELL_1,STACK_5_CELL_2,STACK_5_CELL_3,STACK_5_CELL_4,STACK_6_CELL_1,STACK_6_CELL_2,STACK_6_CELL_3,STACK_6_CELL_4,MAX_VOLTAGE,MIN_VOLTAGE,TOTAL_VOLTAGE,SHUNT_CURRENT,BMS_MODE_ID,BMS_ERROR_ID,AIR_P,AIR_N,t
1765226025049,132.0,0.0,1.0,10.0,129.0,129.0,0.011040128571428571,0.0,-0.01464,3.27,3.32,3.24,3.26,3.26,3.27,3.27,3.27,3.29,3.29,3.29,3.29,3.26,3.27,3.26,3.29,3.28,3.27,3.27,3.27,3.3,3.3,3.29,3.28,3.32,3.24,78.6,0.0,1.0,0.0,1.0,1.0,7519972
1765226025097,0.0,0.0,1.0,10.0,129.0,129.0,0.011040128571428571,0.0,-0.01464,3.27,3.32,3.24,3.26,3.26,3.27,3.27,3.27,3.29,3.29,3.29,3.29,3.26,3.27,3.26,3.29,3.28,3.27,3.27,3.27,3.3,3.3,3.29,3.28,3.32,3.24,78.6,0.0,1.0,0.0,1.0,1.0,7520020
1765226025113,0.0,0.0,2.0,25.0,129.0,129.0,0.011040128571428571,0.0,-0.01464,3.27,3.32,3.24,3.26,3.26,3.27,3.27,3.27,3.29,3.29,3.29,3.29,3.26,3.27,3.26,3.29,3.28,3.27,3.27,3.27,3.3,3.3,3.29,3.28,3.32,3.24,78.6,0.0,1.0,0.0,1.0,1.0,7520036
1765226025128,0.0,0.0,2.0,25.0,0.0,0.0,0.011040128571428571,0.0,-0.01464,3.27,3.32,3.24,3.26,3.26,3.27,3.27,3.27,3.29,3.29,3.29,3.29,3.26,3.27,3.26,3.29,3.28,3.27,3.27,3.27,3.3,3.3,3.29,3.28,3.32,3.24,78.6,0.0,1.0,0.0,1.0,1.0,7520051
1765226025179,0.0,0.0,2.0,25.0,0.0,0.0,0.0,0.0,-0.01464,3.29,3.32,3.28,3.28,3.26,3.27,3.27,3.27,3.29,3.29,3.29,3.29,3.26,3.27,3.26,3.29,3.28,3.27,3.27,3.27,3.3,3.3,3.29,3.28,3.32,3.24,78.6,0.0,1.0,0.0,1.0,1.0,7520102
1765226025216,0.0,0.0,2.0,25.0,0.0,0.0,0.0,0.0,-0.01464,3.29,3.32,3.28,3.28,3.28,3.28,3.28,3.28,3.29,3.29,3.29,3.29,3.26,3.27,3.26,3.29,3.28,3.27,3.27,3.27,3.3,3.3,3.29,3.28,3.32,3.24,78.6,0.0,1.0,0.0,1.0,1.0,7520139
1765226025229,0.0,0.0,2.0,25.0,0.0,0.0,0.0,0.0,-0.01464,3.29,3.32,3.28,3.28,3.28,3.28,3.28,3.28,3.31,3.31,3.31,3.31,3.26,3.27,3.26,3.29,3.28,3.27,3.27,3.27,3.3,3.3,3.29,3.28,3.32,3.24,78.6,0.0,1.0,0.0,1.0,1.0,7520152
1765226025262,0.0,0.0,2.0,25.0,0.0,0.0,0.0,0.0,-0.01464,3.29,3.32,3.28,3.28,3.28,3.28,3.28,3.28,3.31,3.31,3.31,3.31,3.26,3.27,3.26,3.29,3.28,3.27,3.27,3.27,3.3,3.3,3.29,3.28,3.32,3.24,78.6,0.0,1.0,0.0,1.0,1.0,7520185
1765226025278,0.0,0.0,2.0,25.0,0.0,0.0,0.0,0.0,-0.01464,3.29,3.32,3.28,3.28,3.28,3.28,3.28,3.28,3.31,3.31,3.31,3.31,3.28,3.28,3.28,3.29,3.28,3.27,3.27,3.27,3.3,3.3,3.29,3.28,3.32,3.24,78.6,0.0,1.0,0.0,1.0,1.0,7520201
1765226025295,0.0,0.0,2.0,25.0,0.0,0.0,0.0,0.0,-0.01464,3.29,3.32,3.28,3.28,3.28,3.28,3.28,3.28,3.31,3.31,3.31,3.31,3.28,3.28,3.28,3.29,3.29,3.29,3.29,3.28,3.3,3.3,3.29,3.28,3.32,3.24,78.6,0.0,1.0,0.0,1.0,1.0,7520218
1765226025312,0.0,0.0,2.0,25.0,0.0,0.0,0.0,0.0,-0.01464,3.29,3.32,3.28,3.28,3.28,3.28,3.28,3.28,3.31,3.31,3.31,3.31,3.28,3.28,3.28,3.29,3.29,3.29,3.29,3.28,3.32,3.32,3.31,3.3,3.32,3.24,78.6,0.0,1.0,0.0,1.0,1.0,7520235
1765226025362,0.0,0.0,2.0,25.0,0.0,0.0,0.0,0.0,-0.01952,3.29,3.32,3.28,3.28,3.28,3.28,3.28,3.28,3.31,3.31,3.31,3.31,3.28,3.28,3.28,3.29,3.29,3.29,3.29,3.28,3.32,3.32,3.31,3.3,3.32,3.24,78.6,0.0,1.0,0.0,1.0,1.0,7520285
1765226025415,0.0,0.0,2.0,25.0,0.0,0.0,0.0,0.0,-0.01952,3.29,3.32,3.28,3.28,3.28,3.28,3.28,3.28,3.31,3.31,3.31,3.31,3.28,3.28,3.28,3.29,3.29,3.29,3.29,3.28,3.32,3.32,3.31,3.3,3.32,3.24,78.6,0.0,1.0,0.0,1.0,1.0,7520338
1765226025447,0.0,0.0,2.0,25.0,0.0,0.0,0.0,0.0,-0.01952,3.29,3.32,3.28,3.28,3.28,3.28,3.28,3.28,3.31,3.31,3.31,3.31,3.28,3.28,3.28,3.29,3.29,3.29,3.29,3.28,3.32,3.32,3.31,3.3,3.32,3.24,78.6,0.0,1.0,0.0,1.0,1.0,7520370
1765226025465,0.0,0.0,2.0,25.0,0.0,0.0,0.0,0.0,-0.01952,3.29,3.32,3.28,3.28,3.28,3.28,3.28,3.28,3.31,3.31,3.31,3.31,3.28,3.28,3.28,3.29,3.29,3.29,3.29,3.28,3.32,3.32,3.31,3.3,3.32,3.24,78.6,0.0,1.0,0.0,1.0,1.0,7520388
1765226025478,0.0,0.0,2.0,25.0,0.0,0.0,0.0,0.0,-0.01952,3.29,3.32,3.28,3.28,3.28,3.28,3.28,3.28,3.31,3.31,3.31,3.31,3.28,3.28,3.28,3.29,3.29,3.29,3.29,3.28,3.32,3.32,3.31,3.3,3.32,3.24,78.6,0.0,1.0,0.0,1.0,1.0,7520401
1765226025496,0.0,0.0,2.0,25.0,0.0,0.0,0.0,0.0,-0.012322,3.29,3.32,3.28,3.28,3.28,3.28,3.28,3.28,3.31,3.31,3.31,3.31,3.28,3.28,3.28,3.29,3.29,3.29,3.29,3.28,3.32,3.32,3.31,3.3,3.32,3.24,78.6,0.0,1.0,0.0,1.0,1.0,7520419
1765226025562,0.0,0.0,2.0,25.0,0.0,0.0,0.0,0.0,-0.012322,3.29,3.32,3.28,3.28,3.28,3.28,3.28,3.28,3.31,3.31,3.31,3.31,3.28,3.28,3.28,3.29,3.29,3.29,3.29,3.28,3.32,3.32,3.31,3.3,3.32,3.24,78.6,0.0,1.0,0.0,1.0,1.0,7520485
1765226025579,0.0,0.0,2.0,25.0,0.0,0.0,0.0,0.0,-0.012322,3.29,3.32,3.28,3.28,3.28,3.28,3.28,3.28,3.31,3.31,3.31,3.31,3.28,3.28,3.28,3.29,3.29,3.29,3.29,3.28,3.32,3.32,3.31,3.3,3.32,3.24,78.6,0.0,1.0,0.0,1.0,1.0,7520502
1765226025612,0.0,0.0,2.0,25.0,0.0,0.0,0.0,0.0,-0.012322,3.29,3.32,3.28,3.28,3.28,3.28,3.28,3.28,3.31,3.31,3.31,3.31,3.28,3.28,3.28,3.29,3.29,3.29,3.29,3.28,3.32,3.32,3.31,3.3,3.32,3.24,78.6,0.0,1.0,0.0,1.0,1.0,7520535
1765226025681,0.0,0.0,2.0,25.0,0.0,0.0,0.0,0.0,-0.013663999999999999,3.29,3.32,3.28,3.28,3.28,3.28,3.28,3.28,3.31,3.31,3.31,3.31,3.28,3.28,3.28,3.29,3.29,3.29,3.29,3.28,3.32,3.32,3.31,3.3,3.32,3.24,78.6,0.0,1.0,0.0,1.0,1.0,7520604
1765226025795,0.0,0.0,2.0,25.0,0.0,0.0,0.0,0.0,-0.017324,3.29,3.32,3.28,3.28,3.28,3.28,3.28,3.28,3.31,3.31,3.31,3.31,3.28,3.28,3.28,3.29,3.29,3.29,3.29,3.28,3.32,3.32,3.31,3.3,3.32,3.24,78.6,0.0,1.0,0.0,1.0,1.0,7520718
1765226025845,0.0,0.0,2.0,25.0,0.0,0.0,0.0,0.0,-0.017324,3.29,3.32,3.28,3.28,3.28,3.28,3.28,3.28,3.31,3.31,3.31,3.31,3.28,3.28,3.28,3.29,3.29,3.29,3.29,3.28,3.32,3.32,3.31,3.3,3.32,3.24,78.6,0.0,1.0,0.0,1.0,1.0,7520768
1765226025862,0.0,0.0,2.0,25.0,0.0,0.0,0.0,0.0,-0.017324,3.29,3.32,3.28,3.28,3.28,3.28,3.28,3.28,3.31,3.31,3.31,3.31,3.28,3.28,3.28,3.29,3.29,3.29,3.29,3.28,3.32,3.32,3.31,3.3,3.32,3.24,78.6,0.0,1.0,0.0,1.0,1.0,7520785
1765226025915,0.0,0.0,2.0,25.0,0.0,0.0,0.0,0.0,-0.017324,3.29,3.32,3.28,3.28,3.28,3.28,3.28,3.28,3.31,3.31,3.31,3.31,3.28,3.28,3.28,3.29,3.29,3.29,3.29,3.28,3.32,3.32,3.31,3.3,3.32,3.24,78.6,0.0,1.0,0.0,1.0,1.0,7520838
1765226025964,0.0,0.0,2.0,25.0,0.0,0.0,0.0,0.0,-0.017324,3.29,3.32,3.28,3.28,3.28,3.28,3.28,3.28,3.31,3.31,3.31,3.31,3.28,3.28,3.28,3.29,3.29,3.29,3.29,3.28,3.32,3.32,3.31,3.3,3.32,3.24,78.6,0.0,1.0,0.0,1.0,1.0,7520887
1765226026015,0.0,0.0,2.0,25.0,0.0,0.0,0.0,0.0,-0.019275999999999998,3.29,3.32,3.28,3.28,3.28,3.28,3.28,3.28,3.31,3.31,3.31,3.31,3.28,3.28,3.28,3.29,3.29,3.29,3.29,3.28,3.32,3.32,3.31,3.3,3.32,3.24,78.6,0.0,1.0,0.0,1.0,1.0,7520938
1765226026112,0.0,0.0,2.0,25.0,0.0,0.0,0.0,0.0,-0.019275999999999998,3.29,3.32,3.28,3.28,3.28,3.28,3.28,3.28,3.31,3.31,3.31,3.31,3.28,3.28,3.28,3.29,3.29,3.29,3.29,3.28,3.32,3.32,3.31,3.3,3.32,3.24,78.6,0.0,1.0,0.0,1.0,1.0,7521035
1765226026179,0.0,0.0,2.0,25.0,0.0,0.0,0.0,0.0,-0.014518,3.29,3.32,3.28,3.28,3.28,3.28,3.28,3.28,3.31,3.31,3.31,3.31,3.28,3.28,3.28,3.29,3.29,3.29,3.29,3.28,3.32,3.32,3.31,3.3,3.32,3.24,78.6,0.0,1.0,0.0,1.0,1.0,7521102
1765226026197,0.0,0.0,2.0,25.0,0.0,0.0,0.0,0.0,-0.014518,3.29,3.32,3.28,3.28,3.28,3.28,3.28,3.28,3.31,3.31,3.31,3.31,3.28,3.28,3.28,3.29,3.29,3.29,3.29,3.28,3.32,3.32,3.31,3.3,3.32,3.28,79.0,-1.0,1.0,0.0,1.0,1.0,7521120
1765226026231,0.0,0.0,2.0,25.0,0.0,0.0,0.0,0.0,-0.014518,3.29,3.32,3.28,3.28,3.28,3.28,3.28,3.28,3.31,3.31,3.31,3.31,3.28,3.28,3.28,3.29,3.29,3.29,3.29,3.28,3.32,3.32,3.31,3.3,3.32,3.28,79.0,-1.0,1.0,0.0,1.0,1.0,7521154
1765226026280,64.0,0.0,2.0,25.0,0.0,0.0,0.0,0.0,-0.014518,3.29,3.32,3.28,3.28,3.28,3.28,3.28,3.28,3.31,3.31,3.31,3.31,3.28,3.28,3.28,3.29,3.29,3.29,3.29,3.28,3.32,3.32,3.31,3.3,3.32,3.28,79.0,-1.0,1.0,0.0,1.0,1.0,7521203
1765226026297,64.0,0.0,2.0,25.0,0.0,0.0,0.0,0.0,-0.014518,3.29,3.32,3.28,3.28,3.28,3.28,3.28,3.28,3.31,3.31,3.31,3.31,3.28,3.28,3.28,3.29,3.29,3.29,3.29,3.28,3.32,3.32,3.31,3.3,3.32,3.28,79.0,-1.0,1.0,0.0,1.0,1.0,7521220
1765226026314,64.0,0.0,2.0,25.0,0.0,0.0,0.0,0.0,-0.014518,3.29,3.32,3.28,3.28,3.28,3.28,3.28,3.28,3.31,3.31,3.31,3.31,3.28,3.28,3.28,3.29,3.29,3.29,3.29,3.28,3.32,3.32,3.31,3.3,3.32,3.28,79.0,-1.0,1.0,0.0,1.0,1.0,7521237
1765226026347,64.0,0.0,2.0,25.0,0.0,0.0,0.0,0.0,-0.014518,3.29,3.32,3.28,3.28,3.28,3.28,3.28,3.28,3.31,3.31,3.31,3.31,3.28,3.28,3.28,3.29,3.29,3.29,3.29,3.28,3.32,3.32,3.31,3.3,3.32,3.28,79.0,-1.0,1.0,0.0,1.0,1.0,7521270
1765226026397,64.0,0.0,2.0,25.0,0.0,0.0,0.0,0.0,-0.01586,3.29,3.32,3.28,3.28,3.28,3.28,3.28,3.28,3.31,3.31,3.31,3.31,3.28,3.28,3.28,3.29,3.29,3.29,3.29,3.28,3.32,3.32,3.31,3.3,3.32,3.28,79.0,-1.0,1.0,0.0,1.0,1.0,7521320
1765226026415,64.0,0.0,2.0,25.0,0.0,0.0,0.0,0.0,-0.01586,3.29,3.32,3.28,3.28,3.28,3.28,3.28,3.28,3.31,3.31,3.31,3.31,3.28,3.28,3.28,3.29,3.29,3.29,3.29,3.28,3.32,3.32,3.31,3.3,3.32,3.28,79.0,-1.0,1.0,0.0,1.0,1.0,7521338
1765226026529,64.0,0.0,2.0,25.0,0.0,0.0,0.0,0.0,-0.013054,3.29,3.32,3.28,3.28,3.28,3.28,3.28,3.28,3.31,3.31,3.31,3.31,3.28,3.28,3.28,3.29,3.29,3.29,3.29,3.28,3.32,3.32,3.31,3.3,3.32,3.28,79.0,-1.0,1.0,0.0,1.0,1.0,7521452
1765226026563,321.0,0.0,2.0,25.0,0.0,0.0,0.0,0.0,-0.013054,3.29,3.32,3.28,3.28,3.28,3.28,3.28,3.28,3.31,3.31,3.31,3.31,3.28,3.28,3.28,3.29,3.29,3.29,3.29,3.28,3.32,3.32,3.31,3.3,3.32,3.28,79.0,-1.0,1.0,0.0,1.0,1.0,7521486
1765226026597,321.0,0.0,2.0,25.0,0.0,0.0,0.0,0.0,-0.013054,3.29,3.32,3.28,3.28,3.28,3.28,3.28,3.28,3.31,3.31,3.31,3.31,3.28,3.28,3.28,3.29,3.29,3.29,3.29,3.28,3.32,3.32,3.31,3.3,3.32,3.28,79.0,-1.0,1.0,0.0,1.0,1.0,7521520
1765226026598,321.0,0.0,2.0,25.0,0.0,0.0,0.0,0.0,-0.013054,3.29,3.32,3.28,3.28,3.28,3.28,3.28,3.28,3.31,3.31,3.31,3.31,3.28,3.28,3.28,3.29,3.29,3.29,3.29,3.28,3.32,3.32,3.31,3.3,3.32,3.28,79.0,-1.0,1.0,0.0,1.0,1.0,7521521
1765226026648,321.0,0.0,2.0,25.0,0.0,0.0,0.0,0.0,-0.013054,3.29,3.32,3.28,3.28,3.28,3.28,3.28,3.28,3.31,3.31,3.31,3.31,3.28,3.28,3.28,3.29,3.29,3.29,3.29,3.28,3.32,3.32,3.31,3.3,3.32,3.28,79.0,-1.0,1.0,0.0,1.0,1.0,7521571
1765226026696,321.0,0.0,2.0,25.0,0.0,0.0,0.0,0.0,-0.013054,3.29,3.32,3.28,3.28,3.28,3.28,3.28,3.28,3.31,3.31,3.31,3.31,3.28,3.28,3.28,3.29,3.29,3.29,3.29,3.28,3.32,3.32,3.31,3.3,3.32,3.28,79.0,-1.0,1.0,0.0,1.0,1.0,7521619
1765226026712,321.0,0.0,2.0,25.0,300.0,300.0,0.0,0.0,-0.013054,3.29,3.32,3.28,3.28,3.28,3.28,3.28,3.28,3.31,3.31,3.31,3.31,3.28,3.28,3.28,3.29,3.29,3.29,3.29,3.28,3.32,3.32,3.31,3.3,3.32,3.28,79.0,-1.0,1.0,0.0,1.0,1.0,7521635
1765226026748,321.0,0.0,2.0,25.0,300.0,300.0,0.0,0.0,-0.013054,3.29,3.32,3.28,3.28,3.28,3.28,3.28,3.28,3.31,3.31,3.31,3.31,3.28,3.28,3.28,3.29,3.29,3.29,3.29,3.28,3.32,3.32,3.31,3.3,3.32,3.28,79.0,-1.0,1.0,0.0,1.0,1.0,7521671
1765226026829,321.0,0.0,2.0,25.0,300.0,300.0,0.0,0.0,-0.013054,3.29,3.32,3.28,3.28,3.28,3.28,3.28,3.28,3.31,3.31,3.31,3.31,3.28,3.28,3.28,3.29,3.29,3.29,3.29,3.28,3.32,3.32,3.31,3.3,3.32,3.28,79.0,-1.0,1.0,0.0,1.0,1.0,7521752
1765226026880,321.0,0.0,2.0,25.0,300.0,300.0,0.0,0.0,-0.01342,3.29,3.32,3.28,3.28,3.28,3.28,3.28,3.28,3.31,3.31,3.31,3.31,3.28,3.28,3.28,3.29,3.29,3.29,3.29,3.28,3.32,3.32,3.31,3.3,3.32,3.28,79.0,-1.0,1.0,0.0,1.0,1.0,7521803
1765226026913,321.0,0.0,2.0,25.0,300.0,300.0,0.0,0.0,-0.01342,3.29,3.32,3.28,3.28,3.28,3.28,3.28,3.28,3.31,3.31,3.31,3.31,3.28,3.28,3.28,3.29,3.29,3.29,3.29,3.28,3.32,3.32,3.31,3.3,3.32,3.28,79.0,-1.0,1.0,0.0,1.0,1.0,7521836
1765226026947,321.0,0.0,2.0,25.0,300.0,300.0,0.0,0.0,-0.01342,3.29,3.32,3.28,3.28,3.28,3.28,3.28,3.28,3.31,3.31,3.31,3.31,3.28,3.28,3.28,3.29,3.29,3.29,3.29,3.28,3.32,3.32,3.31,3.3,3.32,3.28,79.0,-1.0,1.0,0.0,1.0,1.0,7521870
1765226026962,321.0,0.0,2.0,25.0,300.0,300.0,0.0,0.0,-0.01342,3.29,3.32,3.28,3.28,3.28,3.28,3.28,3.28,3.31,3.31,3.31,3.31,3.28,3.28,3.28,3.29,3.29,3.29,3.29,3.28,3.32,3.32,3.31,3.3,3.32,3.28,79.0,-1.0,1.0,0.0,1.0,1.0,7521885
1765226026979,321.0,0.0,2.0,25.0,300.0,300.0,0.0,0.0,-0.01342,3.29,3.32,3.28,3.28,3.28,3.28,3.28,3.28,3.31,3.31,3.31,3.31,3.28,3.28,3.28,3.29,3.29,3.29,3.29,3.28,3.32,3.32,3.31,3.3,3.32,3.28,79.0,-1.0,1.0,0.0,1.0,1.0,7521902
1765226027015,321.0,0.0,2.0,25.0,300.0,300.0,0.0,0.0,-0.01342,3.29,3.32,3.28,3.28,3.28,3.28,3.28,3.28,3.31,3.31,3.31,3.31,3.28,3.28,3.28,3.29,3.29,3.29,3.29,3.28,3.32,3.32,3.31,3.3,3.32,3.28,79.0,-1.0,1.0,0.0,1.0,1.0,7521938
1765226027030,1000.0,0.0,2.0,25.0,300.0,300.0,0.0,0.0,-0.01342,3.29,3.32,3.28,3.28,3.28,3.28,3.28,3.28,3.31,3.31,3.31,3.31,3.28,3.28,3.28,3.29,3.29,3.29,3.29,3.28,3.32,3.32,3.31,3.3,3.32,3.28,79.0,-1.0,1.0,0.0,1.0,1.0,7521953
1765226027048,1000.0,0.0,2.0,25.0,300.0,300.0,0.0,0.0,-0.01342,3.29,3.32,3.28,3.28,3.28,3.28,3.28,3.28,3.31,3.31,3.31,3.31,3.28,3.28,3.28,3.29,3.29,3.29,3.29,3.28,3.32,3.32,3.31,3.3,3.32,3.28,79.0,-1.0,1.0,0.0,1.0,1.0,7521971
1765226027099,1000.0,0.0,2.0,25.0,300.0,300.0,0.011040128571428571,0.0,-0.01342,3.29,3.32,3.28,3.28,3.28,3.28,3.28,3.28,3.31,3.31,3.31,3.31,3.28,3.28,3.28,3.29,3.29,3.29,3.29,3.28,3.32,3.32,3.31,3.3,3.32,3.28,79.0,-1.0,1.0,0.0,1.0,1.0,7522022
1765226027131,1000.0,0.0,2.0,25.0,300.0,300.0,0.011040128571428571,0.0,-0.01342,3.29,3.32,3.28,3.28,3.28,3.28,3.28,3.28,3.31,3.31,3.31,3.31,3.28,3.28,3.28,3.29,3.29,3.29,3.29,3.28,3.32,3.32,3.31,3.3,3.32,3.28,79.0,-1.0,1.0,0.0,1.0,1.0,7522054
1765226027181,1000.0,0.0,2.0,25.0,300.0,300.0,0.011040128571428571,0.0,-0.015982,3.29,3.32,3.28,3.28,3.28,3.28,3.28,3.28,3.31,3.31,3.31,3.31,3.28,3.28,3.28,3.29,3.29,3.29,3.29,3.28,3.32,3.32,3.31,3.3,3.32,3.28,79.0,-1.0,1.0,0.0,1.0,1.0,7522104
1765226027281,1000.0,0.0,2.0,25.0,300.0,300.0,0.011040128571428571,0.0,-0.015982,3.29,3.32,3.28,3.28,3.28,3.28,3.28,3.28,3.31,3.31,3.31,3.31,3.28,3.28,3.28,3.29,3.29,3.29,3.29,3.28,3.32,3.32,3.31,3.3,3.32,3.28,79.0,-1.0,1.0,0.0,1.0,1.0,7522204
1765226027364,1000.0,0.0,2.0,25.0,300.0,300.0,0.011040128571428571,0.0,-0.01647,3.29,3.32,3.28,3.28,3.28,3.28,3.28,3.28,3.31,3.31,3.31,3.31,3.28,3.28,3.28,3.29,3.29,3.29,3.29,3.28,3.32,3.32,3.31,3.3,3.32,3.28,79.0,-1.0,1.0,0.0,1.0,1.0,7522287
1765226027433,1000.0,0.0,2.0,25.0,300.0,300.0,0.011040128571428571,0.0,-0.01647,3.29,3.32,3.28,3.28,3.28,3.28,3.28,3.28,3.31,3.31,3.31,3.31,3.28,3.28,3.28,3.29,3.29,3.29,3.29,3.28,3.32,3.32,3.31,3.3,3.32,3.28,79.0,-1.0,1.0,0.0,1.0,1.0,7522356
1765226027449,1000.0,0.0,2.0,25.0,600.0,600.0,0.011040128571428571,0.0,-0.0057339999999999995,3.29,3.32,3.28,3.28,3.28,3.28,3.28,3.28,3.31,3.31,3.31,3.31,3.28,3.28,3.28,3.29,3.29,3.29,3.29,3.28,3.32,3.32,3.31,3.3,3.32,3.28,79.0,-1.0,1.0,0.0,1.0,1.0,7522372
1765226027496,1000.0,0.0,2.0,25.0,600.0,600.0,1.037772085714286,0.0,-0.0057339999999999995,3.29,3.32,3.28,3.28,3.28,3.28,3.28,3.28,3.31,3.31,3.31,3.31,3.28,3.28,3.28,3.29,3.29,3.29,3.29,3.28,3.32,3.32,3.31,3.3,3.32,3.28,79.0,-1.0,1.0,0.0,1.0,1.0,7522419
1765226027548,1000.0,0.0,2.0,25.0,600.0,600.0,1.037772085714286,1.037772085714286,-0.0057339999999999995,3.29,3.32,3.28,3.28,3.28,3.28,3.28,3.28,3.31,3.31,3.31,3.31,3.28,3.28,3.28,3.29,3.29,3.29,3.29,3.28,3.32,3.32,3.31,3.3,3.32,3.28,79.0,-1.0,1.0,0.0,1.0,1.0,7522471
1765226027648,1000.0,0.0,2.0,25.0,600.0,600.0,1.037772085714286,1.037772085714286,0.035136,3.29,3.32,3.28,3.28,3.28,3.28,3.28,3.28,3.31,3.31,3.31,3.31,3.28,3.28,3.28,3.29,3.29,3.29,3.29,3.28,3.32,3.32,3.31,3.3,3.32,3.28,79.0,-1.0,1.0,0.0,1.0,1.0,7522571
1765226027715,1000.0,0.0,2.0,25.0,600.0,600.0,1.037772085714286,1.037772085714286,0.035136,3.29,3.32,3.28,3.28,3.28,3.28,3.28,3.28,3.31,3.31,3.31,3.31,3.28,3.28,3.28,3.29,3.29,3.29,3.29,3.28,3.32,3.32,3.31,3.3,3.32,3.28,79.0,-1.0,1.0,0.0,1.0,1.0,7522638
1765226027730,1000.0,0.0,2.0,25.0,600.0,600.0,1.037772085714286,1.037772085714286,0.035136,3.29,3.32,3.28,3.28,3.28,3.28,3.28,3.28,3.31,3.31,3.31,3.31,3.28,3.28,3.28,3.29,3.29,3.29,3.29,3.28,3.32,3.32,3.31,3.3,3.32,3.28,79.0,-1.0,1.0,0.0,1.0,1.0,7522653
1765226027780,1000.0,0.0,2.0,25.0,600.0,600.0,3.886125257142858,1.037772085714286,0.035136,3.29,3.32,3.28,3.28,3.28,3.28,3.28,3.28,3.31,3.31,3.31,3.31,3.28,3.28,3.28,3.29,3.29,3.29,3.29,3.28,3.32,3.32,3.31,3.3,3.32,3.28,79.0,-1.0,1.0,0.0,1.0,1.0,7522703
1765226027797,1000.0,0.0,2.0,25.0,600.0,600.0,3.886125257142858,1.037772085714286,0.035136,3.29,3.32,3.28,3.28,3.28,3.28,3.28,3.28,3.31,3.31,3.31,3.31,3.28,3.28,3.28,3.29,3.29,3.29,3.29,3.28,3.32,3.32,3.31,3.3,3.32,3.28,79.0,0.0,1.0,0.0,1.0,1.0,7522720
1765226027863,1000.0,0.0,2.0,25.0,600.0,600.0,3.886125257142858,3.1243563857142864,0.11223999999999999,3.29,3.32,3.28,3.28,3.28,3.28,3.28,3.28,3.31,3.31,3.31,3.31,3.28,3.28,3.28,3.29,3.29,3.29,3.29,3.28,3.32,3.32,3.31,3.3,3.32,3.28,79.0,0.0,1.0,0.0,1.0,1.0,7522786
1765226027965,1000.0,0.0,2.0,25.0,600.0,600.0,3.886125257142858,2.0645040428571435,0.11223999999999999,3.29,3.32,3.28,3.28,3.28,3.28,3.28,3.28,3.31,3.31,3.31,3.31,3.28,3.28,3.28,3.29,3.29,3.29,3.29,3.28,3.32,3.32,3.31,3.3,3.32,3.23,78.7,11.0,1.0,0.0,1.0,1.0,7522888
1765226028014,1000.0,0.0,2.0,25.0,600.0,600.0,3.886125257142858,2.0645040428571435,0.11223999999999999,3.29,3.32,3.28,3.28,3.28,3.28,3.28,3.28,3.31,3.31,3.31,3.31,3.28,3.28,3.28,3.29,3.29,3.29,3.29,3.28,3.32,3.32,3.31,3.3,3.32,3.23,78.7,11.0,1.0,0.0,1.0,1.0,7522937
1765226028064,1000.0,0.0,2.0,25.0,600.0,600.0,3.886125257142858,2.0645040428571435,0.14518,3.29,3.32,3.28,3.28,3.28,3.28,3.28,3.28,3.31,3.31,3.31,3.31,3.28,3.28,3.28,3.29,3.29,3.29,3.29,3.28,3.32,3.32,3.31,3.3,3.32,3.23,78.7,11.0,1.0,0.0,1.0,1.0,7522987
1765226028129,1000.0,0.0,2.0,25.0,600.0,600.0,3.886125257142858,2.0645040428571435,0.14518,3.29,3.32,3.28,3.28,3.28,3.28,3.28,3.28,3.31,3.31,3.31,3.31,3.28,3.28,3.28,3.29,3.29,3.29,3.29,3.28,3.32,3.32,3.31,3.3,3.32,3.23,78.7,11.0,1.0,0.0,1.0,1.0,7523052
1765226028145,1000.0,0.0,2.0,25.0,600.0,600.0,3.886125257142858,2.0645040428571435,0.14518,3.29,3.32,3.28,3.28,3.28,3.28,3.28,3.28,3.31,3.31,3.31,3.31,3.28,3.28,3.28,3.29,3.29,3.29,3.29,3.28,3.32,3.32,3.31,3.3,3.32,3.23,78.7,11.0,1.0,0.0,1.0,1.0,7523068
1765226028162,1000.0,0.0,2.0,25.0,1100.0,1100.0,3.886125257142858,2.0645040428571435,0.14518,3.29,3.32,3.28,3.28,3.28,3.28,3.28,3.28,3.31,3.31,3.31,3.31,3.28,3.28,3.28,3.29,3.29,3.29,3.29,3.28,3.32,3.32,3.31,3.3,3.32,3.23,78.7,11.0,1.0,0.0,1.0,1.0,7523085
1765226028181,1000.0,0.0,2.0,25.0,1100.0,1100.0,3.886125257142858,2.0645040428571435,0.10004,3.29,3.32,3.28,3.28,3.28,3.28,3.28,3.28,3.31,3.31,3.31,3.31,3.28,3.28,3.28,3.29,3.29,3.29,3.29,3.28,3.32,3.32,3.31,3.3,3.32,3.23,78.7,11.0,1.0,0.0,1.0,1.0,7523104
1765226028214,1000.0,0.0,2.0,25.0,1100.0,1100.0,2.252186228571429,2.0645040428571435,0.10004,3.29,3.32,3.28,3.28,3.28,3.28,3.28,3.28,3.31,3.31,3.31,3.31,3.28,3.28,3.28,3.29,3.29,3.29,3.29,3.28,3.32,3.32,3.31,3.3,3.32,3.23,78.7,11.0,1.0,0.0,1.0,1.0,7523137
1765226028279,1000.0,0.0,2.0,25.0,1100.0,1100.0,2.252186228571429,1.998263271428572,0.10004,3.29,3.32,3.28,3.28,3.28,3.28,3.28,3.28,3.31,3.31,3.31,3.31,3.28,3.28,3.28,3.29,3.29,3.29,3.29,3.28,3.32,3.32,3.31,3.3,3.32,3.23,78.7,11.0,1.0,0.0,1.0,1.0,7523202
1765226028364,1000.0,0.0,2.0,25.0,1100.0,1100.0,2.252186228571429,1.998263271428572,0.167872,3.29,3.32,3.28,3.28,3.28,3.28,3.28,3.28,3.31,3.31,3.31,3.31,3.28,3.28,3.28,3.29,3.29,3.29,3.29,3.28,3.32,3.32,3.31,3.3,3.32,3.23,78.7,11.0,1.0,0.0,1.0,1.0,7523287
1765226028432,1000.0,0.0,2.0,25.0,1100.0,1100.0,2.252186228571429,1.998263271428572,0.167872,3.29,3.32,3.28,3.28,3.28,3.28,3.28,3.28,3.31,3.31,3.31,3.31,3.28,3.28,3.28,3.29,3.29,3.29,3.29,3.28,3.32,3.32,3.31,3.3,3.32,3.23,78.7,11.0,1.0,0.0,1.0,1.0,7523355
1765226028445,1000.0,0.0,2.0,25.0,1300.0,1300.0,2.252186228571429,1.998263271428572,0.167872,3.29,3.32,3.28,3.28,3.28,3.28,3.28,3.28,3.31,3.31,3.31,3.31,3.28,3.28,3.28,3.29,3.29,3.29,3.29,3.28,3.32,3.32,3.31,3.3,3.32,3.23,78.7,11.0,1.0,0.0,1.0,1.0,7523368
1765226028497,1000.0,0.0,2.0,25.0,1300.0,1300.0,2.296346742857143,1.998263271428572,0.167872,3.29,3.32,3.28,3.28,3.28,3.28,3.28,3.28,3.31,3.31,3.31,3.31,3.28,3.28,3.28,3.29,3.29,3.29,3.29,3.28,3.32,3.32,3.31,3.3,3.32,3.23,78.7,11.0,1.0,0.0,1.0,1.0,7523420
1765226028515,1000.0,0.0,2.0,25.0,1300.0,1300.0,2.296346742857143,1.998263271428572,0.167872,3.28,3.32,3.22,3.25,3.28,3.28,3.28,3.28,3.31,3.31,3.31,3.31,3.28,3.28,3.28,3.29,3.29,3.29,3.29,3.28,3.32,3.32,3.31,3.3,3.32,3.23,78.7,11.0,1.0,0.0,1.0,1.0,7523438
1765226028531,1000.0,0.0,2.0,25.0,1300.0,1300.0,2.296346742857143,1.998263271428572,0.167872,3.28,3.32,3.22,3.25,3.26,3.26,3.19,3.25,3.31,3.31,3.31,3.31,3.28,3.28,3.28,3.29,3.29,3.29,3.29,3.28,3.32,3.32,3.31,3.3,3.32,3.23,78.7,11.0,1.0,0.0,1.0,1.0,7523454
1765226028565,1000.0,0.0,2.0,25.0,1700.0,1700.0,2.296346742857143,1.998263271428572,0.167872,3.28,3.32,3.22,3.25,3.26,3.26,3.19,3.25,3.31,3.31,3.31,3.31,3.28,3.28,3.28,3.29,3.29,3.29,3.29,3.28,3.32,3.32,3.31,3.3,3.32,3.23,78.7,11.0,1.0,0.0,1.0,1.0,7523488
1765226028614,1000.0,0.0,2.0,25.0,1700.0,1700.0,3.6211621714285718,1.998263271428572,0.167872,3.28,3.32,3.22,3.25,3.26,3.26,3.19,3.25,3.31,3.31,3.31,3.31,3.28,3.28,3.28,3.29,3.29,3.29,3.29,3.28,3.32,3.32,3.31,3.3,3.32,3.23,78.7,11.0,1.0,0.0,1.0,1.0,7523537
1765226028681,1000.0,0.0,2.0,25.0,1700.0,1700.0,3.6211621714285718,3.6101220428571437,0.167872,3.28,3.32,3.22,3.25,3.26,3.26,3.19,3.25,3.31,3.31,3.31,3.31,3.28,3.28,3.28,3.29,3.29,3.29,3.29,3.28,3.32,3.32,3.31,3.3,3.32,3.23,78.7,11.0,1.0,0.0,1.0,1.0,7523604
1765226028713,1000.0,0.0,2.0,25.0,1700.0,1700.0,3.6211621714285718,3.6101220428571437,0.167872,3.27,3.31,3.1,3.21,3.26,3.26,3.19,3.25,3.31,3.31,3.31,3.31,3.28,3.28,3.28,3.29,3.29,3.29,3.29,3.28,3.32,3.32,3.31,3.3,3.32,3.23,78.7,11.0,1.0,0.0,1.0,1.0,7523636
1765226028729,1000.0,0.0,2.0,25.0,1700.0,1700.0,3.6211621714285718,3.6101220428571437,0.167872,3.27,3.31,3.1,3.21,3.24,3.22,2.97,3.19,3.31,3.31,3.31,3.31,3.28,3.28,3.28,3.29,3.29,3.29,3.29,3.28,3.32,3.32,3.31,3.3,3.32,3.23,78.7,11.0,1.0,0.0,1.0,1.0,7523652
1765226028766,1000.0,0.0,2.0,25.0,1700.0,1700.0,3.6211621714285718,3.6101220428571437,0.167872,3.27,3.31,3.1,3.21,3.24,3.22,2.97,3.19,3.28,3.27,3.24,3.27,3.28,3.28,3.28,3.29,3.29,3.29,3.29,3.28,3.32,3.32,3.31,3.3,3.32,3.23,78.7,11.0,1.0,0.0,1.0,1.0,7523689
1765226028781,1000.0,0.0,2.0,25.0,1700.0,1700.0,3.6211621714285718,3.6101220428571437,0.167872,3.27,3.31,3.1,3.21,3.24,3.22,2.97,3.19,3.28,3.27,3.24,3.27,3.26,3.21,2.89,3.27,3.28,3.14,3.15,3.24,3.32,3.32,3.31,3.3,3.32,3.23,78.7,11.0,1.0,0.0,1.0,1.0,7523704
1765226028812,1000.0,0.0,2.0,25.0,1700.0,1700.0,3.6211621714285718,3.6101220428571437,0.167872,3.27,3.31,3.1,3.21,3.24,3.22,2.97,3.19,3.28,3.27,3.24,3.27,3.26,3.21,2.89,3.27,3.28,3.14,3.15,3.24,3.3,3.28,3.22,3.23,3.32,3.23,78.7,11.0,1.0,0.0,1.0,1.0,7523735
1765226028829,1000.0,0.0,2.0,25.0,1700.0,1700.0,3.6211621714285718,3.6101220428571437,0.28548,3.27,3.31,3.1,3.21,3.24,3.22,2.97,3.19,3.28,3.27,3.24,3.27,3.26,3.21,2.89,3.27,3.28,3.14,3.15,3.24,3.3,3.28,3.22,3.23,3.32,3.23,78.7,11.0,1.0,0.0,1.0,1.0,7523752
1765226028879,847.0,0.0,2.0,25.0,1700.0,1700.0,3.6211621714285718,3.6101220428571437,0.28548,3.27,3.31,3.1,3.21,3.24,3.22,2.97,3.19,3.28,3.27,3.24,3.27,3.26,3.21,2.89,3.27,3.28,3.14,3.15,3.24,3.3,3.28,3.22,3.23,3.32,3.23,78.7,11.0,1.0,0.0,1.0,1.0,7523802
1765226028914,847.0,0.0,2.0,25.0,1900.0,1900.0,3.6211621714285718,3.6101220428571437,0.28548,3.27,3.31,3.1,3.21,3.24,3.22,2.97,3.19,3.28,3.27,3.24,3.27,3.26,3.21,2.89,3.27,3.28,3.14,3.15,3.24,3.3,3.28,3.22,3.23,3.32,3.23,78.7,11.0,1.0,0.0,1.0,1.0,7523837
1765226028947,847.0,0.0,2.0,25.0,1900.0,1900.0,4.206288985714286,3.6101220428571437,0.28548,3.27,3.31,3.1,3.21,3.24,3.22,2.97,3.19,3.28,3.27,3.24,3.27,3.26,3.21,2.89,3.27,3.28,3.14,3.15,3.24,3.3,3.28,3.22,3.23,3.32,3.23,78.7,11.0,1.0,0.0,1.0,1.0,7523870
1765226029014,847.0,0.0,2.0,25.0,1900.0,1900.0,4.206288985714286,4.184208728571429,0.28548,3.27,3.31,3.1,3.21,3.24,3.22,2.97,3.19,3.28,3.27,3.24,3.27,3.26,3.21,2.89,3.27,3.28,3.14,3.15,3.24,3.3,3.28,3.22,3.23,3.32,3.23,78.7,11.0,1.0,0.0,1.0,1.0,7523937
1765226029080,847.0,0.0,2.0,25.0,1900.0,1900.0,4.206288985714286,4.184208728571429,0.328912,3.27,3.31,3.1,3.21,3.24,3.22,2.97,3.19,3.28,3.27,3.24,3.27,3.26,3.21,2.89,3.27,3.28,3.14,3.15,3.24,3.3,3.28,3.22,3.23,3.32,3.23,78.7,11.0,1.0,0.0,1.0,1.0,7524003
1765226029146,847.0,0.0,2.0,25.0,1900.0,1900.0,4.206288985714286,4.184208728571429,0.394914,3.27,3.31,3.1,3.21,3.24,3.22,2.97,3.19,3.28,3.27,3.24,3.27,3.26,3.21,2.89,3.27,3.28,3.14,3.15,3.24,3.3,3.28,3.22,3.23,3.32,3.23,78.7,11.0,1.0,0.0,1.0,1.0,7524069
1765226029214,847.0,0.0,2.0,25.0,1900.0,1900.0,4.206288985714286,4.184208728571429,0.356728,3.27,3.31,3.1,3.21,3.24,3.22,2.97,3.19,3.28,3.27,3.24,3.27,3.26,3.21,2.89,3.27,3.28,3.14,3.15,3.24,3.3,3.28,3.22,3.23,3.32,3.23,78.7,11.0,1.0,0.0,1.0,1.0,7524137
1765226029263,847.0,0.0,2.0,25.0,1900.0,1900.0,4.206288985714286,4.184208728571429,0.356728,3.27,3.31,3.1,3.21,3.24,3.22,2.97,3.19,3.28,3.27,3.24,3.27,3.26,3.21,2.89,3.27,3.28,3.14,3.15,3.24,3.3,3.28,3.22,3.23,3.32,3.23,78.7,11.0,1.0,0.0,1.0,1.0,7524186
1765226029280,847.0,0.0,2.0,25.0,1900.0,1900.0,4.206288985714286,4.184208728571429,0.356728,3.27,3.31,3.1,3.21,3.24,3.22,2.97,3.19,3.28,3.27,3.24,3.27,3.26,3.21,2.89,3.27,3.28,3.14,3.15,3.24,3.3,3.28,3.22,3.23,3.32,3.23,78.7,11.0,1.0,0.0,1.0,1.0,7524203
1765226029297,847.0,0.0,2.0,25.0,2300.0,2300.0,4.206288985714286,4.184208728571429,0.356728,3.27,3.31,3.1,3.21,3.24,3.22,2.97,3.19,3.28,3.27,3.24,3.27,3.26,3.21,2.89,3.27,3.28,3.14,3.15,3.24,3.3,3.28,3.22,3.23,3.32,3.23,78.7,11.0,1.0,0.0,1.0,1.0,7524220
1765226029330,847.0,0.0,2.0,25.0,2300.0,2300.0,8.865223242857146,4.184208728571429,0.356728,3.27,3.31,3.1,3.21,3.24,3.22,2.97,3.19,3.28,3.27,3.24,3.27,3.26,3.21,2.89,3.27,3.28,3.14,3.15,3.24,3.3,3.28,3.22,3.23,3.32,3.23,78.7,11.0,1.0,0.0,1.0,1.0,7524253
1765226029398,847.0,0.0,2.0,25.0,2300.0,2300.0,8.865223242857146,8.887303500000002,0.331352,3.27,3.31,3.1,3.21,3.24,3.22,2.97,3.19,3.28,3.27,3.24,3.27,3.26,3.21,2.89,3.27,3.28,3.14,3.15,3.24,3.3,3.28,3.22,3.23,3.32,3.23,78.7,11.0,1.0,0.0,1.0,1.0,7524321
1765226029848,847.0,0.0,2.0,25.0,2112.0,2112.0,9.880915071428571,12.083420721428572,0.3204126666666667,3.27,3.31,3.1,3.21,3.24,3.22,2.97,3.19,3.28,3.27,3.24,3.27,3.26,3.21,2.89,3.27,3.28,3.14,3.15,3.24,3.3,3.28,3.22,3.23,3.29,2.47,74.3,156.0,1.0,0.0,1.0,1.0,7524771
1765226029934,847.0,0.0,2.0,25.0,2112.0,2112.0,9.880915071428571,12.083420721428572,0.39772,3.27,3.31,3.1,3.21,3.24,3.22,2.97,3.19,3.28,3.27,3.24,3.27,3.26,3.21,2.89,3.27,3.28,3.14,3.15,3.24,3.3,3.28,3.22,3.23,3.29,2.47,74.3,156.0,1.0,0.0,1.0,1.0,7524857
1765226029964,847.0,0.0,2.0,25.0,2112.0,2112.0,9.880915071428571,12.083420721428572,0.39772,3.27,3.31,3.1,3.21,3.24,3.22,2.97,3.19,3.28,3.27,3.24,3.27,3.26,3.21,2.89,3.27,3.28,3.14,3.15,3.24,3.3,3.28,3.22,3.23,3.29,2.47,74.3,156.0,1.0,0.0,1.0,1.0,7524887
1765226029980,847.0,0.0,2.0,25.0,2112.0,2112.0,9.880915071428571,12.083420721428572,0.39772,3.27,3.31,3.1,3.21,3.24,3.22,2.97,3.19,3.28,3.27,3.24,3.27,3.26,3.21,2.89,3.27,3.28,3.14,3.15,3.24,3.3,3.28,3.22,3.23,3.29,2.47,74.3,156.0,1.0,0.0,1.0,1.0,7524903
1765226029996,847.0,0.0,2.0,25.0,2117.0,2117.0,9.880915071428571,12.083420721428572,0.39772,3.27,3.31,3.1,3.21,3.24,3.22,2.97,3.19,3.28,3.27,3.24,3.27,3.26,3.21,2.89,3.27,3.28,3.14,3.15,3.24,3.3,3.28,3.22,3.23,3.29,2.47,74.3,156.0,1.0,0.0,1.0,1.0,7524919
1765226030049,847.0,0.0,2.0,25.0,2117.0,2117.0,15.46722012857143,12.083420721428572,0.39772,3.27,3.31,3.1,3.21,3.24,3.22,2.97,3.19,3.28,3.27,3.24,3.27,3.26,3.21,2.89,3.27,3.28,3.14,3.15,3.24,3.3,3.28,3.22,3.23,3.29,2.47,74.3,156.0,1.0,0.0,1.0,1.0,7524972
1765226030097,847.0,0.0,2.0,25.0,2117.0,2117.0,15.46722012857143,15.41201948571429,0.39772,3.27,3.31,3.1,3.21,3.24,3.22,2.97,3.19,3.28,3.27,3.24,3.27,3.26,3.21,2.89,3.27,3.28,3.14,3.15,3.24,3.3,3.28,3.22,3.23,3.29,2.47,74.3,156.0,1.0,0.0,1.0,1.0,7525020
1765226030165,847.0,0.0,2.0,25.0,2117.0,2117.0,15.46722012857143,15.41201948571429,0.315126,3.27,3.31,3.1,3.21,3.24,3.22,2.97,3.19,3.28,3.27,3.24,3.27,3.26,3.21,2.89,3.27,3.28,3.14,3.15,3.24,3.3,3.28,3.22,3.23,3.29,2.47,74.3,156.0,1.0,0.0,1.0,1.0,7525088
1765226030229,847.0,0.0,2.0,25.0,2117.0,2117.0,15.46722012857143,15.41201948571429,0.315126,3.21,3.27,2.65,2.99,3.13,3.18,2.26,3.1,3.28,3.27,3.24,3.27,3.26,3.21,2.89,3.27,3.28,3.14,3.15,3.24,3.3,3.28,3.22,3.23,3.29,2.47,74.3,156.0,1.0,0.0,1.0,1.0,7525152
1765226030247,847.0,0.0,2.0,25.0,2117.0,2117.0,15.46722012857143,15.41201948571429,0.315126,3.21,3.27,2.65,2.99,3.13,3.18,2.26,3.1,3.21,3.16,3.03,3.15,3.21,3.05,2.49,3.24,3.28,3.14,3.15,3.24,3.3,3.28,3.22,3.23,3.29,2.47,74.3,156.0,1.0,0.0,1.0,1.0,7525170
1765226030278,845.0,0.0,2.0,25.0,2117.0,2117.0,15.46722012857143,15.41201948571429,0.315126,3.21,3.27,2.65,2.99,3.13,3.18,2.26,3.1,3.21,3.16,3.03,3.15,3.21,3.05,2.49,3.24,3.23,2.91,2.89,3.16,3.3,3.28,3.22,3.23,3.29,2.47,74.3,156.0,1.0,0.0,1.0,1.0,7525201
1765226030312,845.0,0.0,2.0,25.0,2117.0,2117.0,15.46722012857143,15.41201948571429,0.315126,3.21,3.27,2.65,2.99,3.13,3.18,2.26,3.1,3.21,3.16,3.03,3.15,3.21,3.05,2.49,3.24,3.23,2.91,2.89,3.16,3.26,3.18,2.93,3.03,3.29,2.47,74.3,156.0,1.0,0.0,1.0,1.0,7525235
1765226030329,845.0,0.0,2.0,25.0,2117.0,2117.0,15.46722012857143,15.41201948571429,0.315126,3.21,3.27,2.65,2.99,3.13,3.18,2.26,3.1,3.21,3.16,3.03,3.15,3.21,3.05,2.49,3.24,3.23,2.91,2.89,3.16,3.26,3.18,2.93,3.03,3.29,2.47,74.3,156.0,1.0,0.0,1.0,1.0,7525252
1765226030362,845.0,0.0,2.0,25.0,2117.0,2117.0,16.626433628571426,15.41201948571429,0.315126,3.21,3.27,2.65,2.99,3.13,3.18,2.26,3.1,3.21,3.16,3.03,3.15,3.21,3.05,2.49,3.24,3.23,2.91,2.89,3.16,3.26,3.18,2.93,3.03,3.29,2.47,74.3,156.0,1.0,0.0,1.0,1.0,7525285
1765226030396,845.0,0.0,2.0,25.0,2117.0,2117.0,16.626433628571426,15.41201948571429,0.386618,3.21,3.27,2.65,2.99,3.13,3.18,2.26,3.1,3.21,3.16,3.03,3.15,3.21,3.05,2.49,3.24,3.23,2.91,2.89,3.16,3.26,3.18,2.93,3.03,3.29,2.47,74.3,156.0,1.0,0.0,1.0,1.0,7525319
1765226030429,845.0,0.0,2.0,25.0,2117.0,2117.0,16.626433628571426,16.47187182857143,0.386618,3.21,3.27,2.65,2.99,3.13,3.18,2.26,3.1,3.21,3.16,3.03,3.15,3.21,3.05,2.49,3.24,3.23,2.91,2.89,3.16,3.26,3.18,2.93,3.03,3.29,2.47,74.3,156.0,1.0,0.0,1.0,1.0,7525352
1765226030444,845.0,0.0,2.0,25.0,2117.0,2117.0,16.626433628571426,16.47187182857143,0.386618,3.21,3.27,2.65,2.99,3.13,3.18,2.26,3.1,3.21,3.16,3.03,3.15,3.22,3.13,2.8,3.26,3.23,2.91,2.89,3.16,3.26,3.18,2.93,3.03,3.29,2.47,74.3,156.0,1.0,0.0,1.0,1.0,7525367
1765226030464,845.0,0.0,2.0,25.0,2117.0,2117.0,16.626433628571426,16.47187182857143,0.386618,3.21,3.27,2.65,2.99,3.13,3.18,2.26,3.1,3.21,3.16,3.03,3.15,3.22,3.13,2.8,3.26,3.25,3.01,3.0,3.2,3.26,3.18,2.93,3.03,3.29,2.47,74.3,156.0,1.0,0.0,1.0,1.0,7525387
1765226030481,845.0,0.0,2.0,25.0,2117.0,2117.0,16.626433628571426,16.47187182857143,0.386618,3.21,3.27,2.65,2.99,3.13,3.18,2.26,3.1,3.21,3.16,3.03,3.15,3.22,3.13,2.8,3.26,3.25,3.01,3.0,3.2,3.27,3.22,3.04,3.11,3.29,2.47,74.3,156.0,1.0,0.0,1.0,1.0,7525404
1765226030496,845.0,0.0,2.0,25.0,2117.0,2117.0,21.395769171428572,16.47187182857143,0.386618,3.21,3.27,2.65,2.99,3.13,3.18,2.26,3.1,3.21,3.16,3.03,3.15,3.22,3.13,2.8,3.26,3.25,3.01,3.0,3.2,3.27,3.22,3.04,3.11,3.29,2.47,74.3,156.0,1.0,0.0,1.0,1.0,7525419
1765226030546,845.0,0.0,2.0,25.0,2117.0,2117.0,21.395769171428572,20.51255888571429,0.386618,3.21,3.27,2.65,2.99,3.13,3.18,2.26,3.1,3.21,3.16,3.03,3.15,3.22,3.13,2.8,3.26,3.25,3.01,3.0,3.2,3.27,3.22,3.04,3.11,3.29,2.47,74.3,156.0,1.0,0.0,1.0,1.0,7525469
1765226030613,845.0,0.0,2.0,25.0,2117.0,2117.0,21.395769171428572,20.51255888571429,0.3599,3.21,3.27,2.65,2.99,3.13,3.18,2.26,3.1,3.21,3.16,3.03,3.15,3.22,3.13,2.8,3.26,3.25,3.01,3.0,3.2,3.27,3.22,3.04,3.11,3.29,2.47,74.3,156.0,1.0,0.0,1.0,1.0,7525536
1765226030696,1000.0,0.0,2.0,25.0,2117.0,2117.0,21.395769171428572,20.51255888571429,0.3599,3.21,3.27,2.65,2.99,3.13,3.18,2.26,3.1,3.21,3.16,3.03,3.15,3.22,3.13,2.8,3.26,3.25,3.01,3.0,3.2,3.27,3.22,3.04,3.11,3.29,2.47,74.3,156.0,1.0,0.0,1.0,1.0,7525619
1765226030712,1000.0,0.0,2.0,25.0,2117.0,2117.0,21.395769171428572,20.51255888571429,0.178364,3.21,3.27,2.65,2.99,3.13,3.18,2.26,3.1,3.21,3.16,3.03,3.15,3.22,3.13,2.8,3.26,3.25,3.01,3.0,3.2,3.27,3.22,3.04,3.11,3.29,2.47,74.3,156.0,1.0,0.0,1.0,1.0,7525635
1765226030730,1000.0,0.0,2.0,25.0,2500.0,2500.0,21.395769171428572,20.51255888571429,0.178364,3.21,3.27,2.65,2.99,3.13,3.18,2.26,3.1,3.21,3.16,3.03,3.15,3.22,3.13,2.8,3.26,3.25,3.01,3.0,3.2,3.27,3.22,3.04,3.11,3.29,2.47,74.3,156.0,1.0,0.0,1.0,1.0,7525653
1765226030764,1000.0,0.0,2.0,25.0,2500.0,2500.0,22.510822157142858,20.51255888571429,0.178364,3.21,3.27,2.65,2.99,3.13,3.18,2.26,3.1,3.21,3.16,3.03,3.15,3.22,3.13,2.8,3.26,3.25,3.01,3.0,3.2,3.27,3.22,3.04,3.11,3.29,2.47,74.3,156.0,1.0,0.0,1.0,1.0,7525687
1765226030829,1000.0,0.0,2.0,25.0,2500.0,2500.0,22.510822157142858,21.296408014285717,0.178364,3.21,3.27,2.65,2.99,3.13,3.18,2.26,3.1,3.21,3.16,3.03,3.15,3.22,3.13,2.8,3.26,3.25,3.01,3.0,3.2,3.27,3.22,3.04,3.11,3.29,2.47,74.3,156.0,1.0,0.0,1.0,1.0,7525752
1765226030929,1000.0,0.0,2.0,25.0,2500.0,2500.0,22.510822157142858,21.296408014285717,0.303536,3.21,3.27,2.65,2.99,3.13,3.18,2.26,3.1,3.21,3.16,3.03,3.15,3.22,3.13,2.8,3.26,3.25,3.01,3.0,3.2,3.27,3.22,3.04,3.11,3.29,2.47,74.3,156.0,1.0,0.0,1.0,1.0,7525852
1765226030978,1000.0,0.0,2.0,25.0,2500.0,2500.0,22.510822157142858,21.296408014285717,0.303536,3.21,3.27,2.65,2.99,3.13,3.18,2.26,3.1,3.21,3.16,3.03,3.15,3.22,3.13,2.8,3.26,3.25,3.01,3.0,3.2,3.27,3.22,3.04,3.11,3.29,2.47,74.3,156.0,1.0,0.0,1.0,1.0,7525901
1765226031010,1000.0,0.0,2.0,25.0,2500.0,2500.0,22.510822157142858,21.296408014285717,0.303536,3.21,3.27,2.65,2.99,3.13,3.18,2.26,3.1,3.21,3.16,3.03,3.15,3.22,3.13,2.8,3.26,3.25,3.01,3.0,3.2,3.27,3.22,3.04,3.11,3.29,2.47,74.3,156.0,1.0,0.0,1.0,1.0,7525933
1765226031043,1000.0,0.0,2.0,25.0,2500.0,2500.0,23.43819295714286,21.296408014285717,0.303536,3.21,3.27,2.65,2.99,3.13,3.18,2.26,3.1,3.21,3.16,3.03,3.15,3.22,3.13,2.8,3.26,3.25,3.01,3.0,3.2,3.27,3.22,3.04,3.11,3.29,2.52,74.7,179.0,1.0,0.0,1.0,1.0,7525966
1765226031078,1000.0,0.0,2.0,25.0,2500.0,2500.0,23.43819295714286,21.296408014285717,0.303536,3.21,3.27,2.65,2.99,3.13,3.18,2.26,3.1,3.21,3.16,3.03,3.15,3.22,3.13,2.8,3.26,3.25,3.01,3.0,3.2,3.27,3.22,3.04,3.11,3.29,2.52,74.7,179.0,1.0,0.0,1.0,1.0,7526001
1765226031097,1000.0,0.0,2.0,25.0,2500.0,2500.0,23.43819295714286,21.296408014285717,0.303536,3.21,3.27,2.65,2.99,3.13,3.18,2.26,3.1,3.21,3.16,3.03,3.15,3.22,3.13,2.8,3.26,3.25,3.01,3.0,3.2,3.27,3.22,3.04,3.11,3.29,2.52,74.7,179.0,1.0,0.0,1.0,1.0,7526020
1765226031113,1000.0,0.0,2.0,25.0,2500.0,2500.0,23.43819295714286,21.296408014285717,0.303536,3.21,3.27,2.65,2.99,3.13,3.18,2.26,3.1,3.21,3.16,3.03,3.15,3.22,3.13,2.8,3.26,3.25,3.01,3.0,3.2,3.27,3.22,3.04,3.11,3.29,2.52,74.7,179.0,1.0,0.0,1.0,1.0,7526036
1765226031164,1000.0,0.0,2.0,25.0,2500.0,2500.0,28.10816734285714,21.296408014285717,0.303536,3.21,3.27,2.65,2.99,3.13,3.18,2.26,3.1,3.21,3.16,3.03,3.15,3.22,3.13,2.8,3.26,3.25,3.01,3.0,3.2,3.27,3.22,3.04,3.11,3.29,2.52,74.7,179.0,1.0,0.0,1.0,1.0,7526087
1765226031229,1000.0,0.0,2.0,25.0,2500.0,2500.0,28.10816734285714,25.92222188571429,0.303536,3.21,3.27,2.65,2.99,3.13,3.18,2.26,3.1,3.21,3.16,3.03,3.15,3.22,3.13,2.8,3.26,3.25,3.01,3.0,3.2,3.27,3.22,3.04,3.11,3.29,2.52,74.7,179.0,1.0,0.0,1.0,1.0,7526152
1765226031278,1000.0,0.0,2.0,25.0,2500.0,2500.0,28.10816734285714,25.92222188571429,0.303536,3.21,3.27,2.65,2.99,3.13,3.18,2.26,3.1,3.21,3.16,3.03,3.15,3.22,3.13,2.8,3.26,3.25,3.01,3.0,3.2,3.27,3.22,3.04,3.11,3.27,2.17,72.3,275.0,1.0,0.0,1.0,1.0,7526201
1765226031328,1000.0,0.0,2.0,25.0,2500.0,2500.0,28.10816734285714,25.92222188571429,0.406138,3.21,3.27,2.65,2.99,3.13,3.18,2.26,3.1,3.21,3.16,3.03,3.15,3.22,3.13,2.8,3.26,3.25,3.01,3.0,3.2,3.27,3.22,3.04,3.11,3.27,2.17,72.3,275.0,1.0,0.0,1.0,1.0,7526251
1765226031396,1000.0,0.0,2.0,25.0,2500.0,2500.0,28.10816734285714,25.92222188571429,0.406138,3.21,3.27,2.65,2.99,3.13,3.18,2.26,3.1,3.21,3.16,3.03,3.15,3.22,3.13,2.8,3.26,3.25,3.01,3.0,3.2,3.27,3.22,3.04,3.11,3.27,2.17,72.3,275.0,1.0,0.0,1.0,1.0,7526319
1765226031411,1000.0,0.0,2.0,25.0,2500.0,2500.0,28.10816734285714,25.92222188571429,0.406138,3.21,3.27,2.65,2.99,3.13,3.18,2.26,3.1,3.21,3.16,3.03,3.15,3.22,3.13,2.8,3.26,3.25,3.01,3.0,3.2,3.27,3.22,3.04,3.11,3.27,2.17,72.3,275.0,1.0,0.0,1.0,1.0,7526334
1765226031428,1000.0,0.0,2.0,25.0,2500.0,2500.0,28.10816734285714,25.92222188571429,0.406138,3.21,3.27,2.65,2.99,3.13,3.18,2.26,3.1,3.21,3.16,3.03,3.15,3.22,3.13,2.8,3.26,3.25,3.01,3.0,3.2,3.27,3.22,3.04,3.11,3.27,2.17,72.3,275.0,1.0,0.0,1.0,1.0,7526351
1765226031463,1000.0,0.0,2.0,25.0,2500.0,2500.0,28.958257242857147,25.92222188571429,0.37576,3.21,3.27,2.65,2.99,3.13,3.18,2.26,3.1,3.21,3.16,3.03,3.15,3.22,3.13,2.8,3.26,3.25,3.01,3.0,3.2,3.27,3.22,3.04,3.11,3.27,2.17,72.3,275.0,1.0,0.0,1.0,1.0,7526386
1765226031528,1000.0,0.0,2.0,25.0,2500.0,2500.0,28.958257242857147,26.982074228571427,0.37576,3.21,3.27,2.65,2.99,3.13,3.18,2.26,3.1,3.21,3.16,3.03,3.15,3.22,3.13,2.8,3.26,3.25,3.01,3.0,3.2,3.27,3.22,3.04,3.11,3.27,2.17,72.3,275.0,1.0,0.0,1.0,1.0,7526451
1765226031629,1000.0,0.0,2.0,25.0,2500.0,2500.0,28.958257242857147,26.982074228571427,0.35746,3.21,3.27,2.65,2.99,3.13,3.18,2.26,3.1,3.21,3.16,3.03,3.15,3.22,3.13,2.8,3.26,3.25,3.01,3.0,3.2,3.27,3.22,3.04,3.11,3.27,2.17,72.3,275.0,1.0,0.0,1.0,1.0,7526552
1765226031677,1000.0,0.0,2.0,25.0,2500.0,2500.0,28.958257242857147,32.325496457142854,0.35746,3.21,3.27,2.65,2.99,3.13,3.18,2.26,3.1,3.21,3.16,3.03,3.15,3.22,3.13,2.8,3.26,3.25,3.01,3.0,3.2,3.27,3.22,3.04,3.11,3.27,2.17,72.3,275.0,1.0,0.0,1.0,1.0,7526600
1765226031745,1000.0,0.0,2.0,25.0,2500.0,2500.0,28.958257242857147,32.325496457142854,-0.205448,3.21,3.27,2.65,2.99,3.13,3.18,2.26,3.1,3.21,3.16,3.03,3.15,3.22,3.13,2.8,3.26,3.25,3.01,3.0,3.2,3.27,3.22,3.04,3.11,3.27,2.17,72.3,275.0,1.0,0.0,1.0,1.0,7526668
1765226031812,1000.0,0.0,2.0,25.0,2500.0,2500.0,28.958257242857147,32.325496457142854,-0.205448,3.21,3.27,2.65,2.99,3.13,3.18,2.26,3.1,3.21,3.16,3.03,3.15,3.22,3.13,2.8,3.26,3.25,3.01,3.0,3.2,3.27,3.22,3.04,3.11,3.27,2.17,72.3,275.0,1.0,0.0,1.0,1.0,7526735
1765226031829,1000.0,0.0,2.0,25.0,2500.0,2500.0,28.958257242857147,32.325496457142854,-0.205448,3.21,3.27,2.65,2.99,3.13,3.18,2.26,3.1,3.21,3.16,3.03,3.15,3.22,3.13,2.8,3.26,3.25,3.01,3.0,3.2,3.27,3.22,3.04,3.11,3.27,2.17,72.3,275.0,1.0,0.0,1.0,1.0,7526752
1765226031844,1000.0,0.0,2.0,25.0,2500.0,2500.0,28.958257242857147,32.325496457142854,0.060756,3.21,3.27,2.65,2.99,3.13,3.18,2.26,3.1,3.21,3.16,3.03,3.15,3.22,3.13,2.8,3.26,3.25,3.01,3.0,3.2,3.27,3.22,3.04,3.11,3.27,2.17,72.3,275.0,1.0,0.0,1.0,1.0,7526767
1765226031894,1000.0,0.0,2.0,25.0,2500.0,2500.0,34.87576615714286,32.325496457142854,0.060756,3.21,3.27,2.65,2.99,3.13,3.18,2.26,3.1,3.21,3.16,3.03,3.15,3.22,3.13,2.8,3.26,3.25,3.01,3.0,3.2,3.27,3.22,3.04,3.11,3.27,2.17,72.3,275.0,1.0,0.0,1.0,1.0,7526817
1765226031962,1000.0,0.0,2.0,25.0,2500.0,2500.0,34.87576615714286,32.325496457142854,0.060756,3.21,3.27,2.65,2.99,3.13,3.18,2.26,3.1,3.21,3.16,3.03,3.15,3.22,3.13,2.8,3.26,3.25,3.01,3.0,3.2,3.27,3.22,3.04,3.11,3.27,2.17,72.3,275.0,1.0,0.0,1.0,1.0,7526885
1765226031994,1000.0,0.0,2.0,25.0,2500.0,2500.0,34.87576615714286,32.325496457142854,0.060756,3.21,3.27,2.65,2.99,3.18,3.25,3.02,3.24,3.21,3.16,3.03,3.15,3.22,3.13,2.8,3.26,3.25,3.01,3.0,3.2,3.27,3.22,3.04,3.11,3.27,2.17,72.3,275.0,1.0,0.0,1.0,1.0,7526917
1765226032012,1000.0,0.0,2.0,25.0,2500.0,2500.0,34.87576615714286,32.325496457142854,0.060756,3.21,3.27,2.65,2.99,3.18,3.25,3.02,3.24,3.13,3.28,2.85,3.26,3.22,3.13,2.8,3.26,3.25,3.01,3.0,3.2,3.27,3.22,3.04,3.11,3.27,2.17,72.3,275.0,1.0,0.0,1.0,1.0,7526935
1765226032047,1000.0,0.0,2.0,25.0,2500.0,2500.0,34.87576615714286,32.325496457142854,0.060756,3.21,3.27,2.65,2.99,3.18,3.25,3.02,3.24,3.13,3.28,2.85,3.26,3.21,3.25,3.05,3.28,3.25,3.01,3.0,3.2,3.27,3.22,3.04,3.11,3.27,2.17,72.3,275.0,1.0,0.0,1.0,1.0,7526970
1765226032062,1000.0,0.0,2.0,25.0,2500.0,2500.0,34.87576615714286,32.325496457142854,0.060756,3.21,3.27,2.65,2.99,3.18,3.25,3.02,3.24,3.13,3.28,2.85,3.26,3.21,3.25,3.05,3.28,3.22,3.25,3.08,3.25,3.27,3.22,3.04,3.11,3.27,2.17,72.3,275.0,1.0,0.0,1.0,1.0,7526985
1765226032081,1000.0,0.0,2.0,25.0,2500.0,2500.0,34.87576615714286,32.325496457142854,0.060756,3.21,3.27,2.65,2.99,3.18,3.25,3.02,3.24,3.13,3.28,2.85,3.26,3.21,3.25,3.05,3.28,3.22,3.25,3.08,3.25,3.24,3.29,3.09,3.25,3.27,2.17,72.3,275.0,1.0,0.0,1.0,1.0,7527004
1765226032094,1000.0,0.0,2.0,25.0,2500.0,2500.0,34.87576615714286,32.325496457142854,-0.094184,3.21,3.27,2.65,2.99,3.18,3.25,3.02,3.24,3.13,3.28,2.85,3.26,3.21,3.25,3.05,3.28,3.22,3.25,3.08,3.25,3.24,3.29,3.09,3.25,3.27,2.17,72.3,275.0,1.0,0.0,1.0,1.0,7527017
1765226032146,1000.0,0.0,2.0,25.0,2500.0,2500.0,34.87576615714286,32.325496457142854,-0.094184,3.21,3.27,2.65,2.99,3.18,3.25,3.02,3.24,3.13,3.28,2.85,3.26,3.21,3.25,3.05,3.28,3.22,3.25,3.08,3.25,3.24,3.29,3.09,3.25,3.27,2.17,72.3,275.0,1.0,0.0,1.0,1.0,7527069
1765226032180,1000.0,0.0,2.0,25.0,2500.0,2500.0,34.87576615714286,32.325496457142854,-0.094184,3.21,3.27,2.65,2.99,3.18,3.25,3.02,3.24,3.13,3.28,2.85,3.26,3.21,3.25,3.05,3.28,3.22,3.25,3.08,3.25,3.24,3.29,3.09,3.25,3.27,2.17,72.3,275.0,1.0,0.0,1.0,1.0,7527103
1765226032229,1000.0,0.0,2.0,25.0,2500.0,2500.0,34.87576615714286,32.325496457142854,-0.094184,3.21,3.27,2.65,2.99,3.18,3.25,3.02,3.24,3.13,3.28,2.85,3.26,3.21,3.25,3.05,3.28,3.22,3.25,3.08,3.25,3.24,3.29,3.09,3.25,3.27,2.17,72.3,275.0,1.0,0.0,1.0,1.0,7527152
1765226032281,1000.0,0.0,2.0,25.0,2500.0,2500.0,34.87576615714286,32.325496457142854,-0.094184,3.21,3.27,2.65,2.99,3.18,3.25,3.02,3.24,3.13,3.28,2.85,3.26,3.21,3.25,3.05,3.28,3.22,3.25,3.08,3.25,3.24,3.29,3.09,3.25,3.27,2.17,72.3,275.0,1.0,0.0,1.0,1.0,7527204
1765226032327,1000.0,0.0,2.0,25.0,2500.0,2500.0,34.87576615714286,32.325496457142854,-0.094184,3.21,3.27,2.65,2.99,3.18,3.25,3.02,3.24,3.13,3.28,2.85,3.26,3.21,3.25,3.05,3.28,3.22,3.25,3.08,3.25,3.24,3.29,3.09,3.25,3.27,2.17,72.3,275.0,1.0,0.0,1.0,1.0,7527250
1765226032360,1000.0,0.0,2.0,25.0,2500.0,2500.0,34.87576615714286,32.325496457142854,-0.048799999999999996,3.21,3.27,2.65,2.99,3.18,3.25,3.02,3.24,3.13,3.28,2.85,3.26,3.21,3.25,3.05,3.28,3.22,3.25,3.08,3.25,3.24,3.29,3.09,3.25,3.27,2.17,72.3,275.0,1.0,0.0,1.0,1.0,7527283
1765226032394,1000.0,0.0,2.0,25.0,2500.0,2500.0,34.87576615714286,32.325496457142854,-0.048799999999999996,3.21,3.27,2.65,2.99,3.18,3.25,3.02,3.24,3.13,3.28,2.85,3.26,3.21,3.25,3.05,3.28,3.22,3.25,3.08,3.25,3.24,3.29,3.09,3.25,3.27,2.17,72.3,275.0,1.0,0.0,1.0,1.0,7527317
1765226032512,1000.0,0.0,2.0,25.0,2500.0,2500.0,34.87576615714286,32.325496457142854,-0.075396,3.21,3.27,2.65,2.99,3.18,3.25,3.02,3.24,3.13,3.28,2.85,3.26,3.21,3.25,3.05,3.28,3.22,3.25,3.08,3.25,3.24,3.29,3.09,3.25,3.27,2.17,72.3,275.0,1.0,0.0,1.0,1.0,7527435
1765226032544,504.0,0.0,2.0,25.0,2500.0,2500.0,34.87576615714286,32.325496457142854,-0.075396,3.21,3.27,2.65,2.99,3.18,3.25,3.02,3.24,3.13,3.28,2.85,3.26,3.21,3.25,3.05,3.28,3.22,3.25,3.08,3.25,3.24,3.29,3.09,3.25,3.27,2.17,72.3,275.0,1.0,0.0,1.0,1.0,7527467
1765226032562,504.0,0.0,2.0,25.0,2500.0,2500.0,34.87576615714286,32.325496457142854,-0.075396,3.21,3.27,2.65,2.99,3.18,3.25,3.02,3.24,3.13,3.28,2.85,3.26,3.21,3.25,3.05,3.28,3.22,3.25,3.08,3.25,3.24,3.29,3.09,3.25,3.27,2.17,72.3,275.0,1.0,0.0,1.0,1.0,7527485
1765226032578,504.0,0.0,2.0,25.0,2112.0,2112.0,34.87576615714286,32.325496457142854,-0.075396,3.21,3.27,2.65,2.99,3.18,3.25,3.02,3.24,3.13,3.28,2.85,3.26,3.21,3.25,3.05,3.28,3.22,3.25,3.08,3.25,3.24,3.29,3.09,3.25,3.27,2.17,72.3,275.0,1.0,0.0,1.0,1.0,7527501
1765226032629,504.0,0.0,2.0,25.0,2112.0,2112.0,34.87576615714286,32.325496457142854,-0.075396,3.21,3.27,2.65,2.99,3.18,3.25,3.02,3.24,3.13,3.28,2.85,3.26,3.21,3.25,3.05,3.28,3.22,3.25,3.08,3.25,3.24,3.29,3.09,3.25,3.27,2.17,72.3,275.0,1.0,0.0,1.0,1.0,7527552
1765226032677,504.0,0.0,2.0,25.0,2112.0,2112.0,34.87576615714286,32.325496457142854,-0.075396,3.21,3.27,2.65,2.99,3.18,3.25,3.02,3.24,3.13,3.28,2.85,3.26,3.21,3.25,3.05,3.28,3.22,3.25,3.08,3.25,3.24,3.29,3.09,3.25,3.27,2.17,72.3,275.0,1.0,0.0,1.0,1.0,7527600
1765226032729,504.0,0.0,2.0,25.0,2112.0,2112.0,34.87576615714286,32.325496457142854,-0.07002799999999999,3.21,3.27,2.65,2.99,3.18,3.25,3.02,3.24,3.13,3.28,2.85,3.26,3.21,3.25,3.05,3.28,3.22,3.25,3.08,3.25,3.24,3.29,3.09,3.25,3.27,2.17,72.3,275.0,1.0,0.0,1.0,1.0,7527652
1765226032796,504.0,0.0,2.0,25.0,2112.0,2112.0,34.87576615714286,32.325496457142854,-0.07002799999999999,3.21,3.27,2.65,2.99,3.18,3.25,3.02,3.24,3.13,3.28,2.85,3.26,3.21,3.25,3.05,3.28,3.22,3.25,3.08,3.25,3.24,3.29,3.09,3.25,3.31,3.24,78.4,-45.0,1.0,0.0,1.0,1.0,7527719
1765226032813,504.0,0.0,2.0,25.0,2112.0,2112.0,34.87576615714286,32.325496457142854,-0.07002799999999999,3.21,3.27,2.65,2.99,3.18,3.25,3.02,3.24,3.13,3.28,2.85,3.26,3.21,3.25,3.05,3.28,3.22,3.25,3.08,3.25,3.24,3.29,3.09,3.25,3.31,3.24,78.4,-45.0,1.0,2.0,0.0,0.0,7527736
1765226032863,269.0,0.0,2.0,25.0,2112.0,2112.0,34.87576615714286,32.325496457142854,-0.07002799999999999,3.21,3.27,2.65,2.99,3.18,3.25,3.02,3.24,3.13,3.28,2.85,3.26,3.21,3.25,3.05,3.28,3.22,3.25,3.08,3.25,3.24,3.29,3.09,3.25,3.31,3.24,78.4,-45.0,1.0,2.0,0.0,0.0,7527786
1765226032878,269.0,0.0,2.0,25.0,2112.0,2112.0,34.87576615714286,32.325496457142854,-0.20557,3.21,3.27,2.65,2.99,3.18,3.25,3.02,3.24,3.13,3.28,2.85,3.26,3.21,3.25,3.05,3.28,3.22,3.25,3.08,3.25,3.24,3.29,3.09,3.25,3.31,3.24,78.4,-45.0,1.0,2.0,0.0,0.0,7527801
1765226032896,269.0,0.0,2.0,25.0,1007.0,1007.0,34.87576615714286,32.325496457142854,-0.20557,3.21,3.27,2.65,2.99,3.18,3.25,3.02,3.24,3.13,3.28,2.85,3.26,3.21,3.25,3.05,3.28,3.22,3.25,3.08,3.25,3.24,3.29,3.09,3.25,3.31,3.24,78.4,-45.0,1.0,2.0,0.0,0.0,7527819
1765226032947,269.0,0.0,2.0,25.0,1007.0,1007.0,34.87576615714286,32.325496457142854,-0.20557,3.21,3.27,2.65,2.99,3.18,3.25,3.02,3.24,3.13,3.28,2.85,3.26,3.21,3.25,3.05,3.28,3.22,3.25,3.08,3.25,3.24,3.29,3.09,3.25,3.31,3.24,78.4,-45.0,1.0,2.0,0.0,0.0,7527870
1765226033011,0.0,0.0,0.0,0.0,1007.0,1007.0,34.87576615714286,32.325496457142854,-0.20557,3.21,3.27,2.65,2.99,3.18,3.25,3.02,3.24,3.13,3.28,2.85,3.26,3.21,3.25,3.05,3.28,3.22,3.25,3.08,3.25,3.24,3.29,3.09,3.25,3.31,3.24,78.4,-45.0,1.0,2.0,0.0,0.0,7527934
1765226033029,0.0,0.0,0.0,0.0,0.0,0.0,34.87576615714286,32.325496457142854,-0.20557,3.21,3.27,2.65,2.99,3.18,3.25,3.02,3.24,3.13,3.28,2.85,3.26,3.21,3.25,3.05,3.28,3.22,3.25,3.08,3.25,3.24,3.29,3.09,3.25,3.31,3.24,78.4,-45.0,1.0,2.0,0.0,0.0,7527952
1765226033080,0.0,0.0,0.0,0.0,0.0,0.0,34.87576615714286,32.325496457142854,-0.20557,3.21,3.27,2.65,2.99,3.18,3.25,3.02,3.24,3.13,3.28,2.85,3.26,3.21,3.25,3.05,3.28,3.22,3.25,3.08,3.25,3.24,3.29,3.09,3.25,3.31,3.24,78.4,-45.0,1.0,2.0,0.0,0.0,7528003
1765226033148,0.0,0.0,0.0,0.0,0.0,0.0,34.87576615714286,32.325496457142854,-0.20557,3.21,3.27,2.65,2.99,3.18,3.25,3.02,3.24,3.13,3.28,2.85,3.26,3.21,3.25,3.05,3.28,3.22,3.25,3.08,3.25,3.24,3.29,3.09,3.25,3.31,3.24,78.4,-45.0,1.0,2.0,0.0,0.0,7528071
1765226033213,0.0,0.0,0.0,0.0,0.0,0.0,34.87576615714286,32.325496457142854,-0.45994,3.21,3.27,2.65,2.99,3.18,3.25,3.02,3.24,3.13,3.28,2.85,3.26,3.21,3.25,3.05,3.28,3.22,3.25,3.08,3.25,3.24,3.29,3.09,3.25,3.31,3.24,78.4,-45.0,1.0,2.0,0.0,0.0,7528136
1765226033262,0.0,0.0,0.0,0.0,0.0,0.0,34.87576615714286,32.325496457142854,-0.45994,3.21,3.27,2.65,2.99,3.18,3.25,3.02,3.24,3.13,3.28,2.85,3.26,3.21,3.25,3.05,3.28,3.22,3.25,3.08,3.25,3.24,3.29,3.09,3.25,3.31,3.24,78.4,-45.0,1.0,2.0,0.0,0.0,7528185
1765226033296,0.0,0.0,0.0,0.0,0.0,0.0,34.87576615714286,32.325496457142854,-0.329156,3.21,3.27,2.65,2.99,3.18,3.25,3.02,3.24,3.13,3.28,2.85,3.26,3.21,3.25,3.05,3.28,3.22,3.25,3.08,3.25,3.24,3.29,3.09,3.25,3.31,3.24,78.4,-45.0,1.0,2.0,0.0,0.0,7528219
1765226033312,0.0,0.0,0.0,0.0,0.0,0.0,34.87576615714286,32.325496457142854,-0.329156,3.21,3.27,2.65,2.99,3.18,3.25,3.02,3.24,3.13,3.28,2.85,3.26,3.21,3.25,3.05,3.28,3.22,3.25,3.08,3.25,3.24,3.29,3.09,3.25,3.31,3.24,78.4,-45.0,1.0,2.0,0.0,0.0,7528235
1765226033347,0.0,0.0,0.0,0.0,0.0,0.0,34.87576615714286,32.325496457142854,-0.329156,3.21,3.27,2.65,2.99,3.18,3.25,3.02,3.24,3.13,3.28,2.85,3.26,3.21,3.25,3.05,3.28,3.22,3.25,3.08,3.25,3.24,3.29,3.09,3.25,3.31,3.24,78.4,-45.0,1.0,2.0,0.0,0.0,7528270
1765226033413,0.0,0.0,0.0,0.0,0.0,0.0,34.87576615714286,32.325496457142854,-0.329156,3.21,3.27,2.65,2.99,3.18,3.25,3.02,3.24,3.13,3.28,2.85,3.26,3.21,3.25,3.05,3.28,3.22,3.25,3.08,3.25,3.24,3.29,3.09,3.25,3.31,3.24,78.4,-45.0,1.0,2.0,0.0,0.0,7528336
1765226033496,0.0,0.0,0.0,0.0,0.0,0.0,34.87576615714286,32.325496457142854,-0.325008,3.21,3.27,2.65,2.99,3.18,3.25,3.02,3.24,3.13,3.28,2.85,3.26,3.21,3.25,3.05,3.28,3.22,3.25,3.08,3.25,3.24,3.29,3.09,3.25,3.31,3.24,78.4,-45.0,1.0,2.0,0.0,0.0,7528419
1765226033529,0.0,0.0,0.0,0.0,0.0,0.0,34.87576615714286,32.325496457142854,-0.325008,3.27,3.31,3.25,3.25,3.18,3.25,3.02,3.24,3.13,3.28,2.85,3.26,3.21,3.25,3.05,3.28,3.22,3.25,3.08,3.25,3.24,3.29,3.09,3.25,3.31,3.24,78.4,-45.0,1.0,2.0,0.0,0.0,7528452
1765226033595,0.0,0.0,0.0,0.0,0.0,0.0,34.87576615714286,32.325496457142854,-0.299998,3.27,3.31,3.25,3.25,3.18,3.25,3.02,3.24,3.13,3.28,2.85,3.26,3.21,3.25,3.05,3.28,3.22,3.25,3.08,3.25,3.24,3.29,3.09,3.25,3.31,3.24,78.4,-45.0,1.0,2.0,0.0,0.0,7528518
1765226033646,0.0,0.0,0.0,0.0,0.0,0.0,34.87576615714286,32.325496457142854,-0.189466,3.27,3.31,3.25,3.25,3.18,3.25,3.02,3.24,3.13,3.28,2.85,3.26,3.21,3.25,3.05,3.28,3.22,3.25,3.08,3.25,3.24,3.29,3.09,3.25,3.31,3.24,78.4,-45.0,1.0,2.0,0.0,0.0,7528569
1765226033661,0.0,0.0,0.0,0.0,0.0,0.0,34.87576615714286,32.325496457142854,-0.189466,3.27,3.31,3.25,3.25,3.18,3.25,3.02,3.24,3.13,3.28,2.85,3.26,3.21,3.25,3.05,3.28,3.22,3.25,3.08,3.25,3.24,3.29,3.09,3.25,3.31,3.24,78.4,-45.0,1.0,2.0,0.0,0.0,7528584
1765226033695,0.0,0.0,0.0,0.0,0.0,0.0,34.87576615714286,32.325496457142854,-0.189466,3.27,3.31,3.25,3.25,3.26,3.27,3.26,3.26,3.13,3.28,2.85,3.26,3.21,3.25,3.05,3.28,3.22,3.25,3.08,3.25,3.24,3.29,3.09,3.25,3.31,3.24,78.4,-45.0,1.0,2.0,0.0,0.0,7528618
1765226033712,0.0,0.0,0.0,0.0,0.0,0.0,34.87576615714286,32.325496457142854,-0.189466,3.27,3.31,3.25,3.25,3.26,3.27,3.26,3.26,3.29,3.3,3.29,3.29,3.21,3.25,3.05,3.28,3.22,3.25,3.08,3.25,3.24,3.29,3.09,3.25,3.31,3.24,78.4,-45.0,1.0,2.0,0.0,0.0,7528635
1765226033729,0.0,0.0,0.0,0.0,0.0,0.0,34.87576615714286,32.325496457142854,-0.189466,3.27,3.31,3.25,3.25,3.26,3.27,3.26,3.26,3.29,3.3,3.29,3.29,3.21,3.25,3.05,3.28,3.22,3.25,3.08,3.25,3.24,3.29,3.09,3.25,3.31,3.24,78.4,-45.0,1.0,2.0,0.0,0.0,7528652
1765226033745,0.0,0.0,0.0,0.0,0.0,0.0,34.87576615714286,32.325496457142854,-0.189466,3.27,3.31,3.25,3.25,3.26,3.27,3.26,3.26,3.29,3.3,3.29,3.29,3.26,3.27,3.26,3.29,3.22,3.25,3.08,3.25,3.24,3.29,3.09,3.25,3.31,3.24,78.4,-45.0,1.0,2.0,0.0,0.0,7528668
1765226033762,0.0,0.0,0.0,0.0,0.0,0.0,34.87576615714286,32.325496457142854,-0.189466,3.27,3.31,3.25,3.25,3.26,3.27,3.26,3.26,3.29,3.3,3.29,3.29,3.26,3.27,3.26,3.29,3.27,3.27,3.27,3.27,3.24,3.29,3.09,3.25,3.31,3.24,78.4,-45.0,1.0,2.0,0.0,0.0,7528685
1765226033813,0.0,0.0,0.0,0.0,0.0,0.0,34.87576615714286,32.325496457142854,-0.189466,3.27,3.31,3.25,3.25,3.26,3.27,3.26,3.26,3.29,3.3,3.29,3.29,3.26,3.27,3.26,3.29,3.27,3.27,3.27,3.27,3.3,3.3,3.29,3.28,3.31,3.24,78.4,-45.0,1.0,2.0,0.0,0.0,7528736
1765226033878,0.0,0.0,0.0,0.0,0.0,0.0,34.87576615714286,32.325496457142854,-0.189466,3.27,3.31,3.25,3.25,3.26,3.27,3.26,3.26,3.29,3.3,3.29,3.29,3.26,3.27,3.26,3.29,3.27,3.27,3.27,3.27,3.3,3.3,3.29,3.28,3.31,3.24,78.4,-45.0,1.0,2.0,0.0,0.0,7528801
1765226033962,0.0,0.0,0.0,0.0,0.0,0.0,34.87576615714286,32.325496457142854,-0.19519999999999998,3.27,3.31,3.25,3.25,3.26,3.27,3.26,3.26,3.29,3.3,3.29,3.29,3.26,3.27,3.26,3.29,3.27,3.27,3.27,3.27,3.3,3.3,3.29,3.28,3.31,3.24,78.4,-45.0,1.0,2.0,0.0,0.0,7528885
1765226034027,0.0,0.0,0.0,0.0,0.0,0.0,34.87576615714286,32.325496457142854,-0.19519999999999998,3.27,3.31,3.25,3.25,3.26,3.27,3.26,3.26,3.29,3.3,3.29,3.29,3.26,3.27,3.26,3.29,3.27,3.27,3.27,3.27,3.3,3.3,3.29,3.28,3.31,3.24,78.4,-45.0,1.0,2.0,0.0,0.0,7528950
1765226034045,0.0,0.0,0.0,0.0,0.0,0.0,34.87576615714286,32.325496457142854,-0.19519999999999998,3.27,3.31,3.25,3.25,3.26,3.27,3.26,3.26,3.29,3.3,3.29,3.29,3.26,3.27,3.26,3.29,3.27,3.27,3.27,3.27,3.3,3.3,3.29,3.28,3.31,3.24,78.4,-45.0,1.0,2.0,0.0,0.0,7528968
1765226034096,0.0,0.0,0.0,0.0,0.0,0.0,34.87576615714286,32.325496457142854,-0.19519999999999998,3.27,3.31,3.25,3.25,3.26,3.27,3.26,3.26,3.29,3.3,3.29,3.29,3.26,3.27,3.26,3.29,3.27,3.27,3.27,3.27,3.3,3.3,3.29,3.28,3.31,3.24,78.4,-45.0,1.0,2.0,0.0,0.0,7529019
1765226034145,0.0,0.0,0.0,0.0,0.0,0.0,34.87576615714286,32.325496457142854,-0.177144,3.27,3.31,3.25,3.25,3.26,3.27,3.26,3.26,3.29,3.3,3.29,3.29,3.26,3.27,3.26,3.29,3.27,3.27,3.27,3.27,3.3,3.3,3.29,3.28,3.31,3.24,78.4,-45.0,1.0,2.0,0.0,0.0,7529068
1765226034162,0.0,0.0,0.0,0.0,0.0,0.0,34.87576615714286,32.325496457142854,-0.177144,3.27,3.31,3.25,3.25,3.26,3.27,3.26,3.26,3.29,3.3,3.29,3.29,3.26,3.27,3.26,3.29,3.27,3.27,3.27,3.27,3.3,3.3,3.29,3.28,3.31,3.24,78.4,-45.0,1.0,2.0,0.0,0.0,7529085
1765226034228,0.0,0.0,0.0,0.0,0.0,0.0,34.87576615714286,32.325496457142854,-0.177144,3.27,3.31,3.25,3.25,3.26,3.27,3.26,3.26,3.29,3.3,3.29,3.29,3.26,3.27,3.26,3.29,3.27,3.27,3.27,3.27,3.3,3.3,3.29,3.28,3.31,3.24,78.4,-45.0,1.0,2.0,0.0,0.0,7529151
1765226034297,0.0,0.0,0.0,0.0,0.0,0.0,34.87576615714286,32.325496457142854,-0.177144,3.27,3.31,3.25,3.25,3.26,3.27,3.26,3.26,3.29,3.3,3.29,3.29,3.26,3.27,3.26,3.29,3.27,3.27,3.27,3.27,3.3,3.3,3.29,3.28,3.31,3.24,78.4,-45.0,1.0,2.0,0.0,0.0,7529220
1765226034346,0.0,0.0,0.0,0.0,0.0,0.0,34.87576615714286,32.325496457142854,-0.183244,3.27,3.31,3.25,3.25,3.26,3.27,3.26,3.26,3.29,3.3,3.29,3.29,3.26,3.27,3.26,3.29,3.27,3.27,3.27,3.27,3.3,3.3,3.29,3.28,3.31,3.24,78.4,-45.0,1.0,2.0,0.0,0.0,7529269
1765226034412,0.0,0.0,0.0,0.0,0.0,0.0,34.87576615714286,32.325496457142854,-0.183244,3.27,3.31,3.25,3.25,3.26,3.27,3.26,3.26,3.29,3.3,3.29,3.29,3.26,3.27,3.26,3.29,3.27,3.27,3.27,3.27,3.3,3.3,3.29,3.28,3.31,3.24,78.4,-45.0,1.0,2.0,0.0,0.0,7529335
1765226034444,0.0,0.0,0.0,0.0,0.0,0.0,34.87576615714286,32.325496457142854,-0.183244,3.27,3.31,3.25,3.25,3.26,3.27,3.26,3.26,3.29,3.3,3.29,3.29,3.26,3.27,3.26,3.29,3.27,3.27,3.27,3.27,3.3,3.3,3.29,3.28,3.31,3.24,78.4,-45.0,1.0,2.0,0.0,0.0,7529367
1765226034479,0.0,0.0,0.0,0.0,0.0,0.0,34.87576615714286,32.325496457142854,-0.210572,3.27,3.31,3.25,3.25,3.26,3.27,3.26,3.26,3.29,3.3,3.29,3.29,3.26,3.27,3.26,3.29,3.27,3.27,3.27,3.27,3.3,3.3,3.29,3.28,3.31,3.24,78.4,-45.0,1.0,2.0,0.0,0.0,7529402
1765226034494,0.0,0.0,0.0,0.0,0.0,0.0,34.87576615714286,32.325496457142854,-0.210572,3.27,3.31,3.25,3.25,3.26,3.27,3.26,3.26,3.29,3.3,3.29,3.29,3.26,3.27,3.26,3.29,3.27,3.27,3.27,3.27,3.3,3.3,3.29,3.28,3.31,3.24,78.4,-45.0,1.0,2.0,0.0,0.0,7529417
1765226034561,0.0,0.0,0.0,0.0,0.0,0.0,34.87576615714286,32.325496457142854,-0.210572,3.27,3.31,3.25,3.25,3.26,3.27,3.26,3.26,3.29,3.3,3.29,3.29,3.26,3.27,3.26,3.29,3.27,3.27,3.27,3.27,3.3,3.3,3.29,3.28,3.31,3.24,78.4,-45.0,1.0,2.0,0.0,0.0,7529484
1765226034596,0.0,0.0,0.0,0.0,0.0,0.0,34.87576615714286,32.325496457142854,-0.210572,3.27,3.31,3.25,3.25,3.26,3.27,3.26,3.26,3.29,3.3,3.29,3.29,3.26,3.27,3.26,3.29,3.27,3.27,3.27,3.27,3.3,3.3,3.29,3.28,3.31,3.25,78.6,-45.0,1.0,2.0,0.0,0.0,7529519
1765226034698,0.0,0.0,0.0,0.0,0.0,0.0,34.87576615714286,32.325496457142854,-0.15799,3.27,3.31,3.25,3.25,3.26,3.27,3.26,3.26,3.29,3.3,3.29,3.29,3.26,3.27,3.26,3.29,3.27,3.27,3.27,3.27,3.3,3.3,3.29,3.28,3.31,3.25,78.6,-45.0,1.0,2.0,0.0,0.0,7529621
1765226034745,0.0,0.0,0.0,0.0,0.0,0.0,34.87576615714286,32.325496457142854,-0.15799,3.27,3.31,3.25,3.25,3.26,3.27,3.26,3.26,3.29,3.3,3.29,3.29,3.26,3.27,3.26,3.29,3.27,3.27,3.27,3.27,3.3,3.3,3.29,3.28,3.31,3.25,78.6,-45.0,1.0,2.0,0.0,0.0,7529668
1765226034763,0.0,0.0,0.0,0.0,0.0,0.0,34.87576615714286,32.325496457142854,-0.15799,3.27,3.31,3.25,3.25,3.26,3.27,3.26,3.26,3.29,3.3,3.29,3.29,3.26,3.27,3.26,3.29,3.27,3.27,3.27,3.27,3.3,3.3,3.29,3.28,3.31,3.25,78.6,-45.0,1.0,2.0,0.0,0.0,7529686
1765226034778,0.0,0.0,0.0,0.0,0.0,0.0,34.87576615714286,32.325496457142854,-0.17263,3.27,3.31,3.25,3.25,3.26,3.27,3.26,3.26,3.29,3.3,3.29,3.29,3.26,3.27,3.26,3.29,3.27,3.27,3.27,3.27,3.3,3.3,3.29,3.28,3.31,3.25,78.6,-45.0,1.0,2.0,0.0,0.0,7529701
1765226034861,0.0,0.0,0.0,0.0,0.0,0.0,34.87576615714286,32.325496457142854,-0.17263,3.27,3.31,3.25,3.25,3.26,3.27,3.26,3.26,3.29,3.3,3.29,3.29,3.26,3.27,3.26,3.29,3.27,3.27,3.27,3.27,3.3,3.3,3.29,3.28,3.31,3.25,78.6,-45.0,1.0,2.0,0.0,0.0,7529784
1765226034879,0.0,0.0,0.0,0.0,0.0,0.0,34.87576615714286,32.325496457142854,-0.17263,3.27,3.31,3.25,3.25,3.26,3.27,3.26,3.26,3.29,3.3,3.29,3.29,3.26,3.27,3.26,3.29,3.27,3.27,3.27,3.27,3.3,3.3,3.29,3.28,3.31,3.25,78.6,-45.0,1.0,2.0,0.0,0.0,7529802
1765226034896,0.0,0.0,0.0,0.0,0.0,0.0,34.87576615714286,32.325496457142854,-0.034526,3.27,3.31,3.25,3.25,3.26,3.27,3.26,3.26,3.29,3.3,3.29,3.29,3.26,3.27,3.26,3.29,3.27,3.27,3.27,3.27,3.3,3.3,3.29,3.28,3.31,3.25,78.6,-45.0,1.0,2.0,0.0,0.0,7529819
1765226034944,0.0,0.0,0.0,0.0,0.0,0.0,34.87576615714286,32.325496457142854,-0.034526,3.27,3.31,3.25,3.25,3.26,3.27,3.26,3.26,3.29,3.3,3.29,3.29,3.26,3.27,3.26,3.29,3.27,3.27,3.27,3.27,3.3,3.3,3.29,3.28,3.31,3.25,78.6,-45.0,1.0,2.0,0.0,0.0,7529867
1765226034994,0.0,0.0,0.0,0.0,0.0,0.0,34.87576615714286,32.325496457142854,-0.034526,3.27,3.31,3.25,3.25,3.26,3.27,3.26,3.26,3.29,3.3,3.29,3.29,3.26,3.27,3.26,3.29,3.27,3.27,3.27,3.27,3.3,3.3,3.29,3.28,3.31,3.25,78.6,-45.0,1.0,2.0,0.0,0.0,7529917
1765226035096,0.0,0.0,0.0,0.0,0.0,0.0,34.87576615714286,32.325496457142854,-0.11577799999999999,3.27,3.31,3.25,3.25,3.26,3.27,3.26,3.26,3.29,3.3,3.29,3.29,3.26,3.27,3.26,3.29,3.27,3.27,3.27,3.27,3.3,3.3,3.29,3.28,3.31,3.25,78.6,-45.0,1.0,2.0,0.0,0.0,7530019
1765226035146,0.0,0.0,0.0,0.0,0.0,0.0,34.87576615714286,32.325496457142854,-0.11577799999999999,3.27,3.31,3.25,3.25,3.26,3.27,3.26,3.26,3.29,3.3,3.29,3.29,3.26,3.27,3.26,3.29,3.27,3.27,3.27,3.27,3.3,3.3,3.29,3.28,3.31,3.25,78.6,-45.0,1.0,2.0,0.0,0.0,7530069
1765226035162,0.0,0.0,0.0,0.0,0.0,0.0,34.87576615714286,32.325496457142854,-0.11577799999999999,3.27,3.31,3.25,3.25,3.26,3.27,3.26,3.26,3.29,3.3,3.29,3.29,3.26,3.27,3.26,3.29,3.27,3.27,3.27,3.27,3.3,3.3,3.29,3.28,3.31,3.25,78.6,-45.0,1.0,2.0,0.0,0.0,7530085
1765226035182,0.0,0.0,0.0,0.0,0.0,0.0,34.87576615714286,32.325496457142854,-0.11577799999999999,3.27,3.31,3.25,3.25,3.26,3.27,3.26,3.26,3.29,3.3,3.29,3.29,3.26,3.27,3.26,3.29,3.27,3.27,3.27,3.27,3.3,3.3,3.29,3.28,3.31,3.25,78.6,-45.0,1.0,2.0,0.0,0.0,7530105
1765226035213,0.0,0.0,0.0,0.0,0.0,0.0,34.87576615714286,32.325496457142854,-0.11577799999999999,3.27,3.31,3.25,3.25,3.26,3.27,3.26,3.26,3.29,3.3,3.29,3.29,3.26,3.27,3.26,3.29,3.27,3.27,3.27,3.27,3.3,3.3,3.29,3.28,3.31,3.25,78.6,-45.0,1.0,2.0,0.0,0.0,7530136
1765226035263,0.0,0.0,0.0,0.0,0.0,0.0,34.87576615714286,32.325496457142854,-0.11577799999999999,3.27,3.31,3.25,3.25,3.26,3.27,3.26,3.26,3.29,3.3,3.29,3.29,3.26,3.27,3.26,3.29,3.27,3.27,3.27,3.27,3.3,3.3,3.29,3.28,3.31,3.25,78.6,-45.0,1.0,2.0,0.0,0.0,7530186
1765226035280,0.0,0.0,0.0,0.0,0.0,0.0,34.87576615714286,32.325496457142854,-0.136396,3.27,3.31,3.25,3.25,3.26,3.27,3.26,3.26,3.29,3.3,3.29,3.29,3.26,3.27,3.26,3.29,3.27,3.27,3.27,3.27,3.3,3.3,3.29,3.28,3.31,3.25,78.6,-45.0,1.0,2.0,0.0,0.0,7530203
1765226035296,0.0,0.0,0.0,0.0,0.0,0.0,34.87576615714286,32.325496457142854,-0.136396,3.27,3.31,3.26,3.26,3.26,3.27,3.26,3.26,3.29,3.3,3.29,3.29,3.26,3.27,3.26,3.29,3.27,3.27,3.27,3.27,3.3,3.3,3.29,3.28,3.31,3.25,78.6,-45.0,1.0,2.0,0.0,0.0,7530219
1765226035329,0.0,0.0,0.0,0.0,0.0,0.0,34.87576615714286,32.325496457142854,-0.136396,3.27,3.31,3.26,3.26,3.26,3.27,3.26,3.27,3.29,3.3,3.29,3.29,3.26,3.27,3.26,3.29,3.27,3.27,3.27,3.27,3.3,3.3,3.29,3.28,3.31,3.25,78.6,-45.0,1.0,2.0,0.0,0.0,7530252
1765226035361,0.0,0.0,0.0,0.0,0.0,0.0,34.87576615714286,32.325496457142854,-0.136396,3.27,3.31,3.26,3.26,3.26,3.27,3.26,3.27,3.29,3.3,3.3,3.29,3.26,3.27,3.26,3.29,3.27,3.27,3.27,3.27,3.3,3.3,3.29,3.28,3.31,3.25,78.6,-45.0,1.0,2.0,0.0,0.0,7530284
1765226035377,0.0,0.0,0.0,0.0,0.0,0.0,34.87576615714286,32.325496457142854,-0.136396,3.27,3.31,3.26,3.26,3.26,3.27,3.26,3.27,3.29,3.3,3.3,3.29,3.26,3.27,3.27,3.29,3.27,3.27,3.27,3.27,3.3,3.3,3.29,3.28,3.31,3.25,78.6,-45.0,1.0,2.0,0.0,0.0,7530300
1765226035395,0.0,0.0,0.0,0.0,0.0,0.0,34.87576615714286,32.325496457142854,-0.136396,3.27,3.31,3.26,3.26,3.26,3.27,3.26,3.27,3.29,3.3,3.3,3.29,3.26,3.27,3.27,3.29,3.27,3.28,3.27,3.27,3.3,3.3,3.29,3.28,3.31,3.25,78.6,-45.0,1.0,2.0,0.0,0.0,7530318
1765226035462,0.0,0.0,0.0,0.0,0.0,0.0,34.87576615714286,32.325496457142854,-0.136396,3.27,3.31,3.26,3.26,3.26,3.27,3.26,3.27,3.29,3.3,3.3,3.29,3.26,3.27,3.27,3.29,3.27,3.28,3.27,3.27,3.3,3.3,3.29,3.28,3.31,3.25,78.6,-45.0,1.0,2.0,0.0,0.0,7530385
1765226035478,0.0,0.0,0.0,0.0,0.0,0.0,34.87576615714286,32.325496457142854,-0.136396,3.27,3.31,3.26,3.26,3.26,3.27,3.27,3.27,3.29,3.3,3.3,3.29,3.26,3.27,3.27,3.29,3.27,3.28,3.27,3.27,3.3,3.3,3.29,3.28,3.31,3.25,78.6,-45.0,1.0,2.0,0.0,0.0,7530401
1765226035494,0.0,0.0,0.0,0.0,0.0,0.0,34.87576615714286,32.325496457142854,-0.136396,3.27,3.31,3.26,3.26,3.26,3.27,3.27,3.27,3.29,3.3,3.3,3.29,3.26,3.27,3.27,3.29,3.27,3.28,3.27,3.27,3.3,3.3,3.29,3.28,3.31,3.25,78.6,-45.0,1.0,2.0,0.0,0.0,7530417
1765226035511,0.0,0.0,0.0,0.0,0.0,0.0,34.87576615714286,32.325496457142854,-0.136396,3.27,3.31,3.26,3.26,3.26,3.27,3.27,3.27,3.29,3.3,3.3,3.29,3.27,3.27,3.27,3.29,3.27,3.28,3.27,3.27,3.3,3.3,3.29,3.28,3.31,3.25,78.6,-45.0,1.0,2.0,0.0,0.0,7530434
1765226035529,0.0,0.0,0.0,0.0,0.0,0.0,34.87576615714286,32.325496457142854,-0.136396,3.27,3.31,3.26,3.26,3.26,3.27,3.27,3.27,3.29,3.3,3.3,3.29,3.27,3.27,3.27,3.29,3.27,3.28,3.27,3.27,3.3,3.3,3.29,3.28,3.31,3.25,78.6,-45.0,1.0,2.0,0.0,0.0,7530452
1765226035545,0.0,0.0,0.0,0.0,0.0,0.0,34.87576615714286,32.325496457142854,-0.08662,3.27,3.31,3.26,3.26,3.26,3.27,3.27,3.27,3.29,3.3,3.3,3.29,3.27,3.27,3.27,3.29,3.27,3.28,3.27,3.27,3.3,3.3,3.29,3.28,3.31,3.25,78.6,-45.0,1.0,2.0,0.0,0.0,7530468
1765226035596,0.0,0.0,0.0,0.0,0.0,0.0,34.87576615714286,32.325496457142854,-0.08662,3.27,3.31,3.26,3.26,3.26,3.27,3.27,3.27,3.29,3.3,3.3,3.29,3.27,3.27,3.27,3.29,3.27,3.28,3.27,3.27,3.3,3.3,3.29,3.28,3.31,3.25,78.6,-45.0,1.0,2.0,0.0,0.0,7530519
1765226035614,0.0,0.0,0.0,0.0,0.0,0.0,34.87576615714286,32.325496457142854,-0.08662,3.27,3.31,3.26,3.26,3.26,3.27,3.27,3.27,3.29,3.3,3.3,3.29,3.27,3.27,3.27,3.29,3.27,3.28,3.27,3.27,3.3,3.3,3.29,3.28,3.31,3.25,78.6,-45.0,1.0,2.0,0.0,0.0,7530537
1765226035629,0.0,0.0,0.0,0.0,0.0,166.0,34.87576615714286,32.325496457142854,-0.08662,3.27,3.31,3.26,3.26,3.26,3.27,3.27,3.27,3.29,3.3,3.3,3.29,3.27,3.27,3.27,3.29,3.27,3.28,3.27,3.27,3.3,3.3,3.29,3.28,3.31,3.25,78.6,-45.0,1.0,2.0,0.0,0.0,7530552
1765226035662,0.0,0.0,0.0,0.0,0.0,166.0,34.87576615714286,32.325496457142854,-0.08662,3.27,3.31,3.26,3.26,3.26,3.27,3.27,3.27,3.29,3.3,3.3,3.29,3.27,3.27,3.27,3.29,3.27,3.28,3.27,3.27,3.3,3.3,3.29,3.28,3.31,3.25,78.6,-45.0,1.0,2.0,0.0,0.0,7530585
1765226035713,0.0,0.0,0.0,0.0,0.0,166.0,34.87576615714286,32.325496457142854,-0.08662,3.27,3.31,3.26,3.26,3.26,3.27,3.27,3.27,3.29,3.3,3.3,3.29,3.27,3.27,3.27,3.29,3.27,3.28,3.27,3.27,3.3,3.3,3.29,3.28,3.31,3.25,78.6,-45.0,1.0,2.0,0.0,0.0,7530636
1765226035779,0.0,0.0,0.0,0.0,0.0,166.0,34.87576615714286,32.325496457142854,-0.05978,3.27,3.31,3.26,3.26,3.26,3.27,3.27,3.27,3.29,3.3,3.3,3.29,3.27,3.27,3.27,3.29,3.27,3.28,3.27,3.27,3.3,3.3,3.29,3.28,3.31,3.25,78.6,-45.0,1.0,2.0,0.0,0.0,7530702
1765226035847,0.0,0.0,0.0,0.0,0.0,166.0,34.87576615714286,32.325496457142854,-0.157014,3.27,3.31,3.26,3.26,3.26,3.27,3.27,3.27,3.29,3.3,3.3,3.29,3.27,3.27,3.27,3.29,3.27,3.28,3.27,3.27,3.3,3.3,3.29,3.28,3.31,3.25,78.6,-45.0,1.0,2.0,0.0,0.0,7530770
1765226035879,0.0,0.0,0.0,0.0,0.0,166.0,34.87576615714286,32.325496457142854,-0.157014,3.27,3.31,3.26,3.26,3.26,3.27,3.27,3.27,3.29,3.3,3.3,3.29,3.27,3.27,3.27,3.29,3.27,3.28,3.27,3.27,3.3,3.3,3.29,3.28,3.31,3.25,78.6,-45.0,1.0,2.0,0.0,0.0,7530802
1765226035896,0.0,0.0,0.0,0.0,0.0,0.0,34.87576615714286,32.325496457142854,-0.157014,3.27,3.31,3.26,3.26,3.26,3.27,3.27,3.27,3.29,3.3,3.3,3.29,3.27,3.27,3.27,3.29,3.27,3.28,3.27,3.27,3.3,3.3,3.29,3.28,3.31,3.25,78.6,-45.0,1.0,2.0,0.0,0.0,7530819
1765226035946,0.0,0.0,0.0,0.0,0.0,0.0,34.87576615714286,32.325496457142854,-0.157014,3.27,3.31,3.26,3.26,3.26,3.27,3.27,3.27,3.29,3.3,3.3,3.29,3.27,3.27,3.27,3.29,3.27,3.28,3.27,3.27,3.3,3.3,3.29,3.28,3.31,3.25,78.6,-45.0,1.0,2.0,0.0,0.0,7530869
1765226036012,0.0,0.0,0.0,0.0,0.0,0.0,34.87576615714286,32.325496457142854,-0.157014,3.27,3.31,3.26,3.26,3.26,3.27,3.27,3.27,3.29,3.3,3.3,3.29,3.27,3.27,3.27,3.29,3.27,3.28,3.27,3.27,3.3,3.3,3.29,3.28,3.31,3.25,78.6,-45.0,1.0,2.0,0.0,0.0,7530935
1765226036078,0.0,0.0,0.0,0.0,0.0,0.0,34.87576615714286,32.325496457142854,-0.157014,3.27,3.31,3.26,3.26,3.26,3.27,3.27,3.27,3.29,3.3,3.3,3.29,3.27,3.27,3.27,3.29,3.27,3.28,3.27,3.27,3.3,3.3,3.29,3.28,3.31,3.25,78.6,-45.0,1.0,2.0,0.0,0.0,7531001
1765226036130,0.0,0.0,0.0,0.0,0.0,0.0,34.87576615714286,32.325496457142854,-0.157014,3.27,3.31,3.26,3.26,3.26,3.27,3.27,3.27,3.29,3.3,3.3,3.29,3.27,3.27,3.27,3.29,3.27,3.28,3.27,3.27,3.3,3.3,3.29,3.28,3.31,3.25,78.6,-45.0,1.0,2.0,0.0,0.0,7531053
1765226036162,0.0,0.0,0.0,0.0,0.0,0.0,34.87576615714286,32.325496457142854,-0.075274,3.27,3.31,3.26,3.26,3.26,3.27,3.27,3.27,3.29,3.3,3.3,3.29,3.27,3.27,3.27,3.29,3.27,3.28,3.27,3.27,3.3,3.3,3.29,3.28,3.31,3.25,78.6,-45.0,1.0,2.0,0.0,0.0,7531085
1765226036261,0.0,0.0,0.0,0.0,0.0,0.0,34.87576615714286,32.325496457142854,-0.081862,3.27,3.31,3.26,3.26,3.26,3.27,3.27,3.27,3.29,3.3,3.3,3.29,3.27,3.27,3.27,3.29,3.27,3.28,3.27,3.27,3.3,3.3,3.29,3.28,3.31,3.26,78.7,-45.0,1.0,2.0,0.0,0.0,7531184
1765226036278,0.0,0.0,0.0,0.0,0.0,0.0,34.87576615714286,32.325496457142854,-0.081862,3.27,3.31,3.26,3.26,3.26,3.27,3.27,3.27,3.29,3.3,3.3,3.29,3.27,3.27,3.27,3.29,3.27,3.28,3.27,3.27,3.3,3.3,3.29,3.28,3.31,3.26,78.7,-45.0,1.0,2.0,0.0,0.0,7531201
1765226036312,0.0,0.0,0.0,0.0,0.0,0.0,34.87576615714286,32.325496457142854,-0.081862,3.27,3.31,3.26,3.26,3.26,3.27,3.27,3.27,3.29,3.3,3.3,3.29,3.27,3.27,3.27,3.29,3.27,3.28,3.27,3.27,3.3,3.3,3.29,3.28,3.31,3.26,78.7,-45.0,1.0,2.0,0.0,0.0,7531235
1765226036330,0.0,0.0,0.0,0.0,0.0,0.0,34.87576615714286,32.325496457142854,-0.081862,3.27,3.31,3.26,3.26,3.26,3.27,3.27,3.27,3.29,3.3,3.3,3.29,3.27,3.27,3.27,3.29,3.27,3.28,3.27,3.27,3.3,3.3,3.29,3.28,3.31,3.26,78.7,-45.0,1.0,2.0,0.0,0.0,7531253
1765226036360,0.0,0.0,0.0,0.0,0.0,0.0,34.87576615714286,32.325496457142854,-0.081862,3.27,3.31,3.26,3.26,3.26,3.27,3.27,3.27,3.29,3.3,3.3,3.29,3.27,3.27,3.27,3.29,3.27,3.28,3.27,3.27,3.3,3.3,3.29,3.28,3.31,3.26,78.7,-45.0,1.0,2.0,0.0,0.0,7531283
1765226036395,0.0,0.0,0.0,0.0,0.0,0.0,34.87576615714286,32.325496457142854,-0.081862,3.27,3.31,3.26,3.26,3.26,3.27,3.27,3.27,3.29,3.3,3.3,3.29,3.27,3.27,3.27,3.29,3.27,3.28,3.27,3.27,3.3,3.3,3.29,3.28,3.31,3.26,78.7,-45.0,1.0,2.0,0.0,0.0,7531318
1765226036461,0.0,0.0,0.0,0.0,0.0,0.0,34.87576615714286,32.325496457142854,-0.081862,3.27,3.31,3.26,3.26,3.26,3.27,3.27,3.27,3.29,3.3,3.3,3.29,3.27,3.27,3.27,3.29,3.27,3.28,3.27,3.27,3.3,3.3,3.29,3.28,3.31,3.26,78.7,-45.0,1.0,2.0,0.0,0.0,7531384
1765226036528,0.0,0.0,0.0,0.0,0.0,0.0,34.87576615714286,32.325496457142854,-0.05429,3.27,3.31,3.26,3.26,3.26,3.27,3.27,3.27,3.29,3.3,3.3,3.29,3.27,3.27,3.27,3.29,3.27,3.28,3.27,3.27,3.3,3.3,3.29,3.28,3.31,3.26,78.7,-45.0,1.0,2.0,0.0,0.0,7531451
1765226036611,0.0,0.0,0.0,0.0,0.0,0.0,34.87576615714286,32.325496457142854,-0.05429,3.27,3.31,3.26,3.26,3.26,3.27,3.27,3.27,3.29,3.3,3.3,3.29,3.27,3.27,3.27,3.29,3.27,3.28,3.27,3.27,3.3,3.3,3.29,3.28,3.31,3.26,78.7,-45.0,1.0,2.0,0.0,0.0,7531534
1765226036629,0.0,0.0,0.0,0.0,0.0,0.0,34.87576615714286,32.325496457142854,-0.05429,3.27,3.31,3.26,3.26,3.26,3.27,3.27,3.27,3.29,3.3,3.3,3.29,3.27,3.27,3.27,3.29,3.27,3.28,3.27,3.27,3.3,3.3,3.29,3.28,3.31,3.26,78.7,-45.0,1.0,2.0,0.0,0.0,7531552
1765226036678,0.0,0.0,0.0,0.0,0.0,0.0,34.87576615714286,32.325496457142854,-0.131638,3.27,3.31,3.26,3.26,3.26,3.27,3.27,3.27,3.29,3.3,3.3,3.29,3.27,3.27,3.27,3.29,3.27,3.28,3.27,3.27,3.3,3.3,3.29,3.28,3.31,3.26,78.7,-45.0,1.0,2.0,0.0,0.0,7531601
1765226036727,0.0,0.0,0.0,0.0,0.0,0.0,34.87576615714286,32.325496457142854,-0.131638,3.27,3.31,3.26,3.26,3.26,3.27,3.27,3.27,3.29,3.3,3.3,3.29,3.27,3.27,3.27,3.29,3.27,3.28,3.27,3.27,3.3,3.3,3.29,3.28,3.31,3.26,78.7,-45.0,1.0,2.0,0.0,0.0,7531650
1765226036744,0.0,0.0,0.0,0.0,0.0,0.0,34.87576615714286,32.325496457142854,-0.131638,3.27,3.31,3.26,3.26,3.26,3.27,3.27,3.27,3.29,3.3,3.3,3.29,3.27,3.27,3.27,3.29,3.27,3.28,3.27,3.27,3.3,3.3,3.29,3.28,3.31,3.26,78.7,-45.0,1.0,2.0,0.0,0.0,7531667
1765226036794,0.0,0.0,0.0,0.0,0.0,0.0,34.87576615714286,32.325496457142854,-0.131638,3.27,3.31,3.26,3.26,3.26,3.27,3.27,3.27,3.29,3.3,3.3,3.29,3.27,3.27,3.27,3.29,3.27,3.28,3.27,3.27,3.3,3.3,3.29,3.28,3.31,3.26,78.7,-45.0,1.0,2.0,0.0,0.0,7531717
1765226036843,0.0,0.0,0.0,0.0,0.0,0.0,34.87576615714286,32.325496457142854,-0.131638,3.27,3.31,3.26,3.26,3.26,3.27,3.27,3.27,3.29,3.3,3.3,3.29,3.27,3.27,3.27,3.29,3.27,3.28,3.27,3.27,3.3,3.3,3.29,3.28,3.31,3.26,78.7,-45.0,1.0,2.0,0.0,0.0,7531766
1765226036927,0.0,0.0,0.0,0.0,0.0,0.0,34.87576615714286,32.325496457142854,0.01098,3.27,3.31,3.26,3.26,3.26,3.27,3.27,3.27,3.29,3.3,3.3,3.29,3.27,3.27,3.27,3.29,3.27,3.28,3.27,3.27,3.3,3.3,3.29,3.28,3.31,3.26,78.7,-45.0,1.0,2.0,0.0,0.0,7531850
1765226036994,0.0,0.0,0.0,0.0,0.0,0.0,34.87576615714286,32.325496457142854,0.01098,3.27,3.31,3.26,3.26,3.26,3.27,3.27,3.27,3.29,3.3,3.3,3.29,3.27,3.27,3.27,3.29,3.27,3.28,3.27,3.27,3.3,3.3,3.29,3.28,3.31,3.26,78.7,-45.0,1.0,2.0,0.0,0.0,7531917
1765226037010,0.0,0.0,0.0,0.0,0.0,0.0,34.87576615714286,32.325496457142854,0.01098,3.27,3.31,3.26,3.26,3.26,3.28,3.27,3.27,3.29,3.3,3.3,3.29,3.27,3.27,3.27,3.29,3.27,3.28,3.27,3.27,3.3,3.3,3.29,3.28,3.31,3.26,78.7,-45.0,1.0,2.0,0.0,0.0,7531933
1765226037027,0.0,0.0,0.0,0.0,0.0,0.0,34.87576615714286,32.325496457142854,0.01098,3.27,3.31,3.26,3.26,3.26,3.28,3.27,3.27,3.3,3.3,3.3,3.29,3.27,3.27,3.27,3.29,3.27,3.28,3.27,3.27,3.3,3.3,3.29,3.28,3.31,3.26,78.7,-45.0,1.0,2.0,0.0,0.0,7531950
1765226037043,0.0,0.0,0.0,0.0,0.0,0.0,34.87576615714286,32.325496457142854,0.01098,3.27,3.31,3.26,3.26,3.26,3.28,3.27,3.27,3.3,3.3,3.3,3.29,3.27,3.27,3.27,3.29,3.27,3.28,3.27,3.27,3.3,3.3,3.29,3.28,3.31,3.26,78.7,-45.0,1.0,2.0,0.0,0.0,7531966
1765226037061,0.0,0.0,0.0,0.0,0.0,0.0,34.87576615714286,32.325496457142854,0.01098,3.27,3.31,3.26,3.26,3.26,3.28,3.27,3.27,3.3,3.3,3.3,3.29,3.27,3.27,3.27,3.29,3.27,3.28,3.27,3.27,3.3,3.3,3.29,3.28,3.31,3.26,78.7,-45.0,1.0,2.0,0.0,0.0,7531984
1765226037094,0.0,0.0,0.0,0.0,0.0,0.0,34.87576615714286,32.325496457142854,0.01098,3.27,3.31,3.26,3.26,3.26,3.28,3.27,3.27,3.3,3.3,3.3,3.29,3.27,3.27,3.27,3.29,3.28,3.28,3.27,3.27,3.3,3.3,3.29,3.28,3.31,3.26,78.7,-45.0,1.0,2.0,0.0,0.0,7532017
1765226037110,0.0,0.0,0.0,0.0,0.0,0.0,34.87576615714286,32.325496457142854,0.01098,3.27,3.31,3.26,3.26,3.26,3.28,3.27,3.27,3.3,3.3,3.3,3.29,3.27,3.27,3.27,3.29,3.28,3.28,3.27,3.27,3.3,3.31,3.3,3.29,3.31,3.26,78.7,-45.0,1.0,2.0,0.0,0.0,7532033
1765226037128,0.0,0.0,0.0,0.0,0.0,0.0,34.87576615714286,32.325496457142854,0.01098,3.27,3.31,3.26,3.26,3.26,3.28,3.27,3.27,3.3,3.3,3.3,3.29,3.27,3.27,3.27,3.29,3.28,3.28,3.27,3.27,3.3,3.31,3.3,3.29,3.31,3.26,78.7,-45.0,1.0,2.0,0.0,0.0,7532051
1765226037161,0.0,0.0,0.0,0.0,0.0,0.0,34.87576615714286,32.325496457142854,-0.078446,3.27,3.31,3.26,3.26,3.26,3.28,3.27,3.27,3.3,3.3,3.3,3.29,3.27,3.27,3.27,3.29,3.28,3.28,3.27,3.27,3.3,3.31,3.3,3.29,3.31,3.26,78.7,-45.0,1.0,2.0,0.0,0.0,7532084
1765226037195,0.0,0.0,0.0,0.0,0.0,0.0,34.87576615714286,32.325496457142854,-0.078446,3.27,3.31,3.26,3.26,3.26,3.28,3.27,3.27,3.3,3.3,3.3,3.29,3.27,3.27,3.27,3.29,3.28,3.28,3.27,3.27,3.3,3.31,3.3,3.29,3.31,3.26,78.7,-45.0,1.0,2.0,0.0,0.0,7532118
1765226037277,0.0,0.0,0.0,0.0,0.0,0.0,34.87576615714286,32.325496457142854,-0.078446,3.27,3.31,3.26,3.26,3.26,3.28,3.27,3.27,3.3,3.3,3.3,3.29,3.27,3.27,3.27,3.29,3.28,3.28,3.27,3.27,3.3,3.31,3.3,3.29,3.31,3.26,78.7,-45.0,1.0,2.0,0.0,0.0,7532200
1765226037294,0.0,0.0,0.0,0.0,0.0,0.0,34.87576615714286,32.325496457142854,-0.078446,3.27,3.31,3.26,3.26,3.26,3.28,3.27,3.27,3.3,3.3,3.3,3.29,3.27,3.27,3.27,3.29,3.28,3.28,3.27,3.27,3.3,3.31,3.3,3.29,3.31,3.26,78.7,-45.0,1.0,2.0,0.0,0.0,7532217
1765226037377,0.0,0.0,0.0,0.0,0.0,0.0,34.87576615714286,32.325496457142854,-0.08723,3.27,3.31,3.26,3.26,3.26,3.28,3.27,3.27,3.3,3.3,3.3,3.29,3.27,3.27,3.27,3.29,3.28,3.28,3.27,3.27,3.3,3.31,3.3,3.29,3.31,3.26,78.7,-45.0,1.0,2.0,0.0,0.0,7532300
1765226037444,0.0,0.0,0.0,0.0,0.0,0.0,34.87576615714286,32.325496457142854,-0.08723,3.27,3.31,3.26,3.26,3.26,3.28,3.27,3.27,3.3,3.3,3.3,3.29,3.27,3.27,3.27,3.29,3.28,3.28,3.27,3.27,3.3,3.31,3.3,3.29,3.31,3.26,78.7,-45.0,1.0,2.0,0.0,0.0,7532367
1765226037460,0.0,0.0,0.0,0.0,0.0,0.0,34.87576615714286,32.325496457142854,-0.08723,3.27,3.31,3.26,3.26,3.26,3.28,3.27,3.27,3.3,3.3,3.3,3.29,3.27,3.27,3.27,3.29,3.28,3.28,3.27,3.27,3.3,3.31,3.3,3.29,3.31,3.26,78.7,-45.0,1.0,2.0,0.0,0.0,7532383
1765226037495,0.0,0.0,0.0,0.0,0.0,0.0,34.87576615714286,32.325496457142854,-0.053801999999999996,3.27,3.31,3.26,3.26,3.26,3.28,3.27,3.27,3.3,3.3,3.3,3.29,3.27,3.27,3.27,3.29,3.28,3.28,3.27,3.27,3.3,3.31,3.3,3.29,3.31,3.26,78.7,-45.0,1.0,2.0,0.0,0.0,7532418
1765226037510,0.0,0.0,0.0,0.0,0.0,0.0,34.87576615714286,32.325496457142854,-0.053801999999999996,3.27,3.31,3.26,3.26,3.26,3.28,3.27,3.27,3.3,3.3,3.3,3.29,3.27,3.27,3.27,3.29,3.28,3.28,3.27,3.27,3.3,3.31,3.3,3.29,3.31,3.26,78.7,-45.0,1.0,2.0,0.0,0.0,7532433
1765226037578,0.0,0.0,0.0,0.0,0.0,0.0,34.87576615714286,32.325496457142854,-0.053801999999999996,3.27,3.31,3.26,3.26,3.26,3.28,3.27,3.27,3.3,3.3,3.3,3.29,3.27,3.27,3.27,3.29,3.28,3.28,3.27,3.27,3.3,3.31,3.3,3.29,3.31,3.26,78.7,-45.0,1.0,2.0,0.0,0.0,7532501
1765226037662,0.0,0.0,0.0,0.0,0.0,0.0,34.87576615714286,32.325496457142854,-0.091012,3.27,3.31,3.26,3.26,3.26,3.28,3.27,3.27,3.3,3.3,3.3,3.29,3.27,3.27,3.27,3.29,3.28,3.28,3.27,3.27,3.3,3.31,3.3,3.29,3.31,3.26,78.7,-45.0,1.0,2.0,0.0,0.0,7532585
1765226037713,0.0,0.0,0.0,0.0,0.0,0.0,34.87576615714286,32.325496457142854,-0.091012,3.27,3.31,3.26,3.26,3.26,3.28,3.27,3.27,3.3,3.3,3.3,3.29,3.27,3.27,3.27,3.29,3.28,3.28,3.27,3.27,3.3,3.31,3.3,3.29,3.31,3.26,78.7,-45.0,1.0,2.0,0.0,0.0,7532636
1765226037746,0.0,0.0,0.0,0.0,0.0,0.0,34.87576615714286,32.325496457142854,-0.091012,3.27,3.31,3.26,3.26,3.26,3.28,3.27,3.27,3.3,3.3,3.3,3.29,3.27,3.27,3.27,3.29,3.28,3.28,3.27,3.27,3.3,3.31,3.3,3.29,3.31,3.26,78.7,-45.0,1.0,2.0,0.0,0.0,7532669
1765226037794,0.0,0.0,0.0,0.0,0.0,0.0,34.87576615714286,32.325496457142854,-0.091012,3.27,3.31,3.26,3.26,3.26,3.28,3.27,3.27,3.3,3.3,3.3,3.29,3.27,3.27,3.27,3.29,3.28,3.28,3.27,3.27,3.3,3.31,3.3,3.29,3.31,3.26,78.7,-45.0,1.0,2.0,0.0,0.0,7532717
1765226037844,0.0,0.0,0.0,0.0,0.0,0.0,34.87576615714286,32.325496457142854,-0.091012,3.27,3.31,3.26,3.26,3.26,3.28,3.27,3.27,3.3,3.3,3.3,3.29,3.27,3.27,3.27,3.29,3.28,3.28,3.27,3.27,3.3,3.31,3.3,3.29,3.31,3.26,78.7,-45.0,1.0,2.0,0.0,0.0,7532767
1765226037845,0.0,0.0,0.0,0.0,0.0,0.0,34.87576615714286,32.325496457142854,-0.091012,3.27,3.31,3.26,3.26,3.26,3.28,3.27,3.27,3.3,3.3,3.3,3.29,3.27,3.27,3.27,3.29,3.28,3.28,3.27,3.27,3.3,3.31,3.3,3.29,3.31,3.26,78.7,-45.0,1.0,2.0,0.0,0.0,7532768
1765226037861,0.0,0.0,0.0,0.0,0.0,0.0,34.87576615714286,32.325496457142854,-0.091012,3.27,3.31,3.26,3.26,3.26,3.28,3.27,3.27,3.3,3.3,3.3,3.29,3.27,3.27,3.27,3.29,3.28,3.28,3.27,3.27,3.3,3.31,3.3,3.29,3.31,3.26,78.7,-45.0,1.0,2.0,0.0,0.0,7532784
1765226037910,0.0,0.0,0.0,0.0,0.0,0.0,34.87576615714286,32.325496457142854,-0.119194,3.27,3.31,3.26,3.26,3.26,3.28,3.27,3.27,3.3,3.3,3.3,3.29,3.27,3.27,3.27,3.29,3.28,3.28,3.27,3.27,3.3,3.31,3.3,3.29,3.31,3.26,78.7,-45.0,1.0,2.0,0.0,0.0,7532833
1765226037979,0.0,0.0,0.0,0.0,0.0,0.0,34.87576615714286,32.325496457142854,-0.119194,3.27,3.31,3.26,3.26,3.26,3.28,3.27,3.27,3.3,3.3,3.3,3.29,3.27,3.27,3.27,3.29,3.28,3.28,3.27,3.27,3.3,3.31,3.3,3.29,3.31,3.26,78.7,-45.0,1.0,2.0,0.0,0.0,7532902
1765226038047,0.0,0.0,0.0,0.0,0.0,0.0,34.87576615714286,32.325496457142854,-0.119194,3.27,3.31,3.26,3.26,3.26,3.28,3.27,3.27,3.3,3.3,3.3,3.29,3.27,3.27,3.27,3.29,3.28,3.28,3.27,3.27,3.3,3.31,3.3,3.29,3.31,3.26,78.7,-45.0,1.0,2.0,0.0,0.0,7532970
1765226038061,0.0,0.0,0.0,0.0,0.0,0.0,34.87576615714286,32.325496457142854,-0.119194,3.27,3.31,3.26,3.26,3.26,3.28,3.27,3.27,3.3,3.3,3.3,3.29,3.27,3.27,3.27,3.29,3.28,3.28,3.27,3.27,3.3,3.31,3.3,3.29,3.31,3.26,78.7,-45.0,1.0,2.0,0.0,0.0,7532984
1765226038113,0.0,0.0,0.0,0.0,0.0,0.0,34.87576615714286,32.325496457142854,-0.030012,3.27,3.31,3.26,3.26,3.26,3.28,3.27,3.27,3.3,3.3,3.3,3.29,3.27,3.27,3.27,3.29,3.28,3.28,3.27,3.27,3.3,3.31,3.3,3.29,3.31,3.26,78.7,-45.0,1.0,2.0,0.0,0.0,7533036
1765226038179,0.0,0.0,0.0,0.0,0.0,0.0,34.87576615714286,32.325496457142854,-0.030012,3.27,3.31,3.26,3.26,3.26,3.28,3.27,3.27,3.3,3.3,3.3,3.29,3.27,3.27,3.27,3.29,3.28,3.28,3.27,3.27,3.3,3.31,3.3,3.29,3.31,3.26,78.7,-45.0,1.0,2.0,0.0,0.0,7533102
1765226038195,0.0,0.0,0.0,0.0,0.0,0.0,34.87576615714286,32.325496457142854,-0.030012,3.27,3.31,3.26,3.26,3.26,3.28,3.27,3.27,3.3,3.3,3.3,3.29,3.27,3.27,3.27,3.29,3.28,3.28,3.27,3.27,3.3,3.31,3.3,3.29,3.31,3.26,78.7,-45.0,1.0,2.0,0.0,0.0,7533118
1765226038244,0.0,0.0,0.0,0.0,0.0,0.0,34.87576615714286,32.325496457142854,-0.030012,3.27,3.31,3.26,3.26,3.26,3.28,3.27,3.27,3.3,3.3,3.3,3.29,3.27,3.27,3.27,3.29,3.28,3.28,3.27,3.27,3.3,3.31,3.3,3.29,3.31,3.26,78.7,-45.0,1.0,2.0,0.0,0.0,7533167
1765226038294,0.0,0.0,0.0,0.0,0.0,0.0,34.87576615714286,32.325496457142854,-0.030012,3.27,3.31,3.26,3.26,3.26,3.28,3.27,3.27,3.3,3.3,3.3,3.29,3.27,3.27,3.27,3.29,3.28,3.28,3.27,3.27,3.3,3.31,3.3,3.29,3.31,3.26,78.7,-45.0,1.0,2.0,0.0,0.0,7533217
1765226038328,0.0,0.0,0.0,0.0,0.0,0.0,34.87576615714286,32.325496457142854,-0.299754,3.27,3.31,3.26,3.26,3.26,3.28,3.27,3.27,3.3,3.3,3.3,3.29,3.27,3.27,3.27,3.29,3.28,3.28,3.27,3.27,3.3,3.31,3.3,3.29,3.31,3.26,78.7,-45.0,1.0,2.0,0.0,0.0,7533251
1765226038428,0.0,0.0,0.0,0.0,0.0,0.0,34.87576615714286,32.325496457142854,-0.217648,3.27,3.31,3.26,3.26,3.26,3.28,3.27,3.27,3.3,3.3,3.3,3.29,3.27,3.27,3.27,3.29,3.28,3.28,3.27,3.27,3.3,3.31,3.3,3.29,3.31,3.26,78.7,-45.0,1.0,2.0,0.0,0.0,7533351
1765226038443,0.0,0.0,0.0,0.0,0.0,0.0,34.87576615714286,32.325496457142854,-0.217648,3.27,3.31,3.26,3.26,3.26,3.28,3.27,3.27,3.3,3.3,3.3,3.29,3.27,3.27,3.27,3.29,3.28,3.28,3.27,3.27,3.3,3.31,3.3,3.29,3.31,3.26,78.7,-45.0,1.0,2.0,0.0,0.0,7533366
1765226038461,0.0,0.0,0.0,0.0,0.0,0.0,34.87576615714286,32.325496457142854,-0.217648,3.27,3.31,3.26,3.26,3.26,3.28,3.27,3.27,3.3,3.3,3.3,3.29,3.27,3.27,3.27,3.29,3.28,3.28,3.27,3.27,3.3,3.31,3.3,3.29,3.31,3.26,78.7,-45.0,1.0,2.0,0.0,0.0,7533384
1765226038477,0.0,0.0,0.0,0.0,0.0,0.0,34.87576615714286,32.325496457142854,-0.217648,3.27,3.31,3.26,3.26,3.26,3.28,3.27,3.27,3.3,3.3,3.3,3.29,3.27,3.27,3.27,3.29,3.28,3.28,3.27,3.27,3.3,3.31,3.3,3.29,3.31,3.26,78.7,-45.0,1.0,2.0,0.0,0.0,7533400
1765226038528,0.0,0.0,0.0,0.0,0.0,0.0,34.87576615714286,32.325496457142854,-0.217648,3.27,3.31,3.26,3.26,3.26,3.28,3.27,3.27,3.3,3.3,3.3,3.29,3.27,3.27,3.27,3.29,3.28,3.28,3.27,3.27,3.3,3.31,3.3,3.29,3.31,3.26,78.7,-45.0,1.0,2.0,0.0,0.0,7533451
1765226038577,0.0,0.0,0.0,0.0,0.0,0.0,34.87576615714286,32.325496457142854,-0.217648,3.27,3.31,3.26,3.26,3.26,3.28,3.27,3.27,3.3,3.3,3.3,3.29,3.27,3.27,3.27,3.29,3.28,3.28,3.27,3.27,3.3,3.31,3.3,3.29,3.31,3.26,78.7,-45.0,1.0,2.0,0.0,0.0,7533500
1765226038594,0.0,0.0,0.0,0.0,0.0,0.0,34.87576615714286,32.325496457142854,-0.217648,3.27,3.31,3.26,3.26,3.26,3.28,3.27,3.27,3.3,3.3,3.3,3.29,3.27,3.27,3.27,3.29,3.28,3.28,3.27,3.27,3.3,3.31,3.3,3.29,3.31,3.26,78.7,-45.0,1.0,2.0,0.0,0.0,7533517
1765226038644,0.0,0.0,0.0,0.0,0.0,0.0,34.87576615714286,32.325496457142854,-0.217648,3.27,3.31,3.26,3.26,3.26,3.28,3.27,3.27,3.3,3.3,3.3,3.29,3.27,3.27,3.27,3.29,3.28,3.28,3.27,3.27,3.3,3.31,3.3,3.29,3.31,3.26,78.7,-45.0,1.0,2.0,0.0,0.0,7533567
1765226038698,0.0,0.0,0.0,0.0,0.0,0.0,34.87576615714286,32.325496457142854,-0.176168,3.27,3.31,3.26,3.26,3.26,3.28,3.27,3.27,3.3,3.3,3.3,3.29,3.27,3.27,3.27,3.29,3.28,3.28,3.27,3.27,3.3,3.31,3.3,3.29,3.31,3.26,78.7,-45.0,1.0,2.0,0.0,0.0,7533621
1765226038780,0.0,0.0,0.0,0.0,0.0,0.0,34.87576615714286,32.325496457142854,-0.176168,3.27,3.31,3.26,3.26,3.26,3.28,3.27,3.27,3.3,3.3,3.3,3.29,3.27,3.27,3.27,3.29,3.28,3.28,3.27,3.27,3.3,3.31,3.3,3.29,3.31,3.26,78.7,-45.0,1.0,2.0,0.0,0.0,7533703
1765226038795,0.0,0.0,0.0,0.0,0.0,0.0,34.87576615714286,32.325496457142854,-0.176168,3.27,3.31,3.26,3.26,3.27,3.28,3.27,3.27,3.3,3.3,3.3,3.29,3.27,3.27,3.27,3.29,3.28,3.28,3.27,3.27,3.3,3.31,3.3,3.29,3.31,3.26,78.7,-45.0,1.0,2.0,0.0,0.0,7533718
1765226038811,0.0,0.0,0.0,0.0,0.0,0.0,34.87576615714286,32.325496457142854,-0.176168,3.27,3.31,3.26,3.26,3.27,3.28,3.27,3.27,3.3,3.3,3.3,3.29,3.27,3.27,3.27,3.29,3.28,3.28,3.27,3.27,3.3,3.31,3.3,3.29,3.31,3.26,78.7,-45.0,1.0,2.0,0.0,0.0,7533734
1765226038828,0.0,0.0,0.0,0.0,0.0,0.0,34.87576615714286,32.325496457142854,-0.176168,3.27,3.31,3.26,3.26,3.27,3.28,3.27,3.27,3.3,3.3,3.3,3.29,3.27,3.27,3.27,3.29,3.28,3.28,3.27,3.27,3.3,3.31,3.3,3.29,3.31,3.26,78.7,-45.0,1.0,2.0,0.0,0.0,7533751
1765226038845,0.0,0.0,0.0,0.0,0.0,0.0,34.87576615714286,32.325496457142854,-0.176168,3.27,3.31,3.26,3.26,3.27,3.28,3.27,3.27,3.3,3.3,3.3,3.29,3.27,3.27,3.27,3.29,3.28,3.28,3.28,3.27,3.3,3.31,3.3,3.29,3.31,3.26,78.7,-45.0,1.0,2.0,0.0,0.0,7533768
1765226038862,0.0,0.0,0.0,0.0,0.0,0.0,34.87576615714286,32.325496457142854,-0.176168,3.27,3.31,3.26,3.26,3.27,3.28,3.27,3.27,3.3,3.3,3.3,3.29,3.27,3.27,3.27,3.29,3.28,3.28,3.28,3.27,3.3,3.31,3.3,3.29,3.31,3.26,78.7,-45.0,1.0,2.0,0.0,0.0,7533785
1765226038895,0.0,0.0,0.0,0.0,0.0,0.0,34.87576615714286,32.325496457142854,-0.176168,3.27,3.31,3.26,3.26,3.27,3.28,3.27,3.27,3.3,3.3,3.3,3.29,3.27,3.27,3.27,3.29,3.28,3.28,3.28,3.27,3.3,3.31,3.3,3.29,3.31,3.26,78.7,-45.0,1.0,2.0,0.0,0.0,7533818
1765226038912,0.0,0.0,0.0,0.0,0.0,0.0,34.87576615714286,32.325496457142854,-0.176168,3.27,3.31,3.26,3.26,3.27,3.28,3.27,3.27,3.3,3.3,3.3,3.29,3.27,3.27,3.27,3.29,3.28,3.28,3.28,3.27,3.3,3.31,3.3,3.29,3.31,3.26,78.7,-45.0,1.0,2.0,0.0,0.0,7533835
1765226038927,0.0,0.0,0.0,0.0,0.0,0.0,34.87576615714286,32.325496457142854,-0.18666,3.27,3.31,3.26,3.26,3.27,3.28,3.27,3.27,3.3,3.3,3.3,3.29,3.27,3.27,3.27,3.29,3.28,3.28,3.28,3.27,3.3,3.31,3.3,3.29,3.31,3.26,78.7,-45.0,1.0,2.0,0.0,0.0,7533850
1765226038961,0.0,0.0,0.0,0.0,0.0,0.0,34.87576615714286,32.325496457142854,-0.18666,3.27,3.31,3.26,3.26,3.27,3.28,3.27,3.27,3.3,3.3,3.3,3.29,3.27,3.27,3.27,3.29,3.28,3.28,3.28,3.27,3.3,3.31,3.3,3.29,3.31,3.26,78.7,-45.0,1.0,2.0,0.0,0.0,7533884
1765226039028,0.0,0.0,0.0,0.0,0.0,0.0,34.87576615714286,32.325496457142854,-0.18666,3.27,3.31,3.26,3.26,3.27,3.28,3.27,3.27,3.3,3.3,3.3,3.29,3.27,3.27,3.27,3.29,3.28,3.28,3.28,3.27,3.3,3.31,3.3,3.29,3.31,3.26,78.7,-45.0,1.0,2.0,0.0,0.0,7533951
1765226039127,0.0,0.0,0.0,0.0,0.0,0.0,34.87576615714286,32.325496457142854,-0.146156,3.27,3.31,3.26,3.26,3.27,3.28,3.27,3.27,3.3,3.3,3.3,3.29,3.27,3.27,3.27,3.29,3.28,3.28,3.28,3.27,3.3,3.31,3.3,3.29,3.31,3.26,78.7,-45.0,1.0,2.0,0.0,0.0,7534050
1765226039161,0.0,0.0,0.0,0.0,0.0,0.0,34.87576615714286,32.325496457142854,-0.146156,3.27,3.31,3.26,3.26,3.27,3.28,3.27,3.27,3.3,3.3,3.3,3.29,3.27,3.27,3.27,3.29,3.28,3.28,3.28,3.27,3.3,3.31,3.3,3.29,3.31,3.26,78.7,-45.0,1.0,2.0,0.0,0.0,7534084
1765226039211,0.0,0.0,0.0,0.0,0.0,0.0,34.87576615714286,32.325496457142854,-0.165188,3.27,3.31,3.26,3.26,3.27,3.28,3.27,3.27,3.3,3.3,3.3,3.29,3.27,3.27,3.27,3.29,3.28,3.28,3.28,3.27,3.3,3.31,3.3,3.29,3.31,3.26,78.7,-45.0,1.0,2.0,0.0,0.0,7534134
1765226039294,0.0,0.0,0.0,0.0,0.0,0.0,34.87576615714286,32.325496457142854,-0.20166599999999998,3.27,3.31,3.26,3.26,3.27,3.28,3.27,3.27,3.3,3.3,3.3,3.29,3.27,3.27,3.27,3.29,3.28,3.28,3.28,3.27,3.3,3.31,3.3,3.29,3.31,3.26,78.7,-45.0,1.0,2.0,0.0,0.0,7534217
1765226039310,0.0,0.0,0.0,0.0,0.0,0.0,34.87576615714286,32.325496457142854,-0.20166599999999998,3.27,3.31,3.26,3.26,3.27,3.28,3.27,3.27,3.3,3.3,3.3,3.29,3.27,3.27,3.27,3.29,3.28,3.28,3.28,3.27,3.3,3.31,3.3,3.29,3.31,3.26,78.7,-45.0,1.0,2.0,0.0,0.0,7534233
1765226039327,0.0,0.0,0.0,0.0,0.0,0.0,34.87576615714286,32.325496457142854,-0.20166599999999998,3.27,3.31,3.26,3.26,3.27,3.28,3.27,3.27,3.3,3.3,3.3,3.29,3.27,3.27,3.27,3.29,3.28,3.28,3.28,3.27,3.3,3.31,3.3,3.29,3.31,3.26,78.7,-45.0,1.0,2.0,0.0,0.0,7534250
1765226039377,0.0,0.0,0.0,0.0,0.0,0.0,34.87576615714286,32.325496457142854,-0.20166599999999998,3.27,3.31,3.26,3.26,3.27,3.28,3.27,3.27,3.3,3.3,3.3,3.29,3.27,3.27,3.27,3.29,3.28,3.28,3.28,3.27,3.3,3.31,3.3,3.29,3.31,3.26,78.7,-45.0,1.0,2.0,0.0,0.0,7534300
1765226039444,0.0,0.0,0.0,0.0,0.0,0.0,34.87576615714286,32.325496457142854,-0.20166599999999998,3.27,3.31,3.26,3.26,3.27,3.28,3.27,3.27,3.3,3.3,3.3,3.29,3.27,3.27,3.27,3.29,3.28,3.28,3.28,3.27,3.3,3.31,3.3,3.29,3.31,3.26,78.7,-45.0,1.0,2.0,0.0,0.0,7534367
1765226039510,0.0,0.0,0.0,0.0,0.0,0.0,34.87576615714286,32.325496457142854,-0.159088,3.27,3.31,3.26,3.26,3.27,3.28,3.27,3.27,3.3,3.3,3.3,3.29,3.27,3.27,3.27,3.29,3.28,3.28,3.28,3.27,3.3,3.31,3.3,3.29,3.31,3.26,78.7,-45.0,1.0,2.0,0.0,0.0,7534433
1765226039561,0.0,0.0,0.0,0.0,0.0,0.0,34.87576615714286,32.325496457142854,-0.159088,3.27,3.31,3.26,3.26,3.27,3.28,3.27,3.27,3.3,3.3,3.3,3.29,3.27,3.27,3.27,3.29,3.28,3.28,3.28,3.27,3.3,3.31,3.3,3.29,3.31,3.26,78.7,-45.0,1.0,2.0,0.0,0.0,7534484
1765226039594,0.0,0.0,0.0,0.0,0.0,0.0,34.87576615714286,32.325496457142854,-0.159088,3.27,3.31,3.26,3.26,3.27,3.28,3.27,3.27,3.3,3.3,3.3,3.29,3.27,3.27,3.27,3.29,3.28,3.28,3.28,3.27,3.3,3.31,3.3,3.29,3.31,3.26,78.7,-45.0,1.0,2.0,0.0,0.0,7534517
1765226039609,0.0,0.0,0.0,0.0,0.0,0.0,34.87576615714286,32.325496457142854,-0.159088,3.27,3.31,3.26,3.26,3.27,3.28,3.27,3.27,3.3,3.3,3.3,3.29,3.27,3.27,3.27,3.29,3.28,3.28,3.28,3.27,3.3,3.31,3.3,3.29,3.31,3.26,78.7,-45.0,1.0,2.0,0.0,0.0,7534532
1765226039628,0.0,0.0,0.0,0.0,0.0,0.0,34.87576615714286,32.325496457142854,-0.159088,3.27,3.31,3.26,3.26,3.27,3.28,3.27,3.27,3.3,3.3,3.3,3.29,3.27,3.27,3.27,3.29,3.28,3.28,3.28,3.27,3.3,3.31,3.3,3.29,3.31,3.26,78.7,-45.0,1.0,2.0,0.0,0.0,7534551
1765226039661,0.0,0.0,0.0,0.0,0.0,0.0,34.87576615714286,32.325496457142854,-0.159088,3.27,3.31,3.26,3.26,3.27,3.28,3.27,3.27,3.3,3.3,3.3,3.29,3.27,3.27,3.27,3.29,3.28,3.28,3.28,3.27,3.3,3.31,3.3,3.29,3.31,3.26,78.7,-45.0,1.0,2.0,0.0,0.0,7534584
1765226039694,0.0,0.0,0.0,0.0,0.0,0.0,34.87576615714286,32.325496457142854,-0.159088,3.27,3.31,3.26,3.26,3.27,3.28,3.27,3.27,3.3,3.3,3.3,3.29,3.27,3.27,3.27,3.29,3.28,3.28,3.28,3.27,3.3,3.31,3.3,3.29,3.31,3.26,78.7,-45.0,1.0,2.0,0.0,0.0,7534617
1765226039710,0.0,0.0,0.0,0.0,0.0,0.0,34.87576615714286,32.325496457142854,-0.188612,3.27,3.31,3.26,3.26,3.27,3.28,3.27,3.27,3.3,3.3,3.3,3.29,3.27,3.27,3.27,3.29,3.28,3.28,3.28,3.27,3.3,3.31,3.3,3.29,3.31,3.26,78.7,-45.0,1.0,2.0,0.0,0.0,7534633
1765226039761,0.0,0.0,0.0,0.0,0.0,0.0,34.87576615714286,32.325496457142854,-0.188612,3.27,3.31,3.26,3.26,3.27,3.28,3.27,3.27,3.3,3.3,3.3,3.29,3.27,3.27,3.27,3.29,3.28,3.28,3.28,3.27,3.3,3.31,3.3,3.29,3.31,3.26,78.7,-45.0,1.0,2.0,0.0,0.0,7534684
1765226039810,0.0,0.0,0.0,0.0,0.0,0.0,34.87576615714286,32.325496457142854,-0.188612,3.27,3.31,3.26,3.26,3.27,3.28,3.27,3.27,3.3,3.3,3.3,3.29,3.27,3.27,3.27,3.29,3.28,3.28,3.28,3.27,3.3,3.31,3.3,3.29,3.31,3.26,78.7,-45.0,1.0,2.0,0.0,0.0,7534733
1765226039877,0.0,0.0,0.0,0.0,0.0,0.0,34.87576615714286,32.325496457142854,-0.188612,3.27,3.31,3.26,3.26,3.27,3.28,3.27,3.27,3.3,3.3,3.3,3.29,3.27,3.27,3.27,3.29,3.28,3.28,3.28,3.27,3.3,3.31,3.3,3.29,3.31,3.26,78.7,-45.0,1.0,2.0,0.0,0.0,7534800
1765226039944,0.0,0.0,0.0,0.0,0.0,0.0,34.87576615714286,32.325496457142854,-0.18287799999999999,3.27,3.31,3.26,3.26,3.27,3.28,3.27,3.27,3.3,3.3,3.3,3.29,3.27,3.27,3.27,3.29,3.28,3.28,3.28,3.27,3.3,3.31,3.3,3.29,3.31,3.26,78.7,-45.0,1.0,2.0,0.0,0.0,7534867
