index,date,ACCEL_X,ACCEL_Y,ACCEL_Z,1,2,3,4,5
0,1765820036904,-295,8193,-30,0,0,0,0,0
1,1765820036971,-303,8181,-36,0,0,0,0,0
2,1765820037054,-295,8187,-49,0,0,0,0,0
3,1765820037154,-305,8182,-44,0,0,0,0,0
4,1765820037322,-290,8190,-47,0,0,0,0,0
5,1765820037440,-294,8184,-39,0,0,0,0,0
6,1765820037670,-298,8178,-34,0,0,0,0,0
7,1765820037805,-302,8184,-42,0,0,0,0,0
8,1765820038055,-299,8186,-41,0,0,0,0,0
9,1765820038105,-303,8176,-40,0,0,0,0,0
10,1765820038355,-299,8181,-46,0,0,0,0,0
11,1765820038523,-304,8188,-28,0,0,0,0,0
12,1765820038671,-296,8186,-32,0,0,0,0,0
13,1765820038739,-302,8169,-42,0,0,0,0,0
14,1765820038972,-298,8192,-36,0,0,0,0,0
15,1765820039239,-298,8188,-40,0,0,0,0,0
16,1765820039522,-300,8182,-39,0,0,0,0,0
17,1765820039606,-298,8181,-36,0,0,0,0,0
18,1765820039956,-298,8186,-38,0,0,0,0,0
19,1765820040055,-300,8188,-40,0,0,0,0,0
20,1765820040305,-304,8187,-37,0,0,0,0,0
21,1765820040439,-298,8183,-39,0,0,0,0,0
22,1765820040689,-292,8184,-38,0,0,0,0,0
23,1765820040855,-298,8180,-31,0,0,0,0,0
24,1765820041005,-292,8181,-30,0,0,0,0,0
25,1765820041071,-295,8192,-29,0,0,0,0,0
26,1765820041322,-294,8184,-36,0,0,0,0,0
27,1765820041390,-298,8180,-47,0,0,0,0,0
28,1765820041539,-298,8191,-35,0,0,0,0,0
29,1765820041722,-296,8186,-38,0,0,0,0,0
30,1765820041972,-299,8184,-38,0,0,0,0,0
31,1765820042339,-308,8190,-33,0,0,0,0,0
32,1765820042421,-312,8186,-31,0,0,0,0,0
33,1765820042654,-296,8176,-42,0,0,0,0,0
34,1765820042787,-300,8180,-40,0,0,0,0,0
35,1765820042871,-300,8184,-34,0,0,0,0,0
36,1765820043221,-300,8182,-37,0,0,0,0,0
37,1765820043438,-304,8186,-36,0,0,0,0,0
38,1765820043671,-296,8180,-35,0,0,0,0,0
39,1765820043738,-303,8181,-38,0,0,0,0,0
40,1765820043888,-294,8184,-43,0,0,0,0,0
41,1765820044055,-295,8181,-42,0,0,0,0,0
42,1765820044305,-296,8194,-40,0,0,0,0,0
43,1765820044704,-297,8187,-34,0,0,0,0,0
44,1765820044788,-302,8190,-41,0,0,0,0,0
45,1765820045122,-298,8178,-48,0,0,0,0,0
46,1765820045221,-300,8175,-32,0,0,0,0,0
47,1765820045539,-300,8184,-43,0,0,0,0,0
48,1765820045755,-298,8183,-38,0,0,0,0,0
49,1765820045988,-301,8184,-36,0,0,0,0,0
50,1765820046088,-300,8185,-42,0,0,0,0,0
51,1765820046122,-294,8177,-39,0,0,0,0,0
52,1765820046206,-289,8187,-43,0,0,0,0,0
53,1765820046439,-308,8188,-38,0,0,0,0,0
54,1765820046704,-320,8181,-38,0,0,0,0,0
55,1765820047004,-315,8186,-30,0,0,0,0,0
56,1765820047105,-306,8182,-33,0,0,0,0,0
57,1765820047471,-313,8189,-37,0,0,0,0,0
58,1765820047522,-295,8191,-28,0,0,0,0,0
59,1765820047855,-300,8182,-37,0,0,0,0,0
60,1765820047889,-295,8180,-39,0,0,0,0,0
61,1765820048155,-297,8182,-25,0,0,0,0,0
62,1765820048322,-295,8189,-32,0,0,0,0,0
63,1765820048506,-292,8187,-35,0,0,0,0,0
64,1765820048622,-294,8183,-37,0,0,0,0,0
65,1765820048788,-317,8180,-40,0,0,0,0,0
66,1765820049338,-309,8182,-38,0,0,0,0,0
67,1765820049488,-289,8181,-28,0,0,0,0,0
68,1765820049805,-290,8182,-30,0,0,0,0,0
69,1765820049923,-288,8192,-28,0,0,0,0,0
70,1765820050272,-291,8182,-37,0,0,0,0,0
71,1765820050522,-294,8179,-30,0,0,0,0,0
72,1765820050672,-311,8181,-39,0,0,0,0,0
73,1765820050822,-284,8185,-40,0,0,0,0,0
74,1765820050905,-300,8180,-38,0,0,0,0,0
75,1765820051123,-302,8182,-37,0,0,0,0,0
76,1765820051339,-308,8178,-38,0,0,0,0,0
77,1765820051689,-296,8181,-36,0,0,0,0,0
78,1765820051855,-289,8189,-41,0,0,0,0,0
79,1765820051922,-311,8181,-38,0,0,0,0,0
80,1765820052172,-299,8184,-38,0,0,0,0,0
81,1765820052272,-290,8180,-30,0,0,0,0,0
82,1765820052655,-295,8181,-40,0,0,0,0,0
83,1765820052972,-304,8184,-31,0,0,0,0,0
84,1765820053205,-296,8182,-36,0,0,0,0,0
85,1765820053355,-309,8186,-44,0,0,0,0,0
86,1765820053506,-304,8191,-31,0,0,0,0,0
87,1765820053655,-300,8182,-35,0,0,0,0,0
88,1765820053722,-299,8187,-27,0,0,0,0,0
89,1765820054055,-299,8183,-42,0,0,0,0,0
90,1765820054388,-298,8186,-42,0,0,0,0,0
91,1765820054539,-298,8196,-35,0,0,0,0,0
92,1765820054705,-299,8186,-42,0,0,0,0,0
93,1765820054990,-294,8184,-36,0,0,0,0,0
94,1765820055255,-302,8183,-43,0,0,0,0,0
95,1765820055539,-299,8182,-41,0,0,0,0,0
96,1765820055622,-302,8179,-40,0,0,0,0,0
97,1765820055822,-299,8184,-36,0,0,0,0,0
98,1765820055971,-297,8183,-40,0,0,0,0,0
99,1765820056071,-310,8184,-38,0,0,0,0,0
100,1765820056290,-300,8189,-37,0,0,0,0,0
101,1765820056505,-288,8184,-43,0,0,0,0,0
102,1765820056839,-294,8178,-46,0,0,0,0,0
103,1765820056972,-296,8188,-39,0,0,0,0,0
104,1765820057056,-293,8184,-37,0,0,0,0,0
105,1765820057288,-300,8182,-36,0,0,0,0,0
106,1765820057355,-297,8174,-37,0,0,0,0,0
107,1765820057655,-290,8174,-47,0,0,0,0,0
108,1765820057905,-300,8181,-41,0,0,0,0,0
109,1765820058139,-300,8184,-38,0,0,0,0,0
110,1765820058256,-300,8187,-36,0,0,0,0,0
111,1765820058372,-301,8185,-38,0,0,0,0,0
112,1765820058588,-301,8182,-37,0,0,0,0,0
113,1765820058838,-297,8182,-45,0,0,0,0,0
114,1765820059105,-293,8182,-48,0,0,0,0,0
115,1765820059222,-298,8179,-41,0,0,0,0,0
116,1765820059372,-298,8182,-34,0,0,0,0,0
117,1765820059488,-302,8182,-37,0,0,0,0,0
118,1765820059673,-300,8177,-41,0,0,0,0,0
119,1765820059822,-304,8179,-44,0,0,0,0,0
120,1765820060139,-299,8181,-42,0,0,0,0,0
121,1765820060455,-301,8178,-46,0,0,0,0,0
122,1765820060689,-295,8183,-35,0,0,0,0,0
123,1765820060820,-295,8179,-40,0,0,0,0,0
124,1765820060972,-300,8184,-32,0,0,0,0,0
125,1765820061105,-291,8182,-40,0,0,0,0,0
126,1765820061204,-298,8182,-41,0,0,0,0,0
127,1765820061522,-298,8183,-46,0,0,0,0,0
128,1765820061639,-298,8186,-39,0,0,0,0,0
129,1765820061755,-289,8180,-44,0,0,0,0,0
130,1765820061925,-296,8181,-46,0,0,0,0,0
131,1765820062056,-292,8180,-36,0,0,0,0,0
132,1765820062272,-301,8190,-36,0,0,0,0,0
133,1765820062505,-306,8177,-42,0,0,0,0,0
134,1765820062723,-304,8186,-40,0,0,0,0,0
135,1765820062971,-296,8176,-34,0,0,0,0,0
136,1765820063089,-299,8189,-38,0,0,0,0,0
137,1765820063256,-304,8185,-40,0,0,0,0,0
138,1765820063472,-300,8178,-37,0,0,0,0,0
139,1765820063588,-303,8181,-42,0,0,0,0,0
140,1765820063789,-308,8179,-42,0,0,0,0,0
141,1765820063989,-298,8173,-38,0,0,0,0,0
142,1765820064222,-301,8180,-36,0,0,0,0,0
143,1765820064421,-303,8180,-36,0,0,0,0,0
144,1765820064622,-298,8182,-37,0,0,0,0,0
145,1765820064688,-300,8180,-34,0,0,0,0,0
146,1765820064905,-306,8186,-30,0,0,0,0,0
147,1765820064972,-298,8177,-36,0,0,0,0,0
148,1765820065038,-293,8184,-42,0,0,0,0,0
149,1765820065155,-292,8184,-43,0,0,0,0,0
150,1765820216238,-291,8172,-29,0,0,0,0,0
151,1765820216436,-305,8174,-32,0,0,0,0,0
152,1765820216703,-306,8175,-37,0,0,0,0,0
153,1765820217036,-293,8172,-30,0,0,0,0,0
154,1765820217137,-302,8171,-30,0,0,0,0,0
155,1765820217336,-300,8169,-43,0,0,0,0,0
156,1765820217486,-296,8172,-35,0,0,0,0,0
157,1765820217553,-299,8171,-42,0,0,0,0,0
158,1765820217902,-298,8175,-41,0,0,0,0,0
159,1765820217969,-302,8168,-38,0,0,0,0,0
160,1765820218237,-298,8173,-39,0,0,0,0,0
161,1765820218386,-302,8172,-36,0,0,0,0,0
162,1765820218569,-301,8175,-33,0,0,0,0,0
163,1765820218687,-300,8181,-43,0,0,0,0,0
164,1765820218853,-300,8168,-36,0,0,0,0,0
165,1765820219119,-298,8174,-32,0,0,0,0,0
166,1765820219420,-294,8172,-27,0,0,0,0,0
167,1765820219620,-301,8171,-33,0,0,0,0,0
168,1765820219735,-304,8172,-33,0,0,0,0,0
169,1765820219886,-289,8167,-36,0,0,0,0,0
170,1765820220086,-300,8170,-30,0,0,0,0,0
171,1765820220236,-299,8164,-35,0,0,0,0,0
172,1765820220386,-300,8174,-29,0,0,0,0,0
173,1765820220703,-303,8166,-31,0,0,0,0,0
174,1765820220921,-306,8176,-26,0,0,0,0,0
175,1765820221137,-301,8173,-32,0,0,0,0,0
176,1765820221220,-304,8174,-24,0,0,0,0,0
177,1765820221386,-301,8171,-26,0,0,0,0,0
178,1765820221570,-308,8173,-32,0,0,0,0,0
179,1765820221821,-301,8162,-33,0,0,0,0,0
180,1765820222204,-305,8171,-40,0,0,0,0,0
181,1765820222337,-307,8174,-38,0,0,0,0,0
182,1765820222487,-304,8178,-29,0,0,0,0,0
183,1765820222671,-304,8175,-38,0,0,0,0,0
184,1765820222937,-300,8170,-31,0,0,0,0,0
185,1765820223053,-302,8172,-24,0,0,0,0,0
186,1765820223203,-303,8179,-40,0,0,0,0,0
187,1765820223319,-295,8167,-34,0,0,0,0,0
188,1765820223504,-294,8178,-32,0,0,0,0,0
189,1765820223653,-300,8168,-36,0,0,0,0,0
190,1765820223769,-296,8170,-33,0,0,0,0,0
191,1765820224086,-297,8178,-37,0,0,0,0,0
192,1765820224470,-297,8176,-38,0,0,0,0,0
193,1765820224554,-305,8173,-32,0,0,0,0,0
194,1765820224786,-298,8178,-36,0,0,0,0,0
195,1765820224936,-298,8174,-36,0,0,0,0,0
196,1765820225003,-302,8170,-38,0,0,0,0,0
197,1765820225353,-304,8170,-32,0,0,0,0,0
198,1765820225637,-307,8170,-39,0,0,0,0,0
199,1765820225820,-298,8173,-30,0,0,0,0,0
200,1765820225985,-306,8170,-33,0,0,0,0,0
201,1765820226087,-304,8174,-36,0,0,0,0,0
202,1765820226286,-298,8174,-41,0,0,0,0,0
203,1765820226820,-296,8172,-36,0,0,0,0,0
204,1765820227019,-300,8171,-34,0,0,0,0,0
205,1765820227120,-303,8171,-37,0,0,0,0,0
206,1765820227286,-306,8172,-28,0,0,0,0,0
207,1765820227453,-298,8170,-33,0,0,0,0,0
208,1765820227719,-302,8168,-31,0,0,0,0,0
209,1765820227770,-304,8167,-25,0,0,0,0,0
210,1765820228103,-300,8176,-32,0,0,0,0,0
211,1765820228169,-304,8174,-30,0,0,0,0,0
212,1765820228320,-305,8173,-38,0,0,0,0,0
213,1765820228537,-308,8170,-32,0,0,0,0,0
214,1765820228619,-302,8166,-38,0,0,0,0,0
215,1765820228953,-298,8177,-40,0,0,0,0,0
216,1765820229170,-299,8172,-21,0,0,0,0,0
217,1765820229403,-307,8178,-24,0,0,0,0,0
218,1765820229553,-302,8178,-29,0,0,0,0,0
219,1765820229653,-296,8167,-29,0,0,0,0,0
220,1765820229885,-294,8172,-33,0,0,0,0,0
221,1765820230122,-306,8171,-36,0,0,0,0,0
222,1765820230452,-301,8180,-33,0,0,0,0,0
223,1765820230568,-300,8168,-39,0,0,0,0,0
224,1765820230688,-306,8172,-31,0,0,0,0,0
225,1765820230921,-305,8166,-39,0,0,0,0,0
226,1765820230987,-296,8178,-37,0,0,0,0,0
227,1765820231369,-306,8174,-32,0,0,0,0,0
228,1765820231637,-297,8174,-28,0,0,0,0,0
229,1765820231968,-299,8171,-32,0,0,0,0,0
230,1765820232068,-306,8176,-23,0,0,0,0,0
231,1765820232268,-294,8170,-26,0,0,0,0,0
232,1765820232386,-303,8171,-39,0,0,0,0,0
233,1765820232484,-295,8172,-30,0,0,0,0,0
234,1765820232801,-296,8171,-37,0,0,0,0,0
235,1765820233018,-300,8174,-32,0,0,0,0,0
236,1765820233184,-307,8168,-38,0,0,0,0,0
237,1765820233318,-298,8169,-33,0,0,0,0,0
238,1765820233468,-296,8170,-37,0,0,0,0,0
239,1765820233535,-299,8172,-37,0,0,0,0,0
240,1765820233751,-306,8178,-34,0,0,0,0,0
241,1765820234051,-298,8168,-33,0,0,0,0,0
242,1765820234335,-306,8163,-34,0,0,0,0,0
243,1765820234451,-303,8176,-34,0,0,0,0,0
244,1765820234751,-298,8172,-32,0,0,0,0,0
245,1765820234868,-297,8172,-34,0,0,0,0,0
246,1765820235284,-299,8173,-34,0,0,0,0,0
247,1765820235535,-306,8177,-35,0,0,0,0,0
248,1765820235702,-303,8173,-44,0,0,0,0,0
249,1765820235769,-300,8176,-28,0,0,0,0,0
250,1765820235901,-303,8168,-36,0,0,0,0,0
251,1765820236051,-298,8172,-36,0,0,0,0,0
252,1765820236201,-296,8168,-35,0,0,0,0,0
253,1765820236401,-301,8170,-30,0,0,0,0,0
254,1765820236718,-284,8170,-46,0,0,0,0,0
255,1765820236784,-301,8161,-42,0,0,0,0,0
256,1765820237001,-294,8168,-31,0,0,0,0,0
257,1765820237220,-306,8171,-34,0,0,0,0,0
258,1765820237284,-298,8165,-32,0,0,0,0,0
259,1765820237451,-298,8179,-35,0,0,0,0,0
260,1765820237534,-302,8175,-33,0,0,0,0,0
261,1765820237734,-305,8171,-40,0,0,0,0,0
262,1765820238218,-297,8168,-28,0,0,0,0,0
263,1765820238335,-300,8166,-40,0,0,0,0,0
264,1765820238502,-304,8164,-33,0,0,0,0,0
265,1765820238551,-299,8171,-39,0,0,0,0,0
266,1765820238701,-294,8166,-40,0,0,0,0,0
267,1765820238851,-296,8176,-36,0,0,0,0,0
268,1765820239002,-297,8172,-38,0,0,0,0,0
269,1765820239201,-304,8164,-37,0,0,0,0,0
270,1765820239451,-293,8165,-33,0,0,0,0,0
271,1765820239868,-296,8166,-36,0,0,0,0,0
272,1765820239968,-300,8166,-33,0,0,0,0,0
273,1765820240151,-301,8170,-40,0,0,0,0,0
274,1765820240334,-297,8176,-29,0,0,0,0,0
275,1765820240468,-300,8172,-30,0,0,0,0,0
276,1765820240784,-303,8172,-39,0,0,0,0,0
277,1765820240851,-304,8168,-32,0,0,0,0,0
278,1765820241035,-294,8178,-39,0,0,0,0,0
279,1765820241269,-300,8170,-36,0,0,0,0,0
280,1765820241485,-300,8170,-33,0,0,0,0,0
281,1765820241535,-300,8166,-34,0,0,0,0,0
282,1765820241768,-298,8168,-34,0,0,0,0,0
283,1765820241987,-299,8166,-39,0,0,0,0,0
284,1765820242052,-298,8169,-41,0,0,0,0,0
285,1765820242385,-305,8176,-34,0,0,0,0,0
286,1765820242587,-300,8174,-24,0,0,0,0,0
287,1765820242686,-303,8165,-32,0,0,0,0,0
288,1765820242870,-300,8170,-27,0,0,0,0,0
289,1765820242969,-302,8170,-34,0,0,0,0,0
290,1765820243085,-304,8175,-23,0,0,0,0,0
291,1765820243169,-328,8166,-29,0,0,0,0,0
292,1765820243487,-307,8171,-25,0,0,0,0,0
293,1765820243632,-324,8157,-29,0,0,0,0,0
294,1765820243925,-286,8170,-48,0,0,0,0,0
295,1765820244005,-272,8170,-35,0,0,0,0,0
296,1765820244170,-298,8168,-40,0,0,0,0,0
297,1765820244337,-278,8170,-41,0,0,0,0,0
298,1765820244453,-290,8175,-42,0,0,0,0,0
299,1765820245019,-313,8171,-38,0,0,0,0,0
300,1765820371901,-303,8176,-38,0,0,0,0,0
301,1765820372017,-314,8172,-25,0,0,0,0,0
302,1765820372203,-303,8168,-22,0,0,0,0,0
303,1765820372351,-288,8168,-32,0,0,0,0,0
304,1765820372401,-305,8162,-36,0,0,0,0,0
305,1765820372534,-301,8182,-36,0,0,0,0,0
306,1765820372801,-300,8180,-30,0,0,0,0,0
307,1765820373217,-301,8167,-34,0,0,0,0,0
308,1765820373301,-290,8157,-28,0,0,0,0,0
309,1765820373501,-304,8175,-36,0,0,0,0,0
310,1765820373651,-296,8168,-24,0,0,0,0,0
311,1765820373784,-305,8161,-24,0,0,0,0,0
312,1765820374101,-306,8160,-33,0,0,0,0,0
313,1765820374301,-304,8162,-31,0,0,0,0,0
314,1765820374384,-299,8167,-32,0,0,0,0,0
315,1765820374601,-296,8163,-36,0,0,0,0,0
316,1765820374801,-295,8174,-23,0,0,0,0,0
317,1765820374867,-298,8165,-34,0,0,0,0,0
318,1765820375083,-308,8169,-38,0,0,0,0,0
319,1765820375266,-292,8164,-28,0,0,0,0,0
320,1765820375368,-294,8181,-24,0,0,0,0,0
321,1765820375684,-320,8159,-34,0,0,0,0,0
322,1765820375851,-303,8166,-38,0,0,0,0,0
323,1765820375951,-308,8170,-25,0,0,0,0,0
324,1765820376135,-308,8167,-33,0,0,0,0,0
325,1765820376217,-295,8165,-29,0,0,0,0,0
326,1765820376400,-314,8168,-32,0,0,0,0,0
327,1765820376617,-293,8170,-30,0,0,0,0,0
328,1765820376851,-294,8174,-22,0,0,0,0,0
329,1765820376951,-310,8170,-25,0,0,0,0,0
330,1765820377218,-287,8166,-39,0,0,0,0,0
331,1765820377284,-297,8166,-32,0,0,0,0,0
332,1765820377650,-296,8170,-27,0,0,0,0,0
333,1765820377767,-302,8170,-24,0,0,0,0,0
334,1765820378100,-302,8168,-23,0,0,0,0,0
335,1765820378351,-308,8163,-28,0,0,0,0,0
336,1765820378550,-302,8168,-32,0,0,0,0,0
337,1765820378735,-307,8160,-34,0,0,0,0,0
338,1765820378834,-300,8165,-37,0,0,0,0,0
339,1765820379018,-295,8168,-30,0,0,0,0,0
340,1765820379201,-306,8171,-37,0,0,0,0,0
341,1765820379317,-308,8165,-30,0,0,0,0,0
342,1765820379617,-302,8167,-35,0,0,0,0,0
343,1765820379701,-307,8170,-32,0,0,0,0,0
344,1765820379900,-297,8168,-26,0,0,0,0,0
345,1765820380083,-306,8168,-27,0,0,0,0,0
346,1765820380183,-304,8169,-33,0,0,0,0,0
347,1765820380383,-302,8161,-27,0,0,0,0,0
348,1765820380551,-299,8170,-32,0,0,0,0,0
349,1765820380767,-306,8164,-26,0,0,0,0,0
350,1765820380934,-302,8176,-21,0,0,0,0,0
351,1765820381218,-298,8170,-40,0,0,0,0,0
352,1765820381334,-294,8166,-38,0,0,0,0,0
353,1765820381434,-302,8167,-28,0,0,0,0,0
354,1765820381633,-297,8166,-32,0,0,0,0,0
355,1765820381734,-294,8167,-27,0,0,0,0,0
356,1765820382284,-297,8170,-26,0,0,0,0,0
357,1765820382518,-303,8164,-36,0,0,0,0,0
358,1765820382634,-298,8171,-28,0,0,0,0,0
359,1765820382751,-302,8170,-27,0,0,0,0,0
360,1765820382984,-302,8166,-23,0,0,0,0,0
361,1765820383200,-302,8168,-40,0,0,0,0,0
362,1765820383517,-301,8176,-41,0,0,0,0,0
363,1765820383617,-290,8164,-27,0,0,0,0,0
364,1765820383951,-292,8171,-37,0,0,0,0,0
365,1765820384033,-291,8163,-31,0,0,0,0,0
366,1765820384384,-303,8170,-36,0,0,0,0,0
367,1765820384634,-300,8164,-33,0,0,0,0,0
368,1765820384818,-296,8172,-30,0,0,0,0,0
369,1765820384985,-295,8161,-30,0,0,0,0,0
370,1765820385084,-303,8167,-33,0,0,0,0,0
371,1765820385268,-301,8170,-24,0,0,0,0,0
372,1765820385800,-297,8165,-31,0,0,0,0,0
373,1765820385918,-295,8170,-34,0,0,0,0,0
374,1765820386251,-302,8164,-28,0,0,0,0,0
375,1765820386367,-299,8163,-24,0,0,0,0,0
376,1765820386649,-299,8166,-20,0,0,0,0,0
377,1765820386717,-302,8166,-39,0,0,0,0,0
378,1765820387002,-306,8174,-29,0,0,0,0,0
379,1765820387102,-298,8168,-26,0,0,0,0,0
380,1765820387267,-298,8168,-35,0,0,0,0,0
381,1765820387384,-309,8170,-39,0,0,0,0,0
382,1765820387550,-303,8169,-37,0,0,0,0,0
383,1765820388118,-295,8166,-26,0,0,0,0,0
384,1765820388301,-302,8168,-29,0,0,0,0,0
385,1765820388417,-302,8168,-33,0,0,0,0,0
386,1765820388567,-301,8170,-37,0,0,0,0,0
387,1765820388751,-296,8166,-33,0,0,0,0,0
388,1765820388900,-292,8169,-26,0,0,0,0,0
389,1765820389018,-304,8160,-34,0,0,0,0,0
390,1765820389284,-295,8162,-36,0,0,0,0,0
391,1765820389417,-302,8178,-33,0,0,0,0,0
392,1765820389567,-306,8174,-34,0,0,0,0,0
393,1765820389667,-300,8170,-31,0,0,0,0,0
394,1765820389867,-295,8165,-38,0,0,0,0,0
395,1765820390033,-303,8165,-26,0,0,0,0,0
396,1765820390334,-299,8164,-33,0,0,0,0,0
397,1765820390650,-310,8167,-38,0,0,0,0,0
398,1765820390717,-300,8168,-34,0,0,0,0,0
399,1765820390867,-298,8171,-26,0,0,0,0,0
400,1765820391034,-296,8167,-26,0,0,0,0,0
401,1765820391151,-294,8175,-37,0,0,0,0,0
402,1765820391317,-304,8172,-27,0,0,0,0,0
403,1765820391434,-300,8164,-34,0,0,0,0,0
404,1765820391700,-297,8169,-26,0,0,0,0,0
405,1765820392034,-294,8165,-24,0,0,0,0,0
406,1765820392168,-300,8166,-30,0,0,0,0,0
407,1765820392368,-306,8176,-39,0,0,0,0,0
408,1765820392617,-300,8167,-30,0,0,0,0,0
409,1765820392949,-307,8167,-26,0,0,0,0,0
410,1765820393034,-296,8170,-29,0,0,0,0,0
411,1765820393167,-300,8161,-28,0,0,0,0,0
412,1765820393334,-297,8168,-32,0,0,0,0,0
413,1765820393467,-299,8169,-26,0,0,0,0,0
414,1765820393751,-302,8174,-29,0,0,0,0,0
415,1765820394017,-298,8168,-29,0,0,0,0,0
416,1765820394418,-294,8178,-32,0,0,0,0,0
417,1765820394484,-296,8168,-39,0,0,0,0,0
418,1765820394717,-303,8164,-32,0,0,0,0,0
419,1765820394801,-294,8168,-34,0,0,0,0,0
420,1765820394934,-298,8172,-27,0,0,0,0,0
421,1765820395250,-311,8164,-30,0,0,0,0,0
422,1765820395334,-306,8172,-32,0,0,0,0,0
423,1765820395467,-299,8168,-32,0,0,0,0,0
424,1765820395700,-299,8165,-32,0,0,0,0,0
425,1765820395768,-304,8175,-34,0,0,0,0,0
426,1765820396169,-301,8168,-32,0,0,0,0,0
427,1765820396418,-302,8169,-38,0,0,0,0,0
428,1765820396720,-297,8163,-30,0,0,0,0,0
429,1765820396801,-302,8168,-31,0,0,0,0,0
430,1765820397016,-304,8162,-23,0,0,0,0,0
431,1765820397117,-299,8170,-32,0,0,0,0,0
432,1765820397217,-308,8173,-36,0,0,0,0,0
433,1765820397550,-299,8164,-28,0,0,0,0,0
434,1765820502534,-300,8166,-30,0,0,0,0,0
435,1765820502633,-292,8162,-30,0,0,0,0,0
436,1765820502982,-303,8166,-34,0,0,0,0,0
437,1765820503248,-290,8166,-30,0,0,0,0,0
438,1765820503582,-310,8164,-24,0,0,0,0,0
439,1765820503666,-302,8167,-38,0,0,0,0,0
440,1765820503915,-298,8167,-37,0,0,0,0,0
441,1765820504132,-302,8169,-24,0,0,0,0,0
442,1765820504249,-308,8162,-30,0,0,0,0,0
443,1765820504532,-305,8162,-41,0,0,0,0,0
444,1765820504766,-306,8164,-25,0,0,0,0,0
445,1765820504965,-301,8164,-34,0,0,0,0,0
446,1765820505099,-300,8158,-30,0,0,0,0,0
447,1765820505216,-300,8161,-26,0,0,0,0,0
448,1765820505450,-297,8154,-35,0,0,0,0,0
449,1765820505733,-300,8159,-26,0,0,0,0,0
450,1765820506014,-295,8165,-44,0,0,0,0,0
451,1765820506116,-304,8166,-28,0,0,0,0,0
452,1765820506300,-301,8156,-29,0,0,0,0,0
453,1765820506399,-302,8161,-32,0,0,0,0,0
454,1765820506533,-299,8164,-39,0,0,0,0,0
455,1765820506769,-299,8163,-27,0,0,0,0,0
456,1765820506999,-302,8168,-26,0,0,0,0,0
457,1765820507283,-300,8161,-28,0,0,0,0,0
458,1765820507399,-301,8162,-34,0,0,0,0,0
459,1765820507565,-297,8163,-26,0,0,0,0,0
460,1765820507633,-299,8157,-26,0,0,0,0,0
461,1765820507866,-300,8168,-34,0,0,0,0,0
462,1765820508065,-306,8163,-20,0,0,0,0,0
463,1765820508164,-310,8165,-24,0,0,0,0,0
464,1765820508465,-296,8166,-31,0,0,0,0,0
465,1765820508699,-302,8163,-38,0,0,0,0,0
466,1765820508915,-292,8166,-35,0,0,0,0,0
467,1765820509000,-296,8162,-30,0,0,0,0,0
468,1765820509149,-304,8162,-25,0,0,0,0,0
469,1765820509282,-298,8164,-34,0,0,0,0,0
470,1765820509450,-305,8162,-30,0,0,0,0,0
471,1765820509949,-298,8166,-26,0,0,0,0,0
472,1765820510032,-297,8166,-31,0,0,0,0,0
473,1765820510232,-298,8161,-38,0,0,0,0,0
474,1765820510416,-296,8162,-35,0,0,0,0,0
475,1765820510515,-298,8161,-26,0,0,0,0,0
476,1765820510783,-308,8165,-26,0,0,0,0,0
477,1765820510899,-298,8166,-26,0,0,0,0,0
478,1765820511149,-294,8155,-38,0,0,0,0,0
479,1765820511348,-307,8168,-31,0,0,0,0,0
480,1765820511532,-300,8170,-28,0,0,0,0,0
481,1765820511599,-311,8164,-28,0,0,0,0,0
482,1765820511799,-298,8156,-23,0,0,0,0,0
483,1765820511899,-300,8172,-21,0,0,0,0,0
484,1765820512082,-299,8168,-24,0,0,0,0,0
485,1765820512384,-304,8162,-34,0,0,0,0,0
486,1765820512450,-301,8164,-26,0,0,0,0,0
487,1765820512665,-296,8165,-35,0,0,0,0,0
488,1765820512816,-299,8172,-28,0,0,0,0,0
489,1765820512949,-301,8170,-40,0,0,0,0,0
490,1765820513149,-356,8191,-8,0,0,0,0,0
491,1765820513266,-290,8194,22,0,0,0,0,0
492,1765820513449,-275,8179,-33,0,0,0,0,0
493,1765820513650,-344,8102,11,0,0,0,0,0
494,1765820513732,-260,8320,8,0,0,0,0,0
495,1765820514032,-294,8174,-78,0,0,0,0,0
496,1765820514249,-282,8205,-43,0,0,0,0,0
497,1765820514381,-186,8181,-97,0,0,0,0,0
498,1765820514549,-303,8249,-22,0,0,0,0,0
499,1765820514665,-400,8202,42,0,0,0,0,0
500,1765820514765,-332,8149,21,0,0,0,0,0
501,1765820514882,-317,8219,-58,0,0,0,0,0
502,1765820515099,-229,8250,-11,0,0,0,0,0
503,1765820515299,-264,8172,-34,0,0,0,0,0
504,1765820515599,-264,8197,-70,0,0,0,0,0
505,1765820515682,-317,8119,-39,0,0,0,0,0
506,1765820515882,-262,8176,-36,0,0,0,0,0
507,1765820516032,-308,8151,-26,0,0,0,0,0
508,1765820516165,-348,8170,-31,0,0,0,0,0
509,1765820516515,-328,8180,-24,0,0,0,0,0
510,1765820516783,-289,8168,-37,0,0,0,0,0
511,1765820517166,-299,8156,-38,0,0,0,0,0
512,1765820517281,-288,8167,-38,0,0,0,0,0
513,1765820517464,-291,8161,-41,0,0,0,0,0
514,1765820517717,-280,8172,-36,0,0,0,0,0
515,1765820517764,-288,8162,-35,0,0,0,0,0
516,1765820518082,-312,8171,-34,0,0,0,0,0
517,1765820518298,-265,8167,-29,0,0,0,0,0
518,1765820518415,-313,8167,-26,0,0,0,0,0
519,1765820518598,-328,8157,-29,0,0,0,0,0
520,1765820518781,-287,8158,-26,0,0,0,0,0
521,1765820518898,-307,8164,-26,0,0,0,0,0
522,1765820519115,-300,8160,-30,0,0,0,0,0
523,1765820519247,-304,8165,-29,0,0,0,0,0
524,1765820519531,-313,8161,-34,0,0,0,0,0
525,1765820519665,-296,8160,-27,0,0,0,0,0
526,1765820519831,-278,8170,-29,0,0,0,0,0
527,1765820519949,-283,8154,-30,0,0,0,0,0
528,1765820520115,-308,8178,-37,0,0,0,0,0
529,1765820520682,-308,8175,-33,0,0,0,0,0
530,1765820520932,-296,8160,-30,0,0,0,0,0
531,1765820521083,-302,8170,-30,0,0,0,0,0
532,1765820521166,-299,8170,-28,0,0,0,0,0
533,1765820521416,-294,8158,-22,0,0,0,0,0
534,1765820521615,-293,8161,-26,0,0,0,0,0
535,1765820521950,-306,8163,-26,0,0,0,0,0
536,1765820522082,-301,8166,-24,0,0,0,0,0
537,1765820522182,-303,8157,-26,0,0,0,0,0
538,1765820522432,-304,8157,-28,0,0,0,0,0
539,1765820522498,-299,8165,-26,0,0,0,0,0
540,1765820522882,-308,8160,-27,0,0,0,0,0
541,1765820523166,-294,8168,-30,0,0,0,0,0
542,1765820523432,-294,8164,-25,0,0,0,0,0
543,1765820523582,-294,8160,-32,0,0,0,0,0
544,1765820523733,-308,8162,-26,0,0,0,0,0
545,1765820523899,-290,8171,-31,0,0,0,0,0
546,1765820523982,-293,8162,-32,0,0,0,0,0
547,1765820524282,-301,8161,-38,0,0,0,0,0
548,1765820524616,-300,8157,-27,0,0,0,0,0
549,1765820524749,-307,8172,-33,0,0,0,0,0
550,1765820524965,-298,8166,-28,0,0,0,0,0
551,1765820525066,-300,8173,-26,0,0,0,0,0
552,1765820525215,-300,8170,-30,0,0,0,0,0
553,1765820525531,-310,8162,-34,0,0,0,0,0
554,1765820525666,-301,8174,-35,0,0,0,0,0
555,1765820525766,-299,8169,-21,0,0,0,0,0
556,1765820525997,-300,8167,-30,0,0,0,0,0
557,1765820526083,-299,8172,-31,0,0,0,0,0
558,1765820526232,-304,8158,-32,0,0,0,0,0
559,1765820526565,-298,8173,-24,0,0,0,0,0
560,1765820526715,-300,8165,-26,0,0,0,0,0
561,1765820526849,-299,8163,-25,0,0,0,0,0
562,1765820527049,-301,8170,-26,0,0,0,0,0
563,1765820527199,-296,8162,-25,0,0,0,0,0
564,1765820527500,-302,8159,-24,0,0,0,0,0
565,1765820527782,-309,8164,-25,0,0,0,0,0
566,1765820527882,-299,8166,-32,0,0,0,0,0
567,1765820528049,-304,8160,-28,0,0,0,0,0
568,1765820528199,-301,8158,-28,0,0,0,0,0
569,1765820528332,-306,8162,-32,0,0,0,0,0
570,1765820528533,-302,8166,-36,0,0,0,0,0
571,1765820581732,-297,8162,-24,0,0,0,0,0
572,1765820581965,-297,8171,-40,0,0,0,0,0
573,1765820582148,-310,8160,-34,0,0,0,0,0
574,1765820582366,-296,8160,-29,0,0,0,0,0
575,1765820582415,-297,8168,-25,0,0,0,0,0
576,1765820582647,-313,8159,-37,0,0,0,0,0
577,1765820582832,-304,8167,-31,0,0,0,0,0
578,1765820582931,-307,8167,-30,0,0,0,0,0
579,1765820583215,-296,8172,-29,0,0,0,0,0
580,1765820583349,-290,8162,-31,0,0,0,0,0
581,1765820583564,-294,8172,-38,0,0,0,0,0
582,1765820583731,-301,8173,-30,0,0,0,0,0
583,1765820583831,-305,8164,-30,0,0,0,0,0
584,1765820583915,-307,8162,-23,0,0,0,0,0
585,1765820584031,-298,8171,-28,0,0,0,0,0
586,1765820584215,-292,8170,-30,0,0,0,0,0
587,1765820584465,-306,8165,-28,0,0,0,0,0
588,1765820584798,-298,8168,-30,0,0,0,0,0
589,1765820584931,-307,8171,-30,0,0,0,0,0
590,1765820585131,-302,8172,-32,0,0,0,0,0
591,1765820585282,-297,8168,-33,0,0,0,0,0
592,1765820585415,-301,8161,-28,0,0,0,0,0
593,1765820585781,-299,8167,-33,0,0,0,0,0
594,1765820586031,-295,8172,-36,0,0,0,0,0
595,1765820586148,-296,8166,-35,0,0,0,0,0
596,1765820586232,-296,8164,-35,0,0,0,0,0
597,1765820586364,-296,8164,-38,0,0,0,0,0
598,1765820586515,-297,8168,-33,0,0,0,0,0
599,1765820586648,-296,8171,-38,0,0,0,0,0
600,1765820586798,-296,8171,-34,0,0,0,0,0
601,1765820586865,-296,8165,-27,0,0,0,0,0
602,1765820587182,-300,8162,-27,0,0,0,0,0
603,1765820587481,-300,8165,-30,0,0,0,0,0
604,1765820587649,-298,8171,-26,0,0,0,0,0
605,1765820587831,-296,8169,-30,0,0,0,0,0
606,1765820588114,-300,8165,-32,0,0,0,0,0
607,1765820588431,-302,8162,-37,0,0,0,0,0
608,1765820588648,-300,8172,-37,0,0,0,0,0
609,1765820588848,-300,8166,-39,0,0,0,0,0
610,1765820588931,-296,8163,-34,0,0,0,0,0
611,1765820589099,-298,8164,-24,0,0,0,0,0
612,1765820589232,-299,8164,-40,0,0,0,0,0
613,1765820589498,-296,8164,-30,0,0,0,0,0
614,1765820589880,-300,8161,-41,0,0,0,0,0
615,1765820589949,-296,8161,-28,0,0,0,0,0
616,1765820590198,-302,8170,-35,0,0,0,0,0
617,1765820590331,-302,8165,-39,0,0,0,0,0
618,1765820590398,-302,8166,-34,0,0,0,0,0
619,1765820590748,-304,8169,-24,0,0,0,0,0
620,1765820590865,-303,8168,-44,0,0,0,0,0
621,1765820590964,-301,8164,-32,0,0,0,0,0
622,1765820591181,-300,8162,-29,0,0,0,0,0
623,1765820591314,-304,8164,-29,0,0,0,0,0
624,1765820591664,-306,8166,-28,0,0,0,0,0
625,1765820591965,-299,8169,-35,0,0,0,0,0
626,1765820592048,-297,8167,-28,0,0,0,0,0
627,1765820592165,-300,8171,-34,0,0,0,0,0
628,1765820592398,-301,8165,-30,0,0,0,0,0
629,1765820592465,-296,8163,-30,0,0,0,0,0
630,1765820592647,-299,8165,-26,0,0,0,0,0
631,1765820592947,-301,8164,-32,0,0,0,0,0
632,1765820593031,-299,8164,-27,0,0,0,0,0
633,1765820593398,-304,8166,-28,0,0,0,0,0
634,1765820593515,-299,8164,-29,0,0,0,0,0
635,1765820593864,-316,8165,-29,0,0,0,0,0
636,1765820594131,-306,8156,-21,0,0,0,0,0
637,1765820594248,-282,8176,-38,0,0,0,0,0
638,1765820594399,-323,8174,-18,0,0,0,0,0
639,1765820594498,-268,8191,-40,0,0,0,0,0
640,1765820594698,-285,8127,-20,0,0,0,0,0
641,1765820595265,-268,8218,-52,0,0,0,0,0
642,1765820595481,-232,8194,-42,0,0,0,0,0
643,1765820595598,-279,8202,-43,0,0,0,0,0
644,1765820595715,-309,8136,-20,0,0,0,0,0
645,1765820595930,-299,8186,-20,0,0,0,0,0
646,1765820596164,-289,8183,-20,0,0,0,0,0
647,1765820596498,-288,8176,-36,0,0,0,0,0
648,1765820596615,-318,8148,-25,0,0,0,0,0
649,1765820596715,-304,8158,-31,0,0,0,0,0
650,1765820596946,-281,8174,-38,0,0,0,0,0
651,1765820597031,-271,8177,-36,0,0,0,0,0
652,1765820597398,-313,8159,-36,0,0,0,0,0
653,1765820597680,-291,8155,-28,0,0,0,0,0
654,1765820597815,-291,8166,-33,0,0,0,0,0
655,1765820597965,-299,8157,-26,0,0,0,0,0
656,1765820598131,-303,8182,-31,0,0,0,0,0
657,1765820598264,-305,8166,-28,0,0,0,0,0
658,1765820598514,-305,8163,-32,0,0,0,0,0
659,1765820598798,-299,8174,-30,0,0,0,0,0
660,1765820599031,-312,8161,-37,0,0,0,0,0
661,1765820599165,-293,8168,-32,0,0,0,0,0
662,1765820599281,-295,8166,-33,0,0,0,0,0
663,1765820599497,-296,8159,-34,0,0,0,0,0
664,1765820599731,-298,8158,-26,0,0,0,0,0
665,1765820600048,-304,8166,-40,0,0,0,0,0
666,1765820600181,-302,8158,-25,0,0,0,0,0
667,1765820600198,-300,8166,-30,0,0,0,0,0
668,1765820600264,-311,8166,-29,0,0,0,0,0
669,1765820600497,-301,8163,-23,0,0,0,0,0
670,1765820600614,-296,8165,-30,0,0,0,0,0
671,1765820601048,-303,8166,-35,0,0,0,0,0
672,1765820601264,-294,8161,-30,0,0,0,0,0
673,1765820601364,-300,8166,-30,0,0,0,0,0
674,1765820601381,-297,8162,-32,0,0,0,0,0
675,1765820601531,-290,8171,-32,0,0,0,0,0
676,1765820601715,-291,8166,-28,0,0,0,0,0
677,1765820601981,-301,8165,-35,0,0,0,0,0
678,1765820602298,-307,8164,-30,0,0,0,0,0
679,1765820602381,-296,8166,-34,0,0,0,0,0
680,1765820602732,-306,8168,-32,0,0,0,0,0
681,1765820602814,-290,8156,-34,0,0,0,0,0
682,1765820603213,-310,8164,-26,0,0,0,0,0
683,1765820603555,-309,8164,-41,0,0,0,0,0
684,1765820603614,-301,8164,-34,0,0,0,0,0
685,1765820603781,-311,8166,-46,0,0,0,0,0
686,1765820603933,-300,8156,-25,0,0,0,0,0
687,1765820604065,-291,8160,-34,0,0,0,0,0
688,1765820604614,-306,8164,-38,0,0,0,0,0
689,1765820604830,-292,8161,-41,0,0,0,0,0
690,1765820604981,-287,8167,-32,0,0,0,0,0
691,1765820605081,-286,8165,-36,0,0,0,0,0
692,1765820605298,-299,8155,-36,0,0,0,0,0
693,1765820605481,-298,8161,-32,0,0,0,0,0
694,1765820605715,-301,8156,-36,0,0,0,0,0
695,1765820605881,-306,8165,-40,0,0,0,0,0
696,1765820606031,-309,8164,-32,0,0,0,0,0
697,1765820606114,-295,8162,-39,0,0,0,0,0
698,1765820606331,-300,8160,-42,0,0,0,0,0
699,1765820606482,-297,8162,-28,0,0,0,0,0
700,1765820606864,-284,8162,-42,0,0,0,0,0
701,1765820607050,-285,8165,-32,0,0,0,0,0
702,1765820607165,-297,8165,-33,0,0,0,0,0
703,1765820607332,-297,8165,-31,0,0,0,0,0
704,1765820607531,-305,8168,-36,0,0,0,0,0
705,1765820607783,-301,8161,-34,0,0,0,0,0
706,1765820608130,-297,8164,-30,0,0,0,0,0
707,1765820608215,-302,8164,-29,0,0,0,0,0
708,1765820608582,-296,8162,-33,0,0,0,0,0
709,1765820608648,-300,8156,-38,0,0,0,0,0
710,1765820663597,-300,8164,-31,0,0,0,0,0
711,1765820663847,-304,8170,-36,0,0,0,0,0
712,1765820664029,-310,8165,-36,0,0,0,0,0
713,1765820664130,-302,8162,-29,0,0,0,0,0
714,1765820664397,-298,8168,-33,0,0,0,0,0
715,1765820664464,-306,8162,-29,0,0,0,0,0
716,1765820664547,-298,8167,-28,0,0,0,0,0
717,1765820664764,-291,8167,-36,0,0,0,0,0
718,1765820664897,-301,8161,-30,0,0,0,0,0
719,1765820665147,-304,8167,-35,0,0,0,0,0
720,1765820665380,-304,8164,-34,0,0,0,0,0
721,1765820665464,-294,8162,-28,0,0,0,0,0
722,1765820665679,-300,8169,-31,0,0,0,0,0
723,1765820665764,-303,8164,-26,0,0,0,0,0
724,1765820665946,-303,8160,-38,0,0,0,0,0
725,1765820666080,-298,8165,-28,0,0,0,0,0
726,1765820666297,-304,8162,-20,0,0,0,0,0
727,1765820666381,-307,8163,-37,0,0,0,0,0
728,1765820666447,-308,8150,-24,0,0,0,0,0
729,1765820666713,-300,8154,-33,0,0,0,0,0
730,1765820666796,-288,8163,-32,0,0,0,0,0
731,1765820667014,-302,8160,-36,0,0,0,0,0
732,1765820667246,-293,8159,-37,0,0,0,0,0
733,1765820667397,-304,8160,-29,0,0,0,0,0
734,1765820667629,-301,8162,-40,0,0,0,0,0
735,1765820667696,-291,8168,-35,0,0,0,0,0
736,1765820667781,-292,8161,-40,0,0,0,0,0
737,1765820668014,-296,8169,-37,0,0,0,0,0
738,1765820668112,-294,8160,-30,0,0,0,0,0
739,1765820668331,-296,8164,-24,0,0,0,0,0
740,1765820668597,-299,8154,-36,0,0,0,0,0
741,1765820668713,-298,8161,-36,0,0,0,0,0
742,1765820668963,-300,8160,-33,0,0,0,0,0
743,1765820669064,-298,8155,-24,0,0,0,0,0
744,1765820669196,-288,8156,-31,0,0,0,0,0
745,1765820669346,-295,8166,-27,0,0,0,0,0
746,1765820669497,-320,8156,-30,0,0,0,0,0
747,1765820669664,-314,8164,-29,0,0,0,0,0
748,1765820669980,-298,8166,-33,0,0,0,0,0
749,1765820670064,-291,8165,-30,0,0,0,0,0
750,1765820670264,-296,8166,-39,0,0,0,0,0
751,1765820670513,-293,8173,-25,0,0,0,0,0
752,1765820670663,-308,8169,-24,0,0,0,0,0
753,1765820670880,-296,8156,-26,0,0,0,0,0
754,1765820670964,-302,8165,-19,0,0,0,0,0
755,1765820671279,-320,8159,-23,0,0,0,0,0
756,1765820671463,-288,8150,-30,0,0,0,0,0
757,1765820671597,-266,8168,-37,0,0,0,0,0
758,1765820671880,-255,8164,-18,0,0,0,0,0
759,1765820671964,-299,8170,-30,0,0,0,0,0
760,1765820672231,-342,8149,-34,0,0,0,0,0
761,1765820672331,-283,8156,-28,0,0,0,0,0
762,1765820672581,-304,8168,-37,0,0,0,0,0
763,1765820672763,-282,8164,-33,0,0,0,0,0
764,1765820672896,-289,8166,-25,0,0,0,0,0
765,1765820673213,-320,8141,-22,0,0,0,0,0
766,1765820673297,-296,8175,-36,0,0,0,0,0
767,1765820673498,-276,8154,-26,0,0,0,0,0
768,1765820673664,-280,8158,-16,0,0,0,0,0
769,1765820673896,-310,8164,-15,0,0,0,0,0
770,1765820674063,-302,8169,-29,0,0,0,0,0
771,1765820674196,-294,8161,-30,0,0,0,0,0
772,1765820674513,-298,8162,-31,0,0,0,0,0
773,1765820674580,-294,8166,-36,0,0,0,0,0
774,1765820674815,-297,8160,-37,0,0,0,0,0
775,1765820674930,-298,8158,-28,0,0,0,0,0
776,1765820675197,-280,8174,-23,0,0,0,0,0
777,1765820675397,-311,8167,-35,0,0,0,0,0
778,1765820675514,-320,8151,-28,0,0,0,0,0
779,1765820675814,-327,8140,-24,0,0,0,0,0
780,1765820675897,-333,8184,-38,0,0,0,0,0
781,1765820676129,-282,8171,-35,0,0,0,0,0
782,1765820676247,-262,8152,-31,0,0,0,0,0
783,1765820676513,-268,8162,-38,0,0,0,0,0
784,1765820676664,-314,8156,-38,0,0,0,0,0
785,1765820676830,-327,8170,-48,0,0,0,0,0
786,1765820677045,-278,8159,-34,0,0,0,0,0
787,1765820677146,-309,8147,-30,0,0,0,0,0
788,1765820677213,-292,8173,-40,0,0,0,0,0
789,1765820677429,-277,8148,-22,0,0,0,0,0
790,1765820677598,-312,8161,-24,0,0,0,0,0
791,1765820677830,-309,8164,-34,0,0,0,0,0
792,1765820677996,-327,8168,-31,0,0,0,0,0
793,1765820678130,-302,8154,-30,0,0,0,0,0
794,1765820678380,-283,8166,-40,0,0,0,0,0
795,1765820678513,-275,8164,-39,0,0,0,0,0
796,1765820678730,-301,8156,-55,0,0,0,0,0
797,1765820678813,-322,8158,-36,0,0,0,0,0
798,1765820679031,-301,8154,-30,0,0,0,0,0
799,1765820679113,-316,8154,-45,0,0,0,0,0
800,1765820679247,-322,8144,-25,0,0,0,0,0
801,1765820679431,-300,8169,-32,0,0,0,0,0
802,1765820679564,-298,8150,-12,0,0,0,0,0
803,1765820679779,-294,8164,-22,0,0,0,0,0
804,1765820679913,-296,8164,-24,0,0,0,0,0
805,1765820680114,-316,8167,-33,0,0,0,0,0
806,1765820680280,-303,8154,-32,0,0,0,0,0
807,1765820680448,-308,8154,-37,0,0,0,0,0
808,1765820680597,-296,8165,-22,0,0,0,0,0
809,1765820680764,-287,8174,-31,0,0,0,0,0
810,1765820680963,-299,8152,-36,0,0,0,0,0
811,1765820681113,-294,8166,-26,0,0,0,0,0
812,1765820681247,-310,8164,-28,0,0,0,0,0
813,1765820681413,-296,8162,-36,0,0,0,0,0
814,1765820681597,-288,8163,-33,0,0,0,0,0
815,1765820681764,-292,8133,-25,0,0,0,0,0
816,1765820681847,-298,8160,-47,0,0,0,0,0
817,1765820682047,-307,8133,-25,0,0,0,0,0
818,1765820682128,-310,8158,-42,0,0,0,0,0
819,1765820682513,-292,8161,-11,0,0,0,0,0
820,1765820682630,-291,8176,-26,0,0,0,0,0
821,1765820682797,-286,8152,-25,0,0,0,0,0
822,1765820682914,-306,8179,-29,0,0,0,0,0
823,1765820683097,-301,8156,-33,0,0,0,0,0
824,1765820683230,-279,8160,-42,0,0,0,0,0
825,1765820683430,-288,8154,-32,0,0,0,0,0
826,1765820683513,-306,8159,-28,0,0,0,0,0
827,1765820683664,-302,8160,-32,0,0,0,0,0
828,1765820683863,-297,8161,-39,0,0,0,0,0
829,1765820683963,-298,8171,-25,0,0,0,0,0
830,1765820684181,-297,8159,-37,0,0,0,0,0
831,1765820684280,-296,8172,-40,0,0,0,0,0
832,1765820684447,-296,8158,-26,0,0,0,0,0
833,1765820684580,-294,8175,-20,0,0,0,0,0
834,1765820684730,-294,8166,-34,0,0,0,0,0
835,1765820684881,-300,8165,-35,0,0,0,0,0
836,1765820685013,-308,8163,-32,0,0,0,0,0
837,1765820685213,-305,8163,-30,0,0,0,0,0
838,1765820685297,-299,8168,-26,0,0,0,0,0
839,1765820685496,-290,8160,-33,0,0,0,0,0
840,1765820685629,-306,8160,-25,0,0,0,0,0
841,1765820685697,-302,8167,-23,0,0,0,0,0
842,1765820685946,-307,8156,-32,0,0,0,0,0
843,1765820686029,-300,8161,-26,0,0,0,0,0
844,1765820686214,-295,8160,-42,0,0,0,0,0
845,1765820686347,-301,8166,-28,0,0,0,0,0
846,1765820686497,-305,8156,-21,0,0,0,0,0
847,1765820686664,-301,8158,-34,0,0,0,0,0
848,1765820686963,-295,8163,-32,0,0,0,0,0
849,1765820687064,-300,8163,-29,0,0,0,0,0
850,1765820687280,-296,8164,-31,0,0,0,0,0
851,1765820687346,-307,8163,-38,0,0,0,0,0
852,1765820687480,-294,8160,-31,0,0,0,0,0
853,1765820687713,-300,8167,-36,0,0,0,0,0
854,1765820687797,-301,8160,-40,0,0,0,0,0
855,1765820687997,-298,8160,-28,0,0,0,0,0
856,1765820688129,-301,8165,-26,0,0,0,0,0
857,1765820688229,-302,8167,-31,0,0,0,0,0
858,1765820688430,-309,8168,-30,0,0,0,0,0
859,1765820688564,-301,8170,-30,0,0,0,0,0
860,1765820688830,-293,8168,-34,0,0,0,0,0
861,1765820688997,-296,8168,-35,0,0,0,0,0
862,1765820689130,-298,8159,-34,0,0,0,0,0
863,1765820689330,-304,8164,-32,0,0,0,0,0
864,1765820689463,-303,8166,-30,0,0,0,0,0
865,1765820689546,-298,8166,-30,0,0,0,0,0
866,1765820689780,-289,8168,-32,0,0,0,0,0
867,1765820689863,-295,8165,-19,0,0,0,0,0
868,1765820690180,-290,8164,-30,0,0,0,0,0
869,1765820690297,-276,8162,-30,0,0,0,0,0
870,1765820690464,-281,8172,-38,0,0,0,0,0
871,1765820690647,-307,8156,-28,0,0,0,0,0
872,1765820690746,-299,8170,-36,0,0,0,0,0
873,1765820690863,-309,8159,-31,0,0,0,0,0
874,1765820691096,-300,8158,-36,0,0,0,0,0
875,1765820691181,-299,8176,-36,0,0,0,0,0
876,1765820691480,-294,8172,-28,0,0,0,0,0
877,1765820691680,-307,8166,-26,0,0,0,0,0
878,1765820691798,-301,8158,-36,0,0,0,0,0
879,1765820692113,-281,8167,-20,0,0,0,0,0
880,1765820692181,-290,8164,-26,0,0,0,0,0
881,1765820692430,-302,8167,-38,0,0,0,0,0
882,1765820692580,-325,8160,-29,0,0,0,0,0
883,1765820692796,-291,8165,-27,0,0,0,0,0
884,1765820693030,-283,8159,-28,0,0,0,0,0
885,1765820693163,-294,8155,-26,0,0,0,0,0
886,1765820693430,-300,8165,-42,0,0,0,0,0
887,1765820693580,-286,8167,-20,0,0,0,0,0
888,1765820693730,-301,8160,-22,0,0,0,0,0
889,1765820693948,-314,8160,-32,0,0,0,0,0
890,1765820797295,-296,8164,-32,0,0,0,0,0
891,1765820797396,-304,8153,-33,0,0,0,0,0
892,1765820797562,-299,8164,-26,0,0,0,0,0
893,1765820797712,-299,8168,-37,0,0,0,0,0
894,1765820797979,-308,8162,-34,0,0,0,0,0
895,1765820798363,-295,8160,-39,0,0,0,0,0
896,1765820798429,-304,8164,-36,0,0,0,0,0
897,1765820798644,-294,8162,-31,0,0,0,0,0
898,1765820798745,-300,8154,-26,0,0,0,0,0
899,1765820798845,-300,8165,-34,0,0,0,0,0
900,1765820799179,-304,8162,-27,0,0,0,0,0
901,1765820799378,-307,8162,-27,0,0,0,0,0
902,1765820799629,-294,8162,-35,0,0,0,0,0
903,1765820799712,-306,8160,-26,0,0,0,0,0
904,1765820800045,-298,8166,-36,0,0,0,0,0
905,1765820800295,-303,8162,-27,0,0,0,0,0
906,1765820800629,-297,8168,-36,0,0,0,0,0
907,1765820800728,-296,8167,-38,0,0,0,0,0
908,1765820800929,-292,8158,-38,0,0,0,0,0
909,1765820801129,-298,8165,-24,0,0,0,0,0
910,1765820801445,-302,8159,-29,0,0,0,0,0
911,1765820801596,-297,8159,-34,0,0,0,0,0
912,1765820801695,-304,8165,-33,0,0,0,0,0
913,1765820801912,-301,8165,-32,0,0,0,0,0
914,1765820802045,-306,8161,-27,0,0,0,0,0
915,1765820802362,-294,8166,-31,0,0,0,0,0
916,1765820802645,-295,8159,-30,0,0,0,0,0
917,1765820802745,-294,8161,-38,0,0,0,0,0
918,1765820802896,-300,8157,-32,0,0,0,0,0
919,1765820803012,-298,8155,-24,0,0,0,0,0
920,1765820803179,-300,8159,-22,0,0,0,0,0
921,1765820803378,-292,8161,-36,0,0,0,0,0
922,1765820803429,-298,8161,-32,0,0,0,0,0
923,1765820803729,-292,8152,-32,0,0,0,0,0
924,1765820804062,-298,8164,-28,0,0,0,0,0
925,1765820804195,-298,8157,-35,0,0,0,0,0
926,1765820804412,-294,8158,-26,0,0,0,0,0
927,1765820804513,-302,8165,-24,0,0,0,0,0
928,1765820804629,-302,8158,-44,0,0,0,0,0
929,1765820804929,-297,8160,-31,0,0,0,0,0
930,1765820805107,-306,8161,-18,0,0,0,0,0
931,1765820805161,-307,8169,-36,0,0,0,0,0
932,1765820805379,-304,8160,-30,0,0,0,0,0
933,1765820805479,-296,8164,-32,0,0,0,0,0
934,1765820805812,-306,8164,-32,0,0,0,0,0
935,1765820806062,-305,8164,-28,0,0,0,0,0
936,1765820806262,-302,8160,-26,0,0,0,0,0
937,1765820806412,-296,8168,-35,0,0,0,0,0
938,1765820806479,-294,8162,-32,0,0,0,0,0
939,1765820806712,-297,8156,-39,0,0,0,0,0
940,1765820806912,-310,8166,-34,0,0,0,0,0
941,1765820807246,-300,8168,-32,0,0,0,0,0
942,1765820807429,-301,8162,-32,0,0,0,0,0
943,1765820807528,-294,8161,-36,0,0,0,0,0
944,1765820807712,-299,8158,-28,0,0,0,0,0
945,1765820807879,-305,8158,-26,0,0,0,0,0
946,1765820808179,-299,8159,-39,0,0,0,0,0
947,1765820808478,-297,8162,-30,0,0,0,0,0
948,1765820808560,-294,8156,-26,0,0,0,0,0
949,1765820808694,-292,8162,-32,0,0,0,0,0
950,1765820808828,-300,8167,-36,0,0,0,0,0
951,1765820808995,-296,8160,-29,0,0,0,0,0
952,1765820809278,-293,8168,-36,0,0,0,0,0
953,1765820809561,-298,8162,-32,0,0,0,0,0
954,1765820809794,-298,8154,-34,0,0,0,0,0
955,1765820809861,-294,8165,-39,0,0,0,0,0
956,1765820809996,-294,8162,-26,0,0,0,0,0
957,1765820810195,-301,8160,-39,0,0,0,0,0
958,1765820810313,-294,8164,-36,0,0,0,0,0
959,1765820810445,-294,8168,-31,0,0,0,0,0
960,1765820810761,-308,8154,-35,0,0,0,0,0
961,1765820810844,-296,8168,-34,0,0,0,0,0
962,1765820810979,-295,8174,-36,0,0,0,0,0
963,1765820811129,-305,8164,-27,0,0,0,0,0
964,1765820811279,-301,8166,-32,0,0,0,0,0
965,1765820811462,-297,8167,-34,0,0,0,0,0
966,1765820811746,-299,8164,-34,0,0,0,0,0
967,1765820812062,-285,8160,-34,0,0,0,0,0
968,1765820812295,-299,8166,-18,0,0,0,0,0
969,1765820812479,-298,8156,-33,0,0,0,0,0
970,1765820812595,-297,8161,-26,0,0,0,0,0
971,1765820812745,-296,8172,-38,0,0,0,0,0
972,1765820812828,-302,8162,-29,0,0,0,0,0
973,1765820813145,-306,8167,-29,0,0,0,0,0
974,1765820813478,-299,8159,-36,0,0,0,0,0
975,1765820813594,-306,8163,-26,0,0,0,0,0
976,1765820813811,-303,8162,-32,0,0,0,0,0
977,1765820814045,-300,8163,-26,0,0,0,0,0
978,1765820814328,-292,8163,-31,0,0,0,0,0
979,1765820814413,-300,8163,-30,0,0,0,0,0
980,1765820814562,-298,8167,-37,0,0,0,0,0
981,1765820814711,-292,8159,-38,0,0,0,0,0
982,1765820814862,-299,8164,-32,0,0,0,0,0
983,1765820815128,-297,8159,-28,0,0,0,0,0
984,1765820815412,-292,8166,-34,0,0,0,0,0
985,1765820815861,-306,8153,-33,0,0,0,0,0
986,1765820816040,-296,8159,-34,0,0,0,0,0
987,1765820816162,-293,8164,-31,0,0,0,0,0
988,1765820816212,-304,8162,-36,0,0,0,0,0
989,1765820816362,-296,8159,-36,0,0,0,0,0
990,1765820816680,-297,8160,-33,0,0,0,0,0
991,1765820816878,-286,8160,-38,0,0,0,0,0
992,1765820817045,-300,8159,-24,0,0,0,0,0
993,1765820817178,-308,8153,-36,0,0,0,0,0
994,1765820817328,-296,8160,-39,0,0,0,0,0
995,1765820817412,-304,8162,-32,0,0,0,0,0
996,1765820817628,-299,8164,-38,0,0,0,0,0
997,1765820817912,-299,8164,-38,0,0,0,0,0
998,1765820818144,-298,8158,-34,0,0,0,0,0
999,1765820818212,-294,8166,-30,0,0,0,0,0
1000,1765820818445,-292,8158,-33,0,0,0,0,0
1001,1765820818628,-300,8163,-32,0,0,0,0,0
1002,1765820818712,-298,8163,-38,0,0,0,0,0
1003,1765820818994,-298,8159,-36,0,0,0,0,0
1004,1765820819096,-300,8162,-41,0,0,0,0,0
1005,1765820819345,-297,8160,-38,0,0,0,0,0
1006,1765820819528,-308,8165,-39,0,0,0,0,0
1007,1765820819727,-301,8169,-33,0,0,0,0,0
1008,1765820819811,-296,8160,-35,0,0,0,0,0
1009,1765820820011,-294,8160,-39,0,0,0,0,0
1010,1765820820113,-298,8163,-46,0,0,0,0,0
1011,1765820820179,-290,8161,-22,0,0,0,0,0
1012,1765820820279,-296,8159,-32,0,0,0,0,0
1013,1765820820596,-306,8165,-36,0,0,0,0,0
1014,1765820820711,-306,8158,-32,0,0,0,0,0
1015,1765820820912,-296,8156,-40,0,0,0,0,0
1016,1765820821195,-306,8153,-28,0,0,0,0,0
1017,1765820821362,-294,8156,-26,0,0,0,0,0
1018,1765820821578,-291,8162,-26,0,0,0,0,0
1019,1765820821795,-296,8161,-32,0,0,0,0,0
1020,1765820986210,-305,8162,-38,0,0,0,0,0
1021,1765820986477,-300,8164,-42,0,0,0,0,0
1022,1765820986826,-298,8156,-35,0,0,0,0,0
1023,1765820986925,-297,8162,-41,0,0,0,0,0
1024,1765820987160,-304,8164,-39,0,0,0,0,0
1025,1765820987226,-294,8161,-42,0,0,0,0,0
1026,1765820987360,-300,8162,-38,0,0,0,0,0
1027,1765820987510,-299,8159,-31,0,0,0,0,0
1028,1765820987743,-294,8160,-29,0,0,0,0,0
1029,1765820988026,-302,8158,-40,0,0,0,0,0
1030,1765820988193,-294,8161,-28,0,0,0,0,0
1031,1765820988343,-296,8156,-35,0,0,0,0,0
1032,1765820988426,-293,8160,-35,0,0,0,0,0
1033,1765820988659,-297,8160,-40,0,0,0,0,0
1034,1765820988893,-302,8162,-31,0,0,0,0,0
1035,1765820989176,-296,8166,-40,0,0,0,0,0
1036,1765820989226,-304,8161,-42,0,0,0,0,0
1037,1765820989461,-292,8163,-37,0,0,0,0,0
1038,1765820989541,-297,8158,-44,0,0,0,0,0
1039,1765820989676,-297,8156,-29,0,0,0,0,0
1040,1765820989826,-298,8161,-42,0,0,0,0,0
1041,1765820990076,-304,8165,-38,0,0,0,0,0
1042,1765820990326,-295,8154,-34,0,0,0,0,0
1043,1765820990493,-302,8158,-40,0,0,0,0,0
1044,1765820990627,-298,8156,-46,0,0,0,0,0
1045,1765820990793,-298,8158,-35,0,0,0,0,0
1046,1765820990976,-307,8154,-38,0,0,0,0,0
1047,1765820991353,-300,8164,-34,0,0,0,0,0
1048,1765820991561,-298,8164,-41,0,0,0,0,0
1049,1765820991742,-292,8165,-31,0,0,0,0,0
1050,1765820991943,-297,8162,-41,0,0,0,0,0
1051,1765820992059,-291,8158,-40,0,0,0,0,0
1052,1765820992244,-294,8159,-39,0,0,0,0,0
1053,1765820992460,-300,8155,-34,0,0,0,0,0
1054,1765820992560,-299,8158,-38,0,0,0,0,0
1055,1765820992893,-301,8156,-40,0,0,0,0,0
1056,1765820993093,-300,8152,-36,0,0,0,0,0
1057,1765820993160,-306,8157,-42,0,0,0,0,0
1058,1765820993377,-301,8154,-36,0,0,0,0,0
1059,1765820993475,-297,8160,-44,0,0,0,0,0
1060,1765820993592,-296,8153,-32,0,0,0,0,0
1061,1765820993709,-301,8163,-38,0,0,0,0,0
1062,1765820993977,-307,8160,-42,0,0,0,0,0
1063,1765820994360,-305,8156,-34,0,0,0,0,0
1064,1765820994459,-305,8163,-30,0,0,0,0,0
1065,1765820994677,-299,8163,-45,0,0,0,0,0
1066,1765820994860,-301,8160,-37,0,0,0,0,0
1067,1765820994959,-304,8162,-38,0,0,0,0,0
1068,1765820995326,-298,8161,-41,0,0,0,0,0
1069,1765820995526,-303,8164,-36,0,0,0,0,0
1070,1765820995776,-304,8164,-38,0,0,0,0,0
1071,1765820995960,-298,8164,-32,0,0,0,0,0
1072,1765820996059,-307,8165,-39,0,0,0,0,0
1073,1765820996260,-300,8170,-32,0,0,0,0,0
1074,1765820996460,-305,8161,-30,0,0,0,0,0
1075,1765820996527,-300,8166,-37,0,0,0,0,0
1076,1765820996843,-297,8166,-38,0,0,0,0,0
1077,1765820997026,-301,8162,-33,0,0,0,0,0
1078,1765820997158,-304,8156,-36,0,0,0,0,0
1079,1765820997326,-298,8160,-33,0,0,0,0,0
1080,1765820997526,-298,8164,-41,0,0,0,0,0
1081,1765820997643,-296,8160,-34,0,0,0,0,0
1082,1765820997826,-294,8156,-41,0,0,0,0,0
1083,1765820998092,-302,8163,-36,0,0,0,0,0
1084,1765820998243,-297,8153,-36,0,0,0,0,0
1085,1765820998393,-300,8165,-34,0,0,0,0,0
1086,1765820998543,-297,8162,-34,0,0,0,0,0
1087,1765820998776,-300,8156,-42,0,0,0,0,0
1088,1765820998893,-293,8162,-39,0,0,0,0,0
1089,1765820999226,-297,8163,-37,0,0,0,0,0
1090,1765820999426,-297,8158,-35,0,0,0,0,0
1091,1765820999642,-299,8160,-45,0,0,0,0,0
1092,1765820999725,-303,8158,-38,0,0,0,0,0
1093,1765820999893,-298,8158,-34,0,0,0,0,0
1094,1765821000126,-296,8165,-46,0,0,0,0,0
1095,1765821000376,-298,8163,-44,0,0,0,0,0
1096,1765821000677,-300,8152,-40,0,0,0,0,0
1097,1765821000809,-294,8162,-34,0,0,0,0,0
1098,1765821000976,-298,8156,-38,0,0,0,0,0
1099,1765821001126,-306,8161,-40,0,0,0,0,0
1100,1765821001259,-297,8162,-40,0,0,0,0,0
1101,1765821001510,-297,8157,-37,0,0,0,0,0
1102,1765821001609,-297,8159,-34,0,0,0,0,0
1103,1765821001926,-298,8162,-30,0,0,0,0,0
1104,1765821002009,-298,8167,-34,0,0,0,0,0
1105,1765821002342,-301,8153,-40,0,0,0,0,0
1106,1765821002425,-299,8164,-36,0,0,0,0,0
1107,1765821002742,-308,8161,-30,0,0,0,0,0
1108,1765821002960,-302,8159,-30,0,0,0,0,0
1109,1765821003193,-304,8158,-38,0,0,0,0,0
1110,1765821003275,-298,8155,-37,0,0,0,0,0
1111,1765821003409,-298,8163,-39,0,0,0,0,0
1112,1765821003658,-298,8164,-31,0,0,0,0,0
1113,1765821003910,-298,8160,-40,0,0,0,0,0
1114,1765821004192,-296,8162,-37,0,0,0,0,0
1115,1765821004309,-294,8159,-25,0,0,0,0,0
1116,1765821004493,-296,8166,-40,0,0,0,0,0
1117,1765821004643,-292,8158,-39,0,0,0,0,0
1118,1765821004727,-296,8159,-39,0,0,0,0,0
1119,1765821005093,-293,8160,-32,0,0,0,0,0
1120,1765821005342,-306,8162,-38,0,0,0,0,0
1121,1765821005493,-304,8162,-40,0,0,0,0,0
1122,1765821005660,-294,8168,-35,0,0,0,0,0
1123,1765821005791,-306,8163,-41,0,0,0,0,0
1124,1765821005959,-300,8166,-39,0,0,0,0,0
1125,1765821006259,-299,8156,-44,0,0,0,0,0
1126,1765821006510,-300,8156,-38,0,0,0,0,0
1127,1765821006744,-303,8150,-28,0,0,0,0,0
1128,1765821006826,-302,8151,-33,0,0,0,0,0
1129,1765821006959,-292,8163,-40,0,0,0,0,0
1130,1765821007193,-305,8158,-34,0,0,0,0,0
1131,1765821007576,-299,8160,-40,0,0,0,0,0
1132,1765821007760,-297,8159,-28,0,0,0,0,0
1133,1765821007909,-304,8160,-40,0,0,0,0,0
1134,1765821008209,-299,8164,-42,0,0,0,0,0
1135,1765821008326,-300,8158,-32,0,0,0,0,0
1136,1765821008776,-303,8159,-47,0,0,0,0,0
1137,1765821008926,-298,8161,-44,0,0,0,0,0
1138,1765821009060,-302,8165,-40,0,0,0,0,0
1139,1765821009227,-304,8152,-34,0,0,0,0,0
1140,1765821009377,-298,8157,-38,0,0,0,0,0
1141,1765821009560,-300,8159,-40,0,0,0,0,0
1142,1765821009976,-302,8158,-41,0,0,0,0,0
1143,1765821010076,-302,8161,-38,0,0,0,0,0
1144,1765821010309,-302,8156,-40,0,0,0,0,0
1145,1765821010409,-299,8156,-37,0,0,0,0,0
1146,1765821010527,-293,8156,-36,0,0,0,0,0
1147,1765821010859,-294,8159,-32,0,0,0,0,0
1148,1765821011126,-295,8151,-34,0,0,0,0,0
1149,1765821011326,-294,8156,-39,0,0,0,0,0
1150,1765821011493,-308,8161,-44,0,0,0,0,0
1151,1765821011575,-298,8158,-36,0,0,0,0,0
1152,1765821011793,-299,8160,-33,0,0,0,0,0
1153,1765821012093,-298,8164,-38,0,0,0,0,0
1154,1765821012309,-304,8162,-36,0,0,0,0,0
1155,1765821012526,-309,8157,-41,0,0,0,0,0
1156,1765821012610,-299,8159,-43,0,0,0,0,0
1157,1765821012776,-306,8157,-37,0,0,0,0,0
1158,1765821013009,-291,8160,-33,0,0,0,0,0
1159,1765821013376,-308,8160,-36,0,0,0,0,0
1160,1765821013559,-300,8167,-34,0,0,0,0,0
1161,1765821013708,-297,8161,-30,0,0,0,0,0
1162,1765821014010,-293,8162,-37,0,0,0,0,0
1163,1765821014080,-306,8158,-40,0,0,0,0,0
1164,1765821014360,-294,8162,-42,0,0,0,0,0
1165,1765821014659,-306,8162,-28,0,0,0,0,0
1166,1765821014827,-291,8158,-34,0,0,0,0,0
1167,1765821015009,-301,8166,-42,0,0,0,0,0
1168,1765821015116,-300,8156,-36,0,0,0,0,0
1169,1765821015280,-299,8160,-42,0,0,0,0,0
1170,1765821015611,-292,8158,-43,0,0,0,0,0
1171,1765821015710,-290,8164,-42,0,0,0,0,0
1172,1765821015828,-299,8161,-36,0,0,0,0,0
1173,1765821016059,-301,8160,-36,0,0,0,0,0
1174,1765821284092,-307,8146,-41,0,0,0,0,0
1175,1765821284673,-290,8151,-37,0,0,0,0,0
1176,1765821285240,-293,8164,-44,0,0,0,0,0
1177,1765821286405,-299,8164,-34,0,0,0,0,0
1178,1765821287823,-294,8147,-62,0,0,0,0,0
1179,1765821293389,-312,8180,-46,0,0,0,0,0
1180,1765821294506,-306,8150,-29,0,0,0,0,0
1181,1765821298272,-297,8158,-30,0,0,0,0,0
1182,1765821301042,-306,8159,-28,0,0,0,0,0
1183,1765821303772,-281,8158,-45,0,0,0,0,0
1184,1765821304255,-300,8165,-36,0,0,0,0,0
1185,1765821447388,-307,8179,-31,0,0,0,0,0
1186,1765821448971,-265,8173,-33,0,0,0,0,0
1187,1765821449554,-326,8154,-31,0,0,0,0,0
1188,1765821449904,-272,8181,-33,0,0,0,0,0
1189,1765821452554,-332,8124,-38,0,0,0,0,0
1190,1765821455304,-283,8157,-36,0,0,0,0,0
1191,1765821464471,-287,8144,-28,0,0,0,0,0
1192,1765821465372,-291,8156,-32,0,0,0,0,0
1193,1765821872565,-298,8156,-24,0,0,0,0,0
1194,1765821878182,-300,8149,-27,0,0,0,0,0
1195,1765821879015,-303,8158,-31,0,0,0,0,0
1196,1765821882848,-297,8154,-20,0,0,0,0,0
1197,1765821886098,-301,8158,-29,0,0,0,0,0
1198,1765821887314,-299,8154,-20,0,0,0,0,0
1199,1765821889663,-300,8162,-30,0,0,0,0,0
1200,1765821892264,-308,8212,-6,0,0,0,0,0
1201,1765821894965,-320,8154,-19,0,0,0,0,0
1202,1765822252111,-292,8160,-21,0,0,0,0,0
1203,1765822253393,-290,8143,-34,0,0,0,0,0
1204,1765822253511,-290,8140,-30,0,0,0,0,0
1205,1765822255927,-295,8157,-32,0,0,0,0,0
1206,1765822256193,-310,8101,-26,0,0,0,0,0
1207,1765822256360,-311,8144,-14,0,0,0,0,0
1208,1765822256610,-308,8132,-30,0,0,0,0,0
1209,1765822257710,-299,8168,-26,0,0,0,0,0
1210,1765822260460,-287,8154,-28,0,0,0,0,0
1211,1765822260892,-283,8149,-22,0,0,0,0,0
1212,1765822265693,-294,8153,-19,0,0,0,0,0
1213,1765822266343,-277,8168,-28,0,0,0,0,0
1214,1765822266460,-324,8152,-19,0,0,0,0,0
1215,1765822267210,-319,8154,-35,0,0,0,0,0
1216,1765822267527,-260,8152,-40,0,0,0,0,0
1217,1765822268593,-261,8186,2,0,0,0,0,0
1218,1765822268793,-326,8198,-8,0,0,0,0,0
1219,1765822268943,-334,8184,1,0,0,0,0,0
1220,1765822269176,-325,8135,-6,0,0,0,0,0
1221,1765822269359,-317,8211,-8,0,0,0,0,0
1222,1765822269576,-299,8163,-16,0,0,0,0,0
1223,1765822272943,-293,8135,-34,0,0,0,0,0
1224,1765822273176,-294,8157,-27,0,0,0,0,0
1225,1765822273326,-319,8147,-26,0,0,0,0,0
1226,1765822273659,-306,8145,-20,0,0,0,0,0
1227,1765822273877,-299,8156,-25,0,0,0,0,0
1228,1765822276326,-302,8158,-22,0,0,0,0,0
1229,1765822276710,-300,8149,-24,0,0,0,0,0
1230,1765822276960,-294,8149,-23,0,0,0,0,0
1231,1765822277094,-298,8154,-25,0,0,0,0,0
1232,1765822585756,-300,8148,-26,0,0,0,0,0
1233,1765822596272,-302,8152,-27,0,0,0,0,0
1234,1765822603372,-290,8150,-30,0,0,0,0,0
1235,1765822807020,-291,8155,-17,0,0,0,0,0
1236,1765823207397,-346,8140,-34,0,0,0,0,0
1237,1765823207531,-274,8158,-33,0,0,0,0,0
1238,1765823207748,-268,8148,-31,0,0,0,0,0
1239,1765823207898,-231,8155,-27,0,0,0,0,0
1240,1765823208031,-292,8160,-29,0,0,0,0,0
1241,1765823208180,-337,8140,-26,0,0,0,0,0
1242,1765823208331,-301,8152,-37,0,0,0,0,0
1243,1765823208481,-298,8146,-26,0,0,0,0,0
1244,1765823208648,-248,8156,-38,0,0,0,0,0
1245,1765823208815,-282,8159,-34,0,0,0,0,0
1246,1765823208948,-322,8140,-23,0,0,0,0,0
1247,1765823209165,-316,8158,-38,0,0,0,0,0
1248,1765823209263,-291,8149,-28,0,0,0,0,0
1249,1765823209481,-273,8158,-34,0,0,0,0,0
1250,1765823209563,-280,8152,-27,0,0,0,0,0
1251,1765823209796,-267,8153,-46,0,0,0,0,0
1252,1765823209880,-296,8061,-70,0,0,0,0,0
1253,1765823210113,-278,8147,-83,0,0,0,0,0
1254,1765823210214,-281,8158,-30,0,0,0,0,0
1255,1765823210397,-245,8242,-71,0,0,0,0,0
1256,1765823210581,-305,8124,-35,0,0,0,0,0
1257,1765823210731,-280,8150,-14,0,0,0,0,0
1258,1765823210914,-281,8171,-29,0,0,0,0,0
1259,1765823211031,-307,8156,-18,0,0,0,0,0
1260,1765823211248,-295,8159,-30,0,0,0,0,0
1261,1765823211348,-300,8158,-28,0,0,0,0,0
1262,1765823211581,-282,8152,-32,0,0,0,0,0
1263,1765823211665,-265,8154,-28,0,0,0,0,0
1264,1765823211915,-275,8158,-19,0,0,0,0,0
1265,1765823212014,-304,8148,-26,0,0,0,0,0
1266,1765823212198,-298,8152,-15,0,0,0,0,0
1267,1765823212364,-270,8162,-33,0,0,0,0,0
1268,1765823212498,-283,8155,-26,0,0,0,0,0
1269,1765823212698,-274,8170,-9,0,0,0,0,0
1270,1765823212813,-309,8165,-4,0,0,0,0,0
1271,1765823213047,-268,8150,-34,0,0,0,0,0
1272,1765823213115,-268,8138,-47,0,0,0,0,0
1273,1765823213380,-283,8138,-12,0,0,0,0,0
1274,1765823213431,-294,8155,-42,0,0,0,0,0
1275,1765823213664,-272,8155,-30,0,0,0,0,0
1276,1765823213781,-278,8148,-40,0,0,0,0,0
1277,1765823213998,-270,8132,-69,0,0,0,0,0
1278,1765823214132,-254,8144,32,0,0,0,0,0
1279,1765823214503,-304,8150,-2,0,0,0,0,0
1280,1765823214513,-311,8137,-20,0,0,0,0,0
1281,1765823214581,-254,8152,-26,0,0,0,0,0
1282,1765823214798,-252,8166,-29,0,0,0,0,0
1283,1765823214897,-282,8165,-28,0,0,0,0,0
1284,1765823215131,-308,8154,-34,0,0,0,0,0
1285,1765823215214,-284,8149,-36,0,0,0,0,0
1286,1765823215465,-270,8148,-10,0,0,0,0,0
1287,1765823215547,-273,8147,-32,0,0,0,0,0
1288,1765823215764,-302,8161,-41,0,0,0,0,0
1289,1765823215881,-300,8140,-34,0,0,0,0,0
1290,1765823216081,-297,8158,-38,0,0,0,0,0
1291,1765823216231,-274,8153,-26,0,0,0,0,0
1292,1765823216382,-276,8146,-16,0,0,0,0,0
1293,1765823216580,-301,8154,-33,0,0,0,0,0
1294,1765823216680,-284,8153,-42,0,0,0,0,0
1295,1765823216931,-324,8150,-13,0,0,0,0,0
1296,1765823216998,-275,8177,-24,0,0,0,0,0
1297,1765823217214,-284,8158,-30,0,0,0,0,0
1298,1765823217314,-297,8129,-42,0,0,0,0,0
1299,1765823217548,-306,8145,-29,0,0,0,0,0
1300,1765823217681,-301,8146,-32,0,0,0,0,0
1301,1765823217848,-277,8149,-40,0,0,0,0,0
1302,1765823218014,-269,8163,-24,0,0,0,0,0
1303,1765823218165,-268,8146,-33,0,0,0,0,0
1304,1765823218364,-287,8151,-28,0,0,0,0,0
1305,1765823218465,-307,8152,-22,0,0,0,0,0
1306,1765823218698,-289,8146,-26,0,0,0,0,0
1307,1765823218781,-268,8166,-30,0,0,0,0,0
1308,1765823219014,-260,8145,-32,0,0,0,0,0
1309,1765823219131,-270,8161,-15,0,0,0,0,0
1310,1765823219314,-320,8148,-36,0,0,0,0,0
1311,1765823219465,-286,8149,-18,0,0,0,0,0
1312,1765823219632,-350,8176,-33,0,0,0,0,0
1313,1765823219813,-245,8166,2,0,0,0,0,0
1314,1765823219949,-253,8165,-18,0,0,0,0,0
1315,1765823220149,-324,8138,-38,0,0,0,0,0
1316,1765823220231,-322,8122,-41,0,0,0,0,0
1317,1765823220265,-310,8164,-24,0,0,0,0,0
1318,1765823718726,-284,8150,-32,0,0,0,0,0
1319,1765823719140,-286,8151,-26,0,0,0,0,0
1320,1765823721675,-288,8145,-36,0,0,0,0,0
1321,1765823722208,-283,8146,-45,0,0,0,0,0
1322,1765823722958,-287,8150,-44,0,0,0,0,0
1323,1765823724023,-292,8148,-34,0,0,0,0,0
1324,1765823724090,-290,8140,-20,0,0,0,0,0
1325,1765823724473,-295,8172,-26,0,0,0,0,0
1326,1765823724507,-296,8153,-8,0,0,0,0,0
1327,1765823725024,-290,8155,-14,0,0,0,0,0
1328,1765823725624,-293,8146,-22,0,0,0,0,0
1329,1765823730108,-291,8144,-28,0,0,0,0,0
1330,1765823730825,-295,8157,-32,0,0,0,0,0
1331,1765823730858,-295,8154,-22,0,0,0,0,0
1332,1765823732208,-289,8146,-22,0,0,0,0,0
1333,1765823732525,-298,8150,-32,0,0,0,0,0
1334,1765823732825,-290,8148,-29,0,0,0,0,0
1335,1765823733440,-293,8150,-25,0,0,0,0,0
1336,1765823735606,-299,8150,-34,0,0,0,0,0
1337,1765823738175,-293,8153,-34,0,0,0,0,0
1338,1765823739992,-290,8145,-27,0,0,0,0,0
1339,1765823740241,-297,8148,-25,0,0,0,0,0
1340,1765823740641,-284,8150,-33,0,0,0,0,0
1341,1765823740958,-289,8150,-23,0,0,0,0,0
1342,1765823741440,-275,8153,-33,0,0,0,0,0
1343,1765823742324,-287,8150,-34,0,0,0,0,0
1344,1765823742642,-284,8150,-36,0,0,0,0,0
1345,1765823743142,-294,8153,-30,0,0,0,0,0
1346,1765823746141,-293,8151,-22,0,0,0,0,0
1347,1765823747058,-289,8144,-24,0,0,0,0,0
1348,1765823747392,-293,8150,-24,0,0,0,0,0
1349,1765823747591,-286,8143,-18,0,0,0,0,0
1350,1765823748041,-287,8154,-25,0,0,0,0,0
1351,1765823748575,-288,8144,-28,0,0,0,0,0
1352,1765823748875,-286,8154,-17,0,0,0,0,0
1353,1765823750808,-295,8148,-28,0,0,0,0,0
1354,1765823751374,-290,8146,-26,0,0,0,0,0
1355,1765823752874,-296,8146,-30,0,0,0,0,0
1356,1765823755558,-297,8138,-31,0,0,0,0,0
1357,1765823755958,-289,8150,-22,0,0,0,0,0
1358,1765823756374,-291,8158,-32,0,0,0,0,0
1359,1765823756641,-288,8140,-34,0,0,0,0,0
1360,1765823756991,-289,8149,-19,0,0,0,0,0
1361,1765823757075,-306,8149,-34,0,0,0,0,0
1362,1765823865473,-272,8165,-22,0,0,0,0,0
1363,1765823865605,-303,8146,-22,0,0,0,0,0
1364,1765823865939,-266,8161,-38,0,0,0,0,0
1365,1765823866272,-320,8143,-33,0,0,0,0,0
1366,1765823866822,-233,8144,-30,0,0,0,0,0
1367,1765823869839,-322,8148,-21,0,0,0,0,0
1368,1765823870340,-310,8147,-20,0,0,0,0,0
1369,1765823870573,-286,8150,-25,0,0,0,0,0
1370,1765823870938,-280,8150,-27,0,0,0,0,0
1371,1765823870938,-269,8151,-22,0,0,0,0,0
1372,1765823876073,-284,8156,-30,0,0,0,0,0
1373,1765823876472,-312,8158,-27,0,0,0,0,0
1374,1765823876656,-304,8167,-42,0,0,0,0,0
1375,1765823876872,-269,8188,-30,0,0,0,0,0
1376,1765823880988,-282,8146,-29,0,0,0,0,0
1377,1765823881122,-300,8157,-19,0,0,0,0,0
1378,1765823881388,-286,8162,-15,0,0,0,0,0
1379,1765823881638,-302,8152,-30,0,0,0,0,0
1380,1765823881938,-286,8150,-31,0,0,0,0,0
1381,1765823881972,-280,8149,-26,0,0,0,0,0
1382,1765823882288,-285,8153,-23,0,0,0,0,0
1383,1765823884572,-284,8152,-22,0,0,0,0,0
1384,1765823887406,-291,8155,-32,0,0,0,0,0
1385,1765823887639,-284,8146,-33,0,0,0,0,0
1386,1765823887855,-292,8144,-35,0,0,0,0,0
1387,1765823887973,-290,8137,-34,0,0,0,0,0
1388,1765823888273,-284,8152,-24,0,0,0,0,0
1389,1765823889240,-293,8158,-32,0,0,0,0,0
1390,1765823889692,-292,8146,-28,0,0,0,0,0
1391,1765823971854,-294,8143,-24,0,0,0,0,0
1392,1765823972054,-288,8146,-32,0,0,0,0,0
1393,1765823972771,-294,8145,-34,0,0,0,0,0
1394,1765823972771,-295,8148,-28,0,0,0,0,0
1395,1765823973021,-287,8151,-21,0,0,0,0,0
1396,1765823976072,-289,8155,-26,0,0,0,0,0
1397,1765823976489,-285,8156,-33,0,0,0,0,0
1398,1765823977371,-292,8148,-22,0,0,0,0,0
1399,1765823977472,-287,8145,-28,0,0,0,0,0
1400,1765823978321,-290,8147,-32,0,0,0,0,0
1401,1765823982471,-294,8144,-25,0,0,0,0,0
1402,1765823982855,-273,8154,-34,0,0,0,0,0
1403,1765823983037,-282,8146,-27,0,0,0,0,0
1404,1765823983187,-291,8153,-19,0,0,0,0,0
1405,1765823983423,-294,8154,-32,0,0,0,0,0
1406,1765823984305,-274,8155,-24,0,0,0,0,0
1407,1765823986388,-282,8152,-24,0,0,0,0,0
1408,1765823987336,-291,8149,-20,0,0,0,0,0
1409,1765823988604,-292,8151,-28,0,0,0,0,0
1410,1765823988754,-286,8151,-28,0,0,0,0,0
1411,1765823989438,-286,8148,-32,0,0,0,0,0
1412,1765823993521,-292,8146,-26,0,0,0,0,0
1413,1765823993638,-295,8154,-26,0,0,0,0,0
1414,1765823993955,-296,8143,-24,0,0,0,0,0
1415,1765823994721,-294,8154,-24,0,0,0,0,0
1416,1765823995270,-291,8145,-28,0,0,0,0,0
1417,1765823997738,-291,8150,-18,0,0,0,0,0
1418,1765823998571,-16688,8145,-21,0,0,0,0,0
1419,1765823998638,-289,8149,-35,0,0,0,0,0
1420,1765823998788,-294,8139,-33,0,0,0,0,0
1421,1765823998971,-287,8136,-32,0,0,0,0,0
1422,1765823999073,-291,8154,-26,0,0,0,0,0
1423,1765824001988,-286,8152,-26,0,0,0,0,0
1424,1765824002872,-292,8150,-23,0,0,0,0,0
1425,1765824003304,-300,8150,-18,0,0,0,0,0
1426,1765824003405,-296,8150,-29,0,0,0,0,0
1427,1765824003921,-289,8146,-18,0,0,0,0,0
1428,1765824005287,-295,8150,-15,0,0,0,0,0
1429,1765824164621,-289,8150,-41,0,0,0,0,0
1430,1765824166485,-270,8152,-43,0,0,0,0,0
1431,1765824172735,-270,8184,-31,0,0,0,0,0
1432,1765824173119,-332,8128,-62,0,0,0,0,0
1433,1765824173318,-302,8168,-6,0,0,0,0,0
1434,1765824173468,-281,8126,-33,0,0,0,0,0
1435,1765824175368,-256,8152,-34,0,0,0,0,0
1436,1765824176652,-293,8168,-20,0,0,0,0,0
1437,1765824177085,-281,8150,-32,0,0,0,0,0
1438,1765824178652,-285,8154,-30,0,0,0,0,0
1439,1765824179585,-285,8147,-26,0,0,0,0,0
1440,1765824180002,-278,8148,-30,0,0,0,0,0
1441,1765824180234,-288,8144,-29,0,0,0,0,0
1442,1765824180451,-292,8147,-27,0,0,0,0,0
1443,1765824180685,-290,8150,-26,0,0,0,0,0
1444,1765824180785,-288,8148,-22,0,0,0,0,0
1445,1765824180935,-289,8153,-26,0,0,0,0,0
1446,1765824186818,-292,8149,-33,0,0,0,0,0
1447,1765824187018,-292,8148,-29,0,0,0,0,0
1448,1765824187202,-276,8145,-37,0,0,0,0,0
1449,1765824187385,-286,8149,-33,0,0,0,0,0
1450,1765824188035,-289,8161,-32,0,0,0,0,0
1451,1765824193251,-280,8146,-28,0,0,0,0,0
1452,1765824193652,-287,8149,-30,0,0,0,0,0
1453,1765824194101,-281,8146,-23,0,0,0,0,0
1454,1765824194535,-293,8145,-28,0,0,0,0,0
1455,1765824195151,-296,8149,-24,0,0,0,0,0
1456,1765824195301,-286,8154,-22,0,0,0,0,0
1457,1765824195568,-300,8142,-28,0,0,0,0,0
1458,1765824195685,-288,8147,-35,0,0,0,0,0
1459,1765824195835,-297,8150,-23,0,0,0,0,0
