index,date,CEL_1,CEL_2,CEL_3,CEL_4,1,2,3,4
0,1762969984508,3.28,3.28,3.28,3.27,0,0,0,0
1,1762969985075,3.28,3.28,3.28,3.28,0,0,0,0
2,1762969985441,3.28,3.28,3.28,3.27,0,0,0,0
3,1762969985941,3.28,3.28,3.28,3.28,0,0,0,0
4,1762969986358,3.28,3.28,3.28,3.27,0,0,0,0
5,1762969986808,3.28,3.28,3.28,3.27,0,0,0,0
6,1762969987257,3.28,3.28,3.28,3.27,0,0,0,0
7,1762969987707,3.28,3.28,3.28,3.28,0,0,0,0
8,1762969988624,3.28,3.28,3.28,3.27,0,0,0,0
9,1762969990072,3.28,3.28,3.28,3.28,0,0,0,0
10,1762969990454,3.28,3.28,3.28,3.27,0,0,0,0
11,1762969991054,3.28,3.28,3.28,3.28,0,0,0,0
12,1762969991353,3.28,3.28,3.28,3.27,0,0,0,0
13,1762969991855,3.28,3.28,3.28,3.28,0,0,0,0
14,1762969992288,3.28,3.28,3.28,3.27,0,0,0,0
15,1762969992737,3.28,3.28,3.28,3.27,0,0,0,0
16,1762969993636,3.28,3.28,3.28,3.28,0,0,0,0
17,1762969994086,3.28,3.28,3.28,3.27,0,0,0,0
18,1762969994552,3.28,3.28,3.28,3.27,0,0,0,0
19,1762969995103,3.28,3.28,3.28,3.27,0,0,0,0
20,1762969995469,3.28,3.28,3.28,3.27,0,0,0,0
21,1762969996001,3.28,3.28,3.28,3.28,0,0,0,0
22,1762969996384,3.28,3.28,3.28,3.27,0,0,0,0
23,1762969996884,3.28,3.28,3.28,3.28,0,0,0,0
24,1762969997284,3.28,3.28,3.28,3.27,0,0,0,0
25,1762969997784,3.28,3.28,3.28,3.27,0,0,0,0
26,1762969999165,3.28,3.28,3.28,3.27,0,0,0,0
27,1762970000465,3.28,3.28,3.28,3.28,0,0,0,0
28,1762970001397,3.28,3.28,3.28,3.28,0,0,0,0
29,1762970002298,3.28,3.28,3.28,3.27,0,0,0,0
30,1762970002798,3.28,3.28,3.28,3.27,0,0,0,0
31,1762970003213,3.28,3.28,3.28,3.28,0,0,0,0
32,1762970003679,3.28,3.28,3.28,3.27,0,0,0,0
33,1762970004195,3.28,3.28,3.28,3.28,0,0,0,0
34,1762970004579,3.28,3.28,3.28,3.27,0,0,0,0
35,1762970005493,3.28,3.28,3.28,3.27,0,0,0,0
36,1762970006027,3.28,3.28,3.28,3.27,0,0,0,0
37,1762970006394,3.28,3.28,3.28,3.28,0,0,0,0
38,1762970006925,3.28,3.28,3.28,3.27,0,0,0,0
39,1762970007308,3.28,3.28,3.28,3.28,0,0,0,0
40,1762970007825,3.28,3.28,3.28,3.27,0,0,0,0
41,1762970008690,3.28,3.28,3.28,3.27,0,0,0,0
42,1762970009574,3.28,3.28,3.28,3.27,0,0,0,0
43,1762970010173,3.28,3.28,3.28,3.28,0,0,0,0
44,1762970010490,3.28,3.28,3.28,3.27,0,0,0,0
45,1762970011056,3.28,3.28,3.28,3.27,0,0,0,0
46,1762970011954,3.28,3.28,3.28,3.28,0,0,0,0
47,1762970012321,3.28,3.28,3.28,3.27,0,0,0,0
48,1762970012787,3.28,3.28,3.28,3.28,0,0,0,0
49,1762970013287,3.28,3.28,3.28,3.27,0,0,0,0
50,1762970013686,3.28,3.28,3.28,3.27,0,0,0,0
51,1762970014270,3.28,3.28,3.28,3.27,0,0,0,0
52,1762970014603,3.28,3.28,3.28,3.28,0,0,0,0
53,1762970015153,3.28,3.28,3.28,3.27,0,0,0,0
54,1762970015519,3.28,3.28,3.28,3.27,0,0,0,0
55,1762970015984,3.28,3.28,3.28,3.28,0,0,0,0
56,1762970016401,3.28,3.28,3.28,3.27,0,0,0,0
57,1762970016968,3.28,3.28,3.28,3.27,0,0,0,0
58,1762970017334,3.28,3.28,3.28,3.27,0,0,0,0
59,1762970017801,3.28,3.28,3.28,3.28,0,0,0,0
60,1762970018716,3.28,3.28,3.28,3.28,0,0,0,0
61,1762970019215,3.28,3.28,3.28,3.27,0,0,0,0
62,1762970019600,3.28,3.28,3.28,3.27,0,0,0,0
63,1762970020066,3.28,3.28,3.28,3.27,0,0,0,0
64,1762970020530,3.28,3.28,3.28,3.28,0,0,0,0
65,1762970021048,3.28,3.28,3.28,3.27,0,0,0,0
66,1762970021432,3.28,3.28,3.28,3.27,0,0,0,0
67,1762970021981,3.28,3.28,3.28,3.27,0,0,0,0
68,1762970022380,3.28,3.28,3.28,3.28,0,0,0,0
69,1762970023263,3.28,3.28,3.28,3.28,0,0,0,0
70,1762970025528,3.28,3.28,3.28,3.27,0,0,0,0
71,1762970026111,3.28,3.28,3.28,3.28,0,0,0,0
72,1762970026444,3.28,3.28,3.28,3.27,0,0,0,0
73,1762970027360,3.28,3.28,3.28,3.28,0,0,0,0
74,1762970028725,3.28,3.28,3.28,3.27,0,0,0,0
75,1762970029641,3.28,3.28,3.28,3.27,0,0,0,0
76,1762970030557,3.28,3.28,3.28,3.27,0,0,0,0
77,1762970031023,3.28,3.28,3.28,3.28,0,0,0,0
78,1762970031640,3.28,3.28,3.28,3.27,0,0,0,0
79,1762970032838,3.28,3.28,3.28,3.27,0,0,0,0
80,1762970033305,3.28,3.28,3.28,3.27,0,0,0,0
81,1762970033738,3.28,3.28,3.28,3.28,0,0,0,0
82,1762970035553,3.28,3.28,3.28,3.27,0,0,0,0
83,1762970036020,3.28,3.28,3.28,3.27,0,0,0,0
84,1762970036471,3.28,3.28,3.28,3.28,0,0,0,0
85,1762970037852,3.28,3.28,3.28,3.27,0,0,0,0
86,1762970038334,3.28,3.28,3.28,3.27,0,0,0,0
87,1762970038750,3.28,3.28,3.28,3.27,0,0,0,0
88,1762970039200,3.28,3.28,3.28,3.28,0,0,0,0
89,1762970039666,3.28,3.28,3.28,3.27,0,0,0,0
90,1762970040116,3.28,3.28,3.28,3.27,0,0,0,0
91,1762970040582,3.28,3.28,3.28,3.27,0,0,0,0
92,1762970041098,3.28,3.28,3.28,3.28,0,0,0,0
93,1762970041482,3.28,3.28,3.28,3.27,0,0,0,0
94,1762970041932,3.28,3.28,3.28,3.28,0,0,0,0
95,1762970042430,3.28,3.28,3.28,3.27,0,0,0,0
96,1762970043397,3.28,3.28,3.28,3.27,0,0,0,0
97,1762970044313,3.28,3.28,3.28,3.28,0,0,0,0
98,1762970044662,3.28,3.28,3.28,3.27,0,0,0,0
99,1762970045112,3.28,3.28,3.28,3.28,0,0,0,0
100,1762970046511,3.28,3.28,3.28,3.27,0,0,0,0
101,1762970046977,3.28,3.28,3.28,3.28,0,0,0,0
102,1762970047494,3.28,3.28,3.28,3.27,0,0,0,0
103,1762970047893,3.28,3.28,3.28,3.28,0,0,0,0
104,1762970048345,3.28,3.28,3.28,3.27,0,0,0,0
105,1762970048809,3.28,3.28,3.28,3.28,0,0,0,0
106,1762970049258,3.28,3.28,3.28,3.27,0,0,0,0
107,1762970049690,3.28,3.28,3.28,3.27,0,0,0,0
108,1762970050173,3.28,3.28,3.28,3.28,0,0,0,0
109,1762970050606,3.28,3.28,3.28,3.27,0,0,0,0
110,1762970051056,3.28,3.28,3.28,3.28,0,0,0,0
111,1762970051507,3.28,3.28,3.28,3.27,0,0,0,0
112,1762970051972,3.28,3.28,3.28,3.28,0,0,0,0
113,1762970052438,3.28,3.28,3.28,3.27,0,0,0,0
114,1762970052922,3.28,3.28,3.28,3.28,0,0,0,0
115,1762970054270,3.28,3.28,3.28,3.28,0,0,0,0
116,1762970054687,3.28,3.28,3.28,3.27,0,0,0,0
117,1762970055154,3.28,3.28,3.28,3.28,0,0,0,0
118,1762970055719,3.28,3.28,3.28,3.27,0,0,0,0
119,1762970056136,3.28,3.28,3.28,3.28,0,0,0,0
120,1762970056984,3.28,3.28,3.28,3.27,0,0,0,0
121,1762970057917,3.28,3.28,3.28,3.27,0,0,0,0
122,1762970058350,3.28,3.28,3.28,3.28,0,0,0,0
123,1762970058833,3.28,3.28,3.28,3.27,0,0,0,0
124,1762970059266,3.28,3.28,3.28,3.28,0,0,0,0
125,1762970059732,3.28,3.28,3.28,3.27,0,0,0,0
126,1762970060199,3.28,3.28,3.28,3.27,0,0,0,0
127,1762970060634,3.28,3.28,3.28,3.27,0,0,0,0
128,1762970061114,3.28,3.28,3.28,3.28,0,0,0,0
129,1762970062047,3.28,3.28,3.28,3.28,0,0,0,0
130,1762970062463,3.28,3.28,3.28,3.27,0,0,0,0
131,1762970062930,3.28,3.28,3.28,3.27,0,0,0,0
132,1762970063379,3.28,3.28,3.28,3.27,0,0,0,0
133,1762970063829,3.28,3.28,3.28,3.28,0,0,0,0
134,1762970064279,3.28,3.28,3.28,3.27,0,0,0,0
135,1762970065178,3.28,3.28,3.28,3.27,0,0,0,0
136,1762970065646,3.28,3.28,3.28,3.27,0,0,0,0
137,1762970066111,3.28,3.28,3.28,3.27,0,0,0,0
138,1762970067460,3.28,3.28,3.28,3.28,0,0,0,0
139,1762970068009,3.28,3.28,3.28,3.27,0,0,0,0
140,1762970069742,3.28,3.28,3.28,3.27,0,0,0,0
141,1762970070191,3.28,3.28,3.28,3.28,0,0,0,0
142,1762970070657,3.28,3.28,3.28,3.27,0,0,0,0
143,1762970071122,3.28,3.28,3.28,3.27,0,0,0,0
144,1762970072505,3.28,3.28,3.28,3.28,0,0,0,0
145,1762970072938,3.28,3.28,3.28,3.27,0,0,0,0
146,1762970073387,3.28,3.28,3.28,3.27,0,0,0,0
147,1762970073887,3.28,3.28,3.28,3.27,0,0,0,0
148,1762970074303,3.28,3.28,3.28,3.28,0,0,0,0
149,1762970074771,3.28,3.28,3.28,3.27,0,0,0,0
150,1762970075235,3.28,3.28,3.28,3.28,0,0,0,0
151,1762970075686,3.28,3.28,3.28,3.27,0,0,0,0
152,1762970076136,3.28,3.28,3.28,3.27,0,0,0,0
153,1762970076585,3.28,3.28,3.28,3.27,0,0,0,0
154,1762970077034,3.28,3.28,3.28,3.27,0,0,0,0
155,1762970077502,3.28,3.28,3.28,3.28,0,0,0,0
156,1762970078017,3.28,3.28,3.28,3.27,0,0,0,0
157,1762970078800,3.28,3.27,3.27,3.23,0,0,0,0
158,1762970079283,3.28,3.28,3.27,3.26,0,0,0,0
159,1762970080632,3.28,3.28,3.28,3.28,0,0,0,0
160,1762970080998,3.28,3.28,3.28,3.28,0,0,0,0
161,1762970081514,3.28,3.28,3.27,3.26,0,0,0,0
162,1762970082415,3.28,3.28,3.28,3.27,0,0,0,0
163,1762970082863,3.28,3.28,3.28,3.27,0,0,0,0
164,1762970083329,3.28,3.28,3.28,3.27,0,0,0,0
165,1762970083829,3.28,3.28,3.28,3.27,0,0,0,0
166,1762970084230,3.28,3.28,3.28,3.27,0,0,0,0
167,1762970085595,3.28,3.28,3.28,3.27,0,0,0,0
168,1762970086512,3.28,3.28,3.28,3.27,0,0,0,0
169,1762970086977,3.28,3.28,3.28,3.27,0,0,0,0
170,1762970088825,3.28,3.28,3.28,3.27,0,0,0,0
171,1762970089243,3.28,3.28,3.28,3.27,0,0,0,0
172,1762970089708,3.28,3.28,3.28,3.27,0,0,0,0
173,1762970090174,3.28,3.28,3.28,3.27,0,0,0,0
174,1762970090624,3.28,3.28,3.28,3.27,0,0,0,0
175,1762970091090,3.28,3.28,3.28,3.27,0,0,0,0
176,1762970091539,3.28,3.28,3.28,3.27,0,0,0,0
177,1762970091988,3.28,3.28,3.28,3.27,0,0,0,0
178,1762970092422,3.28,3.28,3.28,3.27,0,0,0,0
179,1762970092954,3.28,3.28,3.28,3.27,0,0,0,0
180,1762970093353,3.28,3.28,3.28,3.28,0,0,0,0
181,1762970093854,3.28,3.28,3.28,3.27,0,0,0,0
182,1762970094269,3.28,3.28,3.28,3.28,0,0,0,0
183,1762970094720,3.28,3.28,3.28,3.27,0,0,0,0
184,1762970095169,3.28,3.28,3.28,3.27,0,0,0,0
185,1762970095621,3.28,3.28,3.28,3.27,0,0,0,0
186,1762970096081,3.28,3.28,3.28,3.28,0,0,0,0
187,1762970096537,3.28,3.28,3.28,3.27,0,0,0,0
188,1762970097467,3.28,3.28,3.28,3.27,0,0,0,0
189,1762970097950,3.28,3.28,3.28,3.27,0,0,0,0
190,1762970098367,3.28,3.28,3.28,3.28,0,0,0,0
191,1762970098833,3.28,3.28,3.28,3.27,0,0,0,0
192,1762970099284,3.28,3.28,3.28,3.28,0,0,0,0
193,1762970099734,3.28,3.28,3.28,3.27,0,0,0,0
194,1762970100200,3.28,3.28,3.28,3.27,0,0,0,0
195,1762970100649,3.28,3.28,3.28,3.27,0,0,0,0
196,1762970101100,3.28,3.28,3.28,3.28,0,0,0,0
197,1762970101548,3.28,3.28,3.28,3.27,0,0,0,0
198,1762970102016,3.28,3.28,3.28,3.27,0,0,0,0
199,1762970102464,3.28,3.28,3.28,3.28,0,0,0,0
200,1762970103382,3.28,3.28,3.28,3.27,0,0,0,0
201,1762970103848,3.28,3.28,3.28,3.28,0,0,0,0
202,1762970104280,3.28,3.28,3.28,3.27,0,0,0,0
203,1762970104729,3.28,3.28,3.28,3.28,0,0,0,0
204,1762970105196,3.28,3.28,3.28,3.27,0,0,0,0
205,1762970105645,3.28,3.28,3.28,3.28,0,0,0,0
206,1762970107027,3.28,3.28,3.28,3.27,0,0,0,0
207,1762970107462,3.28,3.28,3.28,3.28,0,0,0,0
208,1762970107927,3.28,3.28,3.28,3.27,0,0,0,0
209,1762970110674,3.28,3.28,3.28,3.28,0,0,0,0
210,1762970111571,3.28,3.28,3.28,3.27,0,0,0,0
211,1762970112505,3.28,3.28,3.28,3.28,0,0,0,0
212,1762970113420,3.28,3.28,3.28,3.28,0,0,0,0
213,1762970113870,3.28,3.28,3.28,3.27,0,0,0,0
214,1762970114304,3.28,3.28,3.28,3.27,0,0,0,0
215,1762970114836,3.28,3.28,3.28,3.27,0,0,0,0
216,1762970115219,3.28,3.28,3.28,3.28,0,0,0,0
217,1762970115701,3.28,3.28,3.28,3.27,0,0,0,0
218,1762970116137,3.28,3.28,3.28,3.27,0,0,0,0
219,1762970117518,3.28,3.28,3.28,3.28,0,0,0,0
220,1762970118902,3.28,3.28,3.28,3.27,0,0,0,0
221,1762970119383,3.28,3.28,3.28,3.27,0,0,0,0
222,1762970119799,3.28,3.28,3.28,3.28,0,0,0,0
223,1762970120233,3.28,3.28,3.28,3.27,0,0,0,0
224,1762970120715,3.28,3.28,3.28,3.28,0,0,0,0
225,1762970121149,3.28,3.28,3.28,3.27,0,0,0,0
226,1762970121614,3.28,3.28,3.28,3.27,0,0,0,0
227,1762970122530,3.28,3.28,3.28,3.28,0,0,0,0
228,1762970122998,3.28,3.28,3.28,3.27,0,0,0,0
229,1762970123431,3.28,3.28,3.28,3.27,0,0,0,0
230,1762970123895,3.28,3.28,3.28,3.27,0,0,0,0
231,1762970124331,3.28,3.28,3.28,3.27,0,0,0,0
232,1762970124811,3.28,3.28,3.28,3.28,0,0,0,0
233,1762970125261,3.28,3.28,3.28,3.27,0,0,0,0
234,1762970125711,3.28,3.28,3.28,3.28,0,0,0,0
235,1762970126179,3.28,3.28,3.28,3.27,0,0,0,0
236,1762970126612,3.28,3.28,3.28,3.28,0,0,0,0
237,1762970127075,3.28,3.28,3.28,3.27,0,0,0,0
238,1762970127525,3.28,3.28,3.28,3.27,0,0,0,0
239,1762970127992,3.28,3.28,3.28,3.28,0,0,0,0
240,1762970128441,3.28,3.28,3.28,3.27,0,0,0,0
241,1762970128925,3.28,3.28,3.28,3.28,0,0,0,0
242,1762970129341,3.28,3.28,3.28,3.27,0,0,0,0
243,1762970131173,3.28,3.28,3.28,3.28,0,0,0,0
244,1762970131639,3.28,3.28,3.28,3.27,0,0,0,0
245,1762970132555,3.28,3.28,3.28,3.27,0,0,0,0
246,1762970133054,3.28,3.28,3.28,3.28,0,0,0,0
247,1762970133471,3.28,3.28,3.28,3.27,0,0,0,0
248,1762970134320,3.28,3.28,3.28,3.28,0,0,0,0
249,1762970134836,3.28,3.28,3.28,3.28,0,0,0,0
250,1762970135236,3.28,3.28,3.28,3.28,0,0,0,0
251,1762970135770,3.28,3.28,3.28,3.28,0,0,0,0
252,1762970136618,3.28,3.28,3.28,3.28,0,0,0,0
253,1762970137601,3.28,3.28,3.28,3.28,0,0,0,0
254,1762970137967,3.28,3.28,3.28,3.28,0,0,0,0
255,1762970138434,3.28,3.28,3.28,3.28,0,0,0,0
256,1762970138949,3.28,3.28,3.28,3.28,0,0,0,0
257,1762970139348,3.28,3.29,3.28,3.28,0,0,0,0
258,1762970139832,3.28,3.28,3.28,3.28,0,0,0,0
259,1762970140247,3.28,3.29,3.28,3.28,0,0,0,0
260,1762970140747,3.28,3.29,3.28,3.28,0,0,0,0
261,1762970141163,3.28,3.29,3.28,3.28,0,0,0,0
262,1762970142096,3.28,3.29,3.28,3.28,0,0,0,0
263,1762970142614,3.28,3.29,3.28,3.28,0,0,0,0
264,1762970143095,3.28,3.28,3.28,3.28,0,0,0,0
265,1762970143999,3.28,3.29,3.28,3.28,0,0,0,0
266,1762970144344,3.28,3.29,3.28,3.28,0,0,0,0
267,1762970148741,3.28,3.29,3.28,3.28,0,0,0,0
268,1762970150124,3.28,3.29,3.28,3.28,0,0,0,0
269,1762970150540,3.28,3.29,3.28,3.28,0,0,0,0
270,1762970151089,3.28,3.29,3.28,3.28,0,0,0,0
271,1762970151456,3.28,3.29,3.28,3.28,0,0,0,0
272,1762970151923,3.28,3.29,3.28,3.28,0,0,0,0
273,1762970152838,3.28,3.29,3.28,3.28,0,0,0,0
274,1762970153288,3.28,3.29,3.28,3.28,0,0,0,0
275,1762970153738,3.28,3.29,3.28,3.28,0,0,0,0
276,1762970154188,3.28,3.29,3.28,3.28,0,0,0,0
277,1762970154653,3.28,3.29,3.28,3.28,0,0,0,0
278,1762970155103,3.28,3.29,3.28,3.28,0,0,0,0
279,1762970155584,3.28,3.29,3.28,3.28,0,0,0,0
280,1762970158284,3.28,3.29,3.28,3.28,0,0,0,0
281,1762970158768,3.28,3.29,3.28,3.28,0,0,0,0
282,1762970159665,3.28,3.29,3.28,3.28,0,0,0,0
283,1762970160198,3.28,3.29,3.28,3.28,0,0,0,0
284,1762970160583,3.28,3.29,3.28,3.28,0,0,0,0
285,1762970161500,3.28,3.29,3.28,3.28,0,0,0,0
286,1762970162048,3.28,3.29,3.28,3.28,0,0,0,0
287,1762970162403,3.28,3.29,3.28,3.28,0,0,0,0
288,1762970162846,3.28,3.29,3.28,3.28,0,0,0,0
289,1762970163763,3.28,3.29,3.28,3.28,0,0,0,0
290,1762970164229,3.28,3.29,3.28,3.28,0,0,0,0
291,1762970164695,3.28,3.29,3.28,3.28,0,0,0,0
292,1762970165146,3.28,3.29,3.28,3.28,0,0,0,0
293,1762970165595,3.28,3.29,3.28,3.28,0,0,0,0
294,1762970166076,3.28,3.29,3.28,3.28,0,0,0,0
295,1762970166496,3.28,3.29,3.28,3.28,0,0,0,0
296,1762970166962,3.28,3.29,3.28,3.28,0,0,0,0
297,1762970167410,3.28,3.29,3.28,3.28,0,0,0,0
298,1762970168326,3.28,3.29,3.28,3.28,0,0,0,0
299,1762970168826,3.28,3.29,3.28,3.28,0,0,0,0
300,1762970169242,3.28,3.29,3.28,3.28,0,0,0,0
301,1762970169692,3.28,3.29,3.28,3.28,0,0,0,0
302,1762970170607,3.28,3.29,3.28,3.28,0,0,0,0
303,1762970171058,3.28,3.29,3.28,3.28,0,0,0,0
304,1762970171524,3.28,3.29,3.28,3.28,0,0,0,0
305,1762970172006,3.28,3.29,3.28,3.28,0,0,0,0
306,1762970172422,3.28,3.29,3.28,3.28,0,0,0,0
307,1762970172890,3.28,3.29,3.28,3.28,0,0,0,0
308,1762970173323,3.28,3.29,3.28,3.28,0,0,0,0
309,1762970173790,3.28,3.29,3.28,3.28,0,0,0,0
310,1762970174702,3.28,3.29,3.28,3.28,0,0,0,0
311,1762970175185,3.28,3.29,3.28,3.28,0,0,0,0
312,1762970175619,3.28,3.29,3.28,3.28,0,0,0,0
313,1762970176136,3.28,3.29,3.28,3.28,0,0,0,0
314,1762970176518,3.28,3.29,3.28,3.28,0,0,0,0
315,1762970177452,3.28,3.29,3.28,3.28,0,0,0,0
316,1762970191554,3.28,3.29,3.28,3.28,0,0,0,0
317,1762970192122,3.28,3.29,3.28,3.28,0,0,0,0
318,1762970193336,3.28,3.29,3.28,3.28,0,0,0,0
319,1762970193803,3.28,3.29,3.28,3.28,0,0,0,0
320,1762970194735,3.28,3.29,3.28,3.28,0,0,0,0
321,1762970195186,3.28,3.29,3.28,3.28,0,0,0,0
322,1762970195651,3.28,3.29,3.28,3.28,0,0,0,0
323,1762970196536,3.28,3.29,3.28,3.28,0,0,0,0
324,1762970196983,3.28,3.29,3.28,3.28,0,0,0,0
325,1762970197451,3.28,3.29,3.28,3.28,0,0,0,0
326,1762970198366,3.28,3.29,3.28,3.28,0,0,0,0
327,1762970198831,3.28,3.29,3.28,3.28,0,0,0,0
328,1762970199264,3.28,3.29,3.28,3.28,0,0,0,0
329,1762970199732,3.28,3.29,3.28,3.28,0,0,0,0
330,1762970200182,3.28,3.29,3.28,3.28,0,0,0,0
331,1762970201113,3.28,3.29,3.28,3.28,0,0,0,0
332,1762970203712,3.28,3.29,3.28,3.28,0,0,0,0
333,1762970204179,3.28,3.29,3.28,3.28,0,0,0,0
334,1762970204628,3.28,3.29,3.28,3.28,0,0,0,0
335,1762970205093,3.28,3.29,3.28,3.28,0,0,0,0
336,1762970205526,3.28,3.29,3.28,3.28,0,0,0,0
337,1762970205993,3.28,3.29,3.28,3.28,0,0,0,0
338,1762970206442,3.28,3.29,3.28,3.28,0,0,0,0
339,1762970206974,3.28,3.29,3.28,3.28,0,0,0,0
340,1762970208275,3.28,3.29,3.28,3.28,0,0,0,0
341,1762970208725,3.28,3.29,3.28,3.28,0,0,0,0
342,1762970209174,3.28,3.29,3.28,3.28,0,0,0,0
343,1762970209640,3.28,3.29,3.28,3.28,0,0,0,0
344,1762970210106,3.28,3.29,3.28,3.28,0,0,0,0
345,1762970210540,3.28,3.29,3.28,3.28,0,0,0,0
346,1762970211456,3.28,3.29,3.28,3.28,0,0,0,0
347,1762970211906,3.28,3.29,3.28,3.28,0,0,0,0
348,1762970212354,3.28,3.29,3.28,3.28,0,0,0,0
349,1762970212821,3.28,3.29,3.28,3.28,0,0,0,0
350,1762970213738,3.28,3.29,3.28,3.28,0,0,0,0
351,1762970215554,3.28,3.29,3.28,3.28,0,0,0,0
352,1762970216469,3.28,3.29,3.28,3.28,0,0,0,0
353,1762970216953,3.28,3.29,3.28,3.28,0,0,0,0
354,1762970217868,3.28,3.29,3.28,3.28,0,0,0,0
355,1762970218285,3.28,3.29,3.28,3.28,0,0,0,0
356,1762970218750,3.28,3.29,3.28,3.28,0,0,0,0
357,1762970219201,3.28,3.29,3.28,3.28,0,0,0,0
358,1762970223796,3.28,3.29,3.28,3.28,0,0,0,0
359,1762970224679,3.28,3.29,3.28,3.28,0,0,0,0
360,1762970225178,3.28,3.29,3.28,3.28,0,0,0,0
361,1762970225611,3.28,3.29,3.28,3.28,0,0,0,0
362,1762970226061,3.28,3.29,3.28,3.28,0,0,0,0
363,1762970227010,3.28,3.29,3.28,3.28,0,0,0,0
364,1762970227410,3.28,3.29,3.28,3.28,0,0,0,0
365,1762970227994,3.28,3.28,3.28,3.27,0,0,0,0
366,1762970228325,3.28,3.28,3.28,3.27,0,0,0,0
367,1762970228775,3.28,3.28,3.28,3.27,0,0,0,0
368,1762970229709,3.28,3.28,3.28,3.27,0,0,0,0
369,1762970231073,3.28,3.28,3.28,3.28,0,0,0,0
370,1762970231505,3.28,3.28,3.28,3.27,0,0,0,0
371,1762970232421,3.28,3.28,3.28,3.28,0,0,0,0
372,1762970232890,3.28,3.28,3.28,3.28,0,0,0,0
373,1762970233787,3.28,3.28,3.28,3.28,0,0,0,0
374,1762970234321,3.28,3.28,3.28,3.28,0,0,0,0
375,1762970234691,3.28,3.28,3.28,3.28,0,0,0,0
376,1762970235703,3.28,3.28,3.28,3.27,0,0,0,0
377,1762970237035,3.28,3.28,3.28,3.27,0,0,0,0
378,1762970239788,3.28,3.28,3.28,3.28,0,0,0,0
379,1762970241113,3.28,3.28,3.28,3.27,0,0,0,0
380,1762970241496,3.28,3.28,3.28,3.27,0,0,0,0
381,1762970242079,3.28,3.28,3.28,3.27,0,0,0,0
382,1762970242396,3.28,3.28,3.28,3.27,0,0,0,0
383,1762970242979,3.28,3.28,3.28,3.28,0,0,0,0
384,1762970243877,3.28,3.28,3.28,3.27,0,0,0,0
385,1762970245261,3.28,3.28,3.28,3.27,0,0,0,0
386,1762970245844,3.28,3.28,3.28,3.27,0,0,0,0
387,1762970246094,3.28,3.28,3.28,3.27,0,0,0,0
388,1762970246609,3.28,3.28,3.28,3.28,0,0,0,0
389,1762970247541,3.28,3.28,3.28,3.28,0,0,0,0
390,1762970248042,3.28,3.28,3.28,3.27,0,0,0,0
391,1762970248808,3.28,3.28,3.28,3.27,0,0,0,0
392,1762970249257,3.28,3.28,3.28,3.28,0,0,0,0
393,1762970249724,3.28,3.28,3.28,3.27,0,0,0,0
394,1762970250175,3.28,3.28,3.28,3.28,0,0,0,0
395,1762970250604,3.28,3.28,3.28,3.27,0,0,0,0
396,1762970251139,3.28,3.28,3.28,3.28,0,0,0,0
397,1762970251338,3.28,3.28,3.28,3.28,0,0,0,0
398,1762970251873,3.28,3.28,3.28,3.28,0,0,0,0
399,1762970252271,3.28,3.27,3.27,3.24,0,0,0,0
400,1762970252604,3.26,3.23,3.21,3.14,0,0,0,0
401,1762970253720,3.28,3.28,3.28,3.27,0,0,0,0
402,1762970254587,3.28,3.28,3.28,3.27,0,0,0,0
403,1762970255169,3.28,3.28,3.28,3.27,0,0,0,0
404,1762970255501,3.28,3.28,3.28,3.27,0,0,0,0
405,1762970255950,3.27,3.27,3.27,3.25,0,0,0,0
406,1762970256317,3.27,3.27,3.27,3.25,0,0,0,0
407,1762970256816,3.27,3.27,3.24,3.25,0,0,0,0
408,1762970257232,3.22,3.14,3.09,2.86,0,0,0,0
409,1762970257567,3.22,3.14,3.09,2.86,0,0,0,0
410,1762970257898,3.24,3.2,3.18,3.06,0,0,0,0
411,1762970258432,3.24,3.2,3.17,3.05,0,0,0,0
412,1762970258798,3.24,3.2,3.18,3.04,0,0,0,0
413,1762970259314,3.24,3.21,3.17,3.05,0,0,0,0
414,1762970259697,3.23,3.19,3.16,3.02,0,0,0,0
415,1762970260163,3.23,3.2,3.17,3.02,0,0,0,0
416,1762970260480,3.23,3.19,3.15,3.04,0,0,0,0
417,1762970261197,3.23,3.2,3.17,3.07,0,0,0,0
418,1762970261333,3.23,3.18,3.15,3.03,0,0,0,0
419,1762970262246,3.23,3.19,3.16,3.05,0,0,0,0
420,1762970262662,3.23,3.19,3.16,3.08,0,0,0,0
421,1762970262894,3.23,3.19,3.17,3.07,0,0,0,0
422,1762970263877,3.26,3.27,3.27,3.25,0,0,0,0
423,1762970264344,3.26,3.27,3.27,3.25,0,0,0,0
424,1762970264759,3.26,3.27,3.27,3.25,0,0,0,0
425,1762970265759,3.27,3.27,3.27,3.26,0,0,0,0
426,1762970267175,3.27,3.27,3.27,3.26,0,0,0,0
427,1762970267974,3.27,3.27,3.27,3.26,0,0,0,0
428,1762970273838,3.27,3.28,3.28,3.26,0,0,0,0
429,1762970274721,3.27,3.28,3.28,3.26,0,0,0,0
430,1762970276286,3.27,3.28,3.28,3.27,0,0,0,0
431,1762970276635,3.27,3.28,3.28,3.26,0,0,0,0
432,1762970277084,3.27,3.28,3.28,3.27,0,0,0,0
433,1762970277585,3.27,3.28,3.28,3.26,0,0,0,0
434,1762970278067,3.27,3.28,3.28,3.27,0,0,0,0
435,1762970278451,3.27,3.28,3.28,3.26,0,0,0,0
436,1762970278884,3.27,3.28,3.28,3.26,0,0,0,0
437,1762970280649,3.27,3.28,3.28,3.27,0,0,0,0
438,1762970281148,3.27,3.28,3.28,3.27,0,0,0,0
439,1762970281532,3.27,3.28,3.28,3.27,0,0,0,0
440,1762970282014,3.27,3.28,3.28,3.27,0,0,0,0
441,1762970282464,3.27,3.28,3.28,3.27,0,0,0,0
442,1762970282950,3.27,3.28,3.28,3.27,0,0,0,0
443,1762970283830,3.27,3.28,3.28,3.27,0,0,0,0
444,1762970284313,3.27,3.28,3.28,3.27,0,0,0,0
445,1762970284728,3.27,3.28,3.28,3.27,0,0,0,0
446,1762970285612,3.27,3.28,3.28,3.27,0,0,0,0
447,1762970287160,3.27,3.28,3.28,3.27,0,0,0,0
448,1762970287494,3.27,3.28,3.28,3.27,0,0,0,0
449,1762970287978,3.27,3.28,3.28,3.27,0,0,0,0
450,1762970288825,3.27,3.28,3.28,3.27,0,0,0,0
451,1762970289708,3.27,3.28,3.28,3.27,0,0,0,0
452,1762970290224,3.28,3.28,3.28,3.27,0,0,0,0
453,1762970290624,3.27,3.28,3.28,3.27,0,0,0,0
454,1762970291190,3.27,3.28,3.28,3.27,0,0,0,0
455,1762970291540,3.27,3.28,3.28,3.27,0,0,0,0
456,1762970292040,3.28,3.28,3.28,3.27,0,0,0,0
457,1762970292672,3.28,3.28,3.28,3.27,0,0,0,0
458,1762970293055,3.28,3.28,3.27,3.25,0,0,0,0
459,1762970293571,3.26,3.24,3.23,3.18,0,0,0,0
460,1762970293806,3.26,3.24,3.23,3.18,0,0,0,0
461,1762970294123,3.26,3.24,3.23,3.18,0,0,0,0
462,1762970294587,3.24,3.22,3.19,3.12,0,0,0,0
463,1762970294937,3.21,3.21,3.1,3.11,0,0,0,0
464,1762970295504,3.27,3.27,3.27,3.26,0,0,0,0
465,1762970296053,3.27,3.27,3.27,3.26,0,0,0,0
466,1762970296420,3.27,3.28,3.27,3.26,0,0,0,0
467,1762970296936,3.27,3.28,3.27,3.26,0,0,0,0
468,1762970297352,3.27,3.28,3.27,3.26,0,0,0,0
469,1762970297802,3.27,3.28,3.28,3.26,0,0,0,0
470,1762970298317,3.27,3.28,3.27,3.26,0,0,0,0
471,1762970298700,3.27,3.28,3.28,3.26,0,0,0,0
472,1762970299316,3.27,3.28,3.28,3.26,0,0,0,0
473,1762970299616,3.27,3.28,3.28,3.26,0,0,0,0
474,1762970299999,3.27,3.28,3.28,3.26,0,0,0,0
475,1762970300767,3.27,3.27,3.26,3.24,0,0,0,0
476,1762970301332,3.23,3.18,3.16,3.01,0,0,0,0
477,1762970301800,3.22,3.2,3.12,3.08,0,0,0,0
478,1762970302131,3.23,3.2,3.17,3.08,0,0,0,0
479,1762970302481,3.23,3.19,3.17,3.04,0,0,0,0
480,1762970302764,3.23,3.19,3.17,3.05,0,0,0,0
481,1762970303197,3.23,3.19,3.18,3.04,0,0,0,0
482,1762970303763,3.22,3.19,3.15,3.04,0,0,0,0
483,1762970304798,3.22,3.2,3.16,3.05,0,0,0,0
484,1762970305412,3.23,3.18,3.17,3.04,0,0,0,0
485,1762970305579,3.23,3.18,3.17,3.02,0,0,0,0
486,1762970306146,3.22,3.19,3.16,3.06,0,0,0,0
487,1762970306977,3.22,3.2,3.15,3.05,0,0,0,0
488,1762970307846,3.26,3.27,3.27,3.25,0,0,0,0
489,1762970308743,3.26,3.27,3.27,3.25,0,0,0,0
490,1762970309826,3.26,3.27,3.27,3.25,0,0,0,0
491,1762970311573,3.26,3.27,3.27,3.25,0,0,0,0
492,1762970311990,3.26,3.27,3.27,3.25,0,0,0,0
493,1762970312590,3.27,3.27,3.27,3.25,0,0,0,0
494,1762970313755,3.27,3.27,3.27,3.26,0,0,0,0
495,1762970314271,3.27,3.27,3.27,3.25,0,0,0,0
496,1762970315371,3.27,3.27,3.27,3.26,0,0,0,0
497,1762970315737,3.27,3.27,3.27,3.26,0,0,0,0
498,1762970316237,3.27,3.27,3.27,3.26,0,0,0,0
499,1762970317085,3.27,3.27,3.27,3.26,0,0,0,0
500,1762970317468,3.27,3.27,3.27,3.26,0,0,0,0
501,1762970321766,3.22,3.19,3.16,3.02,0,0,0,0
502,1762970322715,3.22,3.2,3.16,3.05,0,0,0,0
503,1762970322898,3.22,3.18,3.16,3.01,0,0,0,0
504,1762970323563,3.22,3.19,3.16,3.04,0,0,0,0
505,1762970323814,3.22,3.19,3.16,3.04,0,0,0,0
506,1762970324297,3.22,3.19,3.17,3.03,0,0,0,0
507,1762970324630,3.22,3.18,3.16,3.01,0,0,0,0
508,1762970325195,3.22,3.18,3.15,3.01,0,0,0,0
509,1762970325462,3.22,3.18,3.15,3.01,0,0,0,0
510,1762970325995,3.22,3.19,3.16,3.04,0,0,0,0
511,1762970327227,3.22,3.19,3.17,3.04,0,0,0,0
512,1762970327693,3.21,3.17,3.13,2.99,0,0,0,0
513,1762970327960,3.21,3.17,3.15,2.97,0,0,0,0
514,1762970329792,3.21,3.19,3.15,3.04,0,0,0,0
515,1762970331425,3.25,3.26,3.26,3.23,0,0,0,0
516,1762970331773,3.25,3.26,3.26,3.23,0,0,0,0
517,1762970332108,3.25,3.26,3.26,3.24,0,0,0,0
518,1762970332989,3.25,3.26,3.26,3.24,0,0,0,0
519,1762970333872,3.26,3.26,3.26,3.24,0,0,0,0
520,1762970334539,3.26,3.26,3.26,3.24,0,0,0,0
521,1762970334804,3.26,3.26,3.26,3.24,0,0,0,0
522,1762970335708,3.26,3.26,3.26,3.24,0,0,0,0
523,1762970336187,3.26,3.26,3.26,3.24,0,0,0,0
524,1762970336602,3.26,3.27,3.26,3.25,0,0,0,0
525,1762970337286,3.26,3.27,3.26,3.24,0,0,0,0
526,1762970337968,3.26,3.27,3.26,3.25,0,0,0,0
527,1762970338884,3.26,3.27,3.27,3.25,0,0,0,0
528,1762970339801,3.26,3.27,3.27,3.25,0,0,0,0
529,1762970341316,3.26,3.27,3.27,3.25,0,0,0,0
530,1762970341649,3.26,3.27,3.27,3.25,0,0,0,0
531,1762970342165,3.26,3.27,3.27,3.25,0,0,0,0
532,1762970343082,3.26,3.27,3.27,3.25,0,0,0,0
533,1762970343547,3.26,3.27,3.27,3.25,0,0,0,0
534,1762970343997,3.26,3.27,3.27,3.25,0,0,0,0
535,1762970345263,3.26,3.27,3.27,3.25,0,0,0,0
536,1762970345712,3.26,3.27,3.27,3.25,0,0,0,0
537,1762970347595,3.26,3.27,3.27,3.25,0,0,0,0
538,1762970347977,3.26,3.27,3.27,3.25,0,0,0,0
539,1762970348443,3.26,3.27,3.27,3.25,0,0,0,0
540,1762970348909,3.26,3.27,3.27,3.25,0,0,0,0
541,1762970350724,3.26,3.27,3.27,3.25,0,0,0,0
542,1762970351340,3.27,3.27,3.27,3.26,0,0,0,0
543,1762970351639,3.27,3.27,3.27,3.26,0,0,0,0
544,1762970352157,3.27,3.27,3.27,3.26,0,0,0,0
545,1762970353039,3.27,3.27,3.27,3.26,0,0,0,0
546,1762970353489,3.27,3.27,3.27,3.26,0,0,0,0
547,1762970353922,3.27,3.27,3.27,3.26,0,0,0,0
548,1762970354438,3.27,3.27,3.27,3.26,0,0,0,0
549,1762970354854,3.27,3.27,3.27,3.26,0,0,0,0
550,1762970356369,3.27,3.27,3.27,3.26,0,0,0,0
551,1762970357169,3.27,3.27,3.27,3.26,0,0,0,0
552,1762970357570,3.27,3.27,3.27,3.26,0,0,0,0
553,1762970358002,3.27,3.27,3.27,3.26,0,0,0,0
554,1762970360418,3.27,3.27,3.27,3.26,0,0,0,0
555,1762970360750,3.27,3.27,3.27,3.26,0,0,0,0
556,1762970361682,3.27,3.27,3.27,3.26,0,0,0,0
557,1762970362198,3.27,3.27,3.27,3.26,0,0,0,0
558,1762970363049,3.27,3.27,3.27,3.26,0,0,0,0
559,1762970363947,3.27,3.27,3.27,3.26,0,0,0,0
560,1762970364396,3.27,3.27,3.27,3.26,0,0,0,0
561,1762970364846,3.27,3.27,3.27,3.26,0,0,0,0
562,1762970365362,3.27,3.27,3.27,3.26,0,0,0,0
563,1762970365779,3.27,3.27,3.27,3.26,0,0,0,0
564,1762970366262,3.27,3.27,3.27,3.26,0,0,0,0
565,1762970366661,3.27,3.27,3.27,3.26,0,0,0,0
566,1762970367194,3.27,3.27,3.27,3.26,0,0,0,0
567,1762970367578,3.27,3.27,3.27,3.26,0,0,0,0
568,1762970368062,3.27,3.27,3.27,3.26,0,0,0,0
569,1762970368510,3.27,3.27,3.27,3.26,0,0,0,0
570,1762970368959,3.27,3.27,3.27,3.26,0,0,0,0
571,1762970369509,3.27,3.27,3.27,3.26,0,0,0,0
572,1762970369858,3.27,3.27,3.27,3.26,0,0,0,0
573,1762970370475,3.27,3.27,3.27,3.26,0,0,0,0
574,1762970370791,3.27,3.27,3.27,3.26,0,0,0,0
575,1762970373589,3.27,3.27,3.27,3.26,0,0,0,0
576,1762970373972,3.27,3.27,3.27,3.26,0,0,0,0
577,1762970374521,3.27,3.27,3.27,3.26,0,0,0,0
578,1762970374904,3.27,3.27,3.27,3.26,0,0,0,0
579,1762970375803,3.27,3.27,3.27,3.26,0,0,0,0
580,1762970376336,3.27,3.27,3.27,3.26,0,0,0,0
581,1762970376704,3.27,3.27,3.27,3.26,0,0,0,0
582,1762970377187,3.27,3.27,3.27,3.26,0,0,0,0
583,1762970377635,3.27,3.27,3.27,3.26,0,0,0,0
584,1762970378086,3.27,3.27,3.27,3.26,0,0,0,0
585,1762970379001,3.27,3.27,3.27,3.26,0,0,0,0
586,1762970379902,3.27,3.27,3.27,3.26,0,0,0,0
587,1762970380453,3.27,3.28,3.27,3.26,0,0,0,0
588,1762970380833,3.27,3.28,3.27,3.26,0,0,0,0
589,1762970381433,3.27,3.28,3.27,3.26,0,0,0,0
590,1762970382231,3.27,3.28,3.27,3.26,0,0,0,0
591,1762970383101,3.27,3.28,3.27,3.26,0,0,0,0
592,1762970384015,3.27,3.28,3.27,3.26,0,0,0,0
593,1762970386029,3.27,3.28,3.27,3.26,0,0,0,0
594,1762970386612,3.27,3.28,3.27,3.26,0,0,0,0
595,1762970388460,3.27,3.28,3.27,3.27,0,0,0,0
596,1762970388693,3.27,3.28,3.27,3.26,0,0,0,0
597,1762970389326,3.27,3.28,3.27,3.26,0,0,0,0
598,1762970389609,3.27,3.28,3.27,3.26,0,0,0,0
599,1762970390160,3.27,3.28,3.27,3.26,0,0,0,0
600,1762970390894,3.27,3.28,3.27,3.26,0,0,0,0
601,1762970391357,3.27,3.28,3.27,3.27,0,0,0,0
602,1762970391757,3.27,3.28,3.27,3.26,0,0,0,0
603,1762970392390,3.27,3.28,3.27,3.27,0,0,0,0
604,1762970392823,3.27,3.28,3.27,3.26,0,0,0,0
605,1762970393173,3.27,3.28,3.27,3.26,0,0,0,0
606,1762970394072,3.27,3.28,3.27,3.26,0,0,0,0
607,1762970394489,3.27,3.28,3.27,3.27,0,0,0,0
608,1762970394938,3.27,3.28,3.27,3.26,0,0,0,0
609,1762970395388,3.27,3.28,3.27,3.26,0,0,0,0
610,1762970395853,3.27,3.28,3.27,3.26,0,0,0,0
611,1762970396336,3.27,3.28,3.27,3.27,0,0,0,0
612,1762970397302,3.27,3.28,3.28,3.27,0,0,0,0
613,1762970397702,3.27,3.28,3.28,3.27,0,0,0,0
614,1762970398202,3.27,3.28,3.28,3.27,0,0,0,0
615,1762970398601,3.27,3.28,3.28,3.27,0,0,0,0
616,1762970399167,3.27,3.28,3.28,3.27,0,0,0,0
617,1762970399603,3.27,3.28,3.28,3.27,0,0,0,0
618,1762970400067,3.27,3.28,3.27,3.26,0,0,0,0
619,1762970400883,3.27,3.28,3.28,3.27,0,0,0,0
620,1762970401434,3.27,3.28,3.28,3.27,0,0,0,0
621,1762970401782,3.27,3.28,3.28,3.27,0,0,0,0
622,1762970402332,3.27,3.28,3.28,3.27,0,0,0,0
623,1762970402698,3.27,3.28,3.28,3.27,0,0,0,0
624,1762970403164,3.27,3.28,3.28,3.27,0,0,0,0
625,1762970404066,3.27,3.28,3.28,3.27,0,0,0,0
626,1762970404516,3.27,3.28,3.28,3.27,0,0,0,0
627,1762970404965,3.27,3.28,3.28,3.27,0,0,0,0
628,1762970405514,3.27,3.28,3.28,3.27,0,0,0,0
629,1762970405775,3.27,3.28,3.28,3.27,0,0,0,0
630,1762970406212,3.27,3.28,3.26,3.24,0,0,0,0
631,1762970406645,3.23,3.18,3.16,3.01,0,0,0,0
632,1762970407577,3.26,3.27,3.27,3.25,0,0,0,0
633,1762970408027,3.27,3.27,3.27,3.26,0,0,0,0
634,1762970408493,3.27,3.27,3.27,3.26,0,0,0,0
635,1762970408928,3.27,3.27,3.27,3.26,0,0,0,0
636,1762970409392,3.27,3.27,3.27,3.26,0,0,0,0
637,1762970410309,3.27,3.27,3.27,3.26,0,0,0,0
638,1762970410761,3.27,3.27,3.27,3.26,0,0,0,0
639,1762970411658,3.27,3.27,3.27,3.26,0,0,0,0
640,1762970412158,3.27,3.27,3.27,3.26,0,0,0,0
641,1762970412590,3.27,3.27,3.27,3.26,0,0,0,0
642,1762970413073,3.27,3.27,3.27,3.26,0,0,0,0
643,1762970413539,3.27,3.28,3.27,3.26,0,0,0,0
644,1762970413956,3.27,3.28,3.27,3.26,0,0,0,0
645,1762970414439,3.27,3.28,3.27,3.26,0,0,0,0
646,1762970414856,3.27,3.28,3.27,3.26,0,0,0,0
647,1762970415305,3.27,3.28,3.27,3.26,0,0,0,0
648,1762970415773,3.27,3.28,3.27,3.26,0,0,0,0
649,1762970416687,3.27,3.28,3.27,3.26,0,0,0,0
650,1762970417155,3.27,3.28,3.27,3.26,0,0,0,0
651,1762970417602,3.27,3.28,3.27,3.26,0,0,0,0
652,1762970418053,3.27,3.28,3.27,3.26,0,0,0,0
653,1762970418518,3.27,3.28,3.27,3.26,0,0,0,0
654,1762970418968,3.27,3.28,3.27,3.26,0,0,0,0
655,1762970419572,3.27,3.28,3.27,3.26,0,0,0,0
656,1762970419884,3.27,3.28,3.27,3.26,0,0,0,0
657,1762970420334,3.27,3.28,3.27,3.26,0,0,0,0
658,1762970420802,3.27,3.28,3.28,3.27,0,0,0,0
