index,date,INV_STATE_L_MOTOR,FAILURE_L_MOTOR,ALARM_L_MOTOR,1,2,3,4,5
0,1762969984726,0,0,0,0,0,0,0,0
1,1762969984875,0,0,0,0,0,0,0,0
2,1762969984976,0,0,0,0,0,0,0,0
3,1762969985125,0,0,0,3.32,0,0,0,0
4,1762969985325,0,0,0,0,0,0,0,0
5,1762969985458,0,0,0,3.31,0,0,0,0
6,1762969985558,0,0,0,0,0,0,0,0
7,1762969985675,0,0,0,0,0,0,0,0
8,1762969985825,0,0,0,0,0,0,0,0
9,1762969985941,0,0,0,3.32,0,0,0,0
10,1762969986025,0,0,0,0,0,0,0,0
11,1762969986109,0,0,0,0,0,0,0,0
12,1762969986207,0,0,0,0,0,0,0,0
13,1762969986324,0,0,0,0,0,0,0,0
14,1762969986442,0,0,0,0,0,0,0,0
15,1762969986557,0,0,0,0,0,0,0,0
16,1762969986658,0,0,0,0,0,0,0,0
17,1762969986775,0,0,0,0,0,0,0,0
18,1762969986874,0,0,0,0,0,0,0,0
19,1762969987057,0,0,0,0,0,0,0,0
20,1762969987325,0,0,0,0,0,0,0,0
21,1762969987657,0,0,0,0,0,0,0,0
22,1762969987974,0,0,0,0,0,0,0,0
23,1762969988156,0,0,0,0,0,0,0,0
24,1762969988207,0,0,0,0,0,0,0,0
25,1762969988223,0,0,0,0,0,0,0,0
26,1762969988306,0,0,0,0,0,0,0,0
27,1762969988422,0,0,0,0,0,0,0,0
28,1762969988542,0,0,0,0,0,0,0,0
29,1762969988656,0,0,0,3.26,0,0,0,0
30,1762969988789,0,0,0,0,0,0,0,0
31,1762969988990,0,0,0,0,0,0,0,0
32,1762969989205,0,0,0,0,0,0,0,0
33,1762969989289,0,0,0,0,0,0,0,0
34,1762969989405,0,0,0,0,0,0,0,0
35,1762969989522,0,0,0,0,0,0,0,0
36,1762969989639,0,0,0,0,0,0,0,0
37,1762969989838,0,0,0,0,0,0,0,0
38,1762969989973,0,0,0,0,0,0,0,0
39,1762969990122,0,0,0,0,0,0,0,0
40,1762969990171,0,0,0,0,0,0,0,0
41,1762969990287,0,0,0,0,0,0,0,0
42,1762969990405,0,0,0,0,0,0,0,0
43,1762969990554,0,0,0,0,0,0,0,0
44,1762969990654,0,0,0,0,0,0,0,0
45,1762969990854,0,0,0,0,0,0,0,0
46,1762969990987,0,0,0,0,0,0,0,0
47,1762969991070,0,0,0,3.32,0,0,0,0
48,1762969991171,0,0,0,0,0,0,0,0
49,1762969991238,0,0,0,0,0,0,0,0
50,1762969991407,0,0,0,0,0,0,0,0
51,1762969991505,0,0,0,0,0,0,0,0
52,1762969991720,0,0,0,0,0,0,0,0
53,1762969991888,0,0,0,3.31,0,0,0,0
54,1762969992171,0,0,0,0,0,0,0,0
55,1762969992272,0,0,0,3.31,0,0,0,0
56,1762969992370,0,0,0,0,0,0,0,0
57,1762969992487,0,0,0,0,0,0,0,0
58,1762969992603,0,0,0,0,0,0,0,0
59,1762969992703,0,0,0,0,0,0,0,0
60,1762969992837,0,0,0,0,0,0,0,0
61,1762969992986,0,0,0,0,0,0,0,0
62,1762969993103,0,0,0,0,0,0,0,0
63,1762969993187,0,0,0,0,0,0,0,0
64,1762969993302,0,0,0,0,0,0,0,0
65,1762969993419,0,0,0,0,0,0,0,0
66,1762969993585,0,0,0,0,0,0,0,0
67,1762969993702,0,0,0,0,0,0,0,0
68,1762969993836,0,0,0,0,0,0,0,0
69,1762969994035,0,0,0,0,0,0,0,0
70,1762969994251,0,0,0,0,0,0,0,0
71,1762969994370,0,0,0,0,0,0,0,0
72,1762969994469,0,0,0,0,0,0,0,0
73,1762969994569,0,0,0,3.26,0,0,0,0
74,1762969994687,0,0,0,0,0,0,0,0
75,1762969994869,0,0,0,1,0,0,0,0
76,1762969994985,0,0,0,0,0,0,0,0
77,1762969995136,0,0,0,3.26,0,0,0,0
78,1762969995220,0,0,0,0,0,0,0,0
79,1762969995253,0,0,0,0,0,0,0,0
80,1762969995352,0,0,0,0,0,0,0,0
81,1762969995451,0,0,0,3.31,0,0,0,0
82,1762969995569,0,0,0,0,0,0,0,0
83,1762969995850,0,0,0,0,0,0,0,0
84,1762969995967,0,0,0,0,0,0,0,0
85,1762969996101,0,0,0,0,0,0,0,0
86,1762969996184,0,0,0,0,0,0,0,0
87,1762969996234,0,0,0,0,0,0,0,0
88,1762969996334,0,0,0,0,0,0,0,0
89,1762969996449,0,0,0,0,0,0,0,0
90,1762969996551,0,0,0,0,0,0,0,0
91,1762969996684,0,0,0,0,0,0,0,0
92,1762969996799,0,0,0,0,0,0,0,0
93,1762969997000,0,0,0,0,0,0,0,0
94,1762969997033,0,0,0,0,0,0,0,0
95,1762969997332,0,0,0,0,0,0,0,0
96,1762969997433,0,0,0,0,0,0,0,0
97,1762969997649,0,0,0,0,0,0,0,0
98,1762969997851,0,0,0,0,0,0,0,0
99,1762969998033,0,0,0,0,0,0,0,0
100,1762969998199,0,0,0,0,0,0,0,0
101,1762969998234,0,0,0,3.26,0,0,0,0
102,1762969998315,0,0,0,0,0,0,0,0
103,1762969998432,0,0,0,0,0,0,0,0
104,1762969998548,0,0,0,0,0,0,0,0
105,1762969998648,0,0,0,3.32,0,0,0,0
106,1762969998766,0,0,0,0,0,0,0,0
107,1762969998915,0,0,0,0,0,0,0,0
108,1762969999049,0,0,0,0,0,0,0,0
109,1762969999132,0,0,0,0,0,0,0,0
110,1762969999365,0,0,0,0,0,0,0,0
111,1762969999648,0,0,0,0,0,0,0,0
112,1762969999782,0,0,0,0,0,0,0,0
113,1762969999982,0,0,0,0,0,0,0,0
114,1762970000231,0,0,0,0,0,0,0,0
115,1762970000298,0,0,0,0,0,0,0,0
116,1762970000630,0,0,0,0,0,0,0,0
117,1762970000798,0,0,0,0,0,0,0,0
118,1762970000947,0,0,0,0,0,0,0,0
119,1762970001097,0,0,0,0,0,0,0,0
120,1762970001297,0,0,0,0,0,0,0,0
121,1762970001413,0,0,0,3.26,0,0,0,0
122,1762970001531,0,0,0,0,0,0,0,0
123,1762970001613,0,0,0,0,0,0,0,0
124,1762970001946,0,0,0,3.31,0,0,0,0
125,1762970002081,0,0,0,0,0,0,0,0
126,1762970002264,0,0,0,0,0,0,0,0
127,1762970002379,0,0,0,0,0,0,0,0
128,1762970002496,0,0,0,0,0,0,0,0
129,1762970002613,0,0,0,0,0,0,0,0
130,1762970002981,0,0,0,0,0,0,0,0
131,1762970003197,0,0,0,0,0,0,0,0
132,1762970003381,0,0,0,0,0,0,0,0
133,1762970003496,0,0,0,0,0,0,0,0
134,1762970003596,0,0,0,0,0,0,0,0
135,1762970003712,0,0,0,0,0,0,0,0
136,1762970003862,0,0,0,0,0,0,0,0
137,1762970004012,0,0,0,0,0,0,0,0
138,1762970004114,0,0,0,0,0,0,0,0
139,1762970004228,0,0,0,3.26,0,0,0,0
140,1762970004278,0,0,0,0,0,0,0,0
141,1762970004395,0,0,0,0,0,0,0,0
142,1762970004494,0,0,0,0,0,0,0,0
143,1762970004611,0,0,0,3.26,0,0,0,0
144,1762970004695,0,0,0,0,0,0,0,0
145,1762970005062,0,0,0,0,0,0,0,0
146,1762970005243,0,0,0,0,0,0,0,0
147,1762970005311,0,0,0,0,0,0,0,0
148,1762970005360,0,0,0,0,0,0,0,0
149,1762970005476,0,0,0,0,0,0,0,0
150,1762970005576,0,0,0,0,0,0,0,0
151,1762970005710,0,0,0,0,0,0,0,0
152,1762970005877,0,0,0,0,0,0,0,0
153,1762970005994,0,0,0,0,0,0,0,0
154,1762970006094,0,0,0,0,0,0,0,0
155,1762970006178,0,0,0,0,0,0,0,0
156,1762970006344,0,0,0,0,0,0,0,0
157,1762970006462,0,0,0,0,0,0,0,0
158,1762970006576,0,0,0,0,0,0,0,0
159,1762970006675,0,0,0,0,0,0,0,0
160,1762970006826,0,0,0,0,0,0,0,0
161,1762970007025,0,0,0,0,0,0,0,0
162,1762970007158,0,0,0,0,0,0,0,0
163,1762970007225,0,0,0,0,0,0,0,0
164,1762970007359,0,0,0,0,0,0,0,0
165,1762970007458,0,0,0,0,0,0,0,0
166,1762970007592,0,0,0,0,0,0,0,0
167,1762970007858,0,0,0,3.26,0,0,0,0
168,1762970008075,0,0,0,0,0,0,0,0
169,1762970008191,0,0,0,0,0,0,0,0
170,1762970008224,0,0,0,3.31,0,0,0,0
171,1762970008324,0,0,0,0,0,0,0,0
172,1762970008441,0,0,0,0,0,0,0,0
173,1762970008540,0,0,0,0,0,0,0,0
174,1762970008657,0,0,0,0,0,0,0,0
175,1762970008824,0,0,0,0,0,0,0,0
176,1762970009074,0,0,0,0,0,0,0,0
177,1762970009225,0,0,0,0,0,0,0,0
178,1762970009291,0,0,0,0,0,0,0,0
179,1762970009425,0,0,0,0,0,0,0,0
180,1762970009541,0,0,0,0,0,0,0,0
181,1762970009642,0,0,0,0,0,0,0,0
182,1762970009807,0,0,0,0,0,0,0,0
183,1762970009973,0,0,0,0,0,0,0,0
184,1762970010124,0,0,0,0,0,0,0,0
185,1762970010307,0,0,0,0,0,0,0,0
186,1762970010422,0,0,0,0,0,0,0,0
187,1762970010641,0,0,0,0,0,0,0,0
188,1762970010923,0,0,0,0,0,0,0,0
189,1762970011123,0,0,0,3.26,0,0,0,0
190,1762970011238,0,0,0,0,0,0,0,0
191,1762970011305,0,0,0,0,0,0,0,0
192,1762970011404,0,0,0,0,0,0,0,0
193,1762970011522,0,0,0,0,0,0,0,0
194,1762970011623,0,0,0,0,0,0,0,0
195,1762970011754,0,0,0,0,0,0,0,0
196,1762970011937,0,0,0,0,0,0,0,0
197,1762970012070,0,0,0,0,0,0,0,0
198,1762970012121,0,0,0,0,0,0,0,0
199,1762970012238,0,0,0,0,0,0,0,0
200,1762970012405,0,0,0,0,0,0,0,0
201,1762970012620,0,0,0,0,0,0,0,0
202,1762970012737,0,0,0,0,0,0,0,0
203,1762970012921,0,0,0,0,0,0,0,0
204,1762970013070,0,0,0,0,0,0,0,0
205,1762970013203,0,0,0,0,0,0,0,0
206,1762970013271,0,0,0,0,0,0,0,0
207,1762970013323,0,0,0,0,0,0,0,0
208,1762970013422,0,0,0,0,0,0,0,0
209,1762970013537,0,0,0,0,0,0,0,0
210,1762970013620,0,0,0,0,0,0,0,0
211,1762970013720,0,0,0,0,0,0,0,0
212,1762970013887,0,0,0,0,0,0,0,0
213,1762970014019,0,0,0,0,0,0,0,0
214,1762970014169,0,0,0,0,0,0,0,0
215,1762970014353,0,0,0,0,0,0,0,0
216,1762970014502,0,0,0,0,0,0,0,0
217,1762970014603,0,0,0,3.28,0,0,0,0
218,1762970014719,0,0,0,0,0,0,0,0
219,1762970014888,0,0,0,0,0,0,0,0
220,1762970014987,0,0,0,0,0,0,0,0
221,1762970015120,0,0,0,0,0,0,0,0
222,1762970015272,0,0,0,0,0,0,0,0
223,1762970015385,0,0,0,0,0,0,0,0
224,1762970015602,0,0,0,0,0,0,0,0
225,1762970015701,0,0,0,0,0,0,0,0
226,1762970015835,0,0,0,0,0,0,0,0
227,1762970015969,0,0,0,0,0,0,0,0
228,1762970016069,0,0,0,0,0,0,0,0
229,1762970016467,0,0,0,0,0,0,0,0
230,1762970016585,0,0,0,0,0,0,0,0
231,1762970016704,0,0,0,0,0,0,0,0
232,1762970016834,0,0,0,0,0,0,0,0
233,1762970017000,0,0,0,0,0,0,0,0
234,1762970017100,0,0,0,0,0,0,0,0
235,1762970017366,0,0,0,3.32,0,0,0,0
236,1762970017466,0,0,0,0,0,0,0,0
237,1762970017567,0,0,0,0,0,0,0,0
238,1762970017701,0,0,0,0,0,0,0,0
239,1762970017801,0,0,0,3.28,0,0,0,0
240,1762970017949,0,0,0,0,0,0,0,0
241,1762970018099,0,0,0,0,0,0,0,0
242,1762970018200,0,0,0,0,0,0,0,0
243,1762970018267,0,0,0,0,0,0,0,0
244,1762970018333,0,0,0,0,0,0,0,0
245,1762970018450,0,0,0,0,0,0,0,0
246,1762970018550,0,0,0,0,0,0,0,0
247,1762970018667,0,0,0,0,0,0,0,0
248,1762970018984,0,0,0,0,0,0,0,0
249,1762970019118,0,0,0,0,0,0,0,0
250,1762970019182,0,0,0,0,0,0,0,0
251,1762970019266,0,0,0,0,0,0,0,0
252,1762970019450,0,0,0,0,0,0,0,0
253,1762970019550,0,0,0,0,0,0,0,0
254,1762970019650,0,0,0,0,0,0,0,0
255,1762970019799,0,0,0,0,0,0,0,0
256,1762970019949,0,0,0,0,0,0,0,0
257,1762970019999,0,0,0,0,0,0,0,0
258,1762970020134,0,0,0,0,0,0,0,0
259,1762970020266,0,0,0,0,0,0,0,0
260,1762970020314,0,0,0,0,0,0,0,0
261,1762970020431,0,0,0,0,0,0,0,0
262,1762970020564,0,0,0,3.32,0,0,0,0
263,1762970020631,0,0,0,0,0,0,0,0
264,1762970020764,0,0,0,0,0,0,0,0
265,1762970020900,0,0,0,0,0,0,0,0
266,1762970021048,0,0,0,3.27,0,0,0,0
267,1762970021115,0,0,0,0,0,0,0,0
268,1762970021232,0,0,0,0,0,0,0,0
269,1762970021315,0,0,0,0,0,0,0,0
270,1762970021417,0,0,0,0,0,0,0,0
271,1762970021519,0,0,0,0,0,0,0,0
272,1762970021631,0,0,0,0,0,0,0,0
273,1762970021764,0,0,0,0,0,0,0,0
274,1762970022080,0,0,0,0,0,0,0,0
275,1762970022347,0,0,0,0,0,0,0,0
276,1762970024911,0,0,0,0,0,0,0,0
277,1762970025045,0,0,0,0,0,0,0,0
278,1762970025112,0,0,0,0,0,0,0,0
279,1762970025195,0,0,0,0,0,0,0,0
280,1762970025312,0,0,0,0,0,0,0,0
281,1762970025613,0,0,0,0,0,0,0,0
282,1762970025744,0,0,0,0,0,0,0,0
283,1762970025977,0,0,0,0,0,0,0,0
284,1762970026145,0,0,0,0,0,0,0,0
285,1762970026310,0,0,0,0,0,0,0,0
286,1762970026394,0,0,0,0,0,0,0,0
287,1762970026477,0,0,0,0,0,0,0,0
288,1762970026593,0,0,0,0,0,0,0,0
289,1762970026826,0,0,0,0,0,0,0,0
290,1762970026928,0,0,0,3.26,0,0,0,0
291,1762970027043,0,0,0,0,0,0,0,0
292,1762970027143,0,0,0,0,0,0,0,0
293,1762970027245,0,0,0,0,0,0,0,0
294,1762970027360,0,0,0,3.32,0,0,0,0
295,1762970027476,0,0,0,0,0,0,0,0
296,1762970027576,0,0,0,0,0,0,0,0
297,1762970027676,0,0,0,0,0,0,0,0
298,1762970027842,0,0,0,0,0,0,0,0
299,1762970028211,0,0,0,0,0,0,0,0
300,1762970028358,0,0,0,0,0,0,0,0
301,1762970028478,0,0,0,0,0,0,0,0
302,1762970028592,0,0,0,0,0,0,0,0
303,1762970028675,0,0,0,0,0,0,0,0
304,1762970028859,0,0,0,0,0,0,0,0
305,1762970029042,0,0,0,0,0,0,0,0
306,1762970029125,0,0,0,0,0,0,0,0
307,1762970029341,0,0,0,0,0,0,0,0
308,1762970029458,0,0,0,0,0,0,0,0
309,1762970029558,0,0,0,0,0,0,0,0
310,1762970029811,0,0,0,0,0,0,0,0
311,1762970029910,0,0,0,0,0,0,0,0
312,1762970030024,0,0,0,0,0,0,0,0
313,1762970030340,0,0,0,0,0,0,0,0
314,1762970030673,0,0,0,0,0,0,0,0
315,1762970030791,0,0,0,0,0,0,0,0
316,1762970030907,0,0,0,0,0,0,0,0
317,1762970031006,0,0,0,0,0,0,0,0
318,1762970031156,0,0,0,0,0,0,0,0
319,1762970031323,0,0,0,0,0,0,0,0
320,1762970031506,0,0,0,0,0,0,0,0
321,1762970031672,0,0,0,0,0,0,0,0
322,1762970031889,0,0,0,0,0,0,0,0
323,1762970032006,0,0,0,0,0,0,0,0
324,1762970032139,0,0,0,0,0,0,0,0
325,1762970032222,0,0,0,0,0,0,0,0
326,1762970032323,0,0,0,0,0,0,0,0
327,1762970032422,0,0,0,0,0,0,0,0
328,1762970032540,0,0,0,0,0,0,0,0
329,1762970032655,0,0,0,0,0,0,0,0
330,1762970032755,0,0,0,0,0,0,0,0
331,1762970033005,0,0,0,0,0,0,0,0
332,1762970033239,0,0,0,0,0,0,0,0
333,1762970033405,0,0,0,0,0,0,0,0
334,1762970033521,0,0,0,0,0,0,0,0
335,1762970033621,0,0,0,0,0,0,0,0
336,1762970033738,0,0,0,3.32,0,0,0,0
337,1762970033888,0,0,0,0,0,0,0,0
338,1762970034087,0,0,0,0,0,0,0,0
339,1762970034187,0,0,0,0,0,0,0,0
340,1762970034288,0,0,0,0,0,0,0,0
341,1762970034404,0,0,0,0,0,0,0,0
342,1762970034505,0,0,0,0,0,0,0,0
343,1762970034622,0,0,0,0,0,0,0,0
344,1762970034721,0,0,0,0,0,0,0,0
345,1762970034887,0,0,0,0,0,0,0,0
346,1762970035020,0,0,0,0,0,0,0,0
347,1762970035136,0,0,0,0,0,0,0,0
348,1762970035237,0,0,0,0,0,0,0,0
349,1762970035387,0,0,0,0,0,0,0,0
350,1762970035503,0,0,0,0,0,0,0,0
351,1762970035636,0,0,0,0,0,0,0,0
352,1762970035736,0,0,0,0,0,0,0,0
353,1762970035853,0,0,0,0,0,0,0,0
354,1762970035953,0,0,0,0,0,0,0,0
355,1762970036055,0,0,0,0,0,0,0,0
356,1762970036186,0,0,0,0,0,0,0,0
357,1762970036302,0,0,0,0,0,0,0,0
358,1762970036386,0,0,0,0,0,0,0,0
359,1762970036485,0,0,0,0,0,0,0,0
360,1762970036586,0,0,0,0,0,0,0,0
361,1762970036703,0,0,0,0,0,0,0,0
362,1762970036836,0,0,0,0,0,0,0,0
363,1762970037034,0,0,0,0,0,0,0,0
364,1762970037151,0,0,0,0,0,0,0,0
365,1762970037268,0,0,0,0,0,0,0,0
366,1762970037485,0,0,0,0,0,0,0,0
367,1762970037702,0,0,0,0,0,0,0,0
368,1762970037817,0,0,0,0,0,0,0,0
369,1762970037918,0,0,0,0,0,0,0,0
370,1762970038034,0,0,0,0,0,0,0,0
371,1762970038168,0,0,0,0,0,0,0,0
372,1762970038285,0,0,0,0,0,0,0,0
373,1762970038467,0,0,0,0,0,0,0,0
374,1762970038584,0,0,0,0,0,0,0,0
375,1762970038700,0,0,0,0,0,0,0,0
376,1762970038919,0,0,0,0,0,0,0,0
377,1762970039033,0,0,0,0,0,0,0,0
378,1762970039134,0,0,0,0,0,0,0,0
379,1762970039566,0,0,0,0,0,0,0,0
380,1762970039684,0,0,0,3.32,0,0,0,0
381,1762970039798,0,0,0,0,0,0,0,0
382,1762970039917,0,0,0,0,0,0,0,0
383,1762970040016,0,0,0,0,0,0,0,0
384,1762970040132,0,0,0,3.27,0,0,0,0
385,1762970040348,0,0,0,0,0,0,0,0
386,1762970040449,0,0,0,0,0,0,0,0
387,1762970040549,0,0,0,0,0,0,0,0
388,1762970040666,0,0,0,0,0,0,0,0
389,1762970040816,0,0,0,0,0,0,0,0
390,1762970040899,0,0,0,0,0,0,0,0
391,1762970041032,0,0,0,0,0,0,0,0
392,1762970041349,0,0,0,0,0,0,0,0
393,1762970041448,0,0,0,0,0,0,0,0
394,1762970041782,0,0,0,0,0,0,0,0
395,1762970041881,0,0,0,0,0,0,0,0
396,1762970042364,0,0,0,0,0,0,0,0
397,1762970042647,0,0,0,0,0,0,0,0
398,1762970042764,0,0,0,0,0,0,0,0
399,1762970042997,0,0,0,0,0,0,0,0
400,1762970043097,0,0,0,0,0,0,0,0
401,1762970043230,0,0,0,0,0,0,0,0
402,1762970043397,0,0,0,3.27,0,0,0,0
403,1762970043630,0,0,0,0,0,0,0,0
404,1762970043747,0,0,0,0,0,0,0,0
405,1762970044030,0,0,0,0,0,0,0,0
406,1762970044129,0,0,0,0,0,0,0,0
407,1762970044412,0,0,0,0,0,0,0,0
408,1762970044746,0,0,0,0,0,0,0,0
409,1762970045029,0,0,0,0,0,0,0,0
410,1762970045079,0,0,0,0,0,0,0,0
411,1762970045213,0,0,0,0,0,0,0,0
412,1762970045362,0,0,0,0,0,0,0,0
413,1762970046511,0,0,0,3.31,0,0,0,0
414,1762970046727,0,0,0,0,0,0,0,0
415,1762970046878,0,0,0,0,0,0,0,0
416,1762970046944,0,0,0,0,0,0,0,0
417,1762970047194,0,0,0,0,0,0,0,0
418,1762970047310,0,0,0,0,0,0,0,0
419,1762970047444,0,0,0,0,0,0,0,0
420,1762970047610,0,0,0,0,0,0,0,0
421,1762970047710,0,0,0,0,0,0,0,0
422,1762970047860,0,0,0,0,0,0,0,0
423,1762970048046,0,0,0,0,0,0,0,0
424,1762970048176,0,0,0,0,0,0,0,0
425,1762970048277,0,0,0,0,0,0,0,0
426,1762970048393,0,0,0,0,0,0,0,0
427,1762970048492,0,0,0,0,0,0,0,0
428,1762970048593,0,0,0,0,0,0,0,0
429,1762970048692,0,0,0,0,0,0,0,0
430,1762970048891,0,0,0,0,0,0,0,0
431,1762970048963,0,0,0,0,0,0,0,0
432,1762970049078,0,0,0,0,0,0,0,0
433,1762970049176,0,0,0,0,0,0,0,0
434,1762970049274,0,0,0,0,0,0,0,0
435,1762970049358,0,0,0,0,0,0,0,0
436,1762970049477,0,0,0,0,0,0,0,0
437,1762970049574,0,0,0,0,0,0,0,0
438,1762970049807,0,0,0,0,0,0,0,0
439,1762970049924,0,0,0,0,0,0,0,0
440,1762970050024,0,0,0,0,0,0,0,0
441,1762970050156,0,0,0,0,0,0,0,0
442,1762970050356,0,0,0,0,0,0,0,0
443,1762970050457,0,0,0,0,0,0,0,0
444,1762970050573,0,0,0,0,0,0,0,0
445,1762970050690,0,0,0,0,0,0,0,0
446,1762970050907,0,0,0,0,0,0,0,0
447,1762970051009,0,0,0,0,0,0,0,0
448,1762970051122,0,0,0,0,0,0,0,0
449,1762970051223,0,0,0,0,0,0,0,0
450,1762970051339,0,0,0,0,0,0,0,0
451,1762970051439,0,0,0,0,0,0,0,0
452,1762970051572,0,0,0,0,0,0,0,0
453,1762970051673,0,0,0,0,0,0,0,0
454,1762970051806,0,0,0,0,0,0,0,0
455,1762970051925,0,0,0,0,0,0,0,0
456,1762970052106,0,0,0,0,0,0,0,0
457,1762970052222,0,0,0,0,0,0,0,0
458,1762970052371,0,0,0,0,0,0,0,0
459,1762970052556,0,0,0,0,0,0,0,0
460,1762970052656,0,0,0,0,0,0,0,0
461,1762970052788,0,0,0,0,0,0,0,0
462,1762970052906,0,0,0,3.32,0,0,0,0
463,1762970053005,0,0,0,0,0,0,0,0
464,1762970053105,0,0,0,0,0,0,0,0
465,1762970053338,0,0,0,0,0,0,0,0
466,1762970053454,0,0,0,0,0,0,0,0
467,1762970053573,0,0,0,0,0,0,0,0
468,1762970053654,0,0,0,0,0,0,0,0
469,1762970053821,0,0,0,0,0,0,0,0
470,1762970054088,0,0,0,0,0,0,0,0
471,1762970054204,0,0,0,0,0,0,0,0
472,1762970054420,0,0,0,0,0,0,0,0
473,1762970054637,0,0,0,0,0,0,0,0
474,1762970054769,0,0,0,0,0,0,0,0
475,1762970054869,0,0,0,0,0,0,0,0
476,1762970054969,0,0,0,0,0,0,0,0
477,1762970055086,0,0,0,0,0,0,0,0
478,1762970055303,0,0,0,0,0,0,0,0
479,1762970055570,0,0,0,0,0,0,0,0
480,1762970055752,0,0,0,3.26,0,0,0,0
481,1762970055835,0,0,0,0,0,0,0,0
482,1762970055902,0,0,0,0,0,0,0,0
483,1762970056002,0,0,0,0,0,0,0,0
484,1762970056136,0,0,0,3.28,0,0,0,0
485,1762970056268,0,0,0,0,0,0,0,0
486,1762970056386,0,0,0,0,0,0,0,0
487,1762970056535,0,0,0,0,0,0,0,0
488,1762970056618,0,0,0,0,0,0,0,0
489,1762970056837,0,0,0,0,0,0,0,0
490,1762970056951,0,0,0,0,0,0,0,0
491,1762970057103,0,0,0,0,0,0,0,0
492,1762970057201,0,0,0,0,0,0,0,0
493,1762970057401,0,0,0,0,0,0,0,0
494,1762970057534,0,0,0,0,0,0,0,0
495,1762970057618,0,0,0,0,0,0,0,0
496,1762970057735,0,0,0,0,0,0,0,0
497,1762970057851,0,0,0,0,0,0,0,0
498,1762970057970,0,0,0,0,0,0,0,0
499,1762970058183,0,0,0,0,0,0,0,0
500,1762970058400,0,0,0,0,0,0,0,0
501,1762970058501,0,0,0,0,0,0,0,0
502,1762970058600,0,0,0,0,0,0,0,0
503,1762970058700,0,0,0,0,0,0,0,0
504,1762970058850,0,0,0,3.26,0,0,0,0
505,1762970058934,0,0,0,0,0,0,0,0
506,1762970059033,0,0,0,0,0,0,0,0
507,1762970059167,0,0,0,0,0,0,0,0
508,1762970059399,0,0,0,0,0,0,0,0
509,1762970059532,0,0,0,0,0,0,0,0
510,1762970059616,0,0,0,0,0,0,0,0
511,1762970059700,0,0,0,0,0,0,0,0
512,1762970059832,0,0,0,0,0,0,0,0
513,1762970059917,0,0,0,0,0,0,0,0
514,1762970060031,0,0,0,0,0,0,0,0
515,1762970060381,0,0,0,0,0,0,0,0
516,1762970060482,0,0,0,0,0,0,0,0
517,1762970060582,0,0,0,0,0,0,0,0
518,1762970060698,0,0,0,0,0,0,0,0
519,1762970060814,0,0,0,0,0,0,0,0
520,1762970061398,0,0,0,0,0,0,0,0
521,1762970061680,0,0,0,0,0,0,0,0
522,1762970061780,0,0,0,1,0,0,0,0
523,1762970061932,0,0,0,0,0,0,0,0
524,1762970062064,0,0,0,3.26,0,0,0,0
525,1762970062164,0,0,0,0,0,0,0,0
526,1762970062231,0,0,0,0,0,0,0,0
527,1762970062463,0,0,0,3.31,0,0,0,0
528,1762970062563,0,0,0,0,0,0,0,0
529,1762970062681,0,0,0,0,0,0,0,0
530,1762970062780,0,0,0,0,0,0,0,0
531,1762970062899,0,0,0,0,0,0,0,0
532,1762970063114,0,0,0,0,0,0,0,0
533,1762970063230,0,0,0,0,0,0,0,0
534,1762970063446,0,0,0,0,0,0,0,0
535,1762970063579,0,0,0,0,0,0,0,0
536,1762970063879,0,0,0,0,0,0,0,0
537,1762970063995,0,0,0,0,0,0,0,0
538,1762970064079,0,0,0,0,0,0,0,0
539,1762970064245,0,0,0,0,0,0,0,0
540,1762970064312,0,0,0,0,0,0,0,0
541,1762970064445,0,0,0,0,0,0,0,0
542,1762970064678,0,0,0,0,0,0,0,0
543,1762970064763,0,0,0,0,0,0,0,0
544,1762970064914,0,0,0,0,0,0,0,0
545,1762970065111,0,0,0,0,0,0,0,0
546,1762970065194,0,0,0,3.31,0,0,0,0
547,1762970065311,0,0,0,0,0,0,0,0
548,1762970065646,0,0,0,3.31,0,0,0,0
549,1762970065896,0,0,0,0,0,0,0,0
550,1762970066180,0,0,0,0,0,0,0,0
551,1762970066994,0,0,0,0,0,0,0,0
552,1762970067076,0,0,0,0,0,0,0,0
553,1762970067177,0,0,0,0,0,0,0,0
554,1762970067294,0,0,0,0,0,0,0,0
555,1762970067395,0,0,0,0,0,0,0,0
556,1762970067694,0,0,0,0,0,0,0,0
557,1762970067743,0,0,0,0,0,0,0,0
558,1762970067926,0,0,0,0,0,0,0,0
559,1762970068026,0,0,0,0,0,0,0,0
560,1762970068059,0,0,0,0,0,0,0,0
561,1762970068292,0,0,0,0,0,0,0,0
562,1762970068391,0,0,0,0,0,0,0,0
563,1762970068493,0,0,0,0,0,0,0,0
564,1762970068608,0,0,0,0,0,0,0,0
565,1762970068709,0,0,0,0,0,0,0,0
566,1762970069058,0,0,0,0,0,0,0,0
567,1762970069158,0,0,0,0,0,0,0,0
568,1762970069275,0,0,0,0,0,0,0,0
569,1762970069391,0,0,0,0,0,0,0,0
570,1762970069526,0,0,0,0,0,0,0,0
571,1762970069873,0,0,0,0,0,0,0,0
572,1762970070040,0,0,0,0,0,0,0,0
573,1762970070141,0,0,0,0,0,0,0,0
574,1762970070375,0,0,0,0,0,0,0,0
575,1762970070491,0,0,0,0,0,0,0,0
576,1762970070591,0,0,0,0,0,0,0,0
577,1762970070823,0,0,0,0,0,0,0,0
578,1762970071172,0,0,0,0,0,0,0,0
579,1762970071473,0,0,0,0,0,0,0,0
580,1762970071689,0,0,0,0,0,0,0,0
581,1762970071824,0,0,0,0,0,0,0,0
582,1762970072022,0,0,0,0,0,0,0,0
583,1762970072155,0,0,0,0,0,0,0,0
584,1762970072272,0,0,0,0,0,0,0,0
585,1762970072489,0,0,0,0,0,0,0,0
586,1762970072589,0,0,0,0,0,0,0,0
587,1762970072672,0,0,0,0,0,0,0,0
588,1762970072905,0,0,0,0,0,0,0,0
589,1762970073121,0,0,0,0,0,0,0,0
590,1762970073240,0,0,0,0,0,0,0,0
591,1762970073340,0,0,0,0,0,0,0,0
592,1762970073454,0,0,0,0,0,0,0,0
593,1762970073787,0,0,0,0,0,0,0,0
594,1762970073971,0,0,0,0,0,0,0,0
595,1762970074120,0,0,0,0,0,0,0,0
596,1762970074436,0,0,0,0,0,0,0,0
597,1762970074553,0,0,0,1,0,0,0,0
598,1762970074652,0,0,0,0,0,0,0,0
599,1762970074819,0,0,0,3.31,0,0,0,0
600,1762970074953,0,0,0,0,0,0,0,0
601,1762970075102,0,0,0,0,0,0,0,0
602,1762970075219,0,0,0,0,0,0,0,0
603,1762970075319,0,0,0,0,0,0,0,0
604,1762970075769,0,0,0,0,0,0,0,0
605,1762970075936,0,0,0,0,0,0,0,0
606,1762970076102,0,0,0,0,0,0,0,0
607,1762970076203,0,0,0,0,0,0,0,0
608,1762970076319,0,0,0,0,0,0,0,0
609,1762970076419,0,0,0,0,0,0,0,0
610,1762970076636,0,0,0,0,0,0,0,0
611,1762970076752,0,0,0,0,0,0,0,0
612,1762970077084,0,0,0,0,0,0,0,0
613,1762970077234,0,0,0,0,0,0,0,0
614,1762970077301,0,0,0,1,0,0,0,0
615,1762970077536,0,0,0,3.32,0,0,0,0
616,1762970077634,0,0,0,0,0,0,0,0
617,1762970077736,0,0,0,1,0,0,0,0
618,1762970077951,0,0,0,0,0,0,0,0
619,1762970078084,0,0,0,0,0,0,0,0
620,1762970078185,0,0,0,0,0,0,0,0
621,1762970078284,0,0,0,0,0,0,0,0
622,1762970078418,0,0,0,0,0,0,0,0
623,1762970078516,0,0,0,0,0,0,0,0
624,1762970078634,0,0,0,0,0,0,0,0
625,1762970078733,1,0,0,0,0,0,0,0
626,1762970078900,1,0,0,3.26,0,0,0,0
627,1762970079069,1,0,0,1,0,0,0,0
628,1762970079183,1,0,0,0,0,0,0,0
629,1762970079283,1,0,0,3.26,0,0,0,0
630,1762970079400,1,0,0,0,0,0,0,0
631,1762970079500,1,0,0,0,0,0,0,0
632,1762970079617,1,0,0,0,0,0,0,0
633,1762970079716,1,0,0,0,0,0,0,0
634,1762970079850,1,0,0,0,0,0,0,0
635,1762970079999,1,0,0,0,0,0,0,0
636,1762970080049,1,0,0,0,0,0,0,0
637,1762970080266,1,0,0,0,0,0,0,0
638,1762970080382,1,0,0,3,0,0,0,0
639,1762970080549,1,0,0,0,0,0,0,0
640,1762970080601,1,0,0,0,0,0,0,0
641,1762970080715,1,0,0,0,0,0,0,0
642,1762970080865,1,0,0,0,0,0,0,0
643,1762970081048,1,0,0,0,0,0,0,0
644,1762970081148,1,0,0,0,0,0,0,0
645,1762970081265,1,0,0,0,0,0,0,0
646,1762970081382,1,0,0,0,0,0,0,0
647,1762970081598,1,0,0,0,0,0,0,0
648,1762970081697,1,0,0,0,0,0,0,0
649,1762970081849,1,0,0,0,0,0,0,0
650,1762970081980,1,0,0,0,0,0,0,0
651,1762970082133,1,0,0,0,0,0,0,0
652,1762970082247,1,0,0,0,0,0,0,0
653,1762970082350,1,0,0,0,0,0,0,0
654,1762970082465,1,0,0,0,0,0,0,0
655,1762970082581,1,0,0,0,0,0,0,0
656,1762970082697,1,0,0,0,0,0,0,0
657,1762970082814,1,0,0,87,0,0,0,0
658,1762970082964,1,0,0,453,0,0,0,0
659,1762970083130,1,0,0,0,0,0,0,0
660,1762970083229,1,0,0,411,0,0,0,0
661,1762970083347,1,0,0,3.32,0,0,0,0
662,1762970083462,1,0,0,0,0,0,0,0
663,1762970083680,1,0,0,348,0,0,0,0
664,1762970083846,1,0,0,3.31,0,0,0,0
665,1762970084012,1,0,0,0,0,0,0,0
666,1762970084663,1,0,0,0,0,0,0,0
667,1762970084829,1,0,0,168,0,0,0,0
668,1762970084946,1,0,0,0,0,0,0,0
669,1762970085245,1,0,0,0,0,0,0,0
670,1762970085545,1,0,0,65298,0,0,0,0
671,1762970085778,1,0,0,0,0,0,0,0
672,1762970085996,1,0,0,0,0,0,0,0
673,1762970086112,1,0,0,0,0,0,0,0
674,1762970086194,1,0,0,0,0,0,0,0
675,1762970086310,1,0,0,0,0,0,0,0
676,1762970086428,1,0,0,0,0,0,0,0
677,1762970086528,1,0,0,3.32,0,0,0,0
678,1762970086927,1,0,0,0,0,0,0,0
679,1762970087093,1,0,0,0,0,0,0,0
680,1762970087327,1,0,0,0,0,0,0,0
681,1762970087543,1,0,0,0,0,0,0,0
682,1762970087744,1,0,0,0,0,0,0,0
683,1762970089075,1,0,0,0,0,0,0,0
684,1762970089175,1,0,0,0,0,0,0,0
685,1762970089293,1,0,0,0,0,0,0,0
686,1762970089525,1,0,0,0,0,0,0,0
687,1762970089626,1,0,0,65336,0,0,0,0
688,1762970089874,1,0,0,0,0,0,0,0
689,1762970089974,1,0,0,0,0,0,0,0
690,1762970090058,1,0,0,0,0,0,0,0
691,1762970090274,1,0,0,0,0,0,0,0
692,1762970090491,1,0,0,0,0,0,0,0
693,1762970090607,1,0,0,0,0,0,0,0
694,1762970090742,1,0,0,0,0,0,0,0
695,1762970090875,1,0,0,0,0,0,0,0
696,1762970090957,1,0,0,0,0,0,0,0
697,1762970091172,1,0,0,0,0,0,0,0
698,1762970091306,1,0,0,0,0,0,0,0
699,1762970091422,1,0,0,0,0,0,0,0
700,1762970091605,1,0,0,0,0,0,0,0
701,1762970091706,1,0,0,0,0,0,0,0
702,1762970092054,1,0,0,0,0,0,0,0
703,1762970092274,1,0,0,0,0,0,0,0
704,1762970092488,1,0,0,0,0,0,0,0
705,1762970092588,1,0,0,0,0,0,0,0
706,1762970092704,0,0,0,1,0,0,0,0
707,1762970092838,0,0,0,0,0,0,0,0
708,1762970093037,0,0,0,3.32,0,0,0,0
709,1762970093154,0,0,0,1,0,0,0,0
710,1762970093254,0,0,0,0,0,0,0,0
711,1762970093370,0,0,0,3.32,0,0,0,0
712,1762970093586,0,0,0,0,0,0,0,0
713,1762970093837,0,0,0,0,0,0,0,0
714,1762970093921,0,0,0,0,0,0,0,0
715,1762970094121,0,0,0,0,0,0,0,0
716,1762970094236,0,0,0,0,0,0,0,0
717,1762970094353,0,0,0,0,0,0,0,0
718,1762970094469,0,0,0,0,0,0,0,0
719,1762970094571,0,0,0,0,0,0,0,0
720,1762970094687,0,0,0,0,0,0,0,0
721,1762970094803,0,0,0,0,0,0,0,0
722,1762970094937,0,0,0,0,0,0,0,0
723,1762970095021,0,0,0,0,0,0,0,0
724,1762970095121,0,0,0,0,0,0,0,0
725,1762970095236,0,0,0,0,0,0,0,0
726,1762970095336,0,0,0,0,0,0,0,0
727,1762970095453,0,0,0,0,0,0,0,0
728,1762970095555,0,0,0,0,0,0,0,0
729,1762970095669,0,0,0,0,0,0,0,0
730,1762970095787,0,0,0,0,0,0,0,0
731,1762970095936,0,0,0,0,0,0,0,0
732,1762970096042,0,0,0,0,0,0,0,0
733,1762970096220,0,0,0,0,0,0,0,0
734,1762970096336,0,0,0,0,0,0,0,0
735,1762970096453,0,0,0,0,0,0,0,0
736,1762970096815,0,0,0,0,0,0,0,0
737,1762970096936,0,0,0,0,0,0,0,0
738,1762970097221,0,0,0,0,0,0,0,0
739,1762970097435,0,0,0,0,0,0,0,0
740,1762970097551,0,0,0,0,0,0,0,0
741,1762970097651,0,0,0,0,0,0,0,0
742,1762970097767,0,0,0,0,0,0,0,0
743,1762970097883,0,0,0,0,0,0,0,0
744,1762970098085,0,0,0,0,0,0,0,0
745,1762970098201,0,0,0,0,0,0,0,0
746,1762970098320,0,0,0,0,0,0,0,0
747,1762970098533,0,0,0,0,0,0,0,0
748,1762970098650,0,0,0,0,0,0,0,0
749,1762970098749,0,0,0,0,0,0,0,0
750,1762970098908,0,0,0,0,0,0,0,0
751,1762970099084,0,0,0,0,0,0,0,0
752,1762970099184,0,0,0,0,0,0,0,0
753,1762970099300,0,0,0,3.32,0,0,0,0
754,1762970099534,0,0,0,1,0,0,0,0
755,1762970099634,0,0,0,0,0,0,0,0
756,1762970099883,0,0,0,0,0,0,0,0
757,1762970100169,0,0,0,0,0,0,0,0
758,1762970100299,0,0,0,0,0,0,0,0
759,1762970100401,0,0,0,0,0,0,0,0
760,1762970100518,0,0,0,0,0,0,0,0
761,1762970100617,0,0,0,0,0,0,0,0
762,1762970100733,0,0,0,0,0,0,0,0
763,1762970100851,0,0,0,0,0,0,0,0
764,1762970100949,0,0,0,0,0,0,0,0
765,1762970101065,0,0,0,0,0,0,0,0
766,1762970101182,0,0,0,0,0,0,0,0
767,1762970101285,0,0,0,0,0,0,0,0
768,1762970101398,0,0,0,0,0,0,0,0
769,1762970101500,0,0,0,0,0,0,0,0
770,1762970101616,0,0,0,0,0,0,0,0
771,1762970101715,0,0,0,0,0,0,0,0
772,1762970101849,0,0,0,0,0,0,0,0
773,1762970101948,0,0,0,0,0,0,0,0
774,1762970102083,0,0,0,0,0,0,0,0
775,1762970102149,0,0,0,0,0,0,0,0
776,1762970102280,0,0,0,0,0,0,0,0
777,1762970102381,0,0,0,0,0,0,0,0
778,1762970102498,0,0,0,0,0,0,0,0
779,1762970102598,0,0,0,0,0,0,0,0
780,1762970102715,0,0,0,0,0,0,0,0
781,1762970102865,0,0,0,0,0,0,0,0
782,1762970103015,0,0,0,0,0,0,0,0
783,1762970103147,0,0,0,0,0,0,0,0
784,1762970103247,0,0,0,0,0,0,0,0
785,1762970103363,0,0,0,0,0,0,0,0
786,1762970103481,0,0,0,0,0,0,0,0
787,1762970103579,0,0,0,0,0,0,0,0
788,1762970103697,0,0,0,0,0,0,0,0
789,1762970103829,0,0,0,0,0,0,0,0
790,1762970103930,0,0,0,0,0,0,0,0
791,1762970104146,0,0,0,0,0,0,0,0
792,1762970104246,0,0,0,0,0,0,0,0
793,1762970104364,0,0,0,0,0,0,0,0
794,1762970104465,0,0,0,0,0,0,0,0
795,1762970104946,0,0,0,0,0,0,0,0
796,1762970105030,0,0,0,0,0,0,0,0
797,1762970105112,0,0,0,0,0,0,0,0
798,1762970105345,0,0,0,0,0,0,0,0
799,1762970105462,0,0,0,0,0,0,0,0
800,1762970105678,0,0,0,3.32,0,0,0,0
801,1762970105783,0,0,0,0,0,0,0,0
802,1762970105945,0,0,0,1,0,0,0,0
803,1762970106112,0,0,0,0,0,0,0,0
804,1762970106228,0,0,0,0,0,0,0,0
805,1762970106328,0,0,0,0,0,0,0,0
806,1762970106444,0,0,0,0,0,0,0,0
807,1762970106561,0,0,0,0,0,0,0,0
808,1762970106677,0,0,0,0,0,0,0,0
809,1762970106995,0,0,0,0,0,0,0,0
810,1762970107094,0,0,0,0,0,0,0,0
811,1762970107430,0,0,0,0,0,0,0,0
812,1762970107893,0,0,0,0,0,0,0,0
813,1762970107978,0,0,0,0,0,0,0,0
814,1762970108093,0,0,0,0,0,0,0,0
815,1762970108211,0,0,0,0,0,0,0,0
816,1762970108426,0,0,0,0,0,0,0,0
817,1762970109745,0,0,0,0,0,0,0,0
818,1762970110041,0,0,0,0,0,0,0,0
819,1762970110291,0,0,0,0,0,0,0,0
820,1762970110408,0,0,0,0,0,0,0,0
821,1762970110507,0,0,0,0,0,0,0,0
822,1762970110625,0,0,0,0,0,0,0,0
823,1762970110874,0,0,0,0,0,0,0,0
824,1762970110990,0,0,0,0,0,0,0,0
825,1762970111106,0,0,0,0,0,0,0,0
826,1762970111173,0,0,0,0,0,0,0,0
827,1762970111290,0,0,0,0,0,0,0,0
828,1762970111406,0,0,0,0,0,0,0,0
829,1762970111505,0,0,0,0,0,0,0,0
830,1762970111621,0,0,0,0,0,0,0,0
831,1762970111722,0,0,0,0,0,0,0,0
832,1762970111906,0,0,0,0,0,0,0,0
833,1762970112124,0,0,0,0,0,0,0,0
834,1762970112174,0,0,0,0,0,0,0,0
835,1762970112521,0,0,0,3.28,0,0,0,0
836,1762970112621,0,0,0,0,0,0,0,0
837,1762970112738,0,0,0,0,0,0,0,0
838,1762970112837,0,0,0,0,0,0,0,0
839,1762970112987,0,0,0,0,0,0,0,0
840,1762970113055,0,0,0,0,0,0,0,0
841,1762970113154,0,0,0,0,0,0,0,0
842,1762970113387,0,0,0,0,0,0,0,0
843,1762970113520,0,0,0,0,0,0,0,0
844,1762970113603,0,0,0,0,0,0,0,0
845,1762970113721,0,0,0,0,0,0,0,0
846,1762970113837,0,0,0,0,0,0,0,0
847,1762970113954,0,0,0,0,0,0,0,0
848,1762970114053,0,0,0,0,0,0,0,0
849,1762970114269,0,0,0,0,0,0,0,0
850,1762970114487,0,0,0,0,0,0,0,0
851,1762970114603,0,0,0,0,0,0,0,0
852,1762970114704,0,0,0,0,0,0,0,0
853,1762970114920,0,0,0,0,0,0,0,0
854,1762970115036,0,0,0,0,0,0,0,0
855,1762970115136,0,0,0,0,0,0,0,0
856,1762970115252,0,0,0,3.32,0,0,0,0
857,1762970115385,0,0,0,0,0,0,0,0
858,1762970115485,0,0,0,0,0,0,0,0
859,1762970115568,0,0,0,0,0,0,0,0
860,1762970115819,0,0,0,0,0,0,0,0
861,1762970115985,0,0,0,0,0,0,0,0
862,1762970116020,0,0,0,0,0,0,0,0
863,1762970116119,0,0,0,0,0,0,0,0
864,1762970116236,0,0,0,0,0,0,0,0
865,1762970116356,0,0,0,0,0,0,0,0
866,1762970116454,0,0,0,0,0,0,0,0
867,1762970116686,0,0,0,0,0,0,0,0
868,1762970116802,0,0,0,0,0,0,0,0
869,1762970117018,0,0,0,0,0,0,0,0
870,1762970117119,0,0,0,0,0,0,0,0
871,1762970117335,0,0,0,0,0,0,0,0
872,1762970117451,0,0,0,0,0,0,0,0
873,1762970117569,0,0,0,0,0,0,0,0
874,1762970117668,0,0,0,0,0,0,0,0
875,1762970117818,0,0,0,0,0,0,0,0
876,1762970117952,0,0,0,0,0,0,0,0
877,1762970118118,0,0,0,0,0,0,0,0
878,1762970118234,0,0,0,0,0,0,0,0
879,1762970118334,0,0,0,0,0,0,0,0
880,1762970118550,0,0,0,0,0,0,0,0
881,1762970118666,0,0,0,0,0,0,0,0
882,1762970118902,0,0,0,3.27,0,0,0,0
883,1762970119117,0,0,0,0,0,0,0,0
884,1762970119217,0,0,0,0,0,0,0,0
885,1762970119449,0,0,0,0,0,0,0,0
886,1762970119550,0,0,0,0,0,0,0,0
887,1762970119650,0,0,0,0,0,0,0,0
888,1762970119765,0,0,0,0,0,0,0,0
889,1762970119982,0,0,0,0,0,0,0,0
890,1762970120102,0,0,0,0,0,0,0,0
891,1762970120199,0,0,0,0,0,0,0,0
892,1762970120315,0,0,0,0,0,0,0,0
893,1762970120749,0,0,0,0,0,0,0,0
894,1762970120882,0,0,0,0,0,0,0,0
895,1762970121065,0,0,0,0,0,0,0,0
896,1762970121081,0,0,0,0,0,0,0,0
897,1762970121199,0,0,0,0,0,0,0,0
898,1762970121298,0,0,0,0,0,0,0,0
899,1762970121415,0,0,0,0,0,0,0,0
900,1762970121514,0,0,0,0,0,0,0,0
901,1762970121648,0,0,0,3.32,0,0,0,0
902,1762970121748,0,0,0,0,0,0,0,0
903,1762970121864,0,0,0,0,0,0,0,0
904,1762970122180,0,0,0,0,0,0,0,0
905,1762970122297,0,0,0,0,0,0,0,0
906,1762970122397,0,0,0,0,0,0,0,0
907,1762970122514,0,0,0,0,0,0,0,0
908,1762970122613,0,0,0,0,0,0,0,0
909,1762970122730,0,0,0,0,0,0,0,0
910,1762970122863,0,0,0,0,0,0,0,0
911,1762970122964,0,0,0,0,0,0,0,0
912,1762970123080,0,0,0,0,0,0,0,0
913,1762970123280,0,0,0,0,0,0,0,0
914,1762970123396,0,0,0,0,0,0,0,0
915,1762970123496,0,0,0,0,0,0,0,0
916,1762970123613,0,0,0,0,0,0,0,0
917,1762970123730,0,0,0,0,0,0,0,0
918,1762970123863,0,0,0,0,0,0,0,0
919,1762970123946,0,0,0,0,0,0,0,0
920,1762970124046,0,0,0,0,0,0,0,0
921,1762970124163,0,0,0,0,0,0,0,0
922,1762970124263,0,0,0,0,0,0,0,0
923,1762970124379,0,0,0,0,0,0,0,0
924,1762970124512,0,0,0,0,0,0,0,0
925,1762970124612,0,0,0,0,0,0,0,0
926,1762970124712,0,0,0,0,0,0,0,0
927,1762970124847,0,0,0,3.26,0,0,0,0
928,1762970124978,0,0,0,0,0,0,0,0
929,1762970125145,0,0,0,0,0,0,0,0
930,1762970125378,0,0,0,0,0,0,0,0
931,1762970125478,0,0,0,0,0,0,0,0
932,1762970125578,0,0,0,0,0,0,0,0
933,1762970125694,0,0,0,0,0,0,0,0
934,1762970125811,0,0,0,0,0,0,0,0
935,1762970125928,0,0,0,0,0,0,0,0
936,1762970126044,0,0,0,0,0,0,0,0
937,1762970126144,0,0,0,0,0,0,0,0
938,1762970126261,0,0,0,0,0,0,0,0
939,1762970126461,0,0,0,0,0,0,0,0
940,1762970126579,0,0,0,0,0,0,0,0
941,1762970126679,0,0,0,0,0,0,0,0
942,1762970126793,0,0,0,0,0,0,0,0
943,1762970126927,0,0,0,0,0,0,0,0
944,1762970127126,0,0,0,0,0,0,0,0
945,1762970127242,0,0,0,0,0,0,0,0
946,1762970127343,0,0,0,0,0,0,0,0
947,1762970127576,0,0,0,0,0,0,0,0
948,1762970127675,0,0,0,0,0,0,0,0
949,1762970127824,0,0,0,0,0,0,0,0
950,1762970127943,0,0,0,0,0,0,0,0
951,1762970128109,0,0,0,0,0,0,0,0
952,1762970128325,0,0,0,0,0,0,0,0
953,1762970128458,0,0,0,3.27,0,0,0,0
954,1762970128559,0,0,0,0,0,0,0,0
955,1762970128991,0,0,0,0,0,0,0,0
956,1762970129209,0,0,0,0,0,0,0,0
957,1762970129325,0,0,0,0,0,0,0,0
958,1762970129441,0,0,0,0,0,0,0,0
959,1762970129541,0,0,0,0,0,0,0,0
960,1762970129991,0,0,0,0,0,0,0,0
961,1762970130874,0,0,0,0,0,0,0,0
962,1762970131023,0,0,0,0,0,0,0,0
963,1762970131089,0,0,0,0,0,0,0,0
964,1762970131192,0,0,0,3.32,0,0,0,0
965,1762970131356,0,0,0,0,0,0,0,0
966,1762970131972,0,0,0,0,0,0,0,0
967,1762970132089,0,0,0,0,0,0,0,0
968,1762970132289,0,0,0,0,0,0,0,0
969,1762970132405,0,0,0,0,0,0,0,0
970,1762970132521,0,0,0,0,0,0,0,0
971,1762970132639,0,0,0,0,0,0,0,0
972,1762970132855,0,0,0,0,0,0,0,0
973,1762970132988,0,0,0,0,0,0,0,0
974,1762970133088,0,0,0,0,0,0,0,0
975,1762970133188,0,0,0,0,0,0,0,0
976,1762970133288,0,0,0,0,0,0,0,0
977,1762970133404,0,0,0,0,0,0,0,0
978,1762970133639,0,0,0,0,0,0,0,0
979,1762970133838,0,0,0,0,0,0,0,0
980,1762970133956,0,0,0,0,0,0,0,0
981,1762970134053,0,0,0,597,0,0,0,0
982,1762970134171,0,0,0,0,0,0,0,0
983,1762970134271,0,0,0,0,0,0,0,0
984,1762970134436,0,0,0,0,0,0,0,0
985,1762970134603,0,0,0,0,0,0,0,0
986,1762970134788,0,0,0,0,0,0,0,0
987,1762970134903,0,0,0,0,0,0,0,0
988,1762970135053,0,0,0,0,0,0,0,0
989,1762970135172,0,0,0,0,0,0,0,0
990,1762970135519,0,0,0,0,0,0,0,0
991,1762970135619,0,0,0,0,0,0,0,0
992,1762970135919,0,0,0,0,0,0,0,0
993,1762970136269,0,0,0,0,0,0,0,0
994,1762970136385,0,0,0,0,0,0,0,0
995,1762970136768,0,0,0,0,0,0,0,0
996,1762970136902,0,0,0,0,0,0,0,0
997,1762970137051,0,0,0,0,0,0,0,0
998,1762970137152,0,0,0,0,0,0,0,0
999,1762970137268,0,0,0,0,0,0,0,0
1000,1762970137401,0,0,0,0,0,0,0,0
1001,1762970137701,0,0,0,0,0,0,0,0
1002,1762970137818,0,0,0,0,0,0,0,0
1003,1762970137917,0,0,0,0,0,0,0,0
1004,1762970138034,0,0,0,0,0,0,0,0
1005,1762970138134,0,0,0,0,0,0,0,0
1006,1762970138234,0,0,0,0,0,0,0,0
1007,1762970138468,0,0,0,597,0,0,0,0
1008,1762970138570,0,0,0,0,0,0,0,0
1009,1762970138683,0,0,0,0,0,0,0,0
1010,1762970138970,0,0,0,3.31,0,0,0,0
1011,1762970139033,0,0,0,0,0,0,0,0
1012,1762970139115,0,0,0,0,0,0,0,0
1013,1762970139232,0,0,0,0,0,0,0,0
1014,1762970139348,0,0,0,3.32,0,0,0,0
1015,1762970139465,0,0,0,0,0,0,0,0
1016,1762970139564,0,0,0,0,0,0,0,0
1017,1762970139782,0,0,0,0,0,0,0,0
1018,1762970139933,0,0,0,0,0,0,0,0
1019,1762970140114,0,0,0,0,0,0,0,0
1020,1762970140466,0,0,0,0,0,0,0,0
1021,1762970140550,0,0,0,0,0,0,0,0
1022,1762970140698,0,0,0,0,0,0,0,0
1023,1762970140830,0,0,0,0,0,0,0,0
1024,1762970140916,0,0,0,0,0,0,0,0
1025,1762970140997,0,0,0,0,0,0,0,0
1026,1762970141097,0,0,0,597,0,0,0,0
1027,1762970141214,0,0,0,0,0,0,0,0
1028,1762970141547,0,0,0,0,0,0,0,0
1029,1762970141714,0,0,0,0,0,0,0,0
1030,1762970141813,0,0,0,0,0,0,0,0
1031,1762970142029,0,0,0,0,0,0,0,0
1032,1762970142113,0,0,0,3.31,0,0,0,0
1033,1762970142195,0,0,0,0,0,0,0,0
1034,1762970142313,0,0,0,0,0,0,0,0
1035,1762970142597,0,0,0,0,0,0,0,0
1036,1762970142748,0,0,0,0,0,0,0,0
1037,1762970142929,0,0,0,0,0,0,0,0
1038,1762970143029,0,0,0,0,0,0,0,0
1039,1762970143295,0,0,0,0,0,0,0,0
1040,1762970143678,0,0,0,0,0,0,0,0
1041,1762970143845,0,0,0,0,0,0,0,0
1042,1762970143945,0,0,0,0,0,0,0,0
1043,1762970144096,0,0,0,0,0,0,0,0
1044,1762970144127,0,0,0,0,0,0,0,0
1045,1762970144197,0,0,0,0,0,0,0,0
1046,1762970144312,0,0,0,0,0,0,0,0
1047,1762970144411,0,0,0,0,0,0,0,0
1048,1762970144511,0,0,0,0,0,0,0,0
1049,1762970144627,0,0,0,0,0,0,0,0
1050,1762970144727,0,0,0,0,0,0,0,0
1051,1762970147909,0,0,0,0,0,0,0,0
1052,1762970148092,0,0,0,0,0,0,0,0
1053,1762970148192,0,0,0,0,0,0,0,0
1054,1762970148292,0,0,0,0,0,0,0,0
1055,1762970148393,0,0,0,0,0,0,0,0
1056,1762970148558,0,0,0,0,0,0,0,0
1057,1762970148775,0,0,0,3.31,0,0,0,0
1058,1762970148910,0,0,0,0,0,0,0,0
1059,1762970148975,0,0,0,0,0,0,0,0
1060,1762970149075,0,0,0,0,0,0,0,0
1061,1762970149175,0,0,0,0,0,0,0,0
1062,1762970149274,0,0,0,0,0,0,0,0
1063,1762970149407,0,0,0,0,0,0,0,0
1064,1762970149508,0,0,0,0,0,0,0,0
1065,1762970149608,0,0,0,0,0,0,0,0
1066,1762970149726,0,0,0,0,0,0,0,0
1067,1762970149857,0,0,0,0,0,0,0,0
1068,1762970150041,0,0,0,0,0,0,0,0
1069,1762970150124,0,0,0,0,0,0,0,0
1070,1762970150207,0,0,0,0,0,0,0,0
1071,1762970150274,0,0,0,0,0,0,0,0
1072,1762970150391,0,0,0,0,0,0,0,0
1073,1762970150507,0,0,0,0,0,0,0,0
1074,1762970150624,0,0,0,0,0,0,0,0
1075,1762970150740,0,0,0,0,0,0,0,0
1076,1762970150859,0,0,0,0,0,0,0,0
1077,1762970151040,0,0,0,0,0,0,0,0
1078,1762970151123,0,0,0,0,0,0,0,0
1079,1762970151173,0,0,0,0,0,0,0,0
1080,1762970151257,0,0,0,0,0,0,0,0
1081,1762970151373,0,0,0,0,0,0,0,0
1082,1762970151489,0,0,0,3.32,0,0,0,0
1083,1762970151605,0,0,0,0,0,0,0,0
1084,1762970151706,0,0,0,0,0,0,0,0
1085,1762970151856,0,0,0,0,0,0,0,0
1086,1762970151939,0,0,0,3.31,0,0,0,0
1087,1762970152139,0,0,0,0,0,0,0,0
1088,1762970152239,0,0,0,0,0,0,0,0
1089,1762970152355,0,0,0,0,0,0,0,0
1090,1762970152473,0,0,0,0,0,0,0,0
1091,1762970152571,0,0,0,0,0,0,0,0
1092,1762970152689,0,0,0,0,0,0,0,0
1093,1762970152805,0,0,0,0,0,0,0,0
1094,1762970153239,0,0,0,0,0,0,0,0
1095,1762970153339,0,0,0,0,0,0,0,0
1096,1762970153454,0,0,0,0,0,0,0,0
1097,1762970153570,0,0,0,0,0,0,0,0
1098,1762970153788,0,0,0,0,0,0,0,0
1099,1762970153887,0,0,0,0,0,0,0,0
1100,1762970154070,0,0,0,0,0,0,0,0
1101,1762970154121,0,0,0,0,0,0,0,0
1102,1762970154237,0,0,0,3.32,0,0,0,0
1103,1762970154353,0,0,0,0,0,0,0,0
1104,1762970154586,0,0,0,0,0,0,0,0
1105,1762970154685,0,0,0,3.32,0,0,0,0
1106,1762970154803,0,0,0,0,0,0,0,0
1107,1762970154919,0,0,0,0,0,0,0,0
1108,1762970155020,0,0,0,0,0,0,0,0
1109,1762970155120,0,0,0,32775,0,0,0,0
1110,1762970155336,0,0,0,0,0,0,0,0
1111,1762970155434,0,0,0,0,0,0,0,0
1112,1762970155552,0,0,0,0,0,0,0,0
1113,1762970155769,0,0,0,0,0,0,0,0
1114,1762970155920,0,0,0,0,0,0,0,0
1115,1762970156003,0,0,0,0,0,0,0,0
1116,1762970156102,0,0,0,0,0,0,0,0
1117,1762970156220,0,0,0,0,0,0,0,0
1118,1762970156318,0,0,0,0,0,0,0,0
1119,1762970156536,0,0,0,0,0,0,0,0
1120,1762970156669,0,0,0,0,0,0,0,0
1121,1762970156768,0,0,0,0,0,0,0,0
1122,1762970156884,0,0,0,0,0,0,0,0
1123,1762970157118,0,0,0,0,0,0,0,0
1124,1762970157202,0,0,0,0,0,0,0,0
1125,1762970157302,0,0,0,0,0,0,0,0
1126,1762970157418,0,0,0,0,0,0,0,0
1127,1762970157518,0,0,0,0,0,0,0,0
1128,1762970157651,0,0,0,0,0,0,0,0
1129,1762970157851,0,0,0,3.32,0,0,0,0
1130,1762970158500,0,0,0,0,0,0,0,0
1131,1762970158667,0,0,0,0,0,0,0,0
1132,1762970158982,0,0,0,0,0,0,0,0
1133,1762970159117,0,0,0,0,0,0,0,0
1134,1762970159733,0,0,0,0,0,0,0,0
1135,1762970159882,0,0,0,0,0,0,0,0
1136,1762970160098,0,0,0,0,0,0,0,0
1137,1762970160215,0,0,0,0,0,0,0,0
1138,1762970160281,0,0,0,0,0,0,0,0
1139,1762970160398,0,0,0,0,0,0,0,0
1140,1762970160685,0,0,0,0,0,0,0,0
1141,1762970160915,0,0,0,0,0,0,0,0
1142,1762970161049,0,0,0,0,0,0,0,0
1143,1762970161086,0,0,0,0,0,0,0,0
1144,1762970161283,0,0,0,0,0,0,0,0
1145,1762970161533,0,0,0,33161,0,0,0,0
1146,1762970161599,0,0,0,0,0,0,0,0
1147,1762970161750,0,0,0,0,0,0,0,0
1148,1762970161882,0,0,0,0,0,0,0,0
1149,1762970162032,0,0,0,0,0,0,0,0
1150,1762970162165,0,0,0,0,0,0,0,0
1151,1762970162266,0,0,0,0,0,0,0,0
1152,1762970162367,0,0,0,0,0,0,0,0
1153,1762970162499,0,0,0,0,0,0,0,0
1154,1762970162599,0,0,0,0,0,0,0,0
1155,1762970162698,0,0,0,0,0,0,0,0
1156,1762970162832,0,0,0,0,0,0,0,0
1157,1762970162998,0,0,0,0,0,0,0,0
1158,1762970163147,0,0,0,0,0,0,0,0
1159,1762970163246,0,0,0,0,0,0,0,0
1160,1762970163365,0,0,0,0,0,0,0,0
1161,1762970163514,0,0,0,0,0,0,0,0
1162,1762970163646,0,0,0,0,0,0,0,0
1163,1762970163829,0,0,0,0,0,0,0,0
1164,1762970163913,0,0,0,0,0,0,0,0
1165,1762970164046,0,0,0,0,0,0,0,0
1166,1762970164346,0,0,0,0,0,0,0,0
1167,1762970164478,0,0,0,0,0,0,0,0
1168,1762970164611,0,0,0,0,0,0,0,0
1169,1762970164695,0,0,0,3.31,0,0,0,0
1170,1762970164813,0,0,0,0,0,0,0,0
1171,1762970164929,0,0,0,0,0,0,0,0
1172,1762970165012,0,0,0,0,0,0,0,0
1173,1762970165112,0,0,0,0,0,0,0,0
1174,1762970165230,0,0,0,0,0,0,0,0
1175,1762970165329,0,0,0,0,0,0,0,0
1176,1762970165446,0,0,0,0,0,0,0,0
1177,1762970165562,0,0,0,0,0,0,0,0
1178,1762970165796,0,0,0,0,0,0,0,0
1179,1762970165931,0,0,0,0,0,0,0,0
1180,1762970166011,0,0,0,0,0,0,0,0
1181,1762970166126,0,0,0,0,0,0,0,0
1182,1762970166227,0,0,0,0,0,0,0,0
1183,1762970166331,0,0,0,0,0,0,0,0
1184,1762970166441,0,0,0,0,0,0,0,0
1185,1762970166593,0,0,0,0,0,0,0,0
1186,1762970166711,0,0,0,0,0,0,0,0
1187,1762970167110,0,0,0,0,0,0,0,0
1188,1762970167211,0,0,0,0,0,0,0,0
1189,1762970167310,0,0,0,0,0,0,0,0
1190,1762970167478,0,0,0,0,0,0,0,0
1191,1762970167644,0,0,0,0,0,0,0,0
1192,1762970167810,0,0,0,0,0,0,0,0
1193,1762970168062,0,0,0,0,0,0,0,0
1194,1762970168210,0,0,0,0,0,0,0,0
1195,1762970168310,0,0,0,0,0,0,0,0
1196,1762970168426,0,0,0,0,0,0,0,0
1197,1762970168543,0,0,0,0,0,0,0,0
1198,1762970168644,0,0,0,0,0,0,0,0
1199,1762970168759,0,0,0,0,0,0,0,0
1200,1762970168977,0,0,0,0,0,0,0,0
1201,1762970169058,0,0,0,0,0,0,0,0
1202,1762970169192,0,0,0,0,0,0,0,0
1203,1762970169293,0,0,0,0,0,0,0,0
1204,1762970169659,0,0,0,0,0,0,0,0
1205,1762970169794,0,0,0,0,0,0,0,0
1206,1762970169925,0,0,0,0,0,0,0,0
1207,1762970170075,0,0,0,0,0,0,0,0
1208,1762970170175,0,0,0,3.31,0,0,0,0
1209,1762970170291,0,0,0,0,0,0,0,0
1210,1762970170409,0,0,0,0,0,0,0,0
1211,1762970170527,0,0,0,0,0,0,0,0
1212,1762970170726,0,0,0,0,0,0,0,0
1213,1762970170841,0,0,0,0,0,0,0,0
1214,1762970170975,0,0,0,0,0,0,0,0
1215,1762970171174,0,0,0,0,0,0,0,0
1216,1762970171274,0,0,0,0,0,0,0,0
1217,1762970171390,0,0,0,0,0,0,0,0
1218,1762970171508,0,0,0,0,0,0,0,0
1219,1762970171724,0,0,0,0,0,0,0,0
1220,1762970171842,0,0,0,0,0,0,0,0
1221,1762970171974,0,0,0,0,0,0,0,0
1222,1762970172106,0,0,0,0,0,0,0,0
1223,1762970172188,0,0,0,0,0,0,0,0
1224,1762970172274,0,0,0,0,0,0,0,0
1225,1762970172492,0,0,0,0,0,0,0,0
1226,1762970172589,0,0,0,0,0,0,0,0
1227,1762970172740,0,0,0,0,0,0,0,0
1228,1762970172823,0,0,0,0,0,0,0,0
1229,1762970172991,0,0,0,0,0,0,0,0
1230,1762970173074,0,0,0,0,0,0,0,0
1231,1762970173155,0,0,0,0,0,0,0,0
1232,1762970173372,0,0,0,0,0,0,0,0
1233,1762970173489,0,0,0,0,0,0,0,0
1234,1762970173591,0,0,0,0,0,0,0,0
1235,1762970173707,0,0,0,0,0,0,0,0
1236,1762970173937,0,0,0,0,0,0,0,0
1237,1762970174055,0,0,0,0,0,0,0,0
1238,1762970174153,0,0,0,0,0,0,0,0
1239,1762970174285,0,0,0,33162,0,0,0,0
1240,1762970174369,0,0,0,0,0,0,0,0
1241,1762970174470,0,0,0,0,0,0,0,0
1242,1762970174585,0,0,0,0,0,0,0,0
1243,1762970174802,0,0,0,0,0,0,0,0
1244,1762970174953,0,0,0,0,0,0,0,0
1245,1762970175036,0,0,0,0,0,0,0,0
1246,1762970175152,0,0,0,0,0,0,0,0
1247,1762970175253,0,0,0,0,0,0,0,0
1248,1762970175470,0,0,0,0,0,0,0,0
1249,1762970175586,0,0,0,0,0,0,0,0
1250,1762970175703,0,0,0,0,0,0,0,0
1251,1762970175802,0,0,0,0,0,0,0,0
1252,1762970175902,0,0,0,0,0,0,0,0
1253,1762970176104,0,0,0,0,0,0,0,0
1254,1762970176352,0,0,0,0,0,0,0,0
1255,1762970176452,0,0,0,0,0,0,0,0
1256,1762970176553,0,0,0,0,0,0,0,0
1257,1762970176784,0,0,0,0,0,0,0,0
1258,1762970176901,0,0,0,0,0,0,0,0
1259,1762970177018,0,0,0,3.32,0,0,0,0
1260,1762970177118,0,0,0,0,0,0,0,0
1261,1762970177334,0,0,0,0,0,0,0,0
1262,1762970177668,0,0,0,0,0,0,0,0
1263,1762970177951,0,0,0,0,0,0,0,0
1264,1762970178017,0,0,0,0,0,0,0,0
1265,1762970178099,0,0,0,0,0,0,0,0
1266,1762970186790,0,0,0,0,0,0,0,0
1267,1762970190772,0,0,0,0,0,0,0,0
1268,1762970190956,0,0,0,0,0,0,0,0
1269,1762970191107,0,0,0,0,0,0,0,0
1270,1762970191238,0,0,0,0,0,0,0,0
1271,1762970191322,0,0,0,0,0,0,0,0
1272,1762970191421,0,0,0,0,0,0,0,0
1273,1762970191570,0,0,0,3.31,0,0,0,0
1274,1762970191672,0,0,0,0,0,0,0,0
1275,1762970191789,0,0,0,0,0,0,0,0
1276,1762970191904,0,0,0,0,0,0,0,0
1277,1762970192104,0,0,0,0,0,0,0,0
1278,1762970192420,0,0,0,0,0,0,0,0
1279,1762970192538,0,0,0,0,0,0,0,0
1280,1762970192653,0,0,0,0,0,0,0,0
1281,1762970192870,0,0,0,0,0,0,0,0
1282,1762970193086,0,0,0,0,0,0,0,0
1283,1762970193186,0,0,0,0,0,0,0,0
1284,1762970193303,0,0,0,0,0,0,0,0
1285,1762970193420,0,0,0,0,0,0,0,0
1286,1762970193520,0,0,0,0,0,0,0,0
1287,1762970193636,0,0,0,0,0,0,0,0
1288,1762970193736,0,0,0,0,0,0,0,0
1289,1762970194102,0,0,0,0,0,0,0,0
1290,1762970194402,0,0,0,0,0,0,0,0
1291,1762970194502,0,0,0,0,0,0,0,0
1292,1762970194619,0,0,0,0,0,0,0,0
1293,1762970194751,0,0,0,3.28,0,0,0,0
1294,1762970195018,0,0,0,0,0,0,0,0
1295,1762970195102,0,0,0,0,0,0,0,0
1296,1762970195284,0,0,0,0,0,0,0,0
1297,1762970195385,0,0,0,0,0,0,0,0
1298,1762970195502,0,0,0,0,0,0,0,0
1299,1762970195617,0,0,0,0,0,0,0,0
1300,1762970195819,0,0,0,0,0,0,0,0
1301,1762970195952,0,0,0,0,0,0,0,0
1302,1762970196267,0,0,0,0,0,0,0,0
1303,1762970196384,0,0,0,0,0,0,0,0
1304,1762970196484,0,0,0,0,0,0,0,0
1305,1762970196601,0,0,0,0,0,0,0,0
1306,1762970196700,0,0,0,0,0,0,0,0
1307,1762970196817,0,0,0,0,0,0,0,0
1308,1762970197034,0,0,0,0,0,0,0,0
1309,1762970197250,0,0,0,0,0,0,0,0
1310,1762970197366,0,0,0,0,0,0,0,0
1311,1762970197483,0,0,0,3.32,0,0,0,0
1312,1762970198098,0,0,0,0,0,0,0,0
1313,1762970198132,0,0,0,0,0,0,0,0
1314,1762970198232,0,0,0,0,0,0,0,0
1315,1762970198348,0,0,0,0,0,0,0,0
1316,1762970198566,0,0,0,0,0,0,0,0
1317,1762970198682,0,0,0,0,0,0,0,0
1318,1762970198798,0,0,0,0,0,0,0,0
1319,1762970198932,0,0,0,0,0,0,0,0
1320,1762970199231,0,0,0,0,0,0,0,0
1321,1762970199348,0,0,0,0,0,0,0,0
1322,1762970199465,0,0,0,0,0,0,0,0
1323,1762970199681,0,0,0,0,0,0,0,0
1324,1762970199782,0,0,0,0,0,0,0,0
1325,1762970199948,0,0,0,0,0,0,0,0
1326,1762970200431,0,0,0,0,0,0,0,0
1327,1762970200648,0,0,0,3.31,0,0,0,0
1328,1762970200946,0,0,0,0,0,0,0,0
1329,1762970201046,0,0,0,0,0,0,0,0
1330,1762970201214,0,0,0,0,0,0,0,0
1331,1762970202996,0,0,0,0,0,0,0,0
1332,1762970203195,0,0,0,0,0,0,0,0
1333,1762970203278,0,0,0,0,0,0,0,0
1334,1762970203395,0,0,0,0,0,0,0,0
1335,1762970203494,0,0,0,0,0,0,0,0
1336,1762970203627,0,0,0,0,0,0,0,0
1337,1762970203744,0,0,0,33150,0,0,0,0
1338,1762970203827,0,0,0,0,0,0,0,0
1339,1762970203962,0,0,0,0,0,0,0,0
1340,1762970204078,0,0,0,0,0,0,0,0
1341,1762970204161,0,0,0,0,0,0,0,0
1342,1762970204280,0,0,0,0,0,0,0,0
1343,1762970204494,0,0,0,0,0,0,0,0
1344,1762970204593,0,0,0,0,0,0,0,0
1345,1762970204712,0,0,0,0,0,0,0,0
1346,1762970204810,0,0,0,0,0,0,0,0
1347,1762970204943,0,0,0,0,0,0,0,0
1348,1762970205260,0,0,0,0,0,0,0,0
1349,1762970205593,0,0,0,0,0,0,0,0
1350,1762970205709,0,0,0,0,0,0,0,0
1351,1762970205826,0,0,0,0,0,0,0,0
1352,1762970205926,0,0,0,0,0,0,0,0
1353,1762970206025,0,0,0,0,0,0,0,0
1354,1762970206159,0,0,0,0,0,0,0,0
1355,1762970206475,0,0,0,33150,0,0,0,0
1356,1762970206591,0,0,0,0,0,0,0,0
1357,1762970206725,0,0,0,0,0,0,0,0
1358,1762970206808,0,0,0,0,0,0,0,0
1359,1762970206991,0,0,0,3.31,0,0,0,0
1360,1762970207109,0,0,0,0,0,0,0,0
1361,1762970207241,0,0,0,0,0,0,0,0
1362,1762970207458,0,0,0,0,0,0,0,0
1363,1762970207792,0,0,0,0,0,0,0,0
1364,1762970207925,0,0,0,0,0,0,0,0
1365,1762970208224,0,0,0,0,0,0,0,0
1366,1762970208442,0,0,0,0,0,0,0,0
1367,1762970208557,0,0,0,0,0,0,0,0
1368,1762970208790,0,0,0,0,0,0,0,0
1369,1762970208891,0,0,0,0,0,0,0,0
1370,1762970209040,0,0,0,0,0,0,0,0
1371,1762970209225,0,0,0,0,0,0,0,0
1372,1762970209558,0,0,0,0,0,0,0,0
1373,1762970209758,0,0,0,0,0,0,0,0
1374,1762970209890,0,0,0,0,0,0,0,0
1375,1762970209990,0,0,0,0,0,0,0,0
1376,1762970210207,0,0,0,0,0,0,0,0
1377,1762970210306,0,0,0,0,0,0,0,0
1378,1762970210423,0,0,0,0,0,0,0,0
1379,1762970210523,0,0,0,0,0,0,0,0
1380,1762970210757,0,0,0,0,0,0,0,0
1381,1762970210990,0,0,0,0,0,0,0,0
1382,1762970211206,0,0,0,0,0,0,0,0
1383,1762970211305,0,0,0,0,0,0,0,0
1384,1762970211421,0,0,0,0,0,0,0,0
1385,1762970211537,0,0,0,0,0,0,0,0
1386,1762970211756,0,0,0,0,0,0,0,0
1387,1762970211988,0,0,0,0,0,0,0,0
1388,1762970212137,0,0,0,0,0,0,0,0
1389,1762970212190,0,0,0,0,0,0,0,0
1390,1762970212306,0,0,0,0,0,0,0,0
1391,1762970212508,0,0,0,0,0,0,0,0
1392,1762970212739,0,0,0,0,0,0,0,0
1393,1762970212853,0,0,0,3.32,0,0,0,0
1394,1762970212988,0,0,0,0,0,0,0,0
1395,1762970213204,0,0,0,0,0,0,0,0
1396,1762970213269,0,0,0,0,0,0,0,0
1397,1762970213386,0,0,0,0,0,0,0,0
1398,1762970214096,0,0,0,0,0,0,0,0
1399,1762970214172,0,0,0,0,0,0,0,0
1400,1762970214404,0,0,0,0,0,0,0,0
1401,1762970214505,0,0,0,0,0,0,0,0
1402,1762970214620,0,0,0,0,0,0,0,0
1403,1762970214819,0,0,0,0,0,0,0,0
1404,1762970215028,0,0,0,0,0,0,0,0
1405,1762970215121,0,0,0,0,0,0,0,0
1406,1762970215218,0,0,0,0,0,0,0,0
1407,1762970215385,0,0,0,0,0,0,0,0
1408,1762970215485,0,0,0,0,0,0,0,0
1409,1762970215619,0,0,0,0,0,0,0,0
1410,1762970215753,0,0,0,0,0,0,0,0
1411,1762970215821,0,0,0,0,0,0,0,0
1412,1762970216021,0,0,0,0,0,0,0,0
1413,1762970216168,0,0,0,0,0,0,0,0
1414,1762970216303,0,0,0,0,0,0,0,0
1415,1762970216403,0,0,0,0,0,0,0,0
1416,1762970216503,0,0,0,33163,0,0,0,0
1417,1762970216705,0,0,0,0,0,0,0,0
1418,1762970216785,0,0,0,0,0,0,0,0
1419,1762970216936,0,0,0,0,0,0,0,0
1420,1762970217051,0,0,0,0,0,0,0,0
1421,1762970217251,0,0,0,0,0,0,0,0
1422,1762970217353,0,0,0,0,0,0,0,0
1423,1762970217468,0,0,0,0,0,0,0,0
1424,1762970217584,0,0,0,0,0,0,0,0
1425,1762970218018,0,0,0,0,0,0,0,0
1426,1762970218153,0,0,0,0,0,0,0,0
1427,1762970218336,0,0,0,0,0,0,0,0
1428,1762970218467,0,0,0,0,0,0,0,0
1429,1762970218684,0,0,0,0,0,0,0,0
1430,1762970218835,0,0,0,0,0,0,0,0
1431,1762970218967,0,0,0,0,0,0,0,0
1432,1762970219067,0,0,0,0,0,0,0,0
1433,1762970219136,0,0,0,0,0,0,0,0
1434,1762970219450,0,0,0,0,0,0,0,0
1435,1762970222051,0,0,0,0,0,0,0,0
1436,1762970223447,0,0,0,0,0,0,0,0
1437,1762970223529,0,0,0,0,0,0,0,0
1438,1762970223679,0,0,0,0,0,0,0,0
1439,1762970223747,0,0,0,0,0,0,0,0
1440,1762970223862,0,0,0,0,0,0,0,0
1441,1762970224013,0,0,0,0,0,0,0,0
1442,1762970224113,0,0,0,0,0,0,0,0
1443,1762970224213,0,0,0,0,0,0,0,0
1444,1762970224329,0,0,0,0,0,0,0,0
1445,1762970224463,0,0,0,0,0,0,0,0
1446,1762970224630,0,0,0,0,0,0,0,0
1447,1762970224845,0,0,0,0,0,0,0,0
1448,1762970225012,0,0,0,0,0,0,0,0
1449,1762970225112,0,0,0,0,0,0,0,0
1450,1762970225195,0,0,0,0,0,0,0,0
1451,1762970225329,0,0,0,0,0,0,0,0
1452,1762970225397,0,0,0,0,0,0,0,0
1453,1762970225545,0,0,0,0,0,0,0,0
1454,1762970225644,0,0,0,3.32,0,0,0,0
1455,1762970225712,0,0,0,0,0,0,0,0
1456,1762970225944,0,0,0,0,0,0,0,0
1457,1762970226160,0,0,0,0,0,0,0,0
1458,1762970226295,0,0,0,0,0,0,0,0
1459,1762970226427,0,0,0,0,0,0,0,0
1460,1762970226561,0,0,0,0,0,0,0,0
1461,1762970226677,0,0,0,0,0,0,0,0
1462,1762970226726,0,0,0,0,0,0,0,0
1463,1762970226827,0,0,0,0,0,0,0,0
1464,1762970226993,0,0,0,0,0,0,0,0
1465,1762970227110,0,0,0,0,0,0,0,0
1466,1762970227278,0,0,0,0,0,0,0,0
1467,1762970227376,0,0,0,0,0,0,0,0
1468,1762970227592,0,0,0,0,0,0,0,0
1469,1762970227710,0,0,0,0,0,0,0,0
1470,1762970227842,0,0,0,0,0,0,0,0
1471,1762970228109,0,0,0,0,0,0,0,0
1472,1762970228191,0,0,0,0,0,0,0,0
1473,1762970228243,0,0,0,0,0,0,0,0
1474,1762970228376,0,0,0,0,0,0,0,0
1475,1762970228492,0,0,0,0,0,0,0,0
1476,1762970228609,0,0,0,0,0,0,0,0
1477,1762970228692,0,0,0,0,0,0,0,0
1478,1762970228842,0,0,0,0,0,0,0,0
1479,1762970229043,0,0,0,0,0,0,0,0
1480,1762970229142,0,0,0,0,0,0,0,0
1481,1762970229358,0,0,0,0,0,0,0,0
1482,1762970229525,0,0,0,0,0,0,0,0
1483,1762970229675,0,0,0,0,0,0,0,0
1484,1762970229792,0,0,0,0,0,0,0,0
1485,1762970229910,0,0,0,0,0,0,0,0
1486,1762970230058,0,0,0,0,0,0,0,0
1487,1762970230158,0,0,0,0,0,0,0,0
1488,1762970230491,0,0,0,0,0,0,0,0
1489,1762970230557,0,0,0,0,0,0,0,0
1490,1762970230674,0,0,0,0,0,0,0,0
1491,1762970230775,0,0,0,0,0,0,0,0
1492,1762970230893,0,0,0,0,0,0,0,0
1493,1762970231124,0,0,0,0,0,0,0,0
1494,1762970231259,0,0,0,0,0,0,0,0
1495,1762970231356,0,0,0,0,0,0,0,0
1496,1762970231439,0,0,0,0,0,0,0,0
1497,1762970231556,0,0,0,0,0,0,0,0
1498,1762970231659,0,0,0,0,0,0,0,0
1499,1762970231772,0,0,0,0,0,0,0,0
1500,1762970231923,0,0,0,0,0,0,0,0
1501,1762970232057,0,0,0,3.32,0,0,0,0
1502,1762970232208,0,0,0,0,0,0,0,0
1503,1762970232322,0,0,0,0,0,0,0,0
1504,1762970232439,0,0,0,3.28,0,0,0,0
1505,1762970232539,0,0,0,0,0,0,0,0
1506,1762970232643,0,0,0,0,0,0,0,0
1507,1762970232805,0,0,0,0,0,0,0,0
1508,1762970232871,0,0,0,0,0,0,0,0
1509,1762970233220,0,0,0,0,0,0,0,0
1510,1762970233354,0,0,0,0,0,0,0,0
1511,1762970233521,0,0,0,0,0,0,0,0
1512,1762970233637,0,0,0,0,0,0,0,0
1513,1762970233755,0,0,0,0,0,0,0,0
1514,1762970233937,0,0,0,0,0,0,0,0
1515,1762970234121,0,0,0,0,0,0,0,0
1516,1762970234438,0,0,0,0,0,0,0,0
1517,1762970234970,0,0,0,0,0,0,0,0
1518,1762970235184,0,0,0,0,0,0,0,0
1519,1762970235252,0,0,0,33198,0,0,0,0
1520,1762970235469,0,0,0,0,0,0,0,0
1521,1762970235806,0,0,0,0,0,0,0,0
1522,1762970235903,0,0,0,0,0,0,0,0
1523,1762970236120,0,0,0,0,0,0,0,0
1524,1762970236169,0,0,0,0,0,0,0,0
1525,1762970236288,0,0,0,0,0,0,0,0
1526,1762970236385,0,0,0,0,0,0,0,0
1527,1762970236491,0,0,0,0,0,0,0,0
1528,1762970236635,0,0,0,0,0,0,0,0
1529,1762970236735,0,0,0,0,0,0,0,0
1530,1762970236903,0,0,0,0,0,0,0,0
1531,1762970237001,0,0,0,0,0,0,0,0
1532,1762970237119,0,0,0,0,0,0,0,0
1533,1762970237285,0,0,0,0,0,0,0,0
1534,1762970237371,0,0,0,0,0,0,0,0
1535,1762970237501,0,0,0,0,0,0,0,0
1536,1762970237669,0,0,0,0,0,0,0,0
1537,1762970238034,0,0,0,0,0,0,0,0
1538,1762970238399,0,0,0,0,0,0,0,0
1539,1762970238966,0,0,0,0,0,0,0,0
1540,1762970239367,0,0,0,0,0,0,0,0
1541,1762970239483,0,0,0,0,0,0,0,0
1542,1762970239583,0,0,0,0,0,0,0,0
1543,1762970239788,0,0,0,0,0,0,0,0
1544,1762970239921,0,0,0,0,0,0,0,0
1545,1762970240064,0,0,0,0,0,0,0,0
1546,1762970240297,0,0,0,0,0,0,0,0
1547,1762970240497,0,0,0,3,0,0,0,0
1548,1762970240697,1,0,0,0,0,0,0,0
1549,1762970240813,1,0,0,0,0,0,0,0
1550,1762970240997,1,0,0,0,0,0,0,0
1551,1762970241064,1,0,0,0,0,0,0,0
1552,1762970241214,1,0,0,0,0,0,0,0
1553,1762970241446,1,0,0,0,0,0,0,0
1554,1762970241846,1,0,0,0,0,0,0,0
1555,1762970241979,1,0,0,0,0,0,0,0
1556,1762970242128,1,0,0,0,0,0,0,0
1557,1762970242229,1,0,0,0,0,0,0,0
1558,1762970242345,1,0,0,0,0,0,0,0
1559,1762970242446,1,0,0,0,0,0,0,0
1560,1762970242561,1,0,0,0,0,0,0,0
1561,1762970242761,1,0,0,0,0,0,0,0
1562,1762970242913,1,0,0,0,0,0,0,0
1563,1762970243145,1,0,0,1,0,0,0,0
1564,1762970243214,1,0,0,0,0,0,0,0
1565,1762970243327,1,0,0,33144,0,0,0,0
1566,1762970243461,1,0,0,0,0,0,0,0
1567,1762970243577,1,0,0,0,0,0,0,0
1568,1762970243729,1,0,0,0,0,0,0,0
1569,1762970243860,1,0,0,0,0,0,0,0
1570,1762970244079,1,0,0,0,0,0,0,0
1571,1762970244229,1,0,0,0,0,0,0,0
1572,1762970244431,1,0,0,0,0,0,0,0
1573,1762970244561,0,0,0,0,0,0,0,0
1574,1762970244677,0,0,0,0,0,0,0,0
1575,1762970244961,0,0,0,0,0,0,0,0
1576,1762970245311,0,0,0,0,0,0,0,0
1577,1762970245445,0,0,0,0,0,0,0,0
1578,1762970245661,0,0,0,0,0,0,0,0
1579,1762970245960,0,0,0,0,0,0,0,0
1580,1762970246094,0,0,0,3.32,0,0,0,0
1581,1762970246194,0,0,0,0,0,0,0,0
1582,1762970246310,0,0,0,0,0,0,0,0
1583,1762970246426,0,0,0,0,0,0,0,0
1584,1762970246641,0,0,0,3.32,0,0,0,0
1585,1762970246859,0,0,0,0,0,0,0,0
1586,1762970247026,0,0,0,0,0,0,0,0
1587,1762970247142,0,0,0,0,0,0,0,0
1588,1762970247375,0,0,0,0,0,0,0,0
1589,1762970247458,0,0,0,0,0,0,0,0
1590,1762970247627,0,0,0,0,0,0,0,0
1591,1762970247808,0,0,0,0,0,0,0,0
1592,1762970247925,0,0,0,0,0,0,0,0
1593,1762970248475,0,0,0,0,0,0,0,0
1594,1762970248542,0,0,0,0,0,0,0,0
1595,1762970248707,0,0,0,0,0,0,0,0
1596,1762970248758,0,0,0,0,0,0,0,0
1597,1762970248841,0,0,0,0,0,0,0,0
1598,1762970248941,0,0,0,0,0,0,0,0
1599,1762970249074,0,0,0,0,0,0,0,0
1600,1762970249373,0,0,0,0,0,0,0,0
1601,1762970249474,0,0,0,0,0,0,0,0
1602,1762970249590,0,0,0,0,0,0,0,0
1603,1762970249724,0,0,0,32747,0,0,0,0
1604,1762970249808,0,0,0,0,0,0,0,0
1605,1762970250041,0,0,0,0,0,0,0,0
1606,1762970250158,0,0,0,0,0,0,0,0
1607,1762970250372,0,0,0,0,0,0,0,0
1608,1762970250471,1,0,0,0,0,0,0,0
1609,1762970250588,1,0,0,0,0,0,0,0
1610,1762970250689,1,0,0,8,0,0,0,0
1611,1762970250807,1,0,0,0,0,0,0,0
1612,1762970250973,1,0,0,0,0,0,0,0
1613,1762970251107,1,0,0,0,0,0,0,0
1614,1762970251154,1,0,0,0,0,0,0,0
1615,1762970251354,1,0,0,0,0,0,0,0
1616,1762970251471,1,0,0,0,0,0,0,0
1617,1762970251571,1,0,0,0,0,0,0,0
1618,1762970251788,1,0,0,0,0,0,0,0
1619,1762970251971,1,0,0,0,0,0,0,0
1620,1762970252071,1,0,0,0,0,0,0,0
1621,1762970252138,1,0,0,0,0,0,0,0
1622,1762970252340,1,0,0,0,0,0,0,0
1623,1762970252454,1,0,0,0,0,0,0,0
1624,1762970252554,1,0,0,0,0,0,0,0
1625,1762970252687,1,0,0,0,0,0,0,0
1626,1762970252821,1,0,0,0,0,0,0,0
1627,1762970252921,1,0,0,0,0,0,0,0
1628,1762970253087,1,0,0,0,0,0,0,0
1629,1762970253221,1,0,0,0,0,0,0,0
1630,1762970253270,1,0,0,0,0,0,0,0
1631,1762970253436,1,0,0,0,0,0,0,0
1632,1762970253536,1,0,0,0,0,0,0,0
1633,1762970253674,1,0,0,0,0,0,0,0
1634,1762970253837,1,0,0,0,0,0,0,0
1635,1762970253953,1,0,0,0,0,0,0,0
1636,1762970254168,1,0,0,0,0,0,0,0
1637,1762970254336,1,0,0,0,0,0,0,0
1638,1762970254419,1,0,0,0,0,0,0,0
1639,1762970254552,1,0,0,0,0,0,0,0
1640,1762970254884,1,0,0,53,0,0,0,0
1641,1762970255118,1,0,0,0,0,0,0,0
1642,1762970255417,1,0,0,0,0,0,0,0
1643,1762970255535,1,0,0,4,0,0,0,0
1644,1762970255635,1,0,0,0,0,0,0,0
1645,1762970255767,1,0,0,0,0,0,0,0
1646,1762970255884,1,0,0,0,0,0,0,0
1647,1762970256017,1,0,0,0,0,0,0,0
1648,1762970256201,1,0,0,0,0,0,0,0
1649,1762970256401,1,0,0,127,0,0,0,0
1650,1762970256518,1,0,0,0,0,0,0,0
1651,1762970256649,1,0,0,728,0,0,0,0
1652,1762970256782,1,0,0,0,0,0,0,0
1653,1762970257067,1,0,0,0,0,0,0,0
1654,1762970257167,1,0,0,0,0,0,0,0
1655,1762970257284,1,0,0,1005,0,0,0,0
1656,1762970257517,1,0,0,0,0,0,0,0
1657,1762970257632,1,0,0,0,0,0,0,0
1658,1762970257733,1,0,0,0,0,0,0,0
1659,1762970258015,1,0,0,3.27,0,0,0,0
1660,1762970258383,1,0,0,0,0,0,0,0
1661,1762970258515,1,0,0,0,0,0,0,0
1662,1762970258615,1,0,0,0,0,0,0,0
1663,1762970258764,1,0,0,0,0,0,0,0
1664,1762970258864,1,0,0,5016,0,0,0,0
1665,1762970259031,1,0,0,0,0,0,0,0
1666,1762970259482,1,0,0,0,0,0,0,0
1667,1762970259616,1,0,0,0,0,0,0,0
1668,1762970259730,1,0,0,3.27,0,0,0,0
1669,1762970259881,1,0,0,0,0,0,0,0
1670,1762970260080,1,0,0,0,0,0,0,0
1671,1762970260181,1,0,0,3.27,0,0,0,0
1672,1762970260264,1,0,0,0,0,0,0,0
1673,1762970260380,1,0,0,0,0,0,0,0
1674,1762970260496,1,0,0,30378,0,0,0,0
1675,1762970260597,1,0,0,0,0,0,0,0
1676,1762970261096,1,0,0,0,0,0,0,0
1677,1762970261264,1,0,0,0,0,0,0,0
1678,1762970261281,1,0,0,796,0,0,0,0
1679,1762970261463,1,0,0,0,0,0,0,0
1680,1762970261579,1,0,0,0,0,0,0,0
1681,1762970261729,1,0,0,0,0,0,0,0
1682,1762970261829,1,0,0,3.28,0,0,0,0
1683,1762970261963,1,0,0,0,0,0,0,0
1684,1762970262131,1,0,0,0,0,0,0,0
1685,1762970262463,1,0,0,0,0,0,0,0
1686,1762970262579,1,0,0,0,0,0,0,0
1687,1762970262695,1,0,0,0,0,0,0,0
1688,1762970262828,1,0,0,51,0,0,0,0
1689,1762970262978,1,0,0,0,0,0,0,0
1690,1762970263128,1,0,0,1034,0,0,0,0
1691,1762970263277,1,0,0,0,0,0,0,0
1692,1762970263461,1,0,0,0,0,0,0,0
1693,1762970263862,1,0,0,0,0,0,0,0
1694,1762970264195,1,0,0,0,0,0,0,0
1695,1762970264294,1,0,0,0,0,0,0,0
1696,1762970264414,1,0,0,0,0,0,0,0
1697,1762970264660,0,0,0,0,0,0,0,0
1698,1762970264893,0,0,0,0,0,0,0,0
1699,1762970265109,0,0,0,1,0,0,0,0
1700,1762970265542,0,0,0,0,0,0,0,0
1701,1762970265678,0,0,0,0,0,0,0,0
1702,1762970266226,0,0,0,0,0,0,0,0
1703,1762970266392,0,0,0,0,0,0,0,0
1704,1762970266609,0,0,0,0,0,0,0,0
1705,1762970266742,0,0,0,0,0,0,0,0
1706,1762970266892,0,0,0,0,0,0,0,0
1707,1762970267225,0,0,0,0,0,0,0,0
1708,1762970267290,0,0,0,0,0,0,0,0
1709,1762970267624,0,0,0,0,0,0,0,0
1710,1762970267824,0,0,0,0,0,0,0,0
1711,1762970267891,0,0,0,0,0,0,0,0
1712,1762970268058,0,0,0,0,0,0,0,0
1713,1762970268390,0,0,0,32990,0,0,0,0
1714,1762970273223,0,0,0,0,0,0,0,0
1715,1762970273255,0,0,0,0,0,0,0,0
1716,1762970273352,0,0,0,0,0,0,0,0
1717,1762970273470,0,0,0,0,0,0,0,0
1718,1762970273569,0,0,0,0,0,0,0,0
1719,1762970273690,0,0,0,0,0,0,0,0
1720,1762970273904,0,0,0,0,0,0,0,0
1721,1762970274105,0,0,0,0,0,0,0,0
1722,1762970274271,0,0,0,0,0,0,0,0
1723,1762970274320,0,0,0,0,0,0,0,0
1724,1762970274455,0,0,0,0,0,0,0,0
1725,1762970274556,0,0,0,0,0,0,0,0
1726,1762970274670,0,0,0,0,0,0,0,0
1727,1762970274822,0,0,0,0,0,0,0,0
1728,1762970274920,0,0,0,0,0,0,0,0
1729,1762970275087,0,0,0,0,0,0,0,0
1730,1762970275221,0,0,0,0,0,0,0,0
1731,1762970275303,0,0,0,3.31,0,0,0,0
1732,1762970275454,0,0,0,0,0,0,0,0
1733,1762970275670,0,0,0,3.3,0,0,0,0
1734,1762970275887,0,0,0,0,0,0,0,0
1735,1762970276087,0,0,0,0,0,0,0,0
1736,1762970276286,0,0,0,3.31,0,0,0,0
1737,1762970276405,0,0,0,0,0,0,0,0
1738,1762970276585,0,0,0,0,0,0,0,0
1739,1762970276753,0,0,0,0,0,0,0,0
1740,1762970276886,0,0,0,0,0,0,0,0
1741,1762970276968,0,0,0,0,0,0,0,0
1742,1762970277051,0,0,0,0,0,0,0,0
1743,1762970277218,0,0,0,0,0,0,0,0
1744,1762970277385,0,0,0,0,0,0,0,0
1745,1762970277485,0,0,0,0,0,0,0,0
1746,1762970277785,0,0,0,0,0,0,0,0
1747,1762970278186,0,0,0,0,0,0,0,0
1748,1762970278318,0,0,0,0,0,0,0,0
1749,1762970278518,0,0,0,0,0,0,0,0
1750,1762970278634,0,0,0,1,0,0,0,0
1751,1762970278751,0,0,0,0,0,0,0,0
1752,1762970278969,0,0,0,3.31,0,0,0,0
1753,1762970279167,0,0,0,0,0,0,0,0
1754,1762970279402,0,0,0,0,0,0,0,0
1755,1762970279516,0,0,0,0,0,0,0,0
1756,1762970279650,0,0,0,0,0,0,0,0
1757,1762970279733,0,0,0,3.31,0,0,0,0
1758,1762970280065,0,0,0,0,0,0,0,0
1759,1762970280199,0,0,0,0,0,0,0,0
1760,1762970280399,0,0,0,0,0,0,0,0
1761,1762970280499,0,0,0,0,0,0,0,0
1762,1762970280599,0,0,0,0,0,0,0,0
1763,1762970280732,0,0,0,0,0,0,0,0
1764,1762970280865,0,0,0,0,0,0,0,0
1765,1762970280982,0,0,0,0,0,0,0,0
1766,1762970281100,0,0,0,0,0,0,0,0
1767,1762970281315,0,0,0,0,0,0,0,0
1768,1762970281416,0,0,0,0,0,0,0,0
1769,1762970281498,0,0,0,0,0,0,0,0
1770,1762970281633,0,0,0,0,0,0,0,0
1771,1762970281934,0,0,0,0,0,0,0,0
1772,1762970282164,0,0,0,0,0,0,0,0
1773,1762970282250,0,0,0,0,0,0,0,0
1774,1762970282331,0,0,0,0,0,0,0,0
1775,1762970282481,0,0,0,3.31,0,0,0,0
1776,1762970282598,0,0,0,0,0,0,0,0
1777,1762970282714,0,0,0,1,0,0,0,0
1778,1762970282849,0,0,0,0,0,0,0,0
1779,1762970282997,0,0,0,3.3,0,0,0,0
1780,1762970283147,0,0,0,0,0,0,0,0
1781,1762970283297,0,0,0,0,0,0,0,0
1782,1762970283329,0,0,0,0,0,0,0,0
1783,1762970283464,0,0,0,0,0,0,0,0
1784,1762970283562,0,0,0,0,0,0,0,0
1785,1762970283680,0,0,0,0,0,0,0,0
1786,1762970283814,0,0,0,0,0,0,0,0
1787,1762970283947,0,0,0,0,0,0,0,0
1788,1762970284146,0,0,0,0,0,0,0,0
1789,1762970284445,0,0,0,0,0,0,0,0
1790,1762970284563,0,0,0,0,0,0,0,0
1791,1762970284679,0,0,0,0,0,0,0,0
1792,1762970284796,0,0,0,0,0,0,0,0
1793,1762970284929,0,0,0,0,0,0,0,0
1794,1762970285095,0,0,0,0,0,0,0,0
1795,1762970285246,0,0,0,0,0,0,0,0
1796,1762970285345,0,0,0,0,0,0,0,0
1797,1762970285445,0,0,0,0,0,0,0,0
1798,1762970285561,0,0,0,0,0,0,0,0
1799,1762970285795,0,0,0,0,0,0,0,0
1800,1762970285961,0,0,0,0,0,0,0,0
1801,1762970286128,0,0,0,0,0,0,0,0
1802,1762970286245,0,0,0,3.31,0,0,0,0
1803,1762970286427,0,0,0,0,0,0,0,0
1804,1762970286661,0,0,0,0,0,0,0,0
1805,1762970286777,0,0,0,0,0,0,0,0
1806,1762970286961,0,0,0,0,0,0,0,0
1807,1762970287160,0,0,0,3.31,0,0,0,0
1808,1762970287227,0,0,0,0,0,0,0,0
1809,1762970287343,0,0,0,0,0,0,0,0
1810,1762970287362,0,0,0,0,0,0,0,0
1811,1762970287427,0,0,0,0,0,0,0,0
1812,1762970287560,0,0,0,0,0,0,0,0
1813,1762970287659,0,0,0,0,0,0,0,0
1814,1762970287776,0,0,0,0,0,0,0,0
1815,1762970287943,0,0,0,0,0,0,0,0
1816,1762970288125,0,0,0,0,0,0,0,0
1817,1762970288426,0,0,0,0,0,0,0,0
1818,1762970288542,0,0,0,0,0,0,0,0
1819,1762970288659,0,0,0,0,0,0,0,0
1820,1762970288759,0,0,0,0,0,0,0,0
1821,1762970288875,0,0,0,0,0,0,0,0
1822,1762970289092,0,0,0,0,0,0,0,0
1823,1762970289310,0,0,0,3.3,0,0,0,0
1824,1762970289411,0,0,0,0,0,0,0,0
1825,1762970289525,0,0,0,0,0,0,0,0
1826,1762970289625,0,0,0,0,0,0,0,0
1827,1762970289741,0,0,0,3.31,0,0,0,0
1828,1762970289841,0,0,0,0,0,0,0,0
1829,1762970289991,0,0,0,1,0,0,0,0
1830,1762970290124,0,0,0,0,0,0,0,0
1831,1762970290258,0,0,0,3.3,0,0,0,0
1832,1762970290407,0,0,0,0,0,0,0,0
1833,1762970290475,0,0,0,0,0,0,0,0
1834,1762970290524,1,0,0,206,0,0,0,0
1835,1762970290624,1,0,0,0,0,0,0,0
1836,1762970290724,1,0,0,0,0,0,0,0
1837,1762970290843,1,0,0,0,0,0,0,0
1838,1762970291008,1,0,0,0,0,0,0,0
1839,1762970291324,1,0,0,0,0,0,0,0
1840,1762970291407,1,0,0,2,0,0,0,0
1841,1762970291506,1,0,0,0,0,0,0,0
1842,1762970291639,1,0,0,0,0,0,0,0
1843,1762970291739,1,0,0,0,0,0,0,0
1844,1762970291840,1,0,0,0,0,0,0,0
1845,1762970291957,1,0,0,0,0,0,0,0
1846,1762970292290,1,0,0,3,0,0,0,0
1847,1762970292340,1,0,0,425,0,0,0,0
1848,1762970292406,1,0,0,622,0,0,0,0
1849,1762970292489,1,0,0,0,0,0,0,0
1850,1762970292590,1,0,0,0,0,0,0,0
1851,1762970292706,1,0,0,0,0,0,0,0
1852,1762970292823,1,0,0,0,0,0,0,0
1853,1762970292992,1,0,0,0,0,0,0,0
1854,1762970293255,1,0,0,0,0,0,0,0
1855,1762970293488,1,0,0,707,0,0,0,0
1856,1762970293705,1,0,0,0,0,0,0,0
1857,1762970293838,1,0,0,3.29,0,0,0,0
1858,1762970293937,1,0,0,0,0,0,0,0
1859,1762970294088,1,0,0,0,0,0,0,0
1860,1762970294370,1,0,0,0,0,0,0,0
1861,1762970294471,1,0,0,0,0,0,0,0
1862,1762970294571,1,0,0,3.29,0,0,0,0
1863,1762970294803,1,0,0,0,0,0,0,0
1864,1762970295105,1,0,0,0,0,0,0,0
1865,1762970295238,1,0,0,0,0,0,0,0
1866,1762970295288,1,0,0,0,0,0,0,0
1867,1762970295355,1,0,0,0,0,0,0,0
1868,1762970295455,1,0,0,0,0,0,0,0
1869,1762970295586,1,0,0,0,0,0,0,0
1870,1762970295687,1,0,0,0,0,0,0,0
1871,1762970295803,1,0,0,0,0,0,0,0
1872,1762970296002,1,0,0,0,0,0,0,0
1873,1762970296137,1,0,0,0,0,0,0,0
1874,1762970296286,1,0,0,0,0,0,0,0
1875,1762970296372,1,0,0,0,0,0,0,0
1876,1762970296453,1,0,0,3.31,0,0,0,0
1877,1762970296669,1,0,0,1,0,0,0,0
1878,1762970296785,1,0,0,0,0,0,0,0
1879,1762970296936,1,0,0,3.3,0,0,0,0
1880,1762970297087,1,0,0,0,0,0,0,0
1881,1762970297185,1,0,0,0,0,0,0,0
1882,1762970297251,1,0,0,68,0,0,0,0
1883,1762970297336,1,0,0,0,0,0,0,0
1884,1762970297435,1,0,0,0,0,0,0,0
1885,1762970297551,1,0,0,0,0,0,0,0
1886,1762970297669,1,0,0,0,0,0,0,0
1887,1762970297768,1,0,0,0,0,0,0,0
1888,1762970297885,1,0,0,0,0,0,0,0
1889,1762970298019,1,0,0,0,0,0,0,0
1890,1762970298234,1,0,0,0,0,0,0,0
1891,1762970298434,1,0,0,0,0,0,0,0
1892,1762970298535,0,0,0,0,0,0,0,0
1893,1762970298667,0,0,0,0,0,0,0,0
1894,1762970298767,0,0,0,0,0,0,0,0
1895,1762970298901,0,0,0,0,0,0,0,0
1896,1762970299086,0,0,0,0,0,0,0,0
1897,1762970299284,0,0,0,0,0,0,0,0
1898,1762970299533,0,0,0,0,0,0,0,0
1899,1762970299666,0,0,0,3.31,0,0,0,0
1900,1762970299752,0,0,0,0,0,0,0,0
1901,1762970299916,0,0,0,1,0,0,0,0
1902,1762970300153,0,0,0,0,0,0,0,0
1903,1762970301016,1,0,0,0,0,0,0,0
1904,1762970301150,1,0,0,0,0,0,0,0
1905,1762970301299,1,0,0,3.27,0,0,0,0
1906,1762970301449,1,0,0,1259,0,0,0,0
1907,1762970301515,1,0,0,0,0,0,0,0
1908,1762970301615,1,0,0,0,0,0,0,0
1909,1762970301732,1,0,0,0,0,0,0,0
1910,1762970301848,1,0,0,0,0,0,0,0
1911,1762970301981,1,0,0,0,0,0,0,0
1912,1762970302298,1,0,0,3.25,0,0,0,0
1913,1762970302366,1,0,0,62,0,0,0,0
1914,1762970302448,1,0,0,0,0,0,0,0
1915,1762970302715,1,0,0,1053,0,0,0,0
1916,1762970302833,1,0,0,3.24,0,0,0,0
1917,1762970303147,1,0,0,0,0,0,0,0
1918,1762970303448,1,0,0,0,0,0,0,0
1919,1762970303515,1,0,0,0,0,0,0,0
1920,1762970303597,1,0,0,0,0,0,0,0
1921,1762970303731,1,0,0,0,0,0,0,0
1922,1762970303830,1,0,0,1083,0,0,0,0
1923,1762970304082,1,0,0,0,0,0,0,0
1924,1762970304313,1,0,0,0,0,0,0,0
1925,1762970304496,1,0,0,0,0,0,0,0
1926,1762970304614,1,0,0,0,0,0,0,0
1927,1762970304696,1,0,0,0,0,0,0,0
1928,1762970304779,1,0,0,0,0,0,0,0
1929,1762970305063,1,0,0,3.19,0,0,0,0
1930,1762970305312,1,0,0,5655,0,0,0,0
1931,1762970305345,1,0,0,803,0,0,0,0
1932,1762970305412,1,0,0,0,0,0,0,0
1933,1762970305462,1,0,0,0,0,0,0,0
1934,1762970305545,1,0,0,3.27,0,0,0,0
1935,1762970305728,1,0,0,0,0,0,0,0
1936,1762970306028,1,0,0,0,0,0,0,0
1937,1762970306378,1,0,0,1087,0,0,0,0
1938,1762970306661,1,0,0,0,0,0,0,0
1939,1762970306713,1,0,0,0,0,0,0,0
1940,1762970306811,1,0,0,0,0,0,0,0
1941,1762970306912,1,0,0,0,0,0,0,0
1942,1762970307178,1,0,0,0,0,0,0,0
1943,1762970307677,1,0,0,0,0,0,0,0
1944,1762970307776,1,0,0,0,0,0,0,0
1945,1762970307926,1,0,0,0,0,0,0,0
1946,1762970308126,1,0,0,0,0,0,0,0
1947,1762970308227,1,0,0,0,0,0,0,0
1948,1762970308443,1,0,0,0,0,0,0,0
1949,1762970308559,0,0,0,0,0,0,0,0
1950,1762970308659,0,0,0,0,0,0,0,0
1951,1762970308876,0,0,0,0,0,0,0,0
1952,1762970309009,0,0,0,0,0,0,0,0
1953,1762970309342,0,0,0,0,0,0,0,0
1954,1762970309509,0,0,0,0,0,0,0,0
1955,1762970309594,0,0,0,0,0,0,0,0
1956,1762970309792,0,0,0,0,0,0,0,0
1957,1762970309892,0,0,0,0,0,0,0,0
1958,1762970309925,0,0,0,0,0,0,0,0
1959,1762970310474,0,0,0,0,0,0,0,0
1960,1762970310592,0,0,0,0,0,0,0,0
1961,1762970310674,0,0,0,0,0,0,0,0
1962,1762970310775,0,0,0,0,0,0,0,0
1963,1762970310974,0,0,0,0,0,0,0,0
1964,1762970311192,0,0,0,0,0,0,0,0
1965,1762970311457,0,0,0,0,0,0,0,0
1966,1762970311857,0,0,0,0,0,0,0,0
1967,1762970312041,0,0,0,3.24,0,0,0,0
1968,1762970312158,0,0,0,0,0,0,0,0
1969,1762970312306,0,0,0,1,0,0,0,0
1970,1762970312590,0,0,0,3.31,0,0,0,0
1971,1762970312822,0,0,0,0,0,0,0,0
1972,1762970313341,0,0,0,0,0,0,0,0
1973,1762970313540,0,0,0,0,0,0,0,0
1974,1762970313822,0,0,0,0,0,0,0,0
1975,1762970313939,0,0,0,0,0,0,0,0
1976,1762970314056,0,0,0,0,0,0,0,0
1977,1762970314204,0,0,0,0,0,0,0,0
1978,1762970314404,0,0,0,0,0,0,0,0
1979,1762970314705,0,0,0,0,0,0,0,0
1980,1762970314821,0,0,0,0,0,0,0,0
1981,1762970314971,0,0,0,1,0,0,0,0
1982,1762970315437,0,0,0,0,0,0,0,0
1983,1762970315787,0,0,0,0,0,0,0,0
1984,1762970316436,0,0,0,0,0,0,0,0
1985,1762970316536,0,0,0,0,0,0,0,0
1986,1762970316635,0,0,0,0,0,0,0,0
1987,1762970316702,0,0,0,0,0,0,0,0
1988,1762970316803,0,0,0,0,0,0,0,0
1989,1762970316987,0,0,0,0,0,0,0,0
1990,1762970317269,0,0,0,0,0,0,0,0
1991,1762970317486,0,0,0,0,0,0,0,0
1992,1762970317552,0,0,0,0,0,0,0,0
1993,1762970317670,0,0,0,0,0,0,0,0
1994,1762970317801,0,0,0,0,0,0,0,0
1995,1762970318151,0,0,0,0,0,0,0,0
1996,1762970318451,0,0,0,0,0,0,0,0
1997,1762970318784,1,0,0,0,0,0,0,0
1998,1762970319650,1,0,0,0,0,0,0,0
1999,1762970319751,1,0,0,800,0,0,0,0
2000,1762970321750,1,0,0,0,0,0,0,0
2001,1762970322764,1,0,0,0,0,0,0,0
2002,1762970322980,1,0,0,0,0,0,0,0
2003,1762970323114,1,0,0,0,0,0,0,0
2004,1762970323198,1,0,0,0,0,0,0,0
2005,1762970323447,1,0,0,0,0,0,0,0
2006,1762970323530,1,0,0,0,0,0,0,0
2007,1762970323915,1,0,0,0,0,0,0,0
2008,1762970323980,1,0,0,0,0,0,0,0
2009,1762970324097,1,0,0,0,0,0,0,0
2010,1762970324729,1,0,0,1074,0,0,0,0
2011,1762970324831,1,0,0,0,0,0,0,0
2012,1762970324949,1,0,0,0,0,0,0,0
2013,1762970325079,1,0,0,0,0,0,0,0
2014,1762970325212,1,0,0,3.24,0,0,0,0
2015,1762970325295,1,0,0,0,0,0,0,0
2016,1762970325395,1,0,0,0,0,0,0,0
2017,1762970325512,1,0,0,0,0,0,0,0
2018,1762970325645,1,0,0,3.18,0,0,0,0
2019,1762970325779,1,0,0,0,0,0,0,0
2020,1762970325995,1,0,0,3.27,0,0,0,0
2021,1762970326111,1,0,0,0,0,0,0,0
2022,1762970326344,1,0,0,0,0,0,0,0
2023,1762970326611,1,0,0,0,0,0,0,0
2024,1762970326727,1,0,0,0,0,0,0,0
2025,1762970326927,1,0,0,0,0,0,0,0
2026,1762970327043,1,0,0,0,0,0,0,0
2027,1762970327298,1,0,0,0,0,0,0,0
2028,1762970327479,1,0,0,5908,0,0,0,0
2029,1762970327511,1,0,0,0,0,0,0,0
2030,1762970327578,1,0,0,0,0,0,0,0
2031,1762970327827,1,0,0,0,0,0,0,0
2032,1762970328093,1,0,0,0,0,0,0,0
2033,1762970328278,1,0,0,0,0,0,0,0
2034,1762970328376,1,0,0,0,0,0,0,0
2035,1762970328459,1,0,0,0,0,0,0,0
2036,1762970328542,1,0,0,0,0,0,0,0
2037,1762970328626,1,0,0,32300,0,0,0,0
2038,1762970328759,1,0,0,0,0,0,0,0
2039,1762970329092,1,0,0,0,0,0,0,0
2040,1762970329243,1,0,0,0,0,0,0,0
2041,1762970329726,1,0,0,0,0,0,0,0
2042,1762970329875,1,0,0,0,0,0,0,0
2043,1762970329978,1,0,0,0,0,0,0,0
2044,1762970330108,1,0,0,0,0,0,0,0
2045,1762970330275,1,0,0,0,0,0,0,0
2046,1762970330441,1,0,0,0,0,0,0,0
2047,1762970330575,1,0,0,0,0,0,0,0
2048,1762970330691,1,0,0,0,0,0,0,0
2049,1762970330858,1,0,0,0,0,0,0,0
2050,1762970330908,1,0,0,0,0,0,0,0
2051,1762970331040,1,0,0,0,0,0,0,0
2052,1762970331307,1,0,0,0,0,0,0,0
2053,1762970331709,1,0,0,0,0,0,0,0
2054,1762970331824,1,0,0,0,0,0,0,0
2055,1762970331989,1,0,0,0,0,0,0,0
2056,1762970332190,1,0,0,0,0,0,0,0
2057,1762970332391,1,0,0,0,0,0,0,0
2058,1762970332557,1,0,0,0,0,0,0,0
2059,1762970332756,0,0,0,1,0,0,0,0
2060,1762970332856,0,0,0,0,0,0,0,0
2061,1762970333039,0,0,0,3.23,0,0,0,0
2062,1762970333243,0,0,0,0,0,0,0,0
2063,1762970333657,0,0,0,0,0,0,0,0
2064,1762970333755,0,0,0,0,0,0,0,0
2065,1762970334057,0,0,0,0,0,0,0,0
2066,1762970334289,0,0,0,0,0,0,0,0
2067,1762970334570,0,0,0,0,0,0,0,0
2068,1762970334638,0,0,0,0,0,0,0,0
2069,1762970334738,0,0,0,0,0,0,0,0
2070,1762970334988,0,0,0,0,0,0,0,0
2071,1762970335237,0,0,0,0,0,0,0,0
2072,1762970335371,0,0,0,0,0,0,0,0
2073,1762970335403,0,0,0,0,0,0,0,0
2074,1762970335503,0,0,0,0,0,0,0,0
2075,1762970335636,0,0,0,0,0,0,0,0
2076,1762970335753,0,0,0,0,0,0,0,0
2077,1762970335836,0,0,0,0,0,0,0,0
2078,1762970335936,0,0,0,0,0,0,0,0
2079,1762970336087,0,0,0,0,0,0,0,0
2080,1762970336253,0,0,0,3.24,0,0,0,0
2081,1762970336519,0,0,0,0,0,0,0,0
2082,1762970336721,0,0,0,0,0,0,0,0
2083,1762970336820,0,0,0,0,0,0,0,0
2084,1762970336935,0,0,0,0,0,0,0,0
2085,1762970337186,0,0,0,0,0,0,0,0
2086,1762970337486,0,0,0,0,0,0,0,0
2087,1762970337602,0,0,0,0,0,0,0,0
2088,1762970337703,0,0,0,0,0,0,0,0
2089,1762970337918,0,0,0,0,0,0,0,0
2090,1762970338135,0,0,0,0,0,0,0,0
2091,1762970338335,0,0,0,0,0,0,0,0
2092,1762970338819,0,0,0,0,0,0,0,0
2093,1762970339018,0,0,0,0,0,0,0,0
2094,1762970339185,0,0,0,0,0,0,0,0
2095,1762970339300,0,0,0,0,0,0,0,0
2096,1762970339534,0,0,0,0,0,0,0,0
2097,1762970339667,0,0,0,0,0,0,0,0
2098,1762970339801,0,0,0,3.3,0,0,0,0
2099,1762970339901,0,0,0,0,0,0,0,0
2100,1762970340083,0,0,0,0,0,0,0,0
2101,1762970340433,0,0,0,0,0,0,0,0
2102,1762970340782,0,0,0,0,0,0,0,0
2103,1762970340833,0,0,0,0,0,0,0,0
2104,1762970340885,0,0,0,0,0,0,0,0
2105,1762970341116,0,0,0,0,0,0,0,0
2106,1762970341282,0,0,0,0,0,0,0,0
2107,1762970341349,0,0,0,0,0,0,0,0
2108,1762970341449,0,0,0,0,0,0,0,0
2109,1762970341499,0,0,0,0,0,0,0,0
2110,1762970341599,0,0,0,0,0,0,0,0
2111,1762970341665,0,0,0,0,0,0,0,0
2112,1762970341784,0,0,0,0,0,0,0,0
2113,1762970341881,0,0,0,0,0,0,0,0
2114,1762970342049,0,0,0,0,0,0,0,0
2115,1762970342215,0,0,0,0,0,0,0,0
2116,1762970342398,0,0,0,0,0,0,0,0
2117,1762970342548,0,0,0,0,0,0,0,0
2118,1762970342647,0,0,0,3.24,0,0,0,0
2119,1762970342714,0,0,0,0,0,0,0,0
2120,1762970342764,0,0,0,0,0,0,0,0
2121,1762970342930,0,0,0,0,0,0,0,0
2122,1762970343064,0,0,0,3.3,0,0,0,0
2123,1762970343180,0,0,0,0,0,0,0,0
2124,1762970343281,0,0,0,0,0,0,0,0
2125,1762970343413,0,0,0,0,0,0,0,0
2126,1762970343530,0,0,0,0,0,0,0,0
2127,1762970343680,0,0,0,0,0,0,0,0
2128,1762970343963,0,0,0,0,0,0,0,0
2129,1762970344279,0,0,0,0,0,0,0,0
2130,1762970344513,0,0,0,0,0,0,0,0
2131,1762970344562,0,0,0,0,0,0,0,0
2132,1762970344663,0,0,0,0,0,0,0,0
2133,1762970344779,0,0,0,0,0,0,0,0
2134,1762970344862,0,0,0,0,0,0,0,0
2135,1762970344962,0,0,0,0,0,0,0,0
2136,1762970345295,0,0,0,0,0,0,0,0
2137,1762970345411,0,0,0,0,0,0,0,0
2138,1762970345578,0,0,0,1,0,0,0,0
2139,1762970345646,0,0,0,0,0,0,0,0
2140,1762970345745,0,0,0,3.24,0,0,0,0
2141,1762970345878,0,0,0,0,0,0,0,0
2142,1762970345978,0,0,0,0,0,0,0,0
2143,1762970346228,0,0,0,0,0,0,0,0
2144,1762970346896,0,0,0,0,0,0,0,0
2145,1762970347128,0,0,0,0,0,0,0,0
2146,1762970347445,0,0,0,0,0,0,0,0
2147,1762970347727,0,0,0,0,0,0,0,0
2148,1762970347827,0,0,0,0,0,0,0,0
2149,1762970348142,0,0,0,0,0,0,0,0
2150,1762970348361,0,0,0,0,0,0,0,0
2151,1762970348809,0,0,0,0,0,0,0,0
2152,1762970348925,0,0,0,3.3,0,0,0,0
2153,1762970349175,0,0,0,0,0,0,0,0
2154,1762970349259,0,0,0,0,0,0,0,0
2155,1762970349359,0,0,0,3.3,0,0,0,0
2156,1762970349591,0,0,0,0,0,0,0,0
2157,1762970349792,0,0,0,0,0,0,0,0
2158,1762970349908,0,0,0,0,0,0,0,0
2159,1762970350075,0,0,0,0,0,0,0,0
2160,1762970350276,0,0,0,0,0,0,0,0
2161,1762970350360,0,0,0,0,0,0,0,0
2162,1762970350442,0,0,0,0,0,0,0,0
2163,1762970350542,0,0,0,0,0,0,0,0
2164,1762970350575,0,0,0,0,0,0,0,0
2165,1762970350674,0,0,0,0,0,0,0,0
2166,1762970350791,0,0,0,0,0,0,0,0
2167,1762970350908,0,0,0,0,0,0,0,0
2168,1762970351024,0,0,0,0,0,0,0,0
2169,1762970351157,0,0,0,0,0,0,0,0
2170,1762970351391,0,0,0,0,0,0,0,0
2171,1762970351558,0,0,0,0,0,0,0,0
2172,1762970351790,0,0,0,0,0,0,0,0
2173,1762970351891,0,0,0,0,0,0,0,0
2174,1762970352006,0,0,0,0,0,0,0,0
2175,1762970352257,0,0,0,3.24,0,0,0,0
2176,1762970352508,0,0,0,0,0,0,0,0
2177,1762970352889,0,0,0,0,0,0,0,0
2178,1762970352989,0,0,0,0,0,0,0,0
2179,1762970353190,0,0,0,0,0,0,0,0
2180,1762970353323,0,0,0,0,0,0,0,0
2181,1762970353472,0,0,0,0,0,0,0,0
2182,1762970353539,0,0,0,0,0,0,0,0
2183,1762970353655,0,0,0,0,0,0,0,0
2184,1762970353756,0,0,0,0,0,0,0,0
2185,1762970353871,0,0,0,0,0,0,0,0
2186,1762970354121,0,0,0,0,0,0,0,0
2187,1762970354306,0,0,0,0,0,0,0,0
2188,1762970354538,1,0,0,0,0,0,0,0
2189,1762970354672,1,0,0,0,0,0,0,0
2190,1762970354754,1,0,0,0,0,0,0,0
2191,1762970355254,1,0,0,0,0,0,0,0
2192,1762970355586,1,0,0,3.24,0,0,0,0
2193,1762970355670,1,0,0,0,0,0,0,0
2194,1762970355787,1,0,0,1,0,0,0,0
2195,1762970356037,1,0,0,0,0,0,0,0
2196,1762970356536,0,0,0,0,0,0,0,0
2197,1762970356621,0,0,0,0,0,0,0,0
2198,1762970356737,0,0,0,0,0,0,0,0
2199,1762970356835,0,0,0,0,0,0,0,0
2200,1762970357303,0,0,0,0,0,0,0,0
2201,1762970357503,0,0,0,0,0,0,0,0
2202,1762970357603,0,0,0,0,0,0,0,0
2203,1762970357719,0,0,0,0,0,0,0,0
2204,1762970357836,0,0,0,0,0,0,0,0
2205,1762970357951,0,0,0,0,0,0,0,0
2206,1762970358084,0,0,0,0,0,0,0,0
2207,1762970358218,0,0,0,0,0,0,0,0
2208,1762970358401,0,0,0,0,0,0,0,0
2209,1762970358585,0,0,0,3.24,0,0,0,0
2210,1762970358619,0,0,0,0,0,0,0,0
2211,1762970358718,0,0,0,0,0,0,0,0
2212,1762970358818,0,0,0,0,0,0,0,0
2213,1762970359084,0,0,0,0,0,0,0,0
2214,1762970359301,0,0,0,0,0,0,0,0
2215,1762970359467,0,0,0,0,0,0,0,0
2216,1762970359601,0,0,0,0,0,0,0,0
2217,1762970359700,0,0,0,0,0,0,0,0
2218,1762970359917,0,0,0,0,0,0,0,0
2219,1762970360033,0,0,0,0,0,0,0,0
2220,1762970360283,0,0,0,0,0,0,0,0
2221,1762970360384,0,0,0,0,0,0,0,0
2222,1762970360468,0,0,0,0,0,0,0,0
2223,1762970360550,0,0,0,0,0,0,0,0
2224,1762970360600,0,0,0,0,0,0,0,0
2225,1762970360685,0,0,0,0,0,0,0,0
2226,1762970360800,0,0,0,0,0,0,0,0
2227,1762970361052,0,0,0,0,0,0,0,0
2228,1762970361166,0,0,0,0,0,0,0,0
2229,1762970361333,0,0,0,0,0,0,0,0
2230,1762970361432,0,0,0,0,0,0,0,0
2231,1762970361532,0,0,0,0,0,0,0,0
2232,1762970361599,0,0,0,0,0,0,0,0
2233,1762970361682,0,0,0,3.26,0,0,0,0
2234,1762970361784,0,0,0,0,0,0,0,0
2235,1762970361899,0,0,0,0,0,0,0,0
2236,1762970362066,0,0,0,0,0,0,0,0
2237,1762970362198,0,0,0,3.31,0,0,0,0
2238,1762970362365,0,0,0,0,0,0,0,0
2239,1762970362448,0,0,0,0,0,0,0,0
2240,1762970362565,0,0,0,0,0,0,0,0
2241,1762970362664,0,0,0,0,0,0,0,0
2242,1762970362781,0,0,0,0,0,0,0,0
2243,1762970362997,0,0,0,0,0,0,0,0
2244,1762970363114,0,0,0,0,0,0,0,0
2245,1762970363214,0,0,0,0,0,0,0,0
2246,1762970363331,0,0,0,0,0,0,0,0
2247,1762970363447,0,0,0,0,0,0,0,0
2248,1762970363548,0,0,0,5,0,0,0,0
2249,1762970363663,0,0,0,0,0,0,0,0
2250,1762970363767,0,0,0,0,0,0,0,0
2251,1762970363880,0,0,0,0,0,0,0,0
2252,1762970363997,0,0,0,0,0,0,0,0
2253,1762970364113,0,0,0,0,0,0,0,0
2254,1762970364214,0,0,0,0,0,0,0,0
2255,1762970364330,0,0,0,0,0,0,0,0
2256,1762970364530,0,0,0,0,0,0,0,0
2257,1762970364762,0,0,0,0,0,0,0,0
2258,1762970364862,0,0,0,3.3,0,0,0,0
2259,1762970364980,0,0,0,0,0,0,0,0
2260,1762970365129,0,0,0,0,0,0,0,0
2261,1762970365362,0,0,0,0,0,0,0,0
2262,1762970365513,0,0,0,0,0,0,0,0
2263,1762970365613,0,0,0,0,0,0,0,0
2264,1762970365745,0,0,0,0,0,0,0,0
2265,1762970365961,0,0,0,0,0,0,0,0
2266,1762970366328,0,0,0,0,0,0,0,0
2267,1762970366411,0,0,0,0,0,0,0,0
2268,1762970366612,0,0,0,0,0,0,0,0
2269,1762970366745,0,0,0,0,0,0,0,0
2270,1762970366844,0,0,0,0,0,0,0,0
2271,1762970366996,0,0,0,0,0,0,0,0
2272,1762970367127,0,0,0,0,0,0,0,0
2273,1762970367261,0,0,0,0,0,0,0,0
2274,1762970367311,0,0,0,0,0,0,0,0
2275,1762970367394,0,0,0,0,0,0,0,0
2276,1762970367510,0,0,0,0,0,0,0,0
2277,1762970367610,0,0,0,0,0,0,0,0
2278,1762970367844,0,0,0,1,0,0,0,0
2279,1762970367944,0,0,0,0,0,0,0,0
2280,1762970368209,0,0,0,0,0,0,0,0
2281,1762970368409,0,0,0,0,0,0,0,0
2282,1762970368510,0,0,0,0,0,0,0,0
2283,1762970368610,0,0,0,0,0,0,0,0
2284,1762970369042,0,0,0,0,0,0,0,0
2285,1762970369493,0,0,0,0,0,0,0,0
2286,1762970369694,0,0,0,0,0,0,0,0
2287,1762970369842,0,0,0,0,0,0,0,0
2288,1762970370059,0,0,0,0,0,0,0,0
2289,1762970370258,0,0,0,0,0,0,0,0
2290,1762970370376,0,0,0,0,0,0,0,0
2291,1762970370559,0,0,0,0,0,0,0,0
2292,1762970373322,0,0,0,1,0,0,0,0
2293,1762970373456,0,0,0,0,0,0,0,0
2294,1762970373623,0,0,0,0,0,0,0,0
2295,1762970373791,0,0,0,0,0,0,0,0
2296,1762970373890,0,0,0,0,0,0,0,0
2297,1762970374005,0,0,0,0,0,0,0,0
2298,1762970374155,0,0,0,0,0,0,0,0
2299,1762970374406,0,0,0,0,0,0,0,0
2300,1762970374671,0,0,0,0,0,0,0,0
2301,1762970374788,0,0,0,0,0,0,0,0
2302,1762970375004,0,0,0,0,0,0,0,0
2303,1762970375154,0,0,0,0,0,0,0,0
2304,1762970375305,0,0,0,0,0,0,0,0
2305,1762970375505,0,0,0,0,0,0,0,0
2306,1762970375639,0,0,0,0,0,0,0,0
2307,1762970375871,0,0,0,0,0,0,0,0
2308,1762970375988,0,0,0,0,0,0,0,0
2309,1762970376120,0,0,0,0,0,0,0,0
2310,1762970376303,0,0,0,0,0,0,0,0
2311,1762970376637,0,0,0,0,0,0,0,0
2312,1762970376753,0,0,0,0,0,0,0,0
2313,1762970376872,0,0,0,0,0,0,0,0
2314,1762970376971,0,0,0,0,0,0,0,0
2315,1762970377119,0,0,0,0,0,0,0,0
2316,1762970377236,0,0,0,33079,0,0,0,0
2317,1762970377402,0,0,0,0,0,0,0,0
2318,1762970377519,0,0,0,0,0,0,0,0
2319,1762970377753,0,0,0,0,0,0,0,0
2320,1762970377869,0,0,0,0,0,0,0,0
2321,1762970377952,0,0,0,0,0,0,0,0
2322,1762970378069,0,0,0,0,0,0,0,0
2323,1762970378319,0,0,0,0,0,0,0,0
2324,1762970378503,0,0,0,0,0,0,0,0
2325,1762970378535,0,0,0,0,0,0,0,0
2326,1762970378617,0,0,0,0,0,0,0,0
2327,1762970378734,0,0,0,0,0,0,0,0
2328,1762970378852,0,0,0,0,0,0,0,0
2329,1762970378951,0,0,0,0,0,0,0,0
2330,1762970379185,0,0,0,0,0,0,0,0
2331,1762970379369,0,0,0,0,0,0,0,0
2332,1762970379517,0,0,0,0,0,0,0,0
2333,1762970379618,0,0,0,0,0,0,0,0
2334,1762970379733,0,0,0,0,0,0,0,0
2335,1762970379836,0,0,0,0,0,0,0,0
2336,1762970379936,0,0,0,0,0,0,0,0
2337,1762970380051,0,0,0,0,0,0,0,0
2338,1762970380216,0,0,0,0,0,0,0,0
2339,1762970380368,0,0,0,0,0,0,0,0
2340,1762970380633,0,0,0,1,0,0,0,0
2341,1762970380850,0,0,0,3.3,0,0,0,0
2342,1762970380932,0,0,0,0,0,0,0,0
2343,1762970381082,0,0,0,0,0,0,0,0
2344,1762970381249,0,0,0,0,0,0,0,0
2345,1762970381416,0,0,0,0,0,0,0,0
2346,1762970381600,0,0,0,0,0,0,0,0
2347,1762970381698,0,0,0,0,0,0,0,0
2348,1762970381817,0,0,0,0,0,0,0,0
2349,1762970381932,0,0,0,0,0,0,0,0
2350,1762970382065,0,0,0,0,0,0,0,0
2351,1762970382184,0,0,0,0,0,0,0,0
2352,1762970382366,0,0,0,0,0,0,0,0
2353,1762970382515,0,0,0,0,0,0,0,0
2354,1762970382666,0,0,0,0,0,0,0,0
2355,1762970382783,0,0,0,0,0,0,0,0
2356,1762970382915,0,0,0,0,0,0,0,0
2357,1762970383032,0,0,0,0,0,0,0,0
2358,1762970383165,0,0,0,0,0,0,0,0
2359,1762970383382,0,0,0,0,0,0,0,0
2360,1762970383798,0,0,0,0,0,0,0,0
2361,1762970383898,0,0,0,0,0,0,0,0
2362,1762970384163,0,0,0,0,0,0,0,0
2363,1762970384314,0,0,0,0,0,0,0,0
2364,1762970384496,0,0,0,0,0,0,0,0
2365,1762970384547,0,0,0,0,0,0,0,0
2366,1762970384764,0,0,0,0,0,0,0,0
2367,1762970385212,0,0,0,0,0,0,0,0
2368,1762970385513,0,0,0,0,0,0,0,0
2369,1762970385596,0,0,0,0,0,0,0,0
2370,1762970385745,0,0,0,0,0,0,0,0
2371,1762970385930,0,0,0,0,0,0,0,0
2372,1762970386561,0,0,0,0,0,0,0,0
2373,1762970386678,0,0,0,0,0,0,0,0
2374,1762970386829,0,0,0,0,0,0,0,0
2375,1762970387045,0,0,0,3.31,0,0,0,0
2376,1762970387178,0,0,0,0,0,0,0,0
2377,1762970387245,0,0,0,0,0,0,0,0
2378,1762970387377,0,0,0,0,0,0,0,0
2379,1762970387744,0,0,0,0,0,0,0,0
2380,1762970387878,0,0,0,0,0,0,0,0
2381,1762970388094,0,0,0,0,0,0,0,0
2382,1762970388294,0,0,0,0,0,0,0,0
2383,1762970388528,0,0,0,0,0,0,0,0
2384,1762970388577,0,0,0,0,0,0,0,0
2385,1762970388626,0,0,0,0,0,0,0,0
2386,1762970388976,0,0,0,0,0,0,0,0
2387,1762970389526,0,0,0,0,0,0,0,0
2388,1762970390043,0,0,0,0,0,0,0,0
2389,1762970390542,0,0,0,0,0,0,0,0
2390,1762970390642,0,0,0,0,0,0,0,0
2391,1762970390875,0,0,0,0,0,0,0,0
2392,1762970390959,0,0,0,0,0,0,0,0
2393,1762970391058,0,0,0,0,0,0,0,0
2394,1762970391211,0,0,0,0,0,0,0,0
2395,1762970391407,0,0,0,0,0,0,0,0
2396,1762970391508,0,0,0,0,0,0,0,0
2397,1762970391608,0,0,0,0,0,0,0,0
2398,1762970391992,0,0,0,0,0,0,0,0
2399,1762970392159,0,0,0,0,0,0,0,0
2400,1762970392374,0,0,0,0,0,0,0,0
2401,1762970392508,0,0,0,0,0,0,0,0
2402,1762970392923,0,0,0,0,0,0,0,0
2403,1762970393072,0,0,0,0,0,0,0,0
2404,1762970393223,0,0,0,3.25,0,0,0,0
2405,1762970393406,0,0,0,0,0,0,0,0
2406,1762970393489,0,0,0,0,0,0,0,0
2407,1762970393556,0,0,0,0,0,0,0,0
2408,1762970393705,0,0,0,0,0,0,0,0
2409,1762970393805,0,0,0,0,0,0,0,0
2410,1762970393907,0,0,0,0,0,0,0,0
2411,1762970394022,0,0,0,0,0,0,0,0
2412,1762970394172,0,0,0,0,0,0,0,0
2413,1762970394273,0,0,0,0,0,0,0,0
2414,1762970394357,0,0,0,0,0,0,0,0
2415,1762970394471,0,0,0,0,0,0,0,0
2416,1762970394672,0,0,0,0,0,0,0,0
2417,1762970394789,0,0,0,0,0,0,0,0
2418,1762970394905,0,0,0,0,0,0,0,0
2419,1762970395021,0,0,0,0,0,0,0,0
2420,1762970395338,0,0,0,0,0,0,0,0
2421,1762970395454,0,0,0,0,0,0,0,0
2422,1762970395673,0,0,0,0,0,0,0,0
2423,1762970395787,0,0,0,0,0,0,0,0
2424,1762970395904,0,0,0,0,0,0,0,0
2425,1762970396004,0,0,0,0,0,0,0,0
2426,1762970396336,0,0,0,3.25,0,0,0,0
2427,1762970396438,0,0,0,0,0,0,0,0
2428,1762970396553,0,0,0,0,0,0,0,0
2429,1762970396670,0,0,0,0,0,0,0,0
2430,1762970396786,0,0,0,33059,0,0,0,0
2431,1762970396886,0,0,0,0,0,0,0,0
2432,1762970397020,0,0,0,0,0,0,0,0
2433,1762970397103,0,0,0,0,0,0,0,0
2434,1762970397285,0,0,0,0,0,0,0,0
2435,1762970397336,0,0,0,33096,0,0,0,0
2436,1762970397553,0,0,0,0,0,0,0,0
2437,1762970397652,0,0,0,0,0,0,0,0
2438,1762970397769,0,0,0,0,0,0,0,0
2439,1762970397868,0,0,0,0,0,0,0,0
2440,1762970397985,0,0,0,0,0,0,0,0
2441,1762970398135,0,0,0,0,0,0,0,0
2442,1762970398319,0,0,0,0,0,0,0,0
2443,1762970398636,0,0,0,0,0,0,0,0
2444,1762970398752,0,0,0,0,0,0,0,0
2445,1762970398868,0,0,0,0,0,0,0,0
2446,1762970399017,0,0,0,0,0,0,0,0
2447,1762970399351,0,0,0,0,0,0,0,0
2448,1762970399803,0,0,0,0,0,0,0,0
2449,1762970399935,0,0,0,0,0,0,0,0
2450,1762970400067,0,0,0,3.31,0,0,0,0
2451,1762970400267,0,0,0,0,0,0,0,0
2452,1762970400483,0,0,0,0,0,0,0,0
2453,1762970400965,0,0,0,0,0,0,0,0
2454,1762970401082,0,0,0,0,0,0,0,0
2455,1762970401233,0,0,0,0,0,0,0,0
2456,1762970401384,0,0,0,0,0,0,0,0
2457,1762970401600,0,0,0,0,0,0,0,0
2458,1762970401665,0,0,0,0,0,0,0,0
2459,1762970401732,0,0,0,0,0,0,0,0
2460,1762970401950,0,0,0,0,0,0,0,0
2461,1762970402082,0,0,0,0,0,0,0,0
2462,1762970402232,0,0,0,0,0,0,0,0
2463,1762970402532,0,0,0,0,0,0,0,0
2464,1762970402615,0,0,0,0,0,0,0,0
2465,1762970402731,0,0,0,3.25,0,0,0,0
2466,1762970402831,0,0,0,0,0,0,0,0
2467,1762970402931,0,0,0,0,0,0,0,0
2468,1762970403147,0,0,0,3.31,0,0,0,0
2469,1762970403297,0,0,0,0,0,0,0,0
2470,1762970403483,0,0,0,0,0,0,0,0
2471,1762970403583,0,0,0,0,0,0,0,0
2472,1762970403697,0,0,0,0,0,0,0,0
2473,1762970403814,0,0,0,0,0,0,0,0
2474,1762970403913,0,0,0,0,0,0,0,0
2475,1762970404024,0,0,0,0,0,0,0,0
2476,1762970404166,0,0,0,0,0,0,0,0
2477,1762970404265,0,0,0,0,0,0,0,0
2478,1762970404399,0,0,0,0,0,0,0,0
2479,1762970404465,0,0,0,0,0,0,0,0
2480,1762970404582,0,0,0,0,0,0,0,0
2481,1762970404699,0,0,0,0,0,0,0,0
2482,1762970404798,0,0,0,4,0,0,0,0
2483,1762970405214,0,0,0,0,0,0,0,0
2484,1762970405397,0,0,0,0,0,0,0,0
2485,1762970405580,0,0,0,0,0,0,0,0
2486,1762970405681,0,0,0,0,0,0,0,0
2487,1762970405794,0,0,0,0,0,0,0,0
2488,1762970405904,0,0,0,0,0,0,0,0
2489,1762970406162,0,0,0,0,0,0,0,0
2490,1762970406362,0,0,0,0,0,0,0,0
2491,1762970406445,1,0,0,0,0,0,0,0
2492,1762970406563,1,0,0,3.27,0,0,0,0
2493,1762970406678,1,0,0,0,0,0,0,0
2494,1762970406778,1,0,0,0,0,0,0,0
2495,1762970406895,1,0,0,0,0,0,0,0
2496,1762970407144,1,0,0,0,0,0,0,0
2497,1762970407344,1,0,0,0,0,0,0,0
2498,1762970407461,1,0,0,0,0,0,0,0
2499,1762970407544,1,0,0,0,0,0,0,0
2500,1762970407661,1,0,0,0,0,0,0,0
2501,1762970407878,1,0,0,0,0,0,0,0
2502,1762970407995,1,0,0,0,0,0,0,0
2503,1762970408127,1,0,0,0,0,0,0,0
2504,1762970408243,1,0,0,0,0,0,0,0
2505,1762970408360,1,0,0,0,0,0,0,0
2506,1762970408460,1,0,0,0,0,0,0,0
2507,1762970408543,0,0,0,0,0,0,0,0
2508,1762970408644,0,0,0,0,0,0,0,0
2509,1762970408776,0,0,0,0,0,0,0,0
2510,1762970408876,0,0,0,0,0,0,0,0
2511,1762970409242,0,0,0,0,0,0,0,0
2512,1762970409344,0,0,0,0,0,0,0,0
2513,1762970409443,0,0,0,3.31,0,0,0,0
2514,1762970409542,0,0,0,0,0,0,0,0
2515,1762970409742,0,0,0,0,0,0,0,0
2516,1762970409975,0,0,0,0,0,0,0,0
2517,1762970410075,0,0,0,0,0,0,0,0
2518,1762970410192,0,0,0,0,0,0,0,0
2519,1762970410409,0,0,0,0,0,0,0,0
2520,1762970410508,0,0,0,0,0,0,0,0
2521,1762970410627,0,0,0,0,0,0,0,0
2522,1762970410743,0,0,0,0,0,0,0,0
2523,1762970410861,0,0,0,0,0,0,0,0
2524,1762970411208,0,0,0,0,0,0,0,0
2525,1762970411308,0,0,0,0,0,0,0,0
2526,1762970411409,0,0,0,0,0,0,0,0
2527,1762970411525,0,0,0,0,0,0,0,0
2528,1762970411941,0,0,0,0,0,0,0,0
2529,1762970412257,0,0,0,0,0,0,0,0
2530,1762970412373,0,0,0,0,0,0,0,0
2531,1762970412506,0,0,0,0,0,0,0,0
2532,1762970412840,0,0,0,1,0,0,0,0
2533,1762970412940,0,0,0,0,0,0,0,0
2534,1762970413090,0,0,0,33020,0,0,0,0
2535,1762970413489,0,0,0,0,0,0,0,0
2536,1762970413724,0,0,0,0,0,0,0,0
2537,1762970413823,0,0,0,0,0,0,0,0
2538,1762970413924,0,0,0,0,0,0,0,0
2539,1762970414207,0,0,0,0,0,0,0,0
2540,1762970414355,0,0,0,0,0,0,0,0
2541,1762970414405,0,0,0,0,0,0,0,0
2542,1762970414573,0,0,0,0,0,0,0,0
2543,1762970414705,0,0,0,0,0,0,0,0
2544,1762970414806,0,0,0,0,0,0,0,0
2545,1762970415038,0,0,0,0,0,0,0,0
2546,1762970415139,0,0,0,0,0,0,0,0
2547,1762970415256,0,0,0,0,0,0,0,0
2548,1762970415474,0,0,0,0,0,0,0,0
2549,1762970415572,0,0,0,0,0,0,0,0
2550,1762970415688,0,0,0,0,0,0,0,0
2551,1762970415904,0,0,0,0,0,0,0,0
2552,1762970416021,0,0,0,0,0,0,0,0
2553,1762970416139,0,0,0,0,0,0,0,0
2554,1762970416354,0,0,0,0,0,0,0,0
2555,1762970416472,0,0,0,0,0,0,0,0
2556,1762970416670,0,0,0,0,0,0,0,0
2557,1762970416786,0,0,0,0,0,0,0,0
2558,1762970416904,0,0,0,0,0,0,0,0
2559,1762970417020,0,0,0,0,0,0,0,0
2560,1762970417120,0,0,0,0,0,0,0,0
2561,1762970417236,0,0,0,0,0,0,0,0
2562,1762970417354,0,0,0,0,0,0,0,0
2563,1762970417454,0,0,0,0,0,0,0,0
2564,1762970417569,0,0,0,0,0,0,0,0
2565,1762970417686,0,0,0,0,0,0,0,0
2566,1762970417786,0,0,0,0,0,0,0,0
2567,1762970417886,0,0,0,0,0,0,0,0
2568,1762970418002,0,0,0,0,0,0,0,0
2569,1762970418252,0,0,0,0,0,0,0,0
2570,1762970418369,0,0,0,0,0,0,0,0
2571,1762970418437,0,0,0,0,0,0,0,0
2572,1762970418668,0,0,0,0,0,0,0,0
2573,1762970418768,0,0,0,0,0,0,0,0
2574,1762970418869,0,0,0,0,0,0,0,0
2575,1762970419102,0,0,0,0,0,0,0,0
2576,1762970419269,0,0,0,0,0,0,0,0
2577,1762970419419,0,0,0,0,0,0,0,0
2578,1762970419585,0,0,0,32628,0,0,0,0
2579,1762970419751,0,0,0,0,0,0,0,0
2580,1762970419984,0,0,0,0,0,0,0,0
2581,1762970420100,0,0,0,0,0,0,0,0
2582,1762970420184,0,0,0,0,0,0,0,0
2583,1762970420301,0,0,0,0,0,0,0,0
2584,1762970420534,0,0,0,0,0,0,0,0
2585,1762970420867,0,0,0,0,0,0,0,0
2586,1762970420967,0,0,0,0,0,0,0,0
2587,1762970421066,0,0,0,0,0,0,0,0
2588,1762970421534,0,0,0,0,0,0,0,0
