index,CONTROL_EVENT_FLAG_1,CONTROL_EVENT_FLAG_2,REF_TORQUE_R_MOTOR,REF_TORQUE_L_MOTOR,5,6,7,8
0,192,0,0,0,0,0,0,0
1,192,0,0,0,0,0,0,0
2,0,0,0,0,0,0,0,0
3,0,0,0,0,0,0,0,0
4,0,4,0,0,0,0,0,0
5,0,4,0,0,0,0,0,0
6,0,4,0,0,0,0,0,0
7,0,4,0,0,0,0,0,0
8,0,4,0,0,0,0,0,0
9,0,4,0,0,0,0,0,0
10,0,4,0,0,0,0,0,0
11,0,4,0,0,0,0,0,0
12,0,4,0,0,0,0,0,0
13,0,4,0,0,0,0,0,0
14,0,4,0,0,0,0,0,0
15,0,4,0,0,0,0,0,0
16,0,4,0,0,0,0,0,0
17,0,4,0,0,0,0,0,0
18,0,4,0,0,0,0,0,0
19,0,4,0,0,0,0,0,0
20,0,4,0,0,0,0,0,0
21,0,4,0,0,0,0,0,0
22,0,5,793,793,0,0,0,0
23,0,5,794,794,0,0,0,0
24,192,0,0,0,0,0,0,0
25,192,0,0,0,0,0,0,0
26,192,0,0,0,0,0,0,0
27,192,0,0,0,0,0,0,0
28,192,0,0,0,0,0,0,0
29,192,0,0,0,0,0,0,0
30,192,0,0,0,0,0,0,0
31,192,0,0,0,0,0,0,0
32,192,0,0,0,0,0,0,0
33,192,0,0,0,0,0,0,0
34,192,0,0,0,0,0,0,0
35,192,0,0,0,0,0,0,0
36,192,0,0,0,0,0,0,0
37,192,0,0,0,0,0,0,0
38,192,0,0,0,0,0,0,0
39,192,0,0,0,0,0,0,0
40,192,0,0,0,0,0,0,0
41,192,0,0,0,0,0,0,0
42,192,0,0,0,0,0,0,0
43,192,0,0,0,0,0,0,0
44,192,0,0,0,0,0,0,0
45,192,0,0,0,0,0,0,0
46,192,0,0,0,0,0,0,0
47,192,0,0,0,0,0,0,0
48,192,0,0,0,0,0,0,0
49,192,0,0,0,0,0,0,0
50,192,0,0,0,0,0,0,0
51,192,0,0,0,0,0,0,0
52,192,0,0,0,0,0,0,0
53,192,0,0,0,0,0,0,0
54,192,0,0,0,0,0,0,0
55,192,0,0,0,0,0,0,0
56,192,0,0,0,0,0,0,0
57,192,0,0,0,0,0,0,0
58,192,0,0,0,0,0,0,0
59,192,0,0,0,0,0,0,0
60,192,0,0,0,0,0,0,0
61,192,0,0,0,0,0,0,0
62,192,0,0,0,0,0,0,0
63,192,0,0,0,0,0,0,0
64,192,0,0,0,0,0,0,0
65,192,0,0,0,0,0,0,0
66,192,0,0,0,0,0,0,0
67,192,0,0,0,0,0,0,0
68,192,0,0,0,0,0,0,0
69,192,0,0,0,0,0,0,0
70,192,0,0,0,0,0,0,0
71,192,0,0,0,0,0,0,0
72,192,0,0,0,0,0,0,0
73,192,0,0,0,0,0,0,0
74,192,0,0,0,0,0,0,0
75,192,0,0,0,0,0,0,0
76,192,0,0,0,0,0,0,0
77,0,0,0,0,0,0,0,0
78,0,0,0,0,0,0,0,0
79,0,0,0,0,0,0,0,0
80,0,0,0,0,0,0,0,0
81,0,0,0,0,0,0,0,0
82,0,0,0,0,0,0,0,0
83,0,0,0,0,0,0,0,0
84,0,0,0,0,0,0,0,0
85,0,0,0,0,0,0,0,0
86,0,0,0,0,0,0,0,0
87,0,0,0,0,0,0,0,0
88,0,0,0,0,0,0,0,0
89,0,0,0,0,0,0,0,0
90,0,0,0,0,0,0,0,0
91,0,0,0,0,0,0,0,0
92,0,0,0,0,0,0,0,0
93,0,0,0,0,0,0,0,0
94,0,0,0,0,0,0,0,0
95,0,0,0,0,0,0,0,0
96,0,0,0,0,0,0,0,0
97,0,0,0,0,0,0,0,0
98,0,0,0,0,0,0,0,0
99,0,0,0,0,0,0,0,0
100,0,0,0,0,0,0,0,0
101,0,0,0,0,0,0,0,0
102,0,0,0,0,0,0,0,0
103,0,0,0,0,0,0,0,0
104,0,0,0,0,0,0,0,0
105,0,0,0,0,0,0,0,0
106,0,0,0,0,0,0,0,0
107,0,0,0,0,0,0,0,0
108,0,0,0,0,0,0,0,0
109,0,0,0,0,0,0,0,0
110,0,0,0,0,0,0,0,0
111,0,0,0,0,0,0,0,0
112,0,0,0,0,0,0,0,0
113,0,0,0,0,0,0,0,0
114,0,0,0,0,0,0,0,0
115,0,0,0,0,0,0,0,0
116,0,0,0,0,0,0,0,0
117,0,0,0,0,0,0,0,0
118,0,0,0,0,0,0,0,0
119,0,0,0,0,0,0,0,0
120,0,0,0,0,0,0,0,0
121,0,0,0,0,0,0,0,0
122,0,0,0,0,0,0,0,0
123,0,0,0,0,0,0,0,0
124,0,0,0,0,0,0,0,0
125,0,0,0,0,0,0,0,0
126,0,0,0,0,0,0,0,0
127,0,0,0,0,0,0,0,0
128,0,0,0,0,0,0,0,0
129,0,0,0,0,0,0,0,0
130,0,0,0,0,0,0,0,0
131,0,0,0,0,0,0,0,0
132,0,0,0,0,0,0,0,0
133,0,0,0,0,0,0,0,0
134,0,0,0,0,0,0,0,0
135,0,0,0,0,0,0,0,0
136,0,0,0,0,0,0,0,0
137,0,0,0,0,0,0,0,0
138,0,0,0,0,0,0,0,0
139,0,0,0,0,0,0,0,0
140,0,0,0,0,0,0,0,0
141,0,0,0,0,0,0,0,0
142,0,0,0,0,0,0,0,0
143,0,0,0,0,0,0,0,0
144,0,0,0,0,0,0,0,0
145,0,0,0,0,0,0,0,0
146,0,0,0,0,0,0,0,0
147,0,0,0,0,0,0,0,0
148,0,0,0,0,0,0,0,0
149,0,0,0,0,0,0,0,0
150,0,0,0,0,0,0,0,0
151,0,5,292,292,0,0,0,0
152,0,5,281,281,0,0,0,0
153,0,5,275,275,0,0,0,0
154,0,5,251,251,0,0,0,0
155,0,5,204,204,0,0,0,0
156,0,5,205,205,0,0,0,0
157,0,5,231,231,0,0,0,0
158,0,5,229,229,0,0,0,0
159,0,5,218,218,0,0,0,0
160,0,5,234,234,0,0,0,0
161,0,5,235,235,0,0,0,0
162,0,5,218,218,0,0,0,0
163,0,5,215,215,0,0,0,0
164,0,5,205,205,0,0,0,0
165,0,5,201,201,0,0,0,0
166,0,5,199,199,0,0,0,0
167,0,5,198,198,0,0,0,0
168,0,5,195,195,0,0,0,0
169,0,5,199,199,0,0,0,0
170,0,5,198,198,0,0,0,0
171,0,5,193,193,0,0,0,0
172,0,5,193,193,0,0,0,0
173,0,5,190,190,0,0,0,0
174,0,5,189,189,0,0,0,0
175,0,5,139,139,0,0,0,0
176,0,5,139,139,0,0,0,0
177,0,5,141,141,0,0,0,0
178,0,5,143,143,0,0,0,0
179,0,5,141,141,0,0,0,0
180,0,5,156,156,0,0,0,0
181,0,5,203,203,0,0,0,0
182,0,5,312,312,0,0,0,0
183,0,5,320,320,0,0,0,0
184,0,5,344,344,0,0,0,0
185,0,5,298,298,0,0,0,0
186,0,5,255,255,0,0,0,0
187,0,5,214,214,0,0,0,0
188,0,5,196,196,0,0,0,0
189,0,5,0,0,0,0,0,0
190,0,5,0,0,0,0,0,0
191,0,5,116,116,0,0,0,0
192,0,5,155,155,0,0,0,0
193,0,5,284,284,0,0,0,0
194,0,5,279,279,0,0,0,0
195,0,5,284,284,0,0,0,0
196,0,5,377,377,0,0,0,0
197,0,5,435,435,0,0,0,0
198,0,5,486,486,0,0,0,0
199,0,5,499,499,0,0,0,0
200,0,5,523,523,0,0,0,0
201,0,5,534,534,0,0,0,0
202,0,5,570,570,0,0,0,0
203,0,5,566,566,0,0,0,0
204,0,5,562,562,0,0,0,0
205,0,5,506,506,0,0,0,0
206,0,5,531,531,0,0,0,0
207,0,5,551,551,0,0,0,0
208,0,5,563,563,0,0,0,0
209,0,5,636,636,0,0,0,0
210,0,5,635,635,0,0,0,0
211,0,5,632,632,0,0,0,0
212,0,5,624,624,0,0,0,0
213,0,5,617,617,0,0,0,0
214,0,5,601,601,0,0,0,0
215,0,5,589,589,0,0,0,0
216,0,5,587,587,0,0,0,0
217,0,5,593,593,0,0,0,0
218,0,5,603,603,0,0,0,0
219,0,5,611,611,0,0,0,0
220,0,5,601,601,0,0,0,0
221,0,5,604,604,0,0,0,0
222,0,5,603,603,0,0,0,0
223,0,5,606,606,0,0,0,0
224,0,5,605,605,0,0,0,0
225,0,5,605,605,0,0,0,0
226,0,5,606,606,0,0,0,0
227,0,5,590,590,0,0,0,0
228,0,5,592,592,0,0,0,0
229,0,5,592,592,0,0,0,0
230,0,5,593,593,0,0,0,0
231,0,5,593,593,0,0,0,0
232,0,5,592,592,0,0,0,0
233,0,5,593,593,0,0,0,0
234,0,5,596,596,0,0,0,0
235,0,5,594,594,0,0,0,0
236,0,5,593,593,0,0,0,0
237,0,5,593,593,0,0,0,0
238,0,5,594,594,0,0,0,0
239,0,5,594,594,0,0,0,0
240,0,5,596,596,0,0,0,0
241,0,5,594,594,0,0,0,0
242,0,5,596,596,0,0,0,0
243,0,5,596,596,0,0,0,0
244,0,5,596,596,0,0,0,0
245,0,5,595,595,0,0,0,0
246,0,5,597,597,0,0,0,0
247,0,5,596,596,0,0,0,0
248,0,5,591,591,0,0,0,0
249,0,5,596,596,0,0,0,0
250,0,5,598,598,0,0,0,0
251,0,5,597,597,0,0,0,0
252,0,5,592,592,0,0,0,0
253,0,5,592,592,0,0,0,0
254,0,5,595,595,0,0,0,0
255,0,5,596,596,0,0,0,0
256,0,5,600,600,0,0,0,0
257,0,5,597,597,0,0,0,0
258,0,5,595,595,0,0,0,0
259,0,5,596,596,0,0,0,0
260,0,5,596,596,0,0,0,0
261,0,5,599,599,0,0,0,0
262,0,5,598,598,0,0,0,0
263,0,5,598,598,0,0,0,0
264,0,5,598,598,0,0,0,0
265,0,5,611,611,0,0,0,0
266,0,5,588,588,0,0,0,0
267,0,5,469,469,0,0,0,0
268,0,5,494,494,0,0,0,0
269,0,5,501,501,0,0,0,0
270,0,5,545,545,0,0,0,0
271,0,5,566,566,0,0,0,0
272,0,5,571,571,0,0,0,0
273,0,5,580,580,0,0,0,0
274,0,5,581,581,0,0,0,0
275,0,5,575,575,0,0,0,0
276,0,5,572,572,0,0,0,0
277,0,5,574,574,0,0,0,0
278,0,5,571,571,0,0,0,0
279,0,5,563,563,0,0,0,0
280,0,5,552,552,0,0,0,0
281,0,5,545,545,0,0,0,0
282,0,5,540,540,0,0,0,0
283,0,5,531,531,0,0,0,0
284,0,5,521,521,0,0,0,0
285,0,5,492,492,0,0,0,0
286,0,5,472,472,0,0,0,0
287,0,5,466,466,0,0,0,0
288,0,5,444,444,0,0,0,0
289,0,5,423,423,0,0,0,0
290,0,5,370,370,0,0,0,0
291,0,5,375,375,0,0,0,0
292,0,5,382,382,0,0,0,0
293,0,5,381,381,0,0,0,0
294,0,5,383,383,0,0,0,0
295,0,5,379,379,0,0,0,0
296,0,5,372,372,0,0,0,0
297,0,5,369,369,0,0,0,0
298,0,5,385,385,0,0,0,0
299,0,5,386,386,0,0,0,0
300,0,5,388,388,0,0,0,0
301,0,5,378,378,0,0,0,0
302,0,5,352,352,0,0,0,0
303,0,5,346,346,0,0,0,0
304,0,5,323,323,0,0,0,0
305,0,5,290,290,0,0,0,0
306,0,5,261,261,0,0,0,0
307,0,5,262,262,0,0,0,0
308,0,5,264,264,0,0,0,0
309,0,5,126,126,0,0,0,0
310,0,5,131,131,0,0,0,0
311,0,5,117,117,0,0,0,0
312,0,5,0,0,0,0,0,0
313,0,5,0,0,0,0,0,0
314,0,5,0,0,0,0,0,0
315,0,5,0,0,0,0,0,0
316,0,5,0,0,0,0,0,0
317,0,5,0,0,0,0,0,0
318,0,5,0,0,0,0,0,0
319,0,5,0,0,0,0,0,0
320,0,5,0,0,0,0,0,0
321,0,5,0,0,0,0,0,0
322,0,5,0,0,0,0,0,0
323,0,5,0,0,0,0,0,0
324,0,5,0,0,0,0,0,0
325,0,5,0,0,0,0,0,0
326,0,5,0,0,0,0,0,0
327,0,5,0,0,0,0,0,0
328,0,5,0,0,0,0,0,0
329,0,5,0,0,0,0,0,0
330,0,5,0,0,0,0,0,0
331,0,5,0,0,0,0,0,0
332,0,5,0,0,0,0,0,0
333,0,5,0,0,0,0,0,0
334,0,5,0,0,0,0,0,0
335,0,5,0,0,0,0,0,0
336,0,5,0,0,0,0,0,0
337,0,5,0,0,0,0,0,0
338,0,5,0,0,0,0,0,0
339,0,5,0,0,0,0,0,0
340,0,5,0,0,0,0,0,0
341,0,5,0,0,0,0,0,0
342,0,5,0,0,0,0,0,0
343,0,5,0,0,0,0,0,0
344,0,5,0,0,0,0,0,0
345,0,5,0,0,0,0,0,0
346,0,5,0,0,0,0,0,0
347,0,5,0,0,0,0,0,0
348,0,5,0,0,0,0,0,0
349,0,5,0,0,0,0,0,0
350,192,1,0,0,0,0,0,0
351,192,1,0,0,0,0,0,0
352,192,1,0,0,0,0,0,0
353,192,1,0,0,0,0,0,0
354,192,1,0,0,0,0,0,0
355,192,0,0,0,0,0,0,0
356,192,0,0,0,0,0,0,0
357,192,0,0,0,0,0,0,0
358,192,0,0,0,0,0,0,0
359,192,0,0,0,0,0,0,0
360,192,0,0,0,0,0,0,0
361,192,0,0,0,0,0,0,0
362,192,0,0,0,0,0,0,0
363,192,0,0,0,0,0,0,0
364,192,0,0,0,0,0,0,0
365,192,0,0,0,0,0,0,0
366,192,0,0,0,0,0,0,0
367,192,0,0,0,0,0,0,0
368,192,0,0,0,0,0,0,0
369,192,0,0,0,0,0,0,0
370,192,0,0,0,0,0,0,0
371,192,0,0,0,0,0,0,0
372,192,0,0,0,0,0,0,0
373,192,0,0,0,0,0,0,0
374,192,0,0,0,0,0,0,0
375,192,0,0,0,0,0,0,0
376,192,0,0,0,0,0,0,0
377,192,0,0,0,0,0,0,0
378,192,0,0,0,0,0,0,0
379,192,0,0,0,0,0,0,0
380,192,0,0,0,0,0,0,0
381,192,0,0,0,0,0,0,0
382,192,0,0,0,0,0,0,0
383,192,0,0,0,0,0,0,0
384,192,0,0,0,0,0,0,0
385,192,0,0,0,0,0,0,0
386,192,0,0,0,0,0,0,0
387,192,0,0,0,0,0,0,0
388,192,0,0,0,0,0,0,0
389,192,0,0,0,0,0,0,0
390,192,0,0,0,0,0,0,0
391,192,0,0,0,0,0,0,0
392,192,0,0,0,0,0,0,0
393,192,0,0,0,0,0,0,0
394,192,0,0,0,0,0,0,0
395,192,0,0,0,0,0,0,0
396,192,0,0,0,0,0,0,0
397,192,0,0,0,0,0,0,0
398,192,0,0,0,0,0,0,0
399,192,0,0,0,0,0,0,0
400,192,0,0,0,0,0,0,0
401,192,0,0,0,0,0,0,0
402,192,0,0,0,0,0,0,0
403,192,0,0,0,0,0,0,0
404,192,0,0,0,0,0,0,0
405,192,0,0,0,0,0,0,0
406,192,0,0,0,0,0,0,0
407,0,0,0,0,0,0,0,0
408,0,0,0,0,0,0,0,0
409,0,0,0,0,0,0,0,0
410,0,0,0,0,0,0,0,0
411,0,0,0,0,0,0,0,0
412,0,0,0,0,0,0,0,0
413,0,0,0,0,0,0,0,0
414,0,0,0,0,0,0,0,0
415,0,0,0,0,0,0,0,0
416,0,0,0,0,0,0,0,0
417,0,0,0,0,0,0,0,0
418,0,0,0,0,0,0,0,0
419,0,0,0,0,0,0,0,0
420,0,0,0,0,0,0,0,0
421,0,0,0,0,0,0,0,0
422,0,0,0,0,0,0,0,0
423,0,0,0,0,0,0,0,0
424,0,0,0,0,0,0,0,0
425,0,0,0,0,0,0,0,0
426,0,0,0,0,0,0,0,0
427,0,0,0,0,0,0,0,0
428,0,0,0,0,0,0,0,0
429,0,0,0,0,0,0,0,0
430,0,0,0,0,0,0,0,0
431,0,0,0,0,0,0,0,0
432,0,0,0,0,0,0,0,0
433,0,0,0,0,0,0,0,0
434,0,0,0,0,0,0,0,0
435,0,0,0,0,0,0,0,0
436,0,0,0,0,0,0,0,0
437,0,0,0,0,0,0,0,0
438,0,0,0,0,0,0,0,0
439,0,0,0,0,0,0,0,0
440,0,0,0,0,0,0,0,0
441,0,0,0,0,0,0,0,0
442,0,0,0,0,0,0,0,0
443,0,0,0,0,0,0,0,0
444,0,0,0,0,0,0,0,0
445,0,0,0,0,0,0,0,0
446,0,0,0,0,0,0,0,0
447,0,0,0,0,0,0,0,0
448,0,0,0,0,0,0,0,0
449,0,0,0,0,0,0,0,0
450,0,0,0,0,0,0,0,0
451,0,0,0,0,0,0,0,0
452,0,1,0,0,0,0,0,0
453,0,1,0,0,0,0,0,0
454,0,1,0,0,0,0,0,0
455,0,1,0,0,0,0,0,0
456,0,1,0,0,0,0,0,0
457,0,1,0,0,0,0,0,0
458,0,1,0,0,0,0,0,0
459,0,1,0,0,0,0,0,0
460,0,1,0,0,0,0,0,0
461,0,1,0,0,0,0,0,0
462,0,1,0,0,0,0,0,0
463,0,1,0,0,0,0,0,0
464,0,1,0,0,0,0,0,0
465,0,1,0,0,0,0,0,0
466,0,1,0,0,0,0,0,0
467,0,1,0,0,0,0,0,0
468,0,1,0,0,0,0,0,0
469,0,1,0,0,0,0,0,0
470,0,1,0,0,0,0,0,0
471,0,1,0,0,0,0,0,0
472,0,1,0,0,0,0,0,0
473,0,1,0,0,0,0,0,0
474,0,1,0,0,0,0,0,0
475,0,1,0,0,0,0,0,0
476,0,1,0,0,0,0,0,0
477,0,1,0,0,0,0,0,0
478,0,1,0,0,0,0,0,0
479,0,1,0,0,0,0,0,0
480,0,1,0,0,0,0,0,0
481,0,1,0,0,0,0,0,0
482,0,1,0,0,0,0,0,0
483,0,1,0,0,0,0,0,0
484,0,1,0,0,0,0,0,0
485,0,1,0,0,0,0,0,0
486,0,1,0,0,0,0,0,0
487,0,1,0,0,0,0,0,0
488,0,1,0,0,0,0,0,0
489,0,1,0,0,0,0,0,0
490,0,1,0,0,0,0,0,0
491,0,1,0,0,0,0,0,0
492,0,1,0,0,0,0,0,0
493,0,1,0,0,0,0,0,0
494,0,1,0,0,0,0,0,0
495,0,1,0,0,0,0,0,0
496,0,1,0,0,0,0,0,0
497,0,1,0,0,0,0,0,0
498,0,1,0,0,0,0,0,0
499,0,1,0,0,0,0,0,0
500,0,1,0,0,0,0,0,0
501,0,1,0,0,0,0,0,0
502,0,1,0,0,0,0,0,0
503,0,1,0,0,0,0,0,0
504,0,1,0,0,0,0,0,0
505,0,1,0,0,0,0,0,0
506,0,1,0,0,0,0,0,0
507,0,1,0,0,0,0,0,0
508,0,5,792,792,0,0,0,0
509,0,5,792,792,0,0,0,0
510,0,5,794,794,0,0,0,0
511,0,5,793,793,0,0,0,0
512,0,5,793,793,0,0,0,0
513,0,5,792,792,0,0,0,0
514,0,5,792,792,0,0,0,0
515,0,5,794,794,0,0,0,0
516,0,5,793,793,0,0,0,0
517,0,5,792,792,0,0,0,0
518,0,5,792,792,0,0,0,0
519,0,5,791,791,0,0,0,0
520,0,5,792,792,0,0,0,0
521,0,5,791,791,0,0,0,0
522,0,5,791,791,0,0,0,0
523,0,5,792,792,0,0,0,0
524,0,5,791,791,0,0,0,0
525,0,5,792,792,0,0,0,0
526,0,5,792,792,0,0,0,0
527,0,5,790,790,0,0,0,0
528,0,5,794,794,0,0,0,0
529,0,5,793,793,0,0,0,0
530,0,5,792,792,0,0,0,0
531,0,5,793,793,0,0,0,0
532,0,5,793,793,0,0,0,0
533,0,5,793,793,0,0,0,0
534,0,5,792,792,0,0,0,0
535,0,5,793,793,0,0,0,0
536,0,5,792,792,0,0,0,0
537,0,5,792,792,0,0,0,0
538,0,5,792,792,0,0,0,0
539,0,5,792,792,0,0,0,0
540,0,5,791,791,0,0,0,0
541,0,5,792,792,0,0,0,0
542,0,5,791,791,0,0,0,0
543,0,5,778,778,0,0,0,0
544,0,5,792,792,0,0,0,0
545,0,5,792,792,0,0,0,0
546,0,5,789,789,0,0,0,0
547,0,5,792,792,0,0,0,0
548,0,5,793,793,0,0,0,0
549,0,5,792,792,0,0,0,0
550,0,5,793,793,0,0,0,0
551,0,5,792,792,0,0,0,0
552,0,5,793,793,0,0,0,0
553,0,5,791,791,0,0,0,0
554,0,5,791,791,0,0,0,0
555,0,5,792,792,0,0,0,0
556,0,5,791,791,0,0,0,0
557,0,5,793,793,0,0,0,0
558,0,5,792,792,0,0,0,0
559,0,5,791,791,0,0,0,0
560,0,5,791,791,0,0,0,0
561,192,0,0,0,0,0,0,0
562,192,0,0,0,0,0,0,0
563,192,0,0,0,0,0,0,0
564,192,0,0,0,0,0,0,0
565,192,0,0,0,0,0,0,0
566,192,0,0,0,0,0,0,0
567,192,0,0,0,0,0,0,0
568,192,0,0,0,0,0,0,0
569,192,0,0,0,0,0,0,0
570,192,0,0,0,0,0,0,0
571,192,0,0,0,0,0,0,0
572,192,0,0,0,0,0,0,0
573,192,0,0,0,0,0,0,0
574,192,0,0,0,0,0,0,0
575,192,0,0,0,0,0,0,0
576,192,0,0,0,0,0,0,0
577,192,0,0,0,0,0,0,0
578,192,0,0,0,0,0,0,0
579,192,0,0,0,0,0,0,0
580,192,0,0,0,0,0,0,0
581,192,0,0,0,0,0,0,0
582,192,0,0,0,0,0,0,0
583,192,0,0,0,0,0,0,0
584,192,0,0,0,0,0,0,0
585,192,0,0,0,0,0,0,0
586,192,0,0,0,0,0,0,0
587,192,0,0,0,0,0,0,0
588,192,0,0,0,0,0,0,0
589,192,0,0,0,0,0,0,0
590,192,0,0,0,0,0,0,0
591,192,0,0,0,0,0,0,0
592,192,0,0,0,0,0,0,0
593,192,0,0,0,0,0,0,0
594,192,0,0,0,0,0,0,0
595,192,0,0,0,0,0,0,0
596,192,0,0,0,0,0,0,0
597,192,0,0,0,0,0,0,0
598,192,0,0,0,0,0,0,0
599,192,0,0,0,0,0,0,0
600,192,0,0,0,0,0,0,0
601,192,0,0,0,0,0,0,0
602,192,0,0,0,0,0,0,0
603,192,0,0,0,0,0,0,0
604,192,0,0,0,0,0,0,0
605,192,0,0,0,0,0,0,0
606,192,0,0,0,0,0,0,0
607,192,0,0,0,0,0,0,0
608,192,0,0,0,0,0,0,0
609,192,0,0,0,0,0,0,0
610,192,0,0,0,0,0,0,0
611,192,0,0,0,0,0,0,0
612,192,0,0,0,0,0,0,0
613,192,0,0,0,0,0,0,0
614,192,0,0,0,0,0,0,0
615,192,0,0,0,0,0,0,0
616,192,0,0,0,0,0,0,0
617,192,0,0,0,0,0,0,0
618,192,0,0,0,0,0,0,0
619,192,0,0,0,0,0,0,0
620,192,0,0,0,0,0,0,0
621,192,0,0,0,0,0,0,0
622,192,0,0,0,0,0,0,0
623,192,0,0,0,0,0,0,0
624,192,0,0,0,0,0,0,0
625,192,0,0,0,0,0,0,0
626,192,0,0,0,0,0,0,0
627,192,0,0,0,0,0,0,0
628,192,0,0,0,0,0,0,0
629,192,0,0,0,0,0,0,0
630,192,0,0,0,0,0,0,0
631,192,0,0,0,0,0,0,0
632,192,0,0,0,0,0,0,0
633,192,0,0,0,0,0,0,0
634,192,0,0,0,0,0,0,0
635,192,0,0,0,0,0,0,0
636,192,0,0,0,0,0,0,0
637,192,0,0,0,0,0,0,0
638,192,0,0,0,0,0,0,0
639,192,0,0,0,0,0,0,0
640,192,0,0,0,0,0,0,0
641,192,0,0,0,0,0,0,0
642,192,0,0,0,0,0,0,0
643,192,0,0,0,0,0,0,0
644,192,0,0,0,0,0,0,0
645,192,0,0,0,0,0,0,0
646,192,0,0,0,0,0,0,0
647,192,0,0,0,0,0,0,0
648,192,0,0,0,0,0,0,0
649,192,0,0,0,0,0,0,0
650,192,0,0,0,0,0,0,0
651,192,0,0,0,0,0,0,0
652,192,0,0,0,0,0,0,0
653,192,0,0,0,0,0,0,0
654,192,0,0,0,0,0,0,0
655,192,0,0,0,0,0,0,0
656,192,0,0,0,0,0,0,0
657,192,0,0,0,0,0,0,0
658,192,0,0,0,0,0,0,0
659,192,0,0,0,0,0,0,0
660,192,0,0,0,0,0,0,0
661,192,0,0,0,0,0,0,0
662,192,0,0,0,0,0,0,0
663,192,0,0,0,0,0,0,0
664,192,0,0,0,0,0,0,0
665,192,0,0,0,0,0,0,0
666,192,0,0,0,0,0,0,0
667,192,0,0,0,0,0,0,0
668,192,0,0,0,0,0,0,0
669,192,0,0,0,0,0,0,0
670,192,0,0,0,0,0,0,0
671,192,0,0,0,0,0,0,0
672,192,0,0,0,0,0,0,0
673,192,0,0,0,0,0,0,0
674,192,0,0,0,0,0,0,0
675,192,0,0,0,0,0,0,0
676,192,0,0,0,0,0,0,0
677,192,0,0,0,0,0,0,0
678,192,0,0,0,0,0,0,0
679,0,0,0,0,0,0,0,0
680,0,0,0,0,0,0,0,0
681,0,0,0,0,0,0,0,0
682,0,0,0,0,0,0,0,0
683,0,0,0,0,0,0,0,0
684,0,0,0,0,0,0,0,0
685,0,0,0,0,0,0,0,0
686,0,0,0,0,0,0,0,0
687,0,0,0,0,0,0,0,0
688,0,0,0,0,0,0,0,0
689,0,0,0,0,0,0,0,0
690,0,0,0,0,0,0,0,0
691,0,0,0,0,0,0,0,0
692,0,0,0,0,0,0,0,0
693,0,0,0,0,0,0,0,0
694,0,0,0,0,0,0,0,0
695,0,0,0,0,0,0,0,0
696,0,0,0,0,0,0,0,0
697,0,0,0,0,0,0,0,0
698,0,0,0,0,0,0,0,0
699,0,0,0,0,0,0,0,0
700,0,0,0,0,0,0,0,0
701,0,0,0,0,0,0,0,0
702,0,0,0,0,0,0,0,0
703,0,0,0,0,0,0,0,0
704,0,0,0,0,0,0,0,0
705,0,0,0,0,0,0,0,0
706,0,0,0,0,0,0,0,0
707,0,0,0,0,0,0,0,0
708,0,0,0,0,0,0,0,0
709,0,0,0,0,0,0,0,0
710,0,0,0,0,0,0,0,0
711,0,0,0,0,0,0,0,0
712,0,0,0,0,0,0,0,0
713,0,0,0,0,0,0,0,0
714,0,0,0,0,0,0,0,0
715,0,0,0,0,0,0,0,0
716,0,0,0,0,0,0,0,0
717,0,0,0,0,0,0,0,0
718,0,0,0,0,0,0,0,0
719,0,0,0,0,0,0,0,0
720,0,0,0,0,0,0,0,0
721,0,0,0,0,0,0,0,0
722,0,0,0,0,0,0,0,0
723,0,0,0,0,0,0,0,0
724,0,0,0,0,0,0,0,0
725,0,0,0,0,0,0,0,0
726,0,0,0,0,0,0,0,0
727,0,0,0,0,0,0,0,0
728,0,0,0,0,0,0,0,0
729,0,0,0,0,0,0,0,0
730,0,0,0,0,0,0,0,0
731,0,0,0,0,0,0,0,0
732,0,0,0,0,0,0,0,0
733,0,0,0,0,0,0,0,0
734,0,0,0,0,0,0,0,0
735,0,0,0,0,0,0,0,0
736,0,0,0,0,0,0,0,0
737,0,0,0,0,0,0,0,0
738,0,0,0,0,0,0,0,0
739,0,0,0,0,0,0,0,0
740,0,0,0,0,0,0,0,0
741,0,0,0,0,0,0,0,0
742,0,0,0,0,0,0,0,0
743,0,0,0,0,0,0,0,0
744,0,0,0,0,0,0,0,0
745,0,0,0,0,0,0,0,0
746,0,0,0,0,0,0,0,0
747,0,0,0,0,0,0,0,0
748,0,0,0,0,0,0,0,0
749,0,0,0,0,0,0,0,0
750,0,0,0,0,0,0,0,0
751,0,0,0,0,0,0,0,0
752,0,0,0,0,0,0,0,0
753,0,0,0,0,0,0,0,0
754,0,0,0,0,0,0,0,0
755,0,0,0,0,0,0,0,0
756,0,0,0,0,0,0,0,0
757,0,0,0,0,0,0,0,0
758,0,0,0,0,0,0,0,0
759,0,0,0,0,0,0,0,0
760,0,0,0,0,0,0,0,0
761,0,0,0,0,0,0,0,0
762,0,0,0,0,0,0,0,0
763,0,0,0,0,0,0,0,0
764,0,0,0,0,0,0,0,0
765,0,0,0,0,0,0,0,0
766,0,0,0,0,0,0,0,0
767,0,0,0,0,0,0,0,0
768,0,0,0,0,0,0,0,0
769,0,0,0,0,0,0,0,0
770,0,0,0,0,0,0,0,0
771,0,0,0,0,0,0,0,0
772,0,0,0,0,0,0,0,0
773,0,0,0,0,0,0,0,0
774,0,0,0,0,0,0,0,0
775,0,0,0,0,0,0,0,0
776,0,0,0,0,0,0,0,0
777,0,0,0,0,0,0,0,0
778,0,0,0,0,0,0,0,0
779,0,0,0,0,0,0,0,0
780,0,0,0,0,0,0,0,0
781,0,0,0,0,0,0,0,0
782,0,0,0,0,0,0,0,0
783,0,0,0,0,0,0,0,0
784,0,4,0,0,0,0,0,0
785,0,4,0,0,0,0,0,0
786,0,4,0,0,0,0,0,0
787,0,4,0,0,0,0,0,0
788,0,4,0,0,0,0,0,0
789,0,4,0,0,0,0,0,0
790,0,4,0,0,0,0,0,0
791,0,4,0,0,0,0,0,0
792,0,4,0,0,0,0,0,0
793,0,4,0,0,0,0,0,0
794,0,4,0,0,0,0,0,0
795,0,5,0,0,0,0,0,0
796,0,5,792,792,0,0,0,0
797,0,5,790,790,0,0,0,0
798,0,5,786,786,0,0,0,0
799,0,5,775,775,0,0,0,0
800,0,5,756,756,0,0,0,0
801,0,5,746,746,0,0,0,0
802,0,5,743,743,0,0,0,0
803,0,5,738,738,0,0,0,0
804,0,5,735,735,0,0,0,0
805,0,5,730,730,0,0,0,0
806,0,5,713,713,0,0,0,0
807,0,5,679,679,0,0,0,0
808,0,5,678,678,0,0,0,0
809,0,5,681,681,0,0,0,0
810,0,5,678,678,0,0,0,0
811,0,5,680,680,0,0,0,0
812,0,5,675,675,0,0,0,0
813,0,5,673,673,0,0,0,0
814,0,5,673,673,0,0,0,0
815,0,5,668,668,0,0,0,0
816,0,5,669,669,0,0,0,0
817,0,5,661,661,0,0,0,0
818,0,5,645,645,0,0,0,0
819,0,5,641,641,0,0,0,0
820,0,5,636,636,0,0,0,0
821,0,5,606,606,0,0,0,0
822,0,5,593,593,0,0,0,0
823,0,5,563,563,0,0,0,0
824,0,5,527,527,0,0,0,0
825,0,5,476,476,0,0,0,0
826,0,5,474,474,0,0,0,0
827,0,5,479,479,0,0,0,0
828,0,5,495,495,0,0,0,0
829,0,5,500,500,0,0,0,0
830,0,5,501,501,0,0,0,0
831,0,5,502,502,0,0,0,0
832,0,5,503,503,0,0,0,0
833,0,5,500,500,0,0,0,0
834,0,5,501,501,0,0,0,0
835,0,5,502,502,0,0,0,0
836,0,5,503,503,0,0,0,0
837,0,5,505,505,0,0,0,0
838,0,5,502,502,0,0,0,0
839,0,5,505,505,0,0,0,0
840,0,5,510,510,0,0,0,0
841,0,5,511,511,0,0,0,0
842,0,5,506,506,0,0,0,0
843,0,5,506,506,0,0,0,0
844,0,5,509,509,0,0,0,0
845,0,5,508,508,0,0,0,0
846,0,5,510,510,0,0,0,0
847,0,5,508,508,0,0,0,0
848,0,5,502,502,0,0,0,0
849,0,5,497,497,0,0,0,0
850,0,5,497,497,0,0,0,0
851,0,5,492,492,0,0,0,0
852,0,5,495,495,0,0,0,0
853,0,5,489,489,0,0,0,0
854,0,5,494,494,0,0,0,0
855,0,5,493,493,0,0,0,0
856,0,5,472,472,0,0,0,0
857,0,5,463,463,0,0,0,0
858,0,5,460,460,0,0,0,0
859,0,5,474,474,0,0,0,0
860,0,5,474,474,0,0,0,0
861,0,5,481,481,0,0,0,0
862,0,5,475,475,0,0,0,0
863,0,5,474,474,0,0,0,0
864,0,5,476,476,0,0,0,0
865,0,5,473,473,0,0,0,0
866,0,5,472,472,0,0,0,0
867,0,5,475,475,0,0,0,0
868,0,5,464,464,0,0,0,0
869,0,5,459,459,0,0,0,0
870,0,5,443,443,0,0,0,0
871,0,5,362,362,0,0,0,0
872,0,5,316,316,0,0,0,0
873,0,5,274,274,0,0,0,0
874,0,5,301,301,0,0,0,0
875,0,5,308,308,0,0,0,0
876,0,5,315,315,0,0,0,0
877,0,5,327,327,0,0,0,0
878,0,5,329,329,0,0,0,0
879,0,5,323,323,0,0,0,0
880,0,5,334,334,0,0,0,0
881,0,5,328,328,0,0,0,0
882,0,5,334,334,0,0,0,0
883,0,5,323,323,0,0,0,0
884,0,5,325,325,0,0,0,0
885,0,5,323,323,0,0,0,0
886,0,5,319,319,0,0,0,0
887,0,5,321,321,0,0,0,0
888,0,5,323,323,0,0,0,0
889,0,5,319,319,0,0,0,0
890,0,5,299,299,0,0,0,0
891,0,5,298,298,0,0,0,0
892,0,5,113,113,0,0,0,0
893,0,5,0,0,0,0,0,0
894,0,5,0,0,0,0,0,0
895,0,5,0,0,0,0,0,0
896,0,5,0,0,0,0,0,0
897,0,5,0,0,0,0,0,0
898,0,5,0,0,0,0,0,0
899,0,5,249,249,0,0,0,0
900,0,5,213,213,0,0,0,0
901,0,5,187,187,0,0,0,0
902,0,5,187,187,0,0,0,0
903,0,5,186,186,0,0,0,0
904,0,5,143,143,0,0,0,0
905,0,5,0,0,0,0,0,0
906,0,5,0,0,0,0,0,0
907,0,5,0,0,0,0,0,0
908,0,5,0,0,0,0,0,0
909,0,5,0,0,0,0,0,0
910,0,5,0,0,0,0,0,0
911,0,5,0,0,0,0,0,0
912,0,5,197,197,0,0,0,0
913,0,5,212,212,0,0,0,0
914,0,5,215,215,0,0,0,0
915,0,5,238,238,0,0,0,0
916,0,5,416,416,0,0,0,0
917,0,5,471,471,0,0,0,0
918,0,5,517,517,0,0,0,0
919,0,5,562,562,0,0,0,0
920,0,5,629,629,0,0,0,0
921,0,5,709,709,0,0,0,0
922,0,5,724,724,0,0,0,0
923,0,5,724,724,0,0,0,0
924,0,5,101,101,0,0,0,0
925,0,5,0,0,0,0,0,0
926,192,0,0,0,0,0,0,0
927,192,0,0,0,0,0,0,0
928,192,0,0,0,0,0,0,0
929,192,0,0,0,0,0,0,0
930,192,0,0,0,0,0,0,0
931,192,0,0,0,0,0,0,0
932,192,0,0,0,0,0,0,0
933,192,0,0,0,0,0,0,0
934,192,0,0,0,0,0,0,0
935,192,0,0,0,0,0,0,0
936,192,0,0,0,0,0,0,0
937,192,0,0,0,0,0,0,0
938,192,0,0,0,0,0,0,0
939,192,0,0,0,0,0,0,0
940,192,0,0,0,0,0,0,0
941,192,0,0,0,0,0,0,0
942,192,0,0,0,0,0,0,0
943,192,0,0,0,0,0,0,0
944,192,0,0,0,0,0,0,0
945,192,0,0,0,0,0,0,0
946,192,0,0,0,0,0,0,0
947,192,0,0,0,0,0,0,0
948,192,0,0,0,0,0,0,0
949,192,0,0,0,0,0,0,0
950,192,0,0,0,0,0,0,0
951,192,0,0,0,0,0,0,0
952,192,0,0,0,0,0,0,0
953,192,0,0,0,0,0,0,0
954,192,0,0,0,0,0,0,0
955,192,0,0,0,0,0,0,0
956,192,0,0,0,0,0,0,0
957,192,0,0,0,0,0,0,0
958,192,0,0,0,0,0,0,0
959,192,0,0,0,0,0,0,0
960,192,0,0,0,0,0,0,0
961,192,0,0,0,0,0,0,0
962,192,0,0,0,0,0,0,0
963,192,0,0,0,0,0,0,0
964,192,0,0,0,0,0,0,0
965,192,0,0,0,0,0,0,0
966,192,0,0,0,0,0,0,0
967,192,0,0,0,0,0,0,0
968,192,0,0,0,0,0,0,0
969,192,0,0,0,0,0,0,0
970,192,0,0,0,0,0,0,0
971,192,0,0,0,0,0,0,0
972,192,0,0,0,0,0,0,0
973,192,0,0,0,0,0,0,0
974,192,0,0,0,0,0,0,0
975,192,0,0,0,0,0,0,0
976,192,0,0,0,0,0,0,0
977,192,0,0,0,0,0,0,0
978,192,0,0,0,0,0,0,0
979,192,0,0,0,0,0,0,0
980,192,0,0,0,0,0,0,0
981,192,0,0,0,0,0,0,0
982,192,0,0,0,0,0,0,0
983,192,0,0,0,0,0,0,0
984,192,0,0,0,0,0,0,0
985,192,0,0,0,0,0,0,0
986,0,0,0,0,0,0,0,0
987,192,0,0,0,0,0,0,0
988,192,0,0,0,0,0,0,0
989,192,0,0,0,0,0,0,0
990,192,0,0,0,0,0,0,0
991,192,0,0,0,0,0,0,0
992,192,0,0,0,0,0,0,0
993,192,0,0,0,0,0,0,0
994,192,0,0,0,0,0,0,0
995,192,0,0,0,0,0,0,0
996,192,0,0,0,0,0,0,0
997,192,0,0,0,0,0,0,0
998,192,0,0,0,0,0,0,0
999,192,0,0,0,0,0,0,0
1000,192,0,0,0,0,0,0,0
1001,192,0,0,0,0,0,0,0
1002,192,0,0,0,0,0,0,0
1003,192,0,0,0,0,0,0,0
1004,192,0,0,0,0,0,0,0
1005,192,0,0,0,0,0,0,0
1006,192,0,0,0,0,0,0,0
1007,192,0,0,0,0,0,0,0
1008,192,0,0,0,0,0,0,0
1009,192,0,0,0,0,0,0,0
1010,192,0,0,0,0,0,0,0
1011,192,0,0,0,0,0,0,0
1012,192,0,0,0,0,0,0,0
1013,192,0,0,0,0,0,0,0
1014,192,0,0,0,0,0,0,0
1015,192,0,0,0,0,0,0,0
1016,192,0,0,0,0,0,0,0
1017,192,0,0,0,0,0,0,0
1018,192,0,0,0,0,0,0,0
1019,192,0,0,0,0,0,0,0
1020,192,0,0,0,0,0,0,0
1021,192,0,0,0,0,0,0,0
1022,192,0,0,0,0,0,0,0
1023,192,0,0,0,0,0,0,0
1024,192,0,0,0,0,0,0,0
1025,192,0,0,0,0,0,0,0
1026,192,0,0,0,0,0,0,0
1027,192,0,0,0,0,0,0,0
1028,192,0,0,0,0,0,0,0
1029,192,0,0,0,0,0,0,0
1030,192,0,0,0,0,0,0,0
1031,192,0,0,0,0,0,0,0
1032,192,0,0,0,0,0,0,0
1033,192,0,0,0,0,0,0,0
1034,192,0,0,0,0,0,0,0
1035,192,0,0,0,0,0,0,0
1036,192,0,0,0,0,0,0,0
1037,192,0,0,0,0,0,0,0
1038,192,0,0,0,0,0,0,0
1039,192,0,0,0,0,0,0,0
1040,192,0,0,0,0,0,0,0
1041,192,0,0,0,0,0,0,0
1042,192,0,0,0,0,0,0,0
1043,192,0,0,0,0,0,0,0
1044,192,0,0,0,0,0,0,0
1045,192,0,0,0,0,0,0,0
1046,192,0,0,0,0,0,0,0
1047,192,0,0,0,0,0,0,0
1048,192,0,0,0,0,0,0,0
1049,192,0,0,0,0,0,0,0
1050,192,0,0,0,0,0,0,0
1051,192,0,0,0,0,0,0,0
1052,192,0,0,0,0,0,0,0
1053,192,0,0,0,0,0,0,0
1054,192,0,0,0,0,0,0,0
1055,192,0,0,0,0,0,0,0
1056,192,0,0,0,0,0,0,0
1057,192,0,0,0,0,0,0,0
1058,192,0,0,0,0,0,0,0
1059,192,0,0,0,0,0,0,0
1060,192,0,0,0,0,0,0,0
1061,192,0,0,0,0,0,0,0
1062,192,0,0,0,0,0,0,0
1063,192,0,0,0,0,0,0,0
1064,192,0,0,0,0,0,0,0
1065,192,0,0,0,0,0,0,0
1066,192,0,0,0,0,0,0,0
1067,192,0,0,0,0,0,0,0
1068,192,0,0,0,0,0,0,0
1069,192,0,0,0,0,0,0,0
1070,192,0,0,0,0,0,0,0
1071,192,0,0,0,0,0,0,0
1072,192,0,0,0,0,0,0,0
1073,192,0,0,0,0,0,0,0
1074,192,0,0,0,0,0,0,0
1075,192,0,0,0,0,0,0,0
1076,192,0,0,0,0,0,0,0
1077,192,0,0,0,0,0,0,0
1078,192,0,0,0,0,0,0,0
1079,192,0,0,0,0,0,0,0
1080,192,0,0,0,0,0,0,0
1081,192,0,0,0,0,0,0,0
1082,192,0,0,0,0,0,0,0
1083,192,0,0,0,0,0,0,0
1084,192,0,0,0,0,0,0,0
1085,192,0,0,0,0,0,0,0
1086,192,0,0,0,0,0,0,0
1087,192,0,0,0,0,0,0,0
1088,192,0,0,0,0,0,0,0
1089,192,0,0,0,0,0,0,0
1090,192,0,0,0,0,0,0,0
1091,192,0,0,0,0,0,0,0
1092,192,0,0,0,0,0,0,0
1093,192,0,0,0,0,0,0,0
1094,192,0,0,0,0,0,0,0
1095,192,0,0,0,0,0,0,0
1096,192,0,0,0,0,0,0,0
1097,192,0,0,0,0,0,0,0
1098,192,0,0,0,0,0,0,0
1099,192,0,0,0,0,0,0,0
1100,192,0,0,0,0,0,0,0
1101,192,0,0,0,0,0,0,0
1102,192,0,0,0,0,0,0,0
1103,192,0,0,0,0,0,0,0
1104,192,0,0,0,0,0,0,0
1105,192,0,0,0,0,0,0,0
1106,192,0,0,0,0,0,0,0
1107,192,0,0,0,0,0,0,0
1108,192,0,0,0,0,0,0,0
1109,192,0,0,0,0,0,0,0
1110,192,0,0,0,0,0,0,0
1111,192,0,0,0,0,0,0,0
1112,192,0,0,0,0,0,0,0
1113,192,0,0,0,0,0,0,0
1114,192,0,0,0,0,0,0,0
1115,192,0,0,0,0,0,0,0
1116,192,0,0,0,0,0,0,0
1117,192,0,0,0,0,0,0,0
1118,192,0,0,0,0,0,0,0
1119,192,0,0,0,0,0,0,0
1120,192,0,0,0,0,0,0,0
1121,192,0,0,0,0,0,0,0
1122,192,0,0,0,0,0,0,0
1123,192,0,0,0,0,0,0,0
1124,192,0,0,0,0,0,0,0
1125,192,0,0,0,0,0,0,0
1126,192,0,0,0,0,0,0,0
1127,192,0,0,0,0,0,0,0
1128,192,0,0,0,0,0,0,0
1129,192,0,0,0,0,0,0,0
1130,192,0,0,0,0,0,0,0
1131,192,0,0,0,0,0,0,0
1132,192,0,0,0,0,0,0,0
1133,192,0,0,0,0,0,0,0
1134,192,0,0,0,0,0,0,0
1135,192,0,0,0,0,0,0,0
1136,192,0,0,0,0,0,0,0
1137,192,0,0,0,0,0,0,0
1138,192,0,0,0,0,0,0,0
1139,192,0,0,0,0,0,0,0
1140,192,0,0,0,0,0,0,0
1141,192,0,0,0,0,0,0,0
1142,0,0,0,0,0,0,0,0
1143,192,0,0,0,0,0,0,0
1144,192,0,0,0,0,0,0,0
1145,192,0,0,0,0,0,0,0
1146,192,0,0,0,0,0,0,0
1147,0,0,0,0,0,0,0,0
1148,0,0,0,0,0,0,0,0
1149,0,0,0,0,0,0,0,0
1150,0,0,0,0,0,0,0,0
1151,0,0,0,0,0,0,0,0
1152,0,0,0,0,0,0,0,0
1153,0,0,0,0,0,0,0,0
1154,0,0,0,0,0,0,0,0
1155,0,0,0,0,0,0,0,0
1156,0,0,0,0,0,0,0,0
1157,0,0,0,0,0,0,0,0
1158,0,0,0,0,0,0,0,0
1159,0,0,0,0,0,0,0,0
1160,0,0,0,0,0,0,0,0
1161,0,0,0,0,0,0,0,0
1162,0,0,0,0,0,0,0,0
1163,0,0,0,0,0,0,0,0
1164,0,0,0,0,0,0,0,0
1165,0,0,0,0,0,0,0,0
1166,0,0,0,0,0,0,0,0
1167,0,0,0,0,0,0,0,0
1168,0,0,0,0,0,0,0,0
1169,0,0,0,0,0,0,0,0
1170,0,0,0,0,0,0,0,0
1171,0,0,0,0,0,0,0,0
1172,0,0,0,0,0,0,0,0
1173,0,0,0,0,0,0,0,0
1174,0,0,0,0,0,0,0,0
1175,0,0,0,0,0,0,0,0
1176,0,0,0,0,0,0,0,0
1177,0,0,0,0,0,0,0,0
1178,0,0,0,0,0,0,0,0
1179,0,0,0,0,0,0,0,0
1180,0,0,0,0,0,0,0,0
1181,0,0,0,0,0,0,0,0
1182,0,0,0,0,0,0,0,0
1183,0,0,0,0,0,0,0,0
1184,0,0,0,0,0,0,0,0
1185,0,0,0,0,0,0,0,0
1186,0,0,0,0,0,0,0,0
1187,0,0,0,0,0,0,0,0
1188,0,0,0,0,0,0,0,0
1189,0,0,0,0,0,0,0,0
1190,0,0,0,0,0,0,0,0
1191,0,0,0,0,0,0,0,0
1192,0,0,0,0,0,0,0,0
1193,0,0,0,0,0,0,0,0
1194,0,0,0,0,0,0,0,0
1195,0,0,0,0,0,0,0,0
1196,0,0,0,0,0,0,0,0
1197,0,0,0,0,0,0,0,0
1198,0,0,0,0,0,0,0,0
1199,0,0,0,0,0,0,0,0
1200,0,0,0,0,0,0,0,0
1201,0,0,0,0,0,0,0,0
1202,0,0,0,0,0,0,0,0
1203,0,0,0,0,0,0,0,0
1204,0,0,0,0,0,0,0,0
1205,0,0,0,0,0,0,0,0
1206,0,0,0,0,0,0,0,0
1207,0,0,0,0,0,0,0,0
1208,0,0,0,0,0,0,0,0
1209,0,0,0,0,0,0,0,0
1210,0,0,0,0,0,0,0,0
1211,0,0,0,0,0,0,0,0
1212,0,0,0,0,0,0,0,0
1213,0,0,0,0,0,0,0,0
1214,0,0,0,0,0,0,0,0
1215,0,0,0,0,0,0,0,0
1216,0,0,0,0,0,0,0,0
1217,0,0,0,0,0,0,0,0
1218,0,0,0,0,0,0,0,0
1219,0,0,0,0,0,0,0,0
1220,0,0,0,0,0,0,0,0
1221,0,0,0,0,0,0,0,0
1222,0,0,0,0,0,0,0,0
1223,0,0,0,0,0,0,0,0
1224,0,0,0,0,0,0,0,0
1225,0,0,0,0,0,0,0,0
1226,0,0,0,0,0,0,0,0
1227,0,0,0,0,0,0,0,0
1228,0,0,0,0,0,0,0,0
1229,0,0,0,0,0,0,0,0
1230,0,0,0,0,0,0,0,0
1231,0,0,0,0,0,0,0,0
1232,0,0,0,0,0,0,0,0
1233,0,0,0,0,0,0,0,0
1234,0,0,0,0,0,0,0,0
1235,0,0,0,0,0,0,0,0
1236,0,0,0,0,0,0,0,0
1237,0,0,0,0,0,0,0,0
1238,0,0,0,0,0,0,0,0
1239,0,0,0,0,0,0,0,0
1240,0,4,0,0,0,0,0,0
1241,0,4,0,0,0,0,0,0
1242,0,4,0,0,0,0,0,0
1243,0,4,0,0,0,0,0,0
1244,0,4,0,0,0,0,0,0
1245,0,4,0,0,0,0,0,0
1246,0,4,0,0,0,0,0,0
1247,0,4,0,0,0,0,0,0
1248,0,4,0,0,0,0,0,0
1249,0,4,0,0,0,0,0,0
1250,0,4,0,0,0,0,0,0
1251,0,4,0,0,0,0,0,0
1252,0,4,0,0,0,0,0,0
1253,0,4,0,0,0,0,0,0
1254,0,4,0,0,0,0,0,0
1255,0,4,0,0,0,0,0,0
1256,0,4,0,0,0,0,0,0
1257,0,4,0,0,0,0,0,0
1258,0,4,0,0,0,0,0,0
1259,0,4,0,0,0,0,0,0
1260,0,4,0,0,0,0,0,0
1261,0,4,0,0,0,0,0,0
1262,0,4,0,0,0,0,0,0
1263,192,0,0,0,0,0,0,0
1264,192,0,0,0,0,0,0,0
1265,192,0,0,0,0,0,0,0
1266,192,0,0,0,0,0,0,0
1267,192,0,0,0,0,0,0,0
1268,192,0,0,0,0,0,0,0
1269,192,0,0,0,0,0,0,0
1270,192,0,0,0,0,0,0,0
1271,192,0,0,0,0,0,0,0
1272,192,0,0,0,0,0,0,0
1273,192,0,0,0,0,0,0,0
1274,192,0,0,0,0,0,0,0
1275,192,0,0,0,0,0,0,0
1276,192,0,0,0,0,0,0,0
1277,192,0,0,0,0,0,0,0
1278,192,0,0,0,0,0,0,0
1279,192,0,0,0,0,0,0,0
1280,192,0,0,0,0,0,0,0
1281,192,0,0,0,0,0,0,0
1282,192,0,0,0,0,0,0,0
1283,192,0,0,0,0,0,0,0
1284,192,0,0,0,0,0,0,0
1285,192,0,0,0,0,0,0,0
1286,192,0,0,0,0,0,0,0
1287,192,0,0,0,0,0,0,0
1288,192,0,0,0,0,0,0,0
1289,192,0,0,0,0,0,0,0
1290,192,0,0,0,0,0,0,0
1291,192,0,0,0,0,0,0,0
1292,192,0,0,0,0,0,0,0
1293,192,0,0,0,0,0,0,0
1294,192,0,0,0,0,0,0,0
1295,192,0,0,0,0,0,0,0
1296,192,0,0,0,0,0,0,0
1297,192,0,0,0,0,0,0,0
1298,192,0,0,0,0,0,0,0
1299,192,0,0,0,0,0,0,0
1300,192,0,0,0,0,0,0,0
1301,192,0,0,0,0,0,0,0
1302,192,0,0,0,0,0,0,0
1303,192,0,0,0,0,0,0,0
1304,192,0,0,0,0,0,0,0
1305,192,0,0,0,0,0,0,0
1306,192,0,0,0,0,0,0,0
1307,192,0,0,0,0,0,0,0
1308,192,0,0,0,0,0,0,0
1309,192,0,0,0,0,0,0,0
1310,192,0,0,0,0,0,0,0
1311,192,0,0,0,0,0,0,0
1312,192,0,0,0,0,0,0,0
1313,192,0,0,0,0,0,0,0
1314,192,0,0,0,0,0,0,0
1315,192,0,0,0,0,0,0,0
1316,192,0,0,0,0,0,0,0
1317,192,0,0,0,0,0,0,0
1318,192,0,0,0,0,0,0,0
1319,192,0,0,0,0,0,0,0
1320,192,0,0,0,0,0,0,0
1321,192,0,0,0,0,0,0,0
1322,192,0,0,0,0,0,0,0
1323,192,0,0,0,0,0,0,0
1324,192,0,0,0,0,0,0,0
1325,192,0,0,0,0,0,0,0
1326,192,0,0,0,0,0,0,0
1327,192,0,0,0,0,0,0,0
1328,192,0,0,0,0,0,0,0
1329,192,0,0,0,0,0,0,0
1330,192,0,0,0,0,0,0,0
1331,192,0,0,0,0,0,0,0
1332,192,0,0,0,0,0,0,0
1333,192,0,0,0,0,0,0,0
1334,192,0,0,0,0,0,0,0
1335,192,0,0,0,0,0,0,0
1336,192,0,0,0,0,0,0,0
1337,192,0,0,0,0,0,0,0
1338,192,0,0,0,0,0,0,0
1339,192,0,0,0,0,0,0,0
1340,192,0,0,0,0,0,0,0
1341,192,0,0,0,0,0,0,0
1342,192,0,0,0,0,0,0,0
1343,192,0,0,0,0,0,0,0
1344,192,0,0,0,0,0,0,0
1345,192,0,0,0,0,0,0,0
1346,192,0,0,0,0,0,0,0
1347,192,0,0,0,0,0,0,0
1348,192,0,0,0,0,0,0,0
1349,192,0,0,0,0,0,0,0
1350,192,0,0,0,0,0,0,0
1351,192,0,0,0,0,0,0,0
1352,192,0,0,0,0,0,0,0
1353,192,0,0,0,0,0,0,0
1354,192,0,0,0,0,0,0,0
1355,192,0,0,0,0,0,0,0
1356,192,0,0,0,0,0,0,0
1357,192,0,0,0,0,0,0,0
1358,192,0,0,0,0,0,0,0
1359,192,0,0,0,0,0,0,0
1360,192,0,0,0,0,0,0,0
1361,0,0,0,0,0,0,0,0
1362,0,0,0,0,0,0,0,0
1363,0,0,0,0,0,0,0,0
1364,0,0,0,0,0,0,0,0
1365,0,0,0,0,0,0,0,0
1366,0,0,0,0,0,0,0,0
1367,0,0,0,0,0,0,0,0
1368,0,0,0,0,0,0,0,0
1369,0,0,0,0,0,0,0,0
1370,0,0,0,0,0,0,0,0
1371,0,0,0,0,0,0,0,0
1372,0,0,0,0,0,0,0,0
1373,0,0,0,0,0,0,0,0
1374,0,0,0,0,0,0,0,0
1375,0,0,0,0,0,0,0,0
1376,0,0,0,0,0,0,0,0
1377,0,0,0,0,0,0,0,0
1378,0,0,0,0,0,0,0,0
1379,0,0,0,0,0,0,0,0
1380,0,0,0,0,0,0,0,0
1381,0,0,0,0,0,0,0,0
1382,0,0,0,0,0,0,0,0
1383,0,0,0,0,0,0,0,0
1384,0,0,0,0,0,0,0,0
1385,0,0,0,0,0,0,0,0
1386,0,0,0,0,0,0,0,0
1387,0,0,0,0,0,0,0,0
1388,0,0,0,0,0,0,0,0
1389,0,0,0,0,0,0,0,0
1390,0,0,0,0,0,0,0,0
1391,0,0,0,0,0,0,0,0
1392,0,0,0,0,0,0,0,0
1393,0,0,0,0,0,0,0,0
1394,0,0,0,0,0,0,0,0
1395,0,0,0,0,0,0,0,0
1396,0,0,0,0,0,0,0,0
1397,0,0,0,0,0,0,0,0
1398,0,0,0,0,0,0,0,0
1399,0,0,0,0,0,0,0,0
1400,0,0,0,0,0,0,0,0
1401,0,0,0,0,0,0,0,0
1402,0,0,0,0,0,0,0,0
1403,0,0,0,0,0,0,0,0
1404,0,0,0,0,0,0,0,0
1405,0,0,0,0,0,0,0,0
1406,0,0,0,0,0,0,0,0
1407,0,0,0,0,0,0,0,0
1408,0,0,0,0,0,0,0,0
1409,0,0,0,0,0,0,0,0
1410,0,0,0,0,0,0,0,0
1411,0,0,0,0,0,0,0,0
1412,0,0,0,0,0,0,0,0
1413,0,0,0,0,0,0,0,0
1414,0,0,0,0,0,0,0,0
1415,0,0,0,0,0,0,0,0
1416,0,0,0,0,0,0,0,0
1417,0,0,0,0,0,0,0,0
1418,0,0,0,0,0,0,0,0
1419,0,0,0,0,0,0,0,0
1420,0,0,0,0,0,0,0,0
1421,0,0,0,0,0,0,0,0
1422,0,0,0,0,0,0,0,0
1423,0,0,0,0,0,0,0,0
1424,0,0,0,0,0,0,0,0
1425,0,0,0,0,0,0,0,0
1426,0,0,0,0,0,0,0,0
1427,0,0,0,0,0,0,0,0
1428,0,0,0,0,0,0,0,0
1429,0,0,0,0,0,0,0,0
1430,0,0,0,0,0,0,0,0
1431,0,0,0,0,0,0,0,0
1432,0,0,0,0,0,0,0,0
1433,0,0,0,0,0,0,0,0
1434,0,0,0,0,0,0,0,0
1435,0,0,0,0,0,0,0,0
1436,0,0,0,0,0,0,0,0
1437,0,0,0,0,0,0,0,0
1438,0,0,0,0,0,0,0,0
1439,0,0,0,0,0,0,0,0
1440,0,0,0,0,0,0,0,0
1441,0,0,0,0,0,0,0,0
1442,0,0,0,0,0,0,0,0
1443,0,0,0,0,0,0,0,0
1444,0,0,0,0,0,0,0,0
1445,0,0,0,0,0,0,0,0
1446,0,0,0,0,0,0,0,0
1447,0,0,0,0,0,0,0,0
1448,0,0,0,0,0,0,0,0
1449,0,0,0,0,0,0,0,0
1450,0,0,0,0,0,0,0,0
1451,0,0,0,0,0,0,0,0
1452,0,0,0,0,0,0,0,0
1453,0,0,0,0,0,0,0,0
1454,0,0,0,0,0,0,0,0
1455,0,0,0,0,0,0,0,0
1456,0,4,0,0,0,0,0,0
1457,0,4,0,0,0,0,0,0
1458,0,4,0,0,0,0,0,0
1459,0,4,0,0,0,0,0,0
1460,0,4,0,0,0,0,0,0
1461,0,4,0,0,0,0,0,0
1462,0,4,0,0,0,0,0,0
1463,0,4,0,0,0,0,0,0
1464,0,4,0,0,0,0,0,0
1465,0,4,0,0,0,0,0,0
1466,0,4,0,0,0,0,0,0
1467,0,4,0,0,0,0,0,0
1468,0,4,0,0,0,0,0,0
1469,0,4,0,0,0,0,0,0
1470,0,4,0,0,0,0,0,0
1471,0,4,0,0,0,0,0,0
1472,0,4,0,0,0,0,0,0
1473,0,5,792,792,0,0,0,0
1474,0,5,793,793,0,0,0,0
1475,0,5,792,792,0,0,0,0
1476,0,5,792,792,0,0,0,0
1477,0,5,794,794,0,0,0,0
1478,0,5,792,792,0,0,0,0
1479,0,5,792,792,0,0,0,0
1480,0,5,790,790,0,0,0,0
1481,0,5,791,791,0,0,0,0
1482,0,5,791,791,0,0,0,0
1483,0,5,792,792,0,0,0,0
1484,0,5,792,792,0,0,0,0
1485,0,5,791,791,0,0,0,0
1486,0,5,793,793,0,0,0,0
1487,0,5,793,793,0,0,0,0
1488,0,5,794,794,0,0,0,0
1489,0,5,792,792,0,0,0,0
1490,0,5,792,792,0,0,0,0
1491,0,5,791,791,0,0,0,0
1492,0,5,792,792,0,0,0,0
1493,0,5,792,792,0,0,0,0
1494,0,5,792,792,0,0,0,0
1495,0,5,793,793,0,0,0,0
1496,0,5,792,792,0,0,0,0
1497,0,5,793,793,0,0,0,0
1498,0,5,791,791,0,0,0,0
1499,0,5,793,793,0,0,0,0
1500,0,5,793,793,0,0,0,0
1501,0,5,791,791,0,0,0,0
1502,0,5,791,791,0,0,0,0
1503,0,5,792,792,0,0,0,0
1504,0,5,792,792,0,0,0,0
1505,0,5,792,792,0,0,0,0
1506,0,5,791,791,0,0,0,0
1507,0,5,792,792,0,0,0,0
1508,0,5,791,791,0,0,0,0
1509,0,5,792,792,0,0,0,0
1510,0,5,790,790,0,0,0,0
1511,0,5,791,791,0,0,0,0
1512,0,5,791,791,0,0,0,0
1513,0,5,791,791,0,0,0,0
1514,0,5,790,790,0,0,0,0
1515,0,5,790,790,0,0,0,0
1516,0,5,791,791,0,0,0,0
1517,0,5,791,791,0,0,0,0
1518,0,5,789,789,0,0,0,0
1519,0,5,792,792,0,0,0,0
1520,0,5,792,792,0,0,0,0
1521,0,5,792,792,0,0,0,0
1522,0,5,793,793,0,0,0,0
1523,0,5,792,792,0,0,0,0
1524,0,5,793,793,0,0,0,0
1525,0,5,791,791,0,0,0,0
1526,0,5,792,792,0,0,0,0
1527,0,5,792,792,0,0,0,0
1528,0,5,791,791,0,0,0,0
1529,0,5,791,791,0,0,0,0
1530,0,5,792,792,0,0,0,0
1531,0,5,792,792,0,0,0,0
1532,0,5,793,793,0,0,0,0
1533,0,5,792,792,0,0,0,0
1534,0,5,794,794,0,0,0,0
1535,0,5,793,793,0,0,0,0
1536,0,5,792,792,0,0,0,0
1537,0,5,792,792,0,0,0,0
1538,0,5,791,791,0,0,0,0
1539,0,5,791,791,0,0,0,0
1540,1,5,628,628,0,0,0,0
1541,1,5,190,190,0,0,0,0
1542,192,0,0,0,0,0,0,0
1543,192,0,0,0,0,0,0,0
1544,192,0,0,0,0,0,0,0
1545,192,0,0,0,0,0,0,0
1546,192,0,0,0,0,0,0,0
1547,192,0,0,0,0,0,0,0
1548,192,0,0,0,0,0,0,0
1549,192,0,0,0,0,0,0,0
1550,192,0,0,0,0,0,0,0
1551,192,0,0,0,0,0,0,0
1552,192,0,0,0,0,0,0,0
1553,192,0,0,0,0,0,0,0
1554,192,0,0,0,0,0,0,0
1555,192,0,0,0,0,0,0,0
1556,192,0,0,0,0,0,0,0
1557,192,0,0,0,0,0,0,0
1558,192,0,0,0,0,0,0,0
1559,192,0,0,0,0,0,0,0
1560,192,0,0,0,0,0,0,0
1561,192,0,0,0,0,0,0,0
1562,192,0,0,0,0,0,0,0
1563,192,0,0,0,0,0,0,0
1564,192,0,0,0,0,0,0,0
1565,192,0,0,0,0,0,0,0
1566,192,0,0,0,0,0,0,0
1567,192,0,0,0,0,0,0,0
1568,192,0,0,0,0,0,0,0
1569,192,0,0,0,0,0,0,0
1570,192,0,0,0,0,0,0,0
1571,192,0,0,0,0,0,0,0
1572,192,0,0,0,0,0,0,0
1573,192,0,0,0,0,0,0,0
1574,192,0,0,0,0,0,0,0
1575,192,0,0,0,0,0,0,0
1576,192,0,0,0,0,0,0,0
1577,192,0,0,0,0,0,0,0
1578,192,0,0,0,0,0,0,0
1579,192,0,0,0,0,0,0,0
1580,192,0,0,0,0,0,0,0
1581,192,0,0,0,0,0,0,0
1582,192,0,0,0,0,0,0,0
1583,192,0,0,0,0,0,0,0
1584,192,0,0,0,0,0,0,0
1585,192,0,0,0,0,0,0,0
1586,192,0,0,0,0,0,0,0
1587,192,0,0,0,0,0,0,0
1588,192,0,0,0,0,0,0,0
1589,192,0,0,0,0,0,0,0
1590,192,0,0,0,0,0,0,0
1591,192,0,0,0,0,0,0,0
1592,192,0,0,0,0,0,0,0
1593,192,0,0,0,0,0,0,0
1594,192,0,0,0,0,0,0,0
1595,192,0,0,0,0,0,0,0
1596,192,0,0,0,0,0,0,0
1597,192,0,0,0,0,0,0,0
1598,192,0,0,0,0,0,0,0
1599,192,0,0,0,0,0,0,0
1600,192,0,0,0,0,0,0,0
1601,192,0,0,0,0,0,0,0
1602,192,0,0,0,0,0,0,0
1603,192,0,0,0,0,0,0,0
1604,192,0,0,0,0,0,0,0
1605,192,0,0,0,0,0,0,0
1606,192,0,0,0,0,0,0,0
1607,192,0,0,0,0,0,0,0
1608,192,0,0,0,0,0,0,0
1609,192,0,0,0,0,0,0,0
1610,192,0,0,0,0,0,0,0
1611,192,0,0,0,0,0,0,0
1612,192,0,0,0,0,0,0,0
1613,192,0,0,0,0,0,0,0
1614,192,0,0,0,0,0,0,0
1615,192,0,0,0,0,0,0,0
1616,192,0,0,0,0,0,0,0
1617,192,0,0,0,0,0,0,0
1618,192,0,0,0,0,0,0,0
1619,192,0,0,0,0,0,0,0
1620,192,0,0,0,0,0,0,0
1621,192,0,0,0,0,0,0,0
1622,192,0,0,0,0,0,0,0
1623,192,0,0,0,0,0,0,0
1624,192,0,0,0,0,0,0,0
1625,192,0,0,0,0,0,0,0
1626,192,0,0,0,0,0,0,0
1627,192,0,0,0,0,0,0,0
1628,192,0,0,0,0,0,0,0
1629,192,0,0,0,0,0,0,0
1630,192,0,0,0,0,0,0,0
1631,192,0,0,0,0,0,0,0
1632,192,0,0,0,0,0,0,0
1633,192,0,0,0,0,0,0,0
1634,192,0,0,0,0,0,0,0
1635,192,0,0,0,0,0,0,0
1636,192,0,0,0,0,0,0,0
1637,192,0,0,0,0,0,0,0
1638,192,0,0,0,0,0,0,0
1639,192,0,0,0,0,0,0,0
1640,192,0,0,0,0,0,0,0
1641,192,0,0,0,0,0,0,0
1642,192,0,0,0,0,0,0,0
1643,192,0,0,0,0,0,0,0
1644,192,0,0,0,0,0,0,0
1645,192,0,0,0,0,0,0,0
1646,192,0,0,0,0,0,0,0
1647,192,0,0,0,0,0,0,0
1648,192,0,0,0,0,0,0,0
1649,192,0,0,0,0,0,0,0
1650,192,0,0,0,0,0,0,0
1651,192,0,0,0,0,0,0,0
1652,192,0,0,0,0,0,0,0
1653,192,0,0,0,0,0,0,0
1654,192,0,0,0,0,0,0,0
1655,192,0,0,0,0,0,0,0
1656,192,0,0,0,0,0,0,0
1657,192,0,0,0,0,0,0,0
1658,192,0,0,0,0,0,0,0
1659,192,0,0,0,0,0,0,0
1660,192,0,0,0,0,0,0,0
1661,192,0,0,0,0,0,0,0
1662,192,0,0,0,0,0,0,0
1663,192,0,0,0,0,0,0,0
1664,192,0,0,0,0,0,0,0
1665,192,0,0,0,0,0,0,0
1666,192,0,0,0,0,0,0,0
1667,192,0,0,0,0,0,0,0
1668,192,0,0,0,0,0,0,0
1669,192,0,0,0,0,0,0,0
1670,192,0,0,0,0,0,0,0
1671,192,0,0,0,0,0,0,0
1672,192,0,0,0,0,0,0,0
1673,192,0,0,0,0,0,0,0
1674,192,0,0,0,0,0,0,0
1675,192,0,0,0,0,0,0,0
1676,192,0,0,0,0,0,0,0
1677,192,0,0,0,0,0,0,0
1678,192,0,0,0,0,0,0,0
1679,192,0,0,0,0,0,0,0
1680,192,0,0,0,0,0,0,0
1681,192,0,0,0,0,0,0,0
1682,192,0,0,0,0,0,0,0
1683,192,0,0,0,0,0,0,0
1684,192,0,0,0,0,0,0,0
1685,192,0,0,0,0,0,0,0
1686,192,0,0,0,0,0,0,0
1687,192,0,0,0,0,0,0,0
1688,192,0,0,0,0,0,0,0
1689,192,0,0,0,0,0,0,0
1690,192,0,0,0,0,0,0,0
1691,192,0,0,0,0,0,0,0
1692,192,0,0,0,0,0,0,0
1693,192,0,0,0,0,0,0,0
1694,192,0,0,0,0,0,0,0
1695,192,0,0,0,0,0,0,0
1696,192,0,0,0,0,0,0,0
1697,192,0,0,0,0,0,0,0
1698,192,0,0,0,0,0,0,0
1699,192,0,0,0,0,0,0,0
1700,192,0,0,0,0,0,0,0
1701,192,0,0,0,0,0,0,0
1702,192,0,0,0,0,0,0,0
1703,192,0,0,0,0,0,0,0
1704,192,0,0,0,0,0,0,0
1705,192,0,0,0,0,0,0,0
1706,192,0,0,0,0,0,0,0
1707,192,0,0,0,0,0,0,0
1708,192,0,0,0,0,0,0,0
1709,192,0,0,0,0,0,0,0
1710,192,0,0,0,0,0,0,0
1711,192,0,0,0,0,0,0,0
1712,192,0,0,0,0,0,0,0
1713,192,0,0,0,0,0,0,0
1714,192,0,0,0,0,0,0,0
1715,192,0,0,0,0,0,0,0
1716,192,0,0,0,0,0,0,0
1717,192,0,0,0,0,0,0,0
1718,192,0,0,0,0,0,0,0
1719,192,0,0,0,0,0,0,0
1720,192,0,0,0,0,0,0,0
1721,192,0,0,0,0,0,0,0
1722,192,0,0,0,0,0,0,0
1723,192,0,0,0,0,0,0,0
1724,192,0,0,0,0,0,0,0
1725,192,0,0,0,0,0,0,0
1726,192,0,0,0,0,0,0,0
1727,192,0,0,0,0,0,0,0
1728,192,0,0,0,0,0,0,0
1729,192,0,0,0,0,0,0,0
1730,192,0,0,0,0,0,0,0
1731,192,0,0,0,0,0,0,0
1732,192,0,0,0,0,0,0,0
1733,192,0,0,0,0,0,0,0
1734,192,0,0,0,0,0,0,0
1735,192,0,0,0,0,0,0,0
1736,192,0,0,0,0,0,0,0
1737,192,0,0,0,0,0,0,0
1738,192,0,0,0,0,0,0,0
1739,192,0,0,0,0,0,0,0
1740,192,0,0,0,0,0,0,0
1741,192,0,0,0,0,0,0,0
1742,192,0,0,0,0,0,0,0
1743,192,0,0,0,0,0,0,0
1744,192,0,0,0,0,0,0,0
1745,192,0,0,0,0,0,0,0
1746,192,0,0,0,0,0,0,0
1747,192,0,0,0,0,0,0,0
1748,192,0,0,0,0,0,0,0
1749,192,0,0,0,0,0,0,0
1750,192,0,0,0,0,0,0,0
1751,192,0,0,0,0,0,0,0
1752,192,0,0,0,0,0,0,0
1753,192,0,0,0,0,0,0,0
1754,192,0,0,0,0,0,0,0
1755,192,0,0,0,0,0,0,0
1756,192,0,0,0,0,0,0,0
1757,192,0,0,0,0,0,0,0
1758,192,0,0,0,0,0,0,0
1759,192,0,0,0,0,0,0,0
1760,192,0,0,0,0,0,0,0
1761,192,0,0,0,0,0,0,0
1762,192,0,0,0,0,0,0,0
1763,192,0,0,0,0,0,0,0
1764,192,0,0,0,0,0,0,0
1765,192,0,0,0,0,0,0,0
1766,192,0,0,0,0,0,0,0
1767,192,0,0,0,0,0,0,0
1768,192,0,0,0,0,0,0,0
1769,192,0,0,0,0,0,0,0
1770,192,0,0,0,0,0,0,0
1771,192,0,0,0,0,0,0,0
1772,192,0,0,0,0,0,0,0
1773,192,0,0,0,0,0,0,0
1774,192,0,0,0,0,0,0,0
1775,192,0,0,0,0,0,0,0
1776,192,0,0,0,0,0,0,0
1777,192,0,0,0,0,0,0,0
1778,192,0,0,0,0,0,0,0
1779,192,0,0,0,0,0,0,0
1780,192,0,0,0,0,0,0,0
1781,192,0,0,0,0,0,0,0
1782,192,0,0,0,0,0,0,0
1783,192,0,0,0,0,0,0,0
1784,192,0,0,0,0,0,0,0
1785,192,0,0,0,0,0,0,0
1786,192,0,0,0,0,0,0,0
1787,192,0,0,0,0,0,0,0
1788,192,0,0,0,0,0,0,0
1789,192,0,0,0,0,0,0,0
1790,192,0,0,0,0,0,0,0
1791,192,0,0,0,0,0,0,0
1792,192,0,0,0,0,0,0,0
1793,192,0,0,0,0,0,0,0
1794,192,0,0,0,0,0,0,0
1795,192,0,0,0,0,0,0,0
1796,192,0,0,0,0,0,0,0
1797,192,0,0,0,0,0,0,0
1798,192,0,0,0,0,0,0,0
1799,192,0,0,0,0,0,0,0
1800,192,0,0,0,0,0,0,0
1801,192,0,0,0,0,0,0,0
1802,192,0,0,0,0,0,0,0
1803,192,0,0,0,0,0,0,0
1804,192,0,0,0,0,0,0,0
1805,192,0,0,0,0,0,0,0
1806,192,0,0,0,0,0,0,0
1807,192,0,0,0,0,0,0,0
1808,192,0,0,0,0,0,0,0
1809,192,0,0,0,0,0,0,0
1810,192,0,0,0,0,0,0,0
1811,192,0,0,0,0,0,0,0
1812,192,0,0,0,0,0,0,0
1813,192,0,0,0,0,0,0,0
1814,192,0,0,0,0,0,0,0
1815,192,0,0,0,0,0,0,0
1816,192,0,0,0,0,0,0,0
1817,192,0,0,0,0,0,0,0
1818,192,0,0,0,0,0,0,0
1819,192,0,0,0,0,0,0,0
1820,192,0,0,0,0,0,0,0
1821,192,0,0,0,0,0,0,0
1822,192,0,0,0,0,0,0,0
1823,192,0,0,0,0,0,0,0
1824,192,0,0,0,0,0,0,0
1825,192,0,0,0,0,0,0,0
1826,192,0,0,0,0,0,0,0
1827,192,0,0,0,0,0,0,0
1828,192,0,0,0,0,0,0,0
1829,192,0,0,0,0,0,0,0
1830,192,0,0,0,0,0,0,0
1831,192,0,0,0,0,0,0,0
1832,192,0,0,0,0,0,0,0
1833,192,0,0,0,0,0,0,0
1834,192,0,0,0,0,0,0,0
1835,192,0,0,0,0,0,0,0
1836,192,0,0,0,0,0,0,0
1837,192,0,0,0,0,0,0,0
1838,192,0,0,0,0,0,0,0
1839,192,0,0,0,0,0,0,0
1840,192,0,0,0,0,0,0,0
1841,192,0,0,0,0,0,0,0
1842,192,0,0,0,0,0,0,0
1843,192,0,0,0,0,0,0,0
1844,192,0,0,0,0,0,0,0
1845,192,0,0,0,0,0,0,0
1846,192,0,0,0,0,0,0,0
1847,192,0,0,0,0,0,0,0
1848,192,0,0,0,0,0,0,0
1849,192,0,0,0,0,0,0,0
1850,192,0,0,0,0,0,0,0
1851,192,0,0,0,0,0,0,0
1852,192,0,0,0,0,0,0,0
1853,192,0,0,0,0,0,0,0
1854,192,0,0,0,0,0,0,0
1855,192,0,0,0,0,0,0,0
1856,192,0,0,0,0,0,0,0
1857,192,0,0,0,0,0,0,0
1858,192,0,0,0,0,0,0,0
1859,192,0,0,0,0,0,0,0
1860,192,0,0,0,0,0,0,0
1861,192,0,0,0,0,0,0,0
1862,192,0,0,0,0,0,0,0
1863,192,0,0,0,0,0,0,0
1864,192,0,0,0,0,0,0,0
1865,192,0,0,0,0,0,0,0
1866,192,0,0,0,0,0,0,0
1867,192,0,0,0,0,0,0,0
1868,192,0,0,0,0,0,0,0
1869,192,0,0,0,0,0,0,0
1870,192,0,0,0,0,0,0,0
1871,192,0,0,0,0,0,0,0
1872,192,0,0,0,0,0,0,0
1873,192,0,0,0,0,0,0,0
1874,192,0,0,0,0,0,0,0
1875,192,0,0,0,0,0,0,0
1876,192,0,0,0,0,0,0,0
1877,192,0,0,0,0,0,0,0
1878,192,0,0,0,0,0,0,0
1879,192,0,0,0,0,0,0,0
1880,192,0,0,0,0,0,0,0
1881,192,0,0,0,0,0,0,0
1882,192,0,0,0,0,0,0,0
1883,192,0,0,0,0,0,0,0
1884,192,0,0,0,0,0,0,0
1885,192,0,0,0,0,0,0,0
1886,192,0,0,0,0,0,0,0
1887,192,0,0,0,0,0,0,0
1888,192,0,0,0,0,0,0,0
1889,192,0,0,0,0,0,0,0
1890,192,0,0,0,0,0,0,0
1891,192,0,0,0,0,0,0,0
1892,192,0,0,0,0,0,0,0
1893,192,0,0,0,0,0,0,0
1894,192,0,0,0,0,0,0,0
1895,192,0,0,0,0,0,0,0
1896,192,0,0,0,0,0,0,0
1897,192,0,0,0,0,0,0,0
1898,192,0,0,0,0,0,0,0
1899,192,0,0,0,0,0,0,0
1900,192,0,0,0,0,0,0,0
1901,192,0,0,0,0,0,0,0
1902,192,0,0,0,0,0,0,0
1903,192,0,0,0,0,0,0,0
1904,192,0,0,0,0,0,0,0
1905,192,0,0,0,0,0,0,0
1906,192,0,0,0,0,0,0,0
1907,192,0,0,0,0,0,0,0
1908,192,0,0,0,0,0,0,0
1909,192,0,0,0,0,0,0,0
1910,192,0,0,0,0,0,0,0
1911,192,0,0,0,0,0,0,0
1912,192,0,0,0,0,0,0,0
1913,192,0,0,0,0,0,0,0
1914,192,0,0,0,0,0,0,0
1915,192,0,0,0,0,0,0,0
1916,192,0,0,0,0,0,0,0
1917,192,0,0,0,0,0,0,0
1918,192,0,0,0,0,0,0,0
