index,GYRO_X,GYRO_Y,GYRO_Z,1,2,3,4,5
0,3,-9,-2,0,0,0,0,0
1,3,-6,-1,0,72,254,0,0
2,2,-4,-2,0,76,254,0,0
3,3,-7,-2,0,88,254,0,0
4,1,-6,-2,0,0,0,0,0
5,3,-8,-2,0,0,0,0,0
6,4,-8,-1,0,0,0,0,0
7,4,-9,-2,0,0,0,0,0
8,2,-7,-1,0,0,0,0,0
9,3,-8,-3,0,0,0,0,0
10,4,-7,0,0,0,0,0,0
11,5,-5,-1,0,0,0,0,0
12,3,-8,-4,0,66,254,0,0
13,3,-7,-1,0,58,254,0,0
14,0,-7,-3,0,0,0,0,0
15,3,-7,0,0,71,254,0,0
16,3,-8,-1,0,0,0,0,0
17,0,-9,-3,0,0,0,0,0
18,3,-7,-1,0,81,254,0,0
19,2,-8,-1,0,0,0,0,0
20,-2,-6,-3,0,0,0,0,0
21,2,-8,-2,0,0,0,0,0
22,4,-6,0,0,0,0,0,0
23,3,-9,-1,0,0,0,0,0
24,3,-6,-3,0,56,254,0,0
25,3,-7,0,0,84,254,0,0
26,1,-5,-2,0,0,0,0,0
27,3,-9,-1,0,0,0,0,0
28,4,-8,-2,0,0,0,0,0
29,3,-9,-2,0,84,254,0,0
30,2,-7,-1,0,0,0,0,0
31,7,-9,-3,0,0,0,0,0
32,0,-5,0,0,0,0,0,0
33,0,-4,-1,0,0,0,0,0
34,1,-5,-3,0,0,0,0,0
35,0,-10,-1,0,0,0,0,0
36,3,-8,-1,0,90,254,0,0
37,4,-6,-2,0,0,0,0,0
38,3,-6,-3,0,0,0,0,0
39,2,-5,-2,0,78,254,0,0
40,3,-6,-1,0,0,0,0,0
41,2,-6,-1,0,0,0,0,0
42,2,-7,-2,0,0,0,0,0
43,3,-9,0,0,0,0,0,0
44,1,-7,-1,0,0,0,0,0
45,1,-6,-2,0,81,254,0,0
46,2,-4,-2,0,0,0,0,0
47,2,-6,1,0,0,0,0,0
48,3,-7,-2,0,122,254,0,0
49,0,-3,-2,0,0,0,0,0
50,0,-8,-1,0,0,0,0,0
51,1,-4,-1,0,0,0,0,0
52,1,-6,-1,0,0,0,0,0
53,3,-6,-2,0,0,0,0,0
54,4,-7,-1,0,0,0,0,0
55,2,-7,-3,0,0,0,0,0
56,1,-8,-1,0,88,254,0,0
57,1,-6,-2,0,0,0,0,0
58,2,-7,-2,0,0,0,0,0
59,3,-6,-2,0,0,0,0,0
60,-1,-4,-1,0,0,0,0,0
61,3,-6,0,0,0,0,0,0
62,-1,-4,-3,0,0,0,0,0
63,5,-7,-2,0,0,0,0,0
64,3,-5,-1,0,254,255,0,0
65,2,-5,0,0,90,254,0,0
66,3,-7,-2,0,0,0,0,0
67,2,-6,-1,0,91,254,0,0
68,2,-6,-2,0,0,0,0,0
69,2,-7,-1,0,0,0,0,0
70,1,-9,-1,0,0,0,0,0
71,2,-5,-1,0,0,0,0,0
72,2,-5,-2,0,0,0,0,0
73,2,-7,-1,0,0,0,0,0
74,3,-7,-2,0,91,254,0,0
75,2,-5,-2,0,0,0,0,0
76,9,-5,-3,0,0,0,0,0
77,-6,-4,1,0,0,0,0,0
78,5,-12,0,0,0,0,0,0
79,2,-5,-4,0,0,0,0,0
80,1,-6,-2,0,0,0,0,0
81,1,-5,-1,0,0,0,0,0
82,1,-5,-1,0,0,0,0,0
83,1,-7,0,0,0,0,0,0
84,2,-9,-3,0,0,0,0,0
85,3,-5,-3,0,0,0,0,0
86,2,-7,-2,0,0,0,0,0
87,0,-6,-3,0,0,0,0,0
88,1,-7,0,0,0,0,0,0
89,2,-8,-2,0,0,0,0,0
90,1,-6,-2,0,0,0,0,0
91,2,-8,-1,0,0,0,0,0
92,3,-5,-3,0,0,0,0,0
93,1,-8,-3,0,96,254,0,0
94,2,-7,-3,0,0,0,0,0
95,1,-7,-1,0,0,0,0,0
96,1,-7,254,0,0,0,0,0
97,5,-7,-2,0,79,254,0,0
98,3,-7,-1,0,0,0,0,0
99,4,-7,-1,0,0,0,0,0
100,1,-6,-3,0,0,0,0,0
101,4,-8,-2,0,0,0,0,0
102,2,-9,-1,0,0,0,0,0
103,4,-8,-2,0,0,0,0,0
104,3,-7,-2,0,0,0,0,0
105,0,-6,1,0,85,254,0,0
106,3,-8,-2,0,0,0,0,0
107,3,-7,-1,0,0,0,0,0
108,4,-8,-1,0,0,0,0,0
109,1,-7,-2,0,74,254,0,0
110,3,-7,-1,0,66,254,0,0
111,2,-7,-2,0,0,0,0,0
112,3,-8,-1,0,0,0,0,0
113,5,-8,-1,0,0,0,0,0
114,1,-7,-1,0,66,254,0,0
115,2,-8,-2,0,0,0,0,0
116,1,-7,-1,0,0,0,0,0
117,4,-7,-2,0,0,0,0,0
118,4,-9,-1,0,73,254,0,0
119,3,-10,-1,0,0,0,0,0
120,3,-8,-1,0,0,0,0,0
121,2,-6,-1,0,0,0,0,0
122,3,-7,0,0,0,0,0,0
123,2,-7,-1,0,66,254,0,0
124,3,-6,-2,0,0,0,0,0
125,3,-6,-2,0,0,0,0,0
126,1,-7,255,0,0,0,0,0
127,2,-7,-1,0,75,254,0,0
128,2,-8,-1,0,0,0,0,0
129,3,-7,-1,0,83,254,0,0
130,2,-7,0,0,0,0,0,0
131,2,-6,-1,0,0,0,0,0
132,2,-6,-1,0,0,0,0,0
133,3,-6,-2,0,88,254,0,0
134,2,-6,-2,0,0,0,0,0
135,1,-8,-2,0,0,0,0,0
136,2,-7,-1,0,0,0,0,0
137,1,-5,-2,0,0,0,0,0
138,2,-8,-1,0,0,0,0,0
139,2,-6,-2,0,0,0,0,0
140,2,-4,0,0,0,0,0,0
141,2,-9,-1,0,0,0,0,0
142,2,-7,-1,0,0,0,0,0
143,2,-8,-2,0,0,0,0,0
144,1,-6,-2,0,0,0,0,0
145,2,-6,-2,0,0,0,0,0
146,3,-6,-2,0,0,0,0,0
147,3,-7,-3,0,92,254,0,0
148,3,-7,-2,0,0,0,0,0
149,2,-6,0,0,70,254,0,0
150,2,-6,-2,0,0,0,0,0
151,2,-8,-3,0,0,0,0,0
152,3,-9,-1,0,0,0,0,0
153,3,-8,-2,0,74,254,0,0
154,3,-9,-1,0,0,0,0,0
155,1,-7,-1,0,0,0,0,0
156,4,-8,-1,0,0,0,0,0
157,0,-5,-1,0,0,0,0,0
158,1,-5,-3,0,0,0,0,0
159,4,-13,-1,0,152,254,0,0
160,3,-11,-2,0,0,0,0,0
161,2,-9,-2,0,0,0,0,0
162,4,-10,-1,0,28,254,0,0
163,4,-9,-2,0,0,0,0,0
164,1,-7,-3,0,0,0,0,0
165,4,-7,-2,0,88,254,0,0
166,2,-7,-2,0,0,0,0,0
167,3,-9,-1,0,0,0,0,0
168,1,-6,0,0,0,0,0,0
169,1,-7,-1,0,0,0,0,0
170,2,-6,-1,0,76,254,0,0
171,2,-6,0,0,64,254,0,0
172,1,-7,-2,0,0,0,0,0
173,1,-5,-1,0,0,0,0,0
174,2,-7,0,0,0,0,0,0
175,2,-7,-2,0,0,0,0,0
176,3,-9,-2,0,97,254,0,0
177,1,-7,0,0,0,0,0,0
178,2,-7,-2,0,0,0,0,0
179,2,-6,-1,0,0,0,0,0
180,3,-7,-1,0,0,0,0,0
181,3,-8,-2,0,0,0,0,0
182,3,-8,-2,0,0,0,0,0
183,2,-7,0,0,0,0,0,0
184,0,-3,-2,0,0,0,0,0
185,0,-4,-1,0,0,0,0,0
186,4,-8,-1,0,0,0,0,0
187,3,-5,-2,0,0,0,0,0
188,4,-7,0,0,0,0,0,0
189,1,-5,-1,0,0,0,0,0
190,2,-6,-1,0,0,0,0,0
191,2,-7,-1,0,69,254,0,0
192,2,-7,-2,0,0,0,0,0
193,0,-8,-2,0,0,0,0,0
194,2,-7,-2,0,0,0,0,0
195,1,-6,-1,0,85,254,0,0
196,3,-8,-2,0,0,0,0,0
197,1,-7,0,0,90,254,0,0
198,2,-7,-2,0,0,0,0,0
199,3,-7,-1,0,0,0,0,0
200,1,-7,-1,0,0,0,0,0
201,2,-7,-1,0,76,254,0,0
202,2,-6,-1,0,94,254,0,0
203,2,-7,-3,0,0,0,0,0
204,1,-6,0,0,0,0,0,0
205,3,-9,0,0,74,254,0,0
206,2,-11,-6,0,0,0,0,0
207,5,-10,-1,0,60,254,0,0
208,2,-5,3,0,0,0,0,0
209,2,-6,-4,0,0,0,0,0
210,3,-7,0,0,0,0,0,0
211,1,-6,-2,0,0,0,0,0
212,1,-6,-4,0,0,0,0,0
213,2,-6,2,0,0,0,0,0
214,2,-8,-2,0,0,0,0,0
215,4,-7,-1,0,0,0,0,0
216,3,-5,-2,0,0,0,0,0
217,3,-6,0,0,60,254,0,0
218,2,-9,0,0,0,0,0,0
219,1,-7,-3,0,0,0,0,0
220,1,-7,-1,0,77,254,0,0
221,2,-5,0,0,64,254,0,0
222,3,-8,-2,0,0,0,0,0
223,2,-7,-2,0,72,254,0,0
224,4,-9,-1,0,0,0,0,0
225,2,-6,-1,0,0,0,0,0
226,1,-8,-1,0,0,0,0,0
227,2,-7,-1,0,87,254,0,0
228,2,-7,0,0,254,255,0,0
229,3,-6,-1,0,0,0,0,0
230,1,-9,-2,0,64,254,0,0
231,3,-6,-2,0,90,254,0,0
232,-1,-7,-1,0,0,0,0,0
233,2,-5,-2,0,0,0,0,0
234,5,-10,-1,0,85,254,0,0
235,2,-8,-3,0,0,0,0,0
236,3,-8,-3,0,0,0,0,0
237,2,-8,-1,0,0,0,0,0
238,2,-8,-3,0,0,0,0,0
239,1,-6,255,0,83,254,0,0
240,0,-6,-2,0,88,254,0,0
241,2,-9,-2,0,76,254,0,0
242,1,-7,0,0,0,0,0,0
243,2,-8,0,0,0,0,0,0
244,3,-9,-1,0,0,0,0,0
245,2,-7,-2,0,0,0,0,0
246,3,-6,-2,0,0,0,0,0
247,3,-8,0,0,62,254,0,0
248,1,-8,-2,0,0,0,0,0
249,3,-7,-2,0,0,0,0,0
250,1,-8,-1,0,0,0,0,0
251,2,-5,-2,0,0,0,0,0
252,2,-7,-2,0,94,254,0,0
253,3,-7,-2,0,0,0,0,0
254,3,-8,0,0,0,0,0,0
255,3,-7,-1,0,0,0,0,0
256,2,-5,-3,0,70,254,0,0
257,3,-8,255,0,0,0,0,0
258,2,-5,-1,0,102,254,0,0
259,2,-7,-1,0,0,0,0,0
260,2,-5,1,0,0,0,0,0
261,4,-9,0,0,85,254,0,0
262,2,-7,0,0,0,0,0,0
263,2,-7,-2,0,78,254,0,0
264,4,-7,-1,0,0,0,0,0
265,2,-8,-2,0,0,0,0,0
266,2,-5,-2,0,0,0,0,0
267,1,-7,-1,0,70,254,0,0
268,1,-7,-2,0,0,0,0,0
269,2,-7,-1,0,0,0,0,0
270,4,-6,-1,0,0,0,0,0
271,2,-6,-2,0,78,254,0,0
272,2,-7,-1,0,80,254,0,0
273,2,-7,-2,0,73,254,0,0
274,2,-8,-1,0,0,0,0,0
275,3,-7,-1,0,77,254,0,0
276,2,-7,-1,0,0,0,0,0
277,3,-6,-2,0,0,0,0,0
278,2,-7,-2,0,0,0,0,0
279,2,-8,-1,0,0,0,0,0
280,3,-7,-2,0,0,0,0,0
281,1,-8,-1,0,0,0,0,0
282,4,-7,-2,0,0,0,0,0
283,1,-7,-1,0,0,0,0,0
284,2,-8,-1,0,73,254,0,0
285,3,-8,-2,0,0,0,0,0
286,0,-8,-1,0,91,254,0,0
287,0,-7,-2,0,0,0,0,0
288,3,-6,-1,0,0,0,0,0
289,3,-8,-1,0,80,254,0,0
290,2,-8,-3,0,0,0,0,0
291,3,-6,0,0,0,0,0,0
292,2,-5,-1,0,71,254,0,0
293,4,-7,-3,0,0,0,0,0
294,2,-8,-1,0,0,0,0,0
295,3,-7,-1,0,0,0,0,0
296,3,-7,-1,0,70,254,0,0
297,2,-8,-2,0,81,254,0,0
298,2,-7,-2,0,0,0,0,0
299,1,-7,-1,0,0,0,0,0
300,2,-7,-2,0,0,0,0,0
301,3,-9,-2,0,0,0,0,0
302,2,-8,-1,0,0,0,0,0
303,2,-6,-1,0,0,0,0,0
304,1,-6,0,0,0,0,0,0
305,1,-5,-1,0,0,0,0,0
306,2,-7,-2,0,0,0,0,0
307,2,-6,-1,0,0,0,0,0
308,2,-8,-2,0,75,254,0,0
309,1,-6,-1,0,0,0,0,0
310,3,-8,-1,0,0,0,0,0
311,2,-7,-2,0,88,254,0,0
312,2,-8,-1,0,0,0,0,0
313,2,-8,-1,0,73,254,0,0
314,2,-7,-2,0,0,0,0,0
315,1,-7,-3,0,0,0,0,0
316,2,-7,-1,0,0,0,0,0
317,3,-7,-2,0,78,254,0,0
318,3,-6,-1,0,0,0,0,0
319,0,-7,-1,0,80,254,0,0
320,3,-6,-2,0,0,0,0,0
321,4,-7,-2,0,0,0,0,0
322,2,-7,-2,0,0,0,0,0
323,4,-6,-2,0,76,254,0,0
324,3,-6,-1,0,0,0,0,0
325,2,-7,-1,0,78,254,0,0
326,2,-6,-1,0,0,0,0,0
327,2,-8,0,0,0,0,0,0
328,1,-7,-2,0,79,254,0,0
329,4,-8,-1,0,0,0,0,0
330,2,-7,-1,0,81,254,0,0
331,3,-7,-2,0,0,0,0,0
332,5,-6,-1,0,0,0,0,0
333,2,-7,-2,0,0,0,0,0
334,2,-7,-1,0,104,254,0,0
335,0,-7,-2,0,0,0,0,0
336,3,-8,-1,0,0,0,0,0
337,3,-7,-1,0,0,0,0,0
338,3,-8,-2,0,0,0,0,0
339,-1,-5,-2,0,0,0,0,0
340,1,-5,0,0,54,254,0,0
341,0,-6,-2,0,0,0,0,0
342,2,-6,-2,0,0,0,0,0
343,3,-6,-2,0,0,0,0,0
344,2,-7,-2,0,73,254,0,0
345,4,-5,-1,0,77,254,0,0
346,2,-7,-1,0,0,0,0,0
347,3,-8,-3,0,59,254,0,0
348,2,-8,-3,0,0,0,0,0
349,3,-6,0,0,86,254,0,0
350,2,-7,-1,0,0,0,0,0
351,1,-6,-1,0,0,0,0,0
352,2,-8,0,0,0,0,0,0
353,1,-6,-3,0,0,0,0,0
354,2,-8,-2,0,0,0,0,0
355,2,-6,-2,0,65,254,0,0
356,1,-8,1,0,0,0,0,0
357,2,-7,-1,0,0,0,0,0
358,3,-8,-2,0,0,0,0,0
359,1,-7,-2,0,0,0,0,0
360,2,-8,-3,0,0,0,0,0
361,2,-7,0,0,0,0,0,0
362,4,-7,-2,0,0,0,0,0
363,2,-8,-1,0,0,0,0,0
364,5,-10,0,0,0,0,0,0
365,3,-9,-1,0,0,0,0,0
366,4,-9,-2,0,76,254,0,0
367,3,-7,-3,0,86,254,0,0
368,3,-7,-1,0,0,0,0,0
369,2,-7,-2,0,0,0,0,0
370,1,-8,-2,0,0,0,0,0
371,1,-6,-1,0,77,254,0,0
372,3,-9,-2,0,0,0,0,0
373,3,-9,0,0,0,0,0,0
374,2,-6,-2,0,83,254,0,0
375,2,-7,-3,0,0,0,0,0
376,1,-7,-1,0,74,254,0,0
377,3,-8,-1,0,0,0,0,0
378,1,-5,-2,0,0,0,0,0
379,4,-7,-256,0,0,0,0,0
380,1,-7,-2,0,0,0,0,0
381,1,-6,-1,0,0,0,0,0
382,3,-8,-2,0,0,0,0,0
383,2,-9,-2,0,0,0,0,0
384,2,-9,-2,0,79,254,0,0
385,3,-8,-1,0,0,0,0,0
386,1,-7,-1,0,76,254,0,0
387,2,-7,-2,0,0,0,0,0
388,2,-7,-2,0,0,0,0,0
389,1,-6,-2,0,0,0,0,0
390,2,-8,-1,0,72,254,0,0
391,1,-8,-1,0,81,254,0,0
392,2,-6,-1,0,0,0,0,0
393,2,-5,-2,0,0,0,0,0
394,2,-6,-1,0,0,0,0,0
395,2,-7,-2,0,0,0,0,0
396,3,-6,-2,0,72,254,0,0
397,2,-7,-2,0,0,0,0,0
398,3,-6,-1,0,0,0,0,0
399,2,-7,-1,0,0,0,0,0
400,2,-8,-1,0,0,0,0,0
401,3,-6,-1,0,0,0,0,0
402,3,-7,-1,0,0,0,0,0
403,1,-6,-2,0,0,0,0,0
404,3,-6,-2,0,0,0,0,0
405,2,-7,-3,0,0,0,0,0
406,3,-7,-1,0,0,0,0,0
407,1,-6,-2,0,71,254,0,0
408,1,-8,0,0,0,0,0,0
409,2,-7,-1,0,69,254,0,0
410,2,-6,0,0,78,254,0,0
411,1,-7,-1,0,0,0,0,0
412,2,-6,-1,0,80,254,0,0
413,2,-5,-1,0,0,0,0,0
414,1,-5,-1,0,72,254,0,0
415,4,-7,-1,0,72,254,0,0
416,2,-7,-1,0,0,0,0,0
417,1,-7,-2,0,0,0,0,0
418,2,-7,-1,0,0,0,0,0
419,3,-7,-2,0,70,254,0,0
420,3,-7,-1,0,0,0,0,0
421,2,-7,-256,0,0,0,0,0
422,2,-8,-1,0,0,0,0,0
423,3,-6,-1,0,0,0,0,0
424,2,-8,-1,0,0,0,0,0
425,2,-6,-2,0,84,254,0,0
426,2,-7,-3,0,0,0,0,0
427,1,-9,-2,0,0,0,0,0
428,4,-7,-2,0,75,254,0,0
429,2,-6,-1,0,0,0,0,0
430,3,-7,-1,0,0,0,0,0
431,3,-8,-1,0,0,0,0,0
432,3,-8,-2,0,0,0,0,0
433,4,-7,0,0,80,254,0,0
434,2,-7,-1,0,0,0,0,0
435,3,-8,-1,0,80,254,0,0
436,1,-6,-1,0,0,0,0,0
437,2,-8,-1,0,0,0,0,0
438,2,-6,0,0,78,254,0,0
439,1,-6,0,0,0,0,0,0
440,3,-7,-2,0,0,0,0,0
441,1,-7,-2,0,0,0,0,0
442,2,-6,-2,0,77,254,0,0
443,2,-7,0,0,0,0,0,0
444,2,-7,-2,0,92,254,0,0
445,2,-7,-2,0,0,0,0,0
446,2,-7,0,0,0,0,0,0
447,2,-8,-2,0,0,0,0,0
448,4,-9,-1,0,65,254,0,0
449,4,-8,-2,0,0,0,0,0
450,2,-5,-2,0,0,0,0,0
451,3,-7,-2,0,0,0,0,0
452,2,-6,-1,0,102,254,0,0
453,3,-7,-1,0,0,0,0,0
454,1,-6,-3,0,0,0,0,0
455,1,-6,-2,0,0,0,0,0
456,0,-7,-3,0,0,0,0,0
457,5,-10,-2,0,0,0,0,0
458,7,-13,-1,0,0,0,0,0
459,6,-9,-2,0,54,254,0,0
460,4,-12,0,0,0,0,0,0
461,3,-8,-2,0,82,254,0,0
462,5,-8,-1,0,0,0,0,0
463,2,-8,-2,0,0,0,0,0
464,3,-9,-1,0,0,0,0,0
465,2,-7,-1,0,0,0,0,0
466,3,-7,-2,0,0,0,0,0
467,2,-6,-2,0,0,0,0,0
468,1,-7,-1,0,0,0,0,0
469,3,-6,0,0,0,0,0,0
470,1,-7,-1,0,0,0,0,0
471,3,-6,-2,0,83,254,0,0
472,2,-7,-1,0,0,0,0,0
473,2,-7,-1,0,0,0,0,0
474,2,-6,-1,0,79,254,0,0
475,3,-8,-1,0,0,0,0,0
476,2,-6,-2,0,0,0,0,0
477,2,-7,-1,0,0,0,0,0
478,2,-6,-2,0,81,254,0,0
479,0,-6,-2,0,88,254,0,0
480,3,-7,-1,0,0,0,0,0
481,2,-7,-2,0,0,0,0,0
482,3,-5,-1,0,0,0,0,0
483,4,-8,-1,0,73,254,0,0
484,2,-6,-1,0,0,0,0,0
485,2,-9,-1,0,0,0,0,0
486,3,-7,-1,0,82,254,0,0
487,2,-5,-1,0,0,0,0,0
488,1,-6,-2,0,81,254,0,0
489,2,-6,-2,0,0,0,0,0
490,1,-8,-3,0,0,0,0,0
491,2,-8,-2,0,0,0,0,0
492,3,-8,-2,0,78,254,0,0
493,4,-5,-3,0,0,0,0,0
494,2,-7,-1,0,0,0,0,0
495,3,-7,-256,0,0,0,0,0
496,2,-7,-2,0,78,254,0,0
497,2,-7,-2,0,77,254,0,0
498,1,-9,-2,0,86,254,0,0
499,3,-8,-1,0,0,0,0,0
500,3,-8,-1,0,0,0,0,0
501,1,-8,-2,0,0,0,0,0
502,3,-9,-2,0,0,0,0,0
503,-1,-7,-2,0,0,0,0,0
504,3,-8,-1,0,0,0,0,0
505,3,-6,-2,0,64,254,0,0
506,2,-7,-2,0,0,0,0,0
507,2,-7,-1,0,70,254,0,0
508,3,-7,-2,0,0,0,0,0
509,2,-6,-2,0,0,0,0,0
510,3,-7,-1,0,0,0,0,0
511,2,-6,-2,0,0,0,0,0
512,3,-7,-1,0,0,0,0,0
513,2,-7,-2,0,80,254,0,0
514,2,-7,-1,0,0,0,0,0
515,2,-8,-1,0,0,0,0,0
516,4,-6,-1,0,0,0,0,0
517,2,-7,-2,0,0,0,0,0
518,3,-8,-1,0,0,0,0,0
519,2,-8,-1,0,68,254,0,0
520,2,-7,-2,0,0,0,0,0
521,2,-5,-1,0,0,0,0,0
522,3,-7,-2,0,70,254,0,0
523,2,-7,0,0,75,254,0,0
524,2,-7,-1,0,70,254,0,0
525,2,-7,-2,0,0,0,0,0
526,3,-9,-1,0,0,0,0,0
527,2,-6,-256,0,0,0,0,0
528,3,-5,-1,0,0,0,0,0
529,1,-6,-2,0,0,0,0,0
530,0,-7,-1,0,0,0,0,0
531,2,-8,-1,0,87,254,0,0
532,3,-7,-1,0,0,0,0,0
533,0,-7,0,0,0,0,0,0
534,2,-8,-1,0,0,0,0,0
535,3,-5,-1,0,0,0,0,0
536,1,-6,-1,0,0,0,0,0
537,3,-7,-1,0,0,0,0,0
538,2,-6,-1,0,50,254,0,0
539,3,-7,-2,0,0,0,0,0
540,2,-8,-3,0,39,254,0,0
541,4,-8,-2,0,0,0,0,0
542,5,-11,-2,0,84,254,0,0
543,4,-9,-1,0,0,0,0,0
544,3,-5,-1,0,0,0,0,0
545,4,-8,-2,0,0,0,0,0
546,4,-7,0,0,0,0,0,0
547,3,-6,-3,0,48,254,0,0
548,-5,-9,1,0,0,0,0,0
549,-1,-3,-2,0,0,0,0,0
550,-2,-2,1,0,0,0,0,0
551,2,-2,0,0,47,254,0,0
552,-4,-1,-2,0,0,0,0,0
553,-2,-3,-2,0,53,254,0,0
554,3,-7,-1,0,0,0,0,0
555,3,-8,-1,0,0,0,0,0
556,6,-11,-1,0,0,0,0,0
557,1,-8,-2,0,0,0,0,0
558,4,-6,-3,0,0,0,0,0
559,2,-8,0,0,71,254,0,0
560,2,-7,-1,0,0,0,0,0
561,3,-7,-1,0,0,0,0,0
562,1,-7,-1,0,0,0,0,0
563,1,-10,-1,0,0,0,0,0
564,3,-7,-2,0,59,254,0,0
565,3,-5,-1,0,0,0,0,0
566,5,-7,-2,0,0,0,0,0
567,1,-7,-1,0,0,0,0,0
568,3,-10,-1,0,94,254,0,0
569,1,-6,-2,0,90,254,0,0
570,2,-6,-1,0,0,0,0,0
571,1,-5,-1,0,0,0,0,0
572,3,-7,-1,0,0,0,0,0
573,1,-7,-1,0,0,0,0,0
574,2,-7,-1,0,0,0,0,0
575,3,-6,-2,0,0,0,0,0
576,4,-8,-1,0,84,254,0,0
577,3,-8,-2,0,0,0,0,0
578,3,-6,0,0,0,0,0,0
579,0,-7,-2,0,83,254,0,0
580,2,-7,0,0,72,254,0,0
581,2,-6,-2,0,0,0,0,0
582,1,-6,-1,0,80,254,0,0
583,2,-7,-1,0,0,0,0,0
584,2,-9,-2,0,0,0,0,0
585,5,-8,-1,0,0,0,0,0
586,3,-9,-2,0,0,0,0,0
587,3,-7,-1,0,0,0,0,0
588,5,-6,-1,0,72,254,0,0
589,2,-7,-2,0,0,0,0,0
590,2,-6,-3,0,0,0,0,0
591,2,-5,-1,0,0,0,0,0
592,3,-7,-1,0,0,0,0,0
593,3,-8,-1,0,0,0,0,0
594,1,-8,-1,0,76,254,0,0
595,2,-6,-2,0,0,0,0,0
596,1,-6,-3,0,0,0,0,0
597,2,-5,-2,0,0,0,0,0
598,3,-7,-1,0,77,254,0,0
599,2,-7,-1,0,0,0,0,0
600,1,-7,-1,0,0,0,0,0
601,2,-7,-2,0,0,0,0,0
602,3,-6,-1,0,0,0,0,0
603,1,-6,-2,0,67,254,0,0
604,3,-7,-2,0,76,254,0,0
605,4,-6,-2,0,0,0,0,0
606,2,-6,-1,0,0,0,0,0
607,4,-9,-2,0,0,0,0,0
608,4,-8,-2,0,0,0,0,0
609,-1,-5,-2,0,71,254,0,0
610,2,-6,-1,0,0,0,0,0
611,2,-6,-1,0,57,254,0,0
612,4,-7,-1,0,0,0,0,0
613,2,-6,0,0,0,0,0,0
614,-3,-3,-2,0,0,0,0,0
615,1,-3,-1,0,57,254,0,0
616,3,-7,-2,0,0,0,0,0
617,2,-7,-3,0,0,0,0,0
618,3,-7,0,0,0,0,0,0
619,2,-9,0,0,0,0,0,0
620,4,-9,-1,0,0,0,0,0
621,3,-7,0,0,86,254,0,0
622,1,-6,-2,0,0,0,0,0
623,2,-6,-2,0,0,0,0,0
624,3,-6,0,0,80,254,0,0
625,1,-6,-1,0,114,254,0,0
626,1,-8,-2,0,0,0,0,0
627,3,-7,-1,0,0,0,0,0
628,3,-8,-1,0,0,0,0,0
629,3,-6,-2,0,0,0,0,0
630,2,-6,0,0,0,0,0,0
631,2,-7,-1,0,86,254,0,0
632,2,-6,-1,0,0,0,0,0
633,3,-6,-1,0,0,0,0,0
634,0,-5,-1,0,0,0,0,0
635,2,-7,-2,0,0,0,0,0
636,3,-7,-1,0,0,0,0,0
637,2,-5,-1,0,0,0,0,0
638,2,-6,-2,0,0,0,0,0
639,0,-7,-1,0,0,0,0,0
640,2,-7,-1,0,0,0,0,0
641,2,-7,0,0,0,0,0,0
642,3,-6,-2,0,0,0,0,0
643,4,-7,-2,0,0,0,0,0
644,4,-7,-2,0,86,254,0,0
645,2,-8,-1,0,0,0,0,0
646,2,-7,0,0,83,254,0,0
647,1,-7,-2,0,0,0,0,0
648,4,-7,-2,0,0,0,0,0
649,1,-8,0,0,0,0,0,0
650,3,-5,-2,0,68,254,0,0
651,3,-7,-2,0,0,0,0,0
652,1,-6,0,0,0,0,0,0
653,2,-6,-2,0,0,0,0,0
654,2,-5,-2,0,0,0,0,0
655,2,-6,-1,0,0,0,0,0
656,2,-7,-2,0,0,0,0,0
657,1,-7,0,0,0,0,0,0
658,0,-3,-2,0,104,254,0,0
659,1,-6,-2,0,89,254,0,0
660,1,-7,-1,0,0,0,0,0
661,2,-9,0,0,0,0,0,0
662,1,-6,-1,0,0,0,0,0
663,1,-6,-1,0,0,0,0,0
664,2,-5,255,0,0,0,0,0
665,2,-7,-1,0,71,254,0,0
666,3,-7,-1,0,0,0,0,0
667,2,-8,-1,0,0,0,0,0
668,1,-6,0,0,78,254,0,0
669,1,-5,-1,0,0,0,0,0
670,1,-4,-3,0,0,0,0,0
671,0,-5,-1,0,0,0,0,0
672,3,-9,-2,0,0,0,0,0
673,1,-6,-2,0,0,0,0,0
674,2,-6,-2,0,0,0,0,0
675,3,-8,-2,0,0,0,0,0
676,3,-8,-1,0,73,254,0,0
677,4,-8,-1,0,0,0,0,0
678,-2,-2,-1,0,0,0,0,0
679,2,-6,-1,0,69,254,0,0
680,4,-10,-3,0,0,0,0,0
681,4,-10,-3,0,70,254,0,0
682,3,-4,1,0,0,0,0,0
683,1,-5,-3,0,0,0,0,0
684,3,-8,-2,0,0,0,0,0
685,1,-6,-2,0,90,254,0,0
686,2,-8,0,0,0,0,0,0
687,4,-9,-1,0,86,254,0,0
688,3,-8,-1,0,0,0,0,0
689,3,-10,-3,0,89,254,0,0
690,6,-10,0,0,0,0,0,0
691,3,-5,-1,0,0,0,0,0
692,0,-6,-1,0,0,0,0,0
693,2,-7,0,0,0,0,0,0
694,1,-7,-1,0,0,0,0,0
695,3,-7,-1,0,0,0,0,0
696,2,-6,-1,0,0,0,0,0
697,2,-7,0,0,0,0,0,0
698,1,-7,-2,0,0,0,0,0
699,6,-9,-1,0,0,0,0,0
700,1,-7,255,0,0,0,0,0
701,3,-5,-3,0,0,0,0,0
702,1,-7,0,0,0,0,0,0
703,0,-8,-1,0,93,254,0,0
704,3,-3,-1,0,0,0,0,0
705,6,-14,-3,0,254,253,0,0
706,-4,-2,-3,0,0,0,0,0
707,7,-10,0,0,0,0,0,0
708,1,-5,1,0,100,254,0,0
709,2,-5,-5,0,0,0,0,0
710,3,-6,0,0,0,0,0,0
711,1,-5,2,0,0,0,0,0
712,0,-7,-2,0,50,254,0,0
713,2,-7,-3,0,0,0,0,0
714,3,-8,0,0,0,0,0,0
715,1,-8,-3,0,0,0,0,0
716,1,-6,-2,0,0,0,0,0
717,5,-7,0,0,0,0,0,0
718,2,-6,-2,0,73,254,0,0
719,3,-7,0,0,73,254,0,0
720,2,-5,-1,0,0,0,0,0
721,2,-8,-3,0,0,0,0,0
722,3,-8,-1,0,0,0,0,0
723,4,-8,0,0,0,0,0,0
724,4,-9,-2,0,0,0,0,0
725,1,-7,-3,0,0,0,0,0
726,2,-6,-2,0,0,0,0,0
727,3,-6,0,0,0,0,0,0
728,1,-6,-2,0,0,0,0,0
729,3,-7,-1,0,92,254,0,0
730,2,-6,-3,0,0,0,0,0
731,3,-8,-1,0,0,0,0,0
732,4,-6,-2,0,0,0,0,0
733,3,-9,-1,0,84,254,0,0
734,6,-10,-1,0,0,0,0,0
735,2,-11,-1,0,0,0,0,0
736,5,-5,0,0,0,0,0,0
737,2,-8,-1,0,0,0,0,0
738,2,-7,-2,0,0,0,0,0
739,3,-10,-2,0,0,0,0,0
740,4,-6,-1,0,0,0,0,0
741,2,-7,0,0,0,0,0,0
742,1,-8,0,0,67,254,0,0
743,1,-6,-1,0,0,0,0,0
744,1,-6,-1,0,62,254,0,0
745,4,-8,-2,0,0,0,0,0
746,3,-7,-2,0,0,0,0,0
747,1,-6,-1,0,64,254,0,0
748,4,-8,-2,0,0,0,0,0
749,5,-9,-3,0,0,0,0,0
750,2,-6,-2,0,0,0,0,0
751,1,-6,-3,0,0,0,0,0
752,-1,-6,0,0,0,0,0,0
753,3,-6,-2,0,78,254,0,0
754,3,-6,1,0,0,0,0,0
755,3,-8,-2,0,0,0,0,0
756,2,-8,-1,0,0,0,0,0
757,3,-9,-2,0,103,254,0,0
758,2,-6,0,0,63,254,0,0
759,3,-7,-3,0,0,0,0,0
760,4,-9,-2,0,0,0,0,0
761,3,-6,-1,0,0,0,0,0
762,1,-5,-2,0,0,0,0,0
763,4,-7,255,0,0,0,0,0
764,2,-7,-3,0,0,0,0,0
765,2,-6,-2,0,0,0,0,0
766,0,-6,-2,0,0,0,0,0
767,4,-6,-1,0,75,254,0,0
768,4,-7,-1,0,0,0,0,0
769,2,-6,-1,0,78,254,0,0
770,4,-7,-1,0,82,254,0,0
771,1,-6,0,0,0,0,0,0
772,3,-8,-1,0,62,254,0,0
773,2,-8,-2,0,0,0,0,0
774,2,-6,-1,0,68,254,0,0
775,1,-5,-1,0,0,0,0,0
776,3,-6,-2,0,78,254,0,0
777,1,-5,-1,0,0,0,0,0
778,2,-6,-2,0,0,0,0,0
779,4,-9,-2,0,0,0,0,0
780,2,-10,-2,0,0,0,0,0
781,3,-7,-1,0,0,0,0,0
782,1,-7,-2,0,0,0,0,0
783,3,-8,-2,0,254,255,0,0
784,2,-7,-2,0,0,0,0,0
785,1,-7,-2,0,64,254,0,0
786,0,-4,-1,0,0,0,0,0
787,2,-7,-1,0,87,254,0,0
788,3,-6,-2,0,0,0,0,0
789,1,-5,-2,0,0,0,0,0
790,2,-6,-2,0,0,0,0,0
791,1,-4,-3,0,0,0,0,0
792,2,-7,-2,0,0,0,0,0
793,4,-7,-2,0,78,254,0,0
794,1,-5,-1,0,70,254,0,0
795,2,-7,-1,0,0,0,0,0
796,2,-5,0,0,0,0,0,0
797,0,-7,-2,0,0,0,0,0
798,0,-6,-1,0,0,0,0,0
799,3,-5,-1,0,0,0,0,0
800,4,-9,0,0,0,0,0,0
801,5,-8,-1,0,0,0,0,0
802,-1,-6,-2,0,67,254,0,0
803,1,-1,12,0,0,0,0,0
804,-9,-4,19,0,76,254,0,0
805,-38,23,4,0,0,0,0,0
806,7,-9,0,0,105,254,0,0
807,3,-9,5,0,0,0,0,0
808,3,-3,-2,0,123,254,0,0
809,13,-11,-5,0,0,0,0,0
810,17,-16,-7,0,0,0,0,0
811,-2,-5,-28,0,59,254,0,0
812,-2,-9,-1,0,0,0,0,0
813,5,-9,0,0,0,0,0,0
814,3,-6,-2,0,75,254,0,0
815,3,-7,-2,0,0,0,0,0
816,4,-8,-1,0,0,0,0,0
817,2,-7,-1,0,0,0,0,0
818,3,-6,-2,0,0,0,0,0
819,1,-8,-2,0,0,0,0,0
820,0,-5,-1,0,74,254,0,0
821,3,-6,-1,0,0,0,0,0
822,4,-7,-3,0,0,0,0,0
823,3,-7,-1,0,0,0,0,0
824,3,-7,-1,0,0,0,0,0
825,2,-6,-1,0,0,0,0,0
826,2,-7,-2,0,0,0,0,0
827,3,-6,-1,0,0,0,0,0
828,2,-6,-2,0,59,254,0,0
829,4,-6,-2,0,76,254,0,0
830,1,-5,-2,0,0,0,0,0
831,1,-4,0,0,0,0,0,0
832,0,-6,-2,0,0,0,0,0
833,2,-7,-1,0,0,0,0,0
834,4,-7,-3,0,0,0,0,0
835,5,-5,-1,0,0,0,0,0
836,4,-9,-1,0,74,254,0,0
837,3,-8,-2,0,0,0,0,0
838,4,-7,-1,0,0,0,0,0
839,9,-10,-1,0,60,254,0,0
840,-1,-4,1,0,54,254,0,0
841,-9,-5,1,0,0,0,0,0
842,-31,14,5,0,0,0,0,0
843,-6,-3,-2,0,0,0,0,0
844,-4,-1,1,0,0,0,0,0
845,0,-7,0,0,0,0,0,0
846,-10,0,4,0,119,254,0,0
847,-28,11,2,0,0,0,0,0
848,-12,2,1,0,144,254,0,0
849,24,-15,-6,0,0,0,0,0
850,61,-44,-12,0,0,0,0,0
851,39,-29,-13,0,0,0,0,0
852,9,-19,-5,0,0,0,0,0
853,5,-6,-3,0,96,254,0,0
854,2,-6,-1,0,0,0,0,0
855,1,-7,-2,0,0,0,0,0
856,1,-4,0,0,0,0,0,0
857,2,-8,-1,0,0,0,0,0
858,0,-6,-1,0,0,0,0,0
859,1,-9,-2,0,0,0,0,0
860,0,-5,-2,0,0,0,0,0
861,1,-5,-1,0,73,254,0,0
862,2,-6,-2,0,0,0,0,0
863,4,-7,-2,0,68,254,0,0
864,2,-9,-2,0,0,0,0,0
865,3,-8,-1,0,0,0,0,0
866,1,-6,-1,0,82,254,0,0
867,1,-8,-2,0,82,254,0,0
868,4,-6,0,0,0,0,0,0
869,1,-6,-3,0,0,0,0,0
870,2,-8,-1,0,71,254,0,0
871,2,-7,-1,0,0,0,0,0
872,2,-7,-2,0,0,0,0,0
873,3,-7,-1,0,0,0,0,0
874,2,-7,-2,0,0,0,0,0
875,2,-8,-1,0,83,254,0,0
876,1,-6,-1,0,0,0,0,0
877,3,-6,-1,0,0,0,0,0
878,3,-8,-1,0,0,0,0,0
879,2,-7,-2,0,0,0,0,0
880,2,-7,-1,0,0,0,0,0
881,3,-6,-2,0,0,0,0,0
882,2,-6,-1,0,0,0,0,0
883,2,-7,-1,0,75,254,0,0
884,4,-7,-1,0,0,0,0,0
885,1,-7,-2,0,0,0,0,0
886,3,-8,-3,0,99,254,0,0
887,2,-8,-2,0,0,0,0,0
888,2,-7,0,0,0,0,0,0
889,4,-6,-1,0,0,0,0,0
890,2,-8,-1,0,84,254,0,0
891,3,-6,-2,0,0,0,0,0
892,2,-8,-1,0,84,254,0,0
893,2,-7,-1,0,0,0,0,0
894,2,-6,-2,0,0,0,0,0
895,2,-6,-1,0,87,254,0,0
896,1,-6,-2,0,89,254,0,0
897,4,-7,-2,0,84,254,0,0
898,2,-7,-1,0,0,0,0,0
899,1,-7,-2,0,0,0,0,0
900,1,-6,0,0,0,0,0,0
901,4,-7,-2,0,0,0,0,0
902,2,-7,-1,0,0,0,0,0
903,2,-8,-2,0,0,0,0,0
904,3,-7,0,0,0,0,0,0
905,1,-7,-1,0,0,0,0,0
906,3,-6,-3,0,0,0,0,0
907,5,-8,-2,0,0,0,0,0
908,2,-7,-1,0,0,0,0,0
909,1,-8,-1,0,0,0,0,0
910,3,-7,-2,0,0,0,0,0
911,2,-7,-1,0,78,254,0,0
912,1,-7,-2,0,0,0,0,0
913,2,-7,-3,0,0,0,0,0
914,2,-7,0,0,0,0,0,0
915,2,-8,-3,0,0,0,0,0
916,3,-7,-1,0,0,0,0,0
917,2,-6,-1,0,0,0,0,0
918,2,-7,-2,0,0,0,0,0
919,2,-7,-1,0,84,254,0,0
920,2,-8,-1,0,0,0,0,0
921,3,-8,-1,0,0,0,0,0
922,3,-7,-1,0,0,0,0,0
923,2,-6,-3,0,90,254,0,0
924,3,-7,0,0,0,0,0,0
925,2,-8,-2,0,95,254,0,0
926,2,-6,-1,0,0,0,0,0
927,2,-7,-256,0,0,0,0,0
928,3,-7,-2,0,0,0,0,0
929,0,-6,-2,0,0,0,0,0
930,1,-8,-3,0,0,0,0,0
931,2,-6,-3,0,83,254,0,0
932,2,-7,-1,0,0,0,0,0
933,1,-7,-2,0,0,0,0,0
934,4,-8,0,0,0,0,0,0
935,2,-6,-1,0,89,254,0,0
936,2,-8,-1,0,0,0,0,0
937,3,-6,-1,0,0,0,0,0
938,3,-7,-2,0,0,0,0,0
939,1,-5,-2,0,82,254,0,0
940,2,-7,-1,0,0,0,0,0
941,1,-8,-1,0,92,254,0,0
942,3,-6,-1,0,0,0,0,0
943,1,-8,-1,0,71,254,0,0
944,1,-7,0,0,0,0,0,0
945,2,-7,-1,0,83,254,0,0
946,2,-6,-2,0,0,0,0,0
947,3,-7,-1,0,74,254,0,0
948,1,-7,-2,0,0,0,0,0
949,4,-7,-2,0,0,0,0,0
950,4,-7,-1,0,0,0,0,0
951,3,-7,-2,0,83,254,0,0
952,2,-8,-2,0,0,0,0,0
953,2,-8,-2,0,0,0,0,0
954,3,-6,-1,0,0,0,0,0
955,4,-8,-2,0,0,0,0,0
956,3,-7,-1,0,0,0,0,0
957,2,-6,-1,0,0,0,0,0
958,1,-6,-2,0,0,0,0,0
959,2,-7,-2,0,0,0,0,0
960,2,-7,0,0,92,254,0,0
961,4,-7,-1,0,0,0,0,0
962,1,-7,-1,0,88,254,0,0
963,-1,-6,-2,0,0,0,0,0
964,3,-10,0,0,0,0,0,0
965,4,-7,-1,0,0,0,0,0
966,3,-8,-3,0,0,0,0,0
967,3,-7,-1,0,0,0,0,0
968,4,-7,-1,0,0,0,0,0
969,2,-6,-1,0,0,0,0,0
970,0,-5,-1,0,0,0,0,0
971,3,-9,-2,0,0,0,0,0
972,3,-8,-2,0,0,0,0,0
973,2,-7,-2,0,0,0,0,0
974,3,-8,-2,0,0,0,0,0
975,1,-5,-1,0,85,254,0,0
976,2,-8,-1,0,0,0,0,0
977,3,-6,-2,0,0,0,0,0
978,2,-10,-1,0,0,0,0,0
979,2,-5,-2,0,0,0,0,0
980,1,-7,0,0,0,0,0,0
981,3,-8,-2,0,0,0,0,0
982,3,-8,-2,0,0,0,0,0
983,2,-8,-2,0,0,0,0,0
984,3,-7,0,0,0,0,0,0
985,1,-7,-1,0,82,254,0,0
986,2,-4,-1,0,0,0,0,0
987,3,-8,-1,0,0,0,0,0
988,2,-8,-1,0,0,0,0,0
989,3,-8,-2,0,0,0,0,0
990,2,-7,-1,0,2,0,0,0
991,5,-6,-1,0,79,254,0,0
992,2,-8,-1,0,0,0,0,0
993,2,-6,-2,0,0,0,0,0
994,3,-7,-1,0,0,0,0,0
995,2,-6,-2,0,86,254,0,0
996,2,-7,-1,0,0,0,0,0
997,2,-7,-1,0,0,0,0,0
998,2,-9,-1,0,2,0,0,0
999,5,-7,-1,0,89,254,0,0
1000,3,-8,-1,0,49,0,0,0
1001,2,-6,-1,0,0,0,0,0
1002,2,-8,-2,0,84,254,0,0
1003,3,-5,-1,0,0,0,0,0
1004,2,-7,-1,0,0,0,0,0
1005,2,-6,-1,0,2,0,0,0
1006,1,-6,-1,0,84,254,0,0
1007,2,-7,-2,0,49,0,0,0
1008,3,-8,-2,0,0,0,0,0
1009,3,-6,-1,0,2,0,0,0
1010,3,-7,-2,0,78,254,0,0
1011,3,-6,-3,0,0,0,0,0
1012,1,-8,-1,0,0,0,0,0
1013,2,-6,-1,0,0,0,0,0
1014,3,-6,-2,0,78,254,0,0
1015,2,-8,-1,0,86,254,0,0
1016,1,-8,-1,0,0,0,0,0
1017,3,-8,-1,0,0,0,0,0
1018,2,-6,0,0,83,0,0,0
1019,2,-7,-1,0,88,254,0,0
1020,2,-7,-2,0,0,0,0,0
1021,1,-7,-1,0,83,0,0,0
1022,1,-6,-1,0,2,0,0,0
1023,1,-7,-1,0,0,0,0,0
1024,2,-7,-1,0,0,0,0,0
1025,0,-6,-2,0,2,0,0,0
1026,3,-6,-1,0,0,0,0,0
1027,2,-6,-2,0,83,0,0,0
1028,2,-6,-2,0,0,0,0,0
1029,4,-6,-2,0,2,0,0,0
1030,2,-7,-1,0,91,254,0,0
1031,4,-7,-1,0,83,0,0,0
1032,2,-6,0,0,0,0,0,0
1033,2,-7,-1,0,2,0,0,0
1034,3,-7,-1,0,92,254,0,0
1035,6,-7,-1,0,83,0,0,0
1036,0,-6,-2,0,0,0,0,0
1037,2,-6,-2,0,86,254,0,0
1038,1,-7,-2,0,83,0,0,0
1039,2,-8,-1,0,0,0,0,0
1040,2,-7,-1,0,0,0,0,0
1041,1,-7,-1,0,95,254,0,0
1042,4,-6,-1,0,0,0,0,0
1043,2,-7,-1,0,0,0,0,0
1044,3,-5,-1,0,0,0,0,0
1045,3,-6,0,0,92,254,0,0
1046,2,-6,-1,0,0,0,0,0
1047,2,-7,-1,0,0,0,0,0
1048,2,-8,-1,0,110,0,0,0
1049,2,-7,-2,0,90,254,0,0
1050,1,-7,-3,0,2,0,0,0
1051,2,-5,-1,0,0,0,0,0
1052,2,-7,-2,0,110,0,0,0
1053,3,-7,-2,0,70,254,0,0
1054,2,-8,-1,0,0,0,0,0
1055,2,-7,-2,0,0,0,0,0
1056,3,-6,-1,0,68,254,0,0
1057,4,-8,-1,0,0,0,0,0
1058,2,-7,-1,0,0,0,0,0
1059,1,-8,-2,0,110,0,0,0
1060,2,-8,-1,0,83,254,0,0
1061,2,-7,-2,0,0,0,0,0
1062,2,-8,-1,0,0,0,0,0
1063,4,-7,-2,0,82,254,0,0
1064,3,-6,-1,0,0,0,0,0
1065,2,-7,-2,0,0,0,0,0
1066,2,-6,-1,0,81,254,0,0
1067,3,-8,0,0,2,0,0,0
1068,2,-8,-2,0,0,0,0,0
1069,2,-7,-2,0,110,0,0,0
1070,4,-7,-3,0,0,0,0,0
1071,3,-6,-2,0,2,0,0,0
1072,3,-10,-2,0,254,255,0,0
1073,4,-11,-2,0,110,0,0,0
1074,8,-10,-1,0,0,0,0,0
1075,6,-10,-3,0,2,0,0,0
1076,0,-6,-1,0,92,254,0,0
1077,3,-7,-2,0,110,0,0,0
1078,-1,-5,-2,0,0,0,0,0
1079,0,-4,0,0,2,0,0,0
1080,4,-10,-2,0,85,254,0,0
1081,-1,-4,-2,0,133,0,0,0
1082,5,-9,-1,0,0,0,0,0
1083,4,-7,-4,0,2,0,0,0
1084,4,-7,-1,0,97,254,0,0
1085,5,-7,-1,0,133,0,0,0
1086,5,-7,-1,0,0,0,0,0
1087,1,-6,-1,0,79,254,0,0
1088,1,-5,-2,0,70,254,0,0
1089,3,-6,0,0,133,0,0,0
1090,2,-6,-2,0,0,0,0,0
1091,4,-7,-3,0,0,0,0,0
1092,2,-7,-1,0,78,254,0,0
1093,2,-5,0,0,0,0,0,0
1094,3,-7,-1,0,2,0,0,0
1095,2,-8,-2,0,82,254,0,0
1096,3,-7,-1,0,0,0,0,0
1097,2,-8,-2,0,0,0,0,0
1098,2,-7,-2,0,2,0,0,0
1099,2,-7,0,0,88,254,0,0
1100,2,-7,-1,0,87,254,0,0
1101,3,-6,-1,0,2,0,0,0
1102,3,-6,-1,0,0,0,0,0
1103,3,-6,-1,0,0,0,0,0
1104,2,-6,-2,0,81,254,0,0
1105,2,-7,-1,0,2,0,0,0
1106,2,-7,-2,0,0,0,0,0
1107,2,-8,-2,0,0,0,0,0
1108,2,-7,0,0,88,254,0,0
1109,1,-6,-2,0,2,0,0,0
1110,0,-5,-1,0,0,0,0,0
1111,1,-6,-1,0,0,0,0,0
1112,3,-7,-1,0,78,254,0,0
1113,2,-7,-2,0,2,0,0,0
1114,2,-8,-2,0,0,0,0,0
1115,1,-7,-2,0,0,0,0,0
1116,2,-8,0,0,78,254,0,0
1117,2,-9,0,0,0,0,0,0
1118,1,-7,-1,0,0,0,0,0
1119,3,-8,0,0,77,254,0,0
1120,3,-7,0,0,2,0,0,0
1121,1,-7,-2,0,0,0,0,0
1122,2,-8,-2,0,0,0,0,0
1123,2,-8,-1,0,83,254,0,0
1124,2,-6,-1,0,2,0,0,0
1125,2,-6,-1,0,0,0,0,0
1126,3,-5,-1,0,0,0,0,0
1127,3,-7,-2,0,81,254,0,0
1128,3,-8,0,0,2,0,0,0
1129,1,-7,-1,0,0,0,0,0
1130,2,-6,-1,0,90,254,0,0
1131,2,-8,-1,0,0,0,0,0
1132,2,-7,0,0,0,0,0,0
1133,2,-6,-2,0,0,0,0,0
1134,3,-8,-2,0,86,254,0,0
1135,3,-8,-3,0,0,0,0,0
1136,2,-7,0,0,0,0,0,0
1137,2,-6,0,0,0,0,0,0
1138,4,-8,-1,0,0,0,0,0
1139,1,-8,-1,0,2,0,0,0
1140,2,-6,-2,0,94,254,0,0
1141,2,-6,-1,0,151,0,0,0
1142,2,-8,-2,0,0,0,0,0
1143,2,-6,-2,0,2,0,0,0
1144,3,-7,-2,0,90,254,0,0
1145,1,-6,-1,0,0,0,0,0
1146,2,-6,-1,0,94,254,0,0
1147,3,-7,-2,0,166,0,0,0
1148,4,-7,-2,0,0,0,0,0
1149,4,-9,-1,0,2,0,0,0
1150,2,-7,-1,0,80,254,0,0
1151,-1,-7,-1,0,166,0,0,0
1152,2,-6,-1,0,0,0,0,0
1153,3,-7,-2,0,2,0,0,0
1154,5,-7,-1,0,0,0,0,0
1155,2,-7,0,0,166,0,0,0
1156,3,-7,-3,0,0,0,0,0
1157,3,-5,-1,0,0,0,0,0
1158,3,-8,0,0,0,0,0,0
1159,2,-6,-2,0,0,0,0,0
1160,3,-7,0,0,0,0,0,0
1161,1,-5,-2,0,0,0,0,0
1162,3,-6,-2,0,0,0,0,0
1163,1,-6,-1,0,80,254,0,0
1164,3,-7,-2,0,0,0,0,0
1165,3,-7,-1,0,0,0,0,0
1166,2,-7,-1,0,0,0,0,0
1167,2,-8,-1,0,82,254,0,0
1168,1,-8,0,0,0,0,0,0
1169,1,-5,-1,0,0,0,0,0
1170,3,-6,-1,0,0,0,0,0
1171,1,-7,-1,0,88,254,0,0
1172,1,-8,-2,0,0,0,0,0
1173,2,-7,-1,0,0,0,0,0
1174,3,-7,-2,0,135,0,0,0
1175,3,-6,-2,0,84,254,0,0
1176,1,-8,-1,0,0,0,0,0
1177,2,-6,-2,0,2,0,0,0
1178,1,-7,-1,0,212,0,0,0
1179,3,-7,-2,0,0,0,0,0
1180,2,-7,-1,0,0,0,0,0
1181,2,-5,-2,0,2,0,0,0
1182,3,-6,-2,0,40,1,0,0
1183,3,-5,-1,0,0,0,0,0
1184,1,-7,-1,0,0,0,0,0
1185,3,-8,0,2,2,0,0,0
1186,1,-7,-1,0,107,1,0,0
1187,3,-7,-2,0,178,0,0,0
1188,3,-7,-1,0,0,0,0,0
1189,3,-5,-1,0,158,1,0,0
1190,3,-7,0,0,0,0,0,0
1191,11,-10,-1,0,112,254,0,0
1192,5,-9,-2,542,203,1,0,0
1193,3,-8,-1,0,0,0,0,0
1194,1,-5,-2,648,255,255,0,0
1195,4,-8,-1,0,0,0,0,0
1196,3,-6,0,0,0,0,235,2
1197,4,-7,-1,0,2,0,0,0
1198,2,-8,-256,0,0,0,0,0
1199,7,-8,-1,0,74,254,0,0
1200,-7,-4,-1,0,2,0,0,0
1201,7,-11,-3,0,0,0,0,0
1202,-1,-1,-2,-811,0,0,222,252
1203,-4,-2,-4,0,0,0,0,0
1204,9,-9,-3,0,116,253,0,0
1205,8,-6,-5,0,0,0,107,4
1206,11,-7,-3,0,23,3,23,3
1207,58,-53,-4,0,0,0,0,0
1208,-39,50,6,0,75,5,0,0
1209,39,-54,4,0,152,250,0,0
1210,173,-42,31,0,0,0,0,0
1211,-75,30,-19,0,0,0,0,0
1212,-19,-29,20,0,188,0,0,0
1213,-63,-16,-23,0,45,251,0,0
1214,-36,12,27,794,26,3,0,0
1215,178,-88,4,0,0,254,0,0
1216,-81,35,42,0,0,0,0,0
1217,33,14,46,795,27,3,0,0
1218,-127,51,-49,0,0,0,0,0
1219,-20,19,-38,1009,2,0,0,0
1220,123,-66,57,0,18,3,0,0
1221,-44,75,35,0,21,3,0,0
1222,0,58,43,0,202,255,0,0
1223,74,-83,-6,0,0,0,0,0
1224,-7,-38,136,0,188,0,0,0
1225,-74,131,86,0,24,3,24,3
1226,-116,76,-42,0,0,0,0,0
1227,17,35,34,0,188,0,0,0
1228,-94,51,-53,0,196,252,0,0
1229,243,-168,-39,973,2,0,0,0
1230,-6,-55,-63,0,0,0,0,0
1231,173,-85,61,0,217,255,0,0
1232,126,-72,-34,0,198,0,0,0
1233,-27,15,32,0,198,0,0,0
1234,-127,107,54,0,157,254,0,0
1235,153,-77,37,0,0,0,0,0
1236,175,-45,51,0,2,0,0,0
1237,-64,41,-32,0,0,0,0,0
1238,114,-90,-2,0,121,247,0,0
1239,-101,55,-6,0,0,0,0,0
1240,-20,-23,-44,0,0,0,0,0
1241,-2,4,36,0,0,0,0,0
1242,8,-19,5,0,0,0,0,0
1243,-16,-7,-40,0,94,248,0,0
1244,-4,-7,0,0,0,0,0,0
1245,36,-36,-13,0,0,0,0,0
1246,14,-7,4,0,2,0,0,0
1247,-2,-13,9,0,0,0,0,0
1248,35,-35,-11,0,207,0,0,0
1249,41,-37,1,0,0,0,0,0
1250,16,-12,2,0,0,0,0,0
1251,12,-14,-7,0,0,0,0,0
1252,1,-4,4,0,207,0,0,0
1253,-1,-6,-7,0,88,254,0,0
1254,2,-7,0,0,2,0,0,0
1255,3,-8,-3,0,110,254,0,0
1256,2,-6,-2,0,0,0,0,0
1257,3,-7,-2,0,240,254,0,0
1258,3,-8,-1,0,0,0,0,0
1259,1,-7,-1,0,0,0,0,0
1260,1,-7,-1,0,0,0,0,0
1261,5,-7,-1,0,0,0,0,0
1262,3,-5,-1,0,0,0,0,0
1263,2,-7,-2,0,0,0,0,0
1264,2,-6,0,0,0,0,0,0
1265,4,-8,-1,0,0,0,0,0
1266,3,-6,-1,0,0,0,0,0
1267,4,-6,-2,0,0,0,0,0
1268,3,-7,-2,0,0,0,0,0
1269,3,-7,-2,0,0,0,0,0
1270,1,-6,-2,0,201,254,0,0
1271,3,-6,-1,0,0,0,0,0
1272,0,-7,-1,0,224,254,0,0
1273,4,-7,-2,0,0,0,0,0
1274,3,-7,255,0,220,254,0,0
1275,3,-6,-1,0,218,254,0,0
1276,3,-7,-2,0,0,0,0,0
1277,2,-7,-3,0,0,0,0,0
1278,1,-6,-2,0,0,0,0,0
1279,2,-7,-2,0,219,254,0,0
1280,0,-7,-1,0,0,0,0,0
1281,1,-6,-2,0,0,0,0,0
1282,1,-7,-1,0,0,0,0,0
1283,2,-8,-2,0,0,0,0,0
1284,2,-6,-2,0,0,0,0,0
1285,2,-8,-3,0,0,0,0,0
1286,3,-8,-1,0,244,254,0,0
1287,5,-7,-2,0,234,254,0,0
1288,2,-6,-2,0,0,0,0,0
1289,3,-6,-3,0,0,0,0,0
1290,3,-6,-3,0,0,0,0,0
1291,1,-7,-1,0,0,0,0,0
1292,3,-6,-2,0,0,0,0,0
1293,1,-7,-2,0,0,0,0,0
1294,4,-7,-2,0,0,0,0,0
1295,3,-6,-2,0,255,255,0,0
1296,1,-7,-2,0,0,0,0,0
1297,2,-6,-2,0,0,0,0,0
1298,4,-6,-1,0,0,0,0,0
1299,2,-8,-1,0,0,0,0,0
1300,1,-7,-1,0,0,0,0,0
1301,3,-7,-1,0,0,0,0,0
1302,5,-8,-2,0,0,0,0,0
1303,3,-7,-1,0,228,254,0,0
1304,3,-7,-3,0,0,0,0,0
1305,2,-6,-2,0,0,0,0,0
1306,0,-7,-1,0,210,254,0,0
1307,3,-6,-2,0,0,0,0,0
1308,2,-7,-2,0,0,0,0,0
1309,3,-9,-2,0,230,254,0,0
1310,1,-7,-1,0,0,0,0,0
1311,2,-7,-3,0,227,254,0,0
1312,2,-5,-1,0,0,0,0,0
1313,2,-6,-3,0,208,254,0,0
1314,0,-9,-1,0,0,0,0,0
1315,2,-6,-2,0,249,254,0,0
1316,3,-6,-2,0,0,0,0,0
1317,2,-7,0,0,225,254,0,0
1318,4,-7,-2,0,0,0,0,0
1319,2,-7,-1,0,0,0,0,0
1320,3,-8,0,0,0,0,0,0
1321,4,-7,-1,0,0,0,0,0
1322,2,-8,-1,0,0,0,0,0
1323,1,-6,-2,0,0,0,0,0
1324,2,-8,-2,0,0,0,0,0
1325,2,-6,-2,0,0,0,0,0
1326,3,-9,-1,0,0,0,0,0
1327,4,-7,-1,0,0,0,0,0
1328,1,-6,-1,0,0,0,0,0
1329,3,-7,-1,0,0,0,0,0
1330,3,-6,-2,0,0,0,0,0
1331,2,-6,-2,0,0,0,0,0
1332,4,-6,-2,0,216,254,0,0
1333,3,-8,-1,0,0,0,0,0
1334,3,-6,-1,0,0,0,0,0
1335,3,-8,-2,0,0,0,0,0
1336,3,-6,-1,0,215,254,0,0
1337,1,-7,-1,0,0,0,0,0
1338,2,-7,-1,0,0,0,0,0
1339,2,-6,-2,0,217,254,0,0
1340,3,-8,-2,0,0,0,0,0
1341,0,-8,-2,0,0,0,0,0
1342,2,-6,-1,0,0,0,0,0
1343,3,-6,-1,0,218,254,0,0
1344,2,-6,-1,0,0,0,0,0
1345,3,-7,-1,0,0,0,0,0
1346,2,-6,-2,0,0,0,0,0
1347,2,-8,-2,0,0,0,0,0
1348,2,-7,-1,0,0,0,0,0
1349,4,-7,-2,0,219,254,0,0
1350,3,-7,-1,0,0,0,0,0
1351,2,-6,-1,0,0,0,0,0
1352,2,-7,-2,0,0,0,0,0
1353,3,-7,-2,0,231,254,0,0
1354,3,-7,-1,0,0,0,0,0
1355,2,-8,0,0,0,0,0,0
1356,4,-8,-1,0,0,0,0,0
1357,4,-6,-2,0,227,254,0,0
1358,2,-7,0,0,0,0,0,0
1359,3,-6,-2,0,0,0,0,0
1360,3,-7,-2,0,0,0,0,0
1361,3,-6,-1,0,218,254,0,0
1362,1,-8,-1,0,222,254,0,0
1363,3,-7,-2,0,0,0,0,0
1364,2,-7,-1,0,0,0,0,0
1365,3,-6,-1,0,0,0,0,0
1366,2,-7,-1,0,228,254,0,0
1367,3,-7,-1,0,0,0,0,0
1368,2,-8,-2,0,223,254,0,0
1369,4,-7,-1,0,0,0,0,0
1370,4,-7,-1,0,0,0,0,0
1371,2,-8,-2,0,0,0,0,0
1372,1,-7,0,0,218,254,0,0
1373,1,-8,-1,0,0,0,0,0
1374,2,-6,-2,0,0,0,0,0
1375,4,-8,-2,0,254,255,0,0
1376,2,-7,-1,0,0,0,0,0
1377,1,-7,-1,0,0,0,0,0
1378,3,-7,-3,0,0,0,0,0
1379,4,-6,-1,0,0,0,0,0
1380,1,-7,-2,0,223,254,0,0
1381,1,-8,-1,0,0,0,0,0
1382,2,-7,-1,0,0,0,0,0
1383,3,-8,-2,0,224,254,0,0
1384,2,-6,-1,0,0,0,0,0
1385,3,-7,-2,0,0,0,0,0
1386,2,-7,-2,0,0,0,0,0
1387,1,-7,-1,0,0,0,0,0
1388,2,-7,-2,0,0,0,0,0
1389,3,-8,-2,0,219,254,0,0
1390,3,-6,0,0,0,0,0,0
1391,2,-8,-2,0,0,0,0,0
1392,3,-7,-2,0,0,0,0,0
1393,3,-6,-1,0,214,254,0,0
1394,3,-7,-1,0,0,0,0,0
1395,3,-6,-2,0,0,0,0,0
1396,1,-7,-2,0,0,0,0,0
1397,3,-7,-2,0,0,0,0,0
1398,-28,1,-3,0,74,255,0,0
1399,4,-9,0,0,198,254,0,0
1400,5,-9,-3,0,0,0,0,0
1401,-2,-5,-2,0,0,0,0,0
1402,2,-6,0,0,0,0,0,0
1403,3,-8,0,0,212,254,0,0
1404,3,-8,-1,0,0,0,0,0
1405,4,-7,-1,0,229,254,0,0
1406,1,-6,-1,0,0,0,0,0
1407,4,-6,-1,0,0,0,0,0
1408,1,-8,-2,0,0,0,0,0
1409,2,-7,-1,0,0,0,0,0
1410,1,-8,-2,0,0,0,0,0
1411,3,-7,0,0,218,254,0,0
1412,1,-6,-1,0,0,0,0,0
1413,2,-7,-2,0,0,0,0,0
1414,1,-6,-1,0,217,254,0,0
1415,4,-6,-3,0,0,0,0,0
1416,3,-6,-1,0,0,0,0,0
1417,4,-7,-1,0,218,254,0,0
1418,4,-7,0,0,220,254,0,0
1419,3,-9,-4,0,0,0,0,0
1420,2,-6,0,0,0,0,0,0
1421,2,-7,-1,0,0,0,0,0
1422,-6,-5,-2,0,213,254,0,0
1423,-1,-5,-2,0,0,0,0,0
1424,-2,-6,-2,0,0,0,0,0
1425,3,-7,-3,0,0,0,0,0
1426,2,-7,-2,0,220,254,0,0
1427,2,-6,-2,0,0,0,0,0
1428,2,-6,-1,0,0,0,0,0
1429,3,-8,-2,0,0,0,0,0
1430,3,-7,-2,0,0,0,0,0
1431,3,-8,-1,0,0,0,0,0
1432,3,-6,-2,0,0,0,0,0
1433,2,-6,-2,0,215,254,0,0
1434,3,-5,-3,0,0,0,0,0
1435,2,-6,-2,0,223,254,0,0
1436,3,-7,-2,0,0,0,0,0
1437,1,-8,-1,0,218,254,0,0
1438,1,-7,-1,0,0,0,0,0
1439,2,-6,-2,0,0,0,0,0
1440,1,-7,-1,0,0,0,0,0
1441,3,-8,-2,0,0,0,0,0
1442,3,-7,-1,0,226,254,0,0
1443,3,-7,-2,0,0,0,0,0
1444,-1,-3,-3,0,0,0,0,0
1445,0,-8,-3,0,228,254,0,0
1446,4,-7,0,0,0,0,0,0
1447,5,-7,-2,0,0,0,0,0
1448,1,-8,-1,0,0,0,0,0
1449,2,-7,-3,0,216,254,0,0
1450,2,-8,-2,0,0,0,0,0
1451,1,-8,-1,0,0,0,0,0
1452,2,-7,-1,0,220,254,0,0
1453,2,-7,-2,0,0,0,0,0
1454,1,-7,-2,0,0,0,0,0
1455,2,-7,-2,0,0,0,0,0
1456,1,-7,-2,0,0,0,0,0
1457,1,-7,-1,0,0,0,0,0
1458,3,-6,0,0,0,0,0,0
1459,3,-8,-1,0,0,0,0,0
1460,3,-6,-2,0,0,0,0,0
1461,2,-6,-1,0,0,0,0,0
1462,1,-8,-1,0,0,0,0,0
1463,2,-7,-2,0,0,0,0,0
1464,3,-8,-1,0,0,0,0,0
1465,2,-7,-1,0,0,0,0,0
1466,3,-8,0,0,0,0,0,0
1467,2,-6,-1,0,0,0,0,0
1468,2,-7,-1,0,230,254,0,0
1469,3,-7,-2,0,0,0,0,0
1470,5,-10,-1,0,0,0,0,0
1471,4,-8,-2,0,0,0,0,0
1472,6,-8,-2,0,0,0,0,0
1473,4,-5,-2,0,0,0,0,0
1474,4,-7,-2,0,0,0,0,0
1475,4,-7,-2,0,0,0,0,0
1476,1,-7,-1,0,0,0,0,0
1477,3,-7,-2,0,227,254,0,0
1478,2,-7,-3,0,0,0,0,0
1479,2,-7,-1,0,0,0,0,0
1480,2,-7,-1,0,0,0,0,0
1481,3,-10,-2,0,0,0,0,0
1482,3,-6,-1,0,0,0,0,0
1483,3,-8,-1,0,0,0,0,0
1484,1,-7,-1,0,0,0,0,0
1485,1,-8,-1,0,0,0,0,0
1486,3,-8,-1,0,0,0,0,0
1487,2,-7,-1,0,0,0,0,0
1488,4,-8,-1,0,0,0,0,0
1489,2,-7,-2,0,215,254,0,0
1490,0,-7,0,0,0,0,0,0
1491,1,-6,-1,0,0,0,0,0
1492,2,-6,-1,0,0,0,0,0
1493,2,-7,-1,0,0,0,0,0
1494,2,-7,-2,0,214,254,0,0
1495,3,-9,-1,0,0,0,0,0
1496,5,-7,-2,0,226,254,0,0
1497,3,-6,-1,0,0,0,0,0
1498,2,-6,-1,0,0,0,0,0
1499,2,-7,-3,0,0,0,0,0
1500,2,-7,-1,0,0,0,0,0
1501,1,-8,0,0,211,254,0,0
1502,1,-6,-2,0,0,0,0,0
1503,4,-6,-2,0,0,0,0,0
1504,2,-7,-1,0,0,0,0,0
1505,0,-8,-2,0,0,0,0,0
1506,3,-7,-1,0,0,0,0,0
1507,4,-6,-1,0,0,0,0,0
1508,3,-6,-1,0,255,255,0,0
1509,5,-9,-2,0,0,0,0,0
1510,2,-8,-1,0,179,254,0,0
1511,4,-7,-1,0,0,0,0,0
1512,-2,-5,-1,0,0,0,0,0
1513,2,-6,-2,0,0,0,0,0
1514,-3,-5,-2,0,0,0,0,0
1515,3,-7,-1,0,0,0,0,0
1516,4,-8,-2,0,0,0,0,0
1517,2,-8,-1,0,0,0,1,0
1518,4,-7,-1,0,0,0,1,0
1519,2,-6,-1,0,0,0,0,0
1520,2,-6,-1,0,0,0,0,0
1521,2,-7,-3,0,0,0,0,0
1522,2,-8,-1,0,0,0,0,0
1523,1,-7,-1,0,0,0,0,0
1524,2,-7,-2,0,0,0,0,0
1525,2,-7,-1,0,0,0,0,0
1526,3,-6,-1,0,0,0,0,0
1527,3,-8,0,0,0,0,0,0
1528,3,-6,-1,0,0,0,0,0
1529,3,-7,-1,0,0,0,0,0
1530,2,-8,-1,0,0,0,0,0
1531,2,-6,-3,0,0,0,1,0
1532,4,-6,-2,0,0,0,0,0
1533,1,-7,-2,0,0,0,0,0
1534,3,-6,-1,0,0,0,0,0
1535,1,-6,-1,0,255,255,0,0
1536,1,-6,-2,0,0,0,0,0
1537,3,-7,-1,0,0,0,0,0
1538,2,-8,-1,0,23,255,0,0
1539,6,-11,-1,0,0,0,0,0
1540,7,-11,-3,0,0,0,0,0
1541,7,-11,-3,0,0,0,0,0
1542,5,-10,-1,0,74,255,0,0
1543,7,-5,-3,0,0,0,0,0
1544,0,-15,-1,0,0,0,0,0
1545,-7,1,0,0,0,0,0,0
1546,2,-9,0,0,3,255,0,0
1547,-1,-6,-2,0,0,0,0,0
1548,3,-7,-1,0,27,255,0,0
1549,3,-8,-1,0,0,0,0,0
1550,4,-8,-1,0,0,0,0,0
1551,1,-8,-1,0,0,0,0,0
1552,0,-6,-1,0,170,254,0,0
1553,3,-6,-2,0,0,0,0,0
1554,4,-7,-1,0,2,0,0,0
1555,1,-6,-2,0,0,0,0,0
1556,2,-7,-1,0,16,255,0,0
1557,1,-7,-2,0,0,0,0,0
1558,4,-8,-2,0,0,0,0,0
1559,4,-8,0,0,0,0,0,0
1560,9,-7,-1,0,0,0,0,0
1561,-1,-7,-1,0,0,0,0,0
1562,2,-5,-2,0,160,254,0,0
1563,1,-10,1,0,0,0,0,0
1564,5,-5,-2,0,0,0,0,0
1565,9,-11,-2,0,0,0,0,0
1566,-1,-6,1,0,171,254,0,0
1567,2,-8,-2,0,0,0,0,0
1568,1,-9,-2,0,108,255,0,0
1569,10,-10,-1,0,0,0,0,0
1570,9,-9,-1,0,152,254,0,0
1571,-4,-8,-2,0,0,0,0,0
1572,5,-6,-1,0,12,255,0,0
1573,0,-7,-2,0,0,0,0,0
1574,0,-7,-2,0,0,0,0,0
1575,3,-8,0,0,227,254,0,0
1576,2,-8,-2,0,2,0,0,0
1577,3,-9,-1,0,0,0,0,0
1578,1,-5,-2,0,0,0,0,0
1579,2,-9,-1,0,219,254,0,0
1580,3,-7,-1,0,2,0,0,0
1581,3,-7,0,0,0,0,0,0
1582,0,-7,-2,0,0,0,0,0
1583,1,-7,-2,0,214,254,0,0
1584,3,-8,-1,0,2,0,0,0
1585,5,-7,-3,0,0,0,0,0
1586,3,-8,-3,0,183,254,0,0
1587,1,-5,-3,0,243,254,0,0
1588,2,-7,-1,0,0,0,0,0
1589,2,-8,-2,0,0,0,0,0
1590,3,-5,-2,0,208,254,0,0
1591,2,-7,-1,0,0,0,0,0
1592,1,-9,-1,0,0,0,0,0
1593,4,-6,-1,0,249,254,0,0
1594,3,-6,-2,0,0,0,0,0
1595,3,-7,-2,0,0,0,0,0
1596,1,-8,-1,0,0,0,0,0
1597,3,-7,-2,0,221,254,0,0
1598,1,-7,-1,0,0,0,0,0
1599,1,-7,-1,0,0,0,0,0
1600,3,-7,-1,0,0,0,0,0
1601,2,-6,-1,0,0,0,0,0
1602,2,-7,-1,0,2,0,0,0
1603,1,-6,-1,0,0,0,0,0
1604,2,-8,-1,0,0,0,0,0
1605,5,-7,-1,0,222,254,0,0
1606,2,-7,-1,0,2,0,0,0
1607,2,-7,-2,0,0,0,0,0
1608,1,-7,-3,0,0,0,0,0
1609,3,-7,-2,0,0,0,0,0
1610,1,-6,0,0,2,0,0,0
1611,3,-8,-1,0,200,254,0,0
1612,1,-7,-2,0,0,0,0,0
1613,3,-8,-2,0,0,0,0,0
1614,2,-7,-1,0,2,0,0,0
1615,2,-6,-1,0,227,254,0,0
1616,2,-7,-2,0,0,0,0,0
1617,2,-8,-1,0,0,0,0,0
1618,1,-7,-1,0,212,254,0,0
1619,2,-6,-2,0,0,0,0,0
1620,1,-8,-1,0,0,0,0,0
1621,2,-8,-1,0,2,0,0,0
1622,0,-7,-1,0,224,254,0,0
1623,3,-7,-2,0,0,0,0,0
1624,2,-7,-2,0,209,254,0,0
1625,2,-6,-1,0,237,254,0,0
1626,4,-6,-2,0,0,0,0,0
1627,-1,-5,-3,0,215,254,0,0
1628,3,-6,-1,0,2,0,0,0
1629,2,-6,-2,0,210,254,0,0
1630,1,-7,0,0,226,254,0,0
1631,3,-6,-1,0,0,0,0,0
1632,3,-5,-3,0,0,0,0,0
1633,3,-7,-1,0,0,0,0,0
1634,2,-5,-1,0,0,0,0,0
1635,2,-6,-2,0,0,0,0,0
1636,1,-6,-2,0,254,254,0,0
1637,1,-7,-1,0,0,0,0,0
1638,2,-8,-1,0,0,0,0,0
1639,3,-7,-1,0,0,0,0,0
1640,3,-6,0,0,230,254,0,0
1641,3,-8,-1,0,0,0,0,0
1642,3,-7,-2,0,0,0,0,0
1643,2,-7,-3,0,0,0,0,0
1644,3,-7,0,0,0,0,0,0
1645,1,-7,-2,0,0,0,0,0
1646,3,-7,-1,0,0,0,0,0
1647,3,-7,-2,0,199,254,0,0
1648,1,-7,-2,0,0,0,0,0
1649,1,-6,-2,0,216,254,0,0
1650,3,-8,-1,0,0,0,0,0
1651,1,-7,-2,0,0,0,0,0
1652,3,-7,-2,0,0,0,0,0
1653,1,-8,-2,0,0,0,0,0
1654,2,-7,-1,0,0,0,0,0
1655,2,-7,0,0,0,0,0,0
1656,1,-7,-3,0,132,0,0,0
1657,0,-7,-2,0,180,254,0,0
1658,4,-7,-1,0,2,0,0,0
1659,-1,-6,-2,0,239,254,0,0
1660,3,-6,-2,0,0,0,0,0
1661,1,-6,-2,0,0,0,0,0
1662,4,-7,-1,0,170,254,0,0
1663,0,-6,-2,0,0,0,0,0
1664,2,-6,-1,0,0,0,0,0
1665,4,-6,0,0,246,254,0,0
1666,1,-7,-1,0,0,0,0,0
1667,3,-6,-3,0,208,254,0,0
1668,3,-6,-1,0,0,0,0,0
1669,2,-7,-3,0,0,0,0,0
1670,2,-6,-1,0,233,254,0,0
1671,3,-7,-2,0,0,0,0,0
1672,1,-7,-2,0,0,0,0,0
1673,3,-7,0,0,0,0,0,0
1674,2,-7,-2,0,2,0,0,0
1675,3,-7,-1,0,0,0,0,0
1676,2,-7,-1,0,0,0,0,0
1677,1,-6,-2,0,0,0,0,0
1678,1,-7,-1,0,222,254,0,0
1679,2,-6,-2,0,0,0,0,0
1680,2,-7,-2,0,218,254,0,0
1681,3,-6,-1,0,0,0,0,0
1682,0,-7,-2,0,2,0,0,0
1683,3,-6,-1,0,226,254,0,0
1684,3,-6,-2,0,150,0,0,0
1685,3,-7,-3,0,0,0,0,0
1686,2,-7,-2,0,2,0,0,0
1687,4,-8,-1,0,225,254,0,0
1688,4,-7,-1,0,0,0,0,0
1689,4,-6,-1,0,209,254,0,0
1690,1,-6,-2,0,0,0,0,0
1691,1,-6,-1,0,230,254,0,0
1692,4,-7,-2,0,0,0,0,0
1693,1,-7,-1,0,150,0,0,0
1694,2,-8,-1,0,0,0,0,0
1695,2,-7,-1,0,0,0,0,0
1696,3,-6,-1,0,0,0,0,0
1697,2,-8,-2,0,150,0,0,0
1698,3,-7,0,0,0,0,0,0
1699,3,-7,-2,0,0,0,0,0
1700,1,-7,-2,0,0,0,0,0
1701,1,-6,-1,0,0,0,0,0
1702,3,-6,-1,0,2,0,0,0
1703,1,-6,-2,0,218,254,0,0
1704,2,-7,-1,0,0,0,0,0
1705,1,-7,-1,0,191,254,0,0
1706,1,-5,-1,0,0,0,0,0
1707,2,-8,-1,0,239,254,0,0
1708,2,-7,-1,0,0,0,0,0
1709,2,-9,-1,0,195,254,0,0
1710,2,-7,-1,0,0,0,0,0
1711,2,-7,-2,0,2,0,0,0
1712,2,-7,-1,0,0,0,0,0
1713,2,-5,-2,0,0,0,0,0
1714,1,-7,-2,0,0,0,0,0
1715,3,-7,-1,0,165,0,0,0
1716,3,-7,0,0,0,0,0,0
1717,3,-6,-1,0,0,0,0,0
1718,3,-8,-2,0,194,254,0,0
1719,4,-8,-4,0,0,0,0,0
1720,1,-6,0,0,224,254,0,0
1721,3,-6,-1,0,0,0,0,0
1722,2,-6,-2,0,229,254,0,0
1723,3,-6,0,0,223,254,0,0
1724,2,-7,-2,0,0,0,0,0
1725,2,-7,-2,0,165,0,0,0
1726,2,-8,-2,0,0,0,0,0
1727,4,-8,-1,0,214,254,0,0
1728,2,-6,-1,0,0,0,0,0
1729,1,-7,-1,0,229,254,0,0
1730,2,-7,-3,0,0,0,0,0
1731,0,-7,-2,0,253,255,0,0
1732,2,-7,-1,0,0,0,0,0
1733,2,-7,-1,0,0,0,0,0
1734,2,-7,-1,0,238,254,0,0
1735,2,-8,-3,0,221,254,0,0
1736,3,-7,-1,0,0,0,0,0
1737,2,-8,-1,0,0,0,0,0
1738,2,-6,-1,0,0,0,0,0
1739,3,-7,-3,0,0,0,0,0
1740,2,-7,0,0,0,0,0,0
1741,1,-6,-2,0,0,0,0,0
1742,1,-9,-2,0,165,0,0,0
1743,2,-6,0,0,214,254,0,0
1744,2,-7,-1,0,2,0,0,0
1745,3,-7,-3,0,238,254,0,0
1746,2,-6,-1,0,177,0,0,0
1747,1,-7,-1,0,0,0,0,0
1748,2,-7,-1,0,0,0,0,0
1749,2,-6,0,0,220,254,0,0
1750,0,-8,0,0,0,0,0,0
1751,2,-7,-1,0,0,0,0,0
1752,1,-8,-2,0,226,254,0,0
1753,2,-7,-1,0,0,0,0,0
1754,1,-6,-2,0,233,254,0,0
1755,4,-7,-2,0,0,0,0,0
1756,0,-7,-1,0,0,0,0,0
1757,4,-7,0,0,0,0,0,0
1758,3,-9,-1,0,240,254,0,0
1759,4,-7,-2,0,0,0,0,0
1760,-2,-5,-2,0,0,0,0,0
1761,5,-8,0,0,0,0,0,0
1762,3,-8,-3,0,177,0,0,0
1763,1,-5,-3,0,0,0,0,0
1764,3,-7,-3,0,216,254,0,0
1765,3,-8,-2,0,0,0,0,0
1766,5,-8,-3,0,2,0,0,0
1767,2,-8,-2,0,0,0,0,0
1768,3,-6,-2,0,0,0,0,0
1769,1,-8,-1,0,224,254,0,0
1770,1,-6,-2,0,0,0,0,0
1771,0,-7,-2,0,0,0,0,0
1772,2,-6,-2,0,2,0,0,0
1773,0,-5,-1,0,0,0,0,0
1774,-8,-3,0,0,0,0,0,0
1775,-13,9,-1,0,0,0,0,0
1776,-22,4,-2,0,0,0,0,0
1777,-5,-4,-1,0,186,0,0,0
1778,-1,-7,-2,0,0,0,0,0
1779,13,-12,-3,0,0,0,0,0
1780,16,-15,-2,0,186,0,0,0
1781,11,-9,0,0,233,254,0,0
1782,4,-9,-2,0,0,0,0,0
1783,10,-9,-3,0,0,0,0,0
1784,1,-5,-3,0,0,0,0,0
1785,4,-6,-3,0,10,255,0,0
1786,1,-7,-2,0,0,0,0,0
1787,4,-9,0,0,251,254,0,0
1788,2,-5,0,0,254,254,0,0
1789,0,-7,-1,0,186,0,0,0
1790,3,-7,-2,0,238,254,0,0
1791,2,-6,0,0,2,0,0,0
1792,2,-7,-1,0,0,0,0,0
1793,4,-7,-1,0,186,0,0,0
1794,1,-7,-2,0,0,0,0,0
1795,1,-6,-1,0,0,0,0,0
1796,3,-6,-1,0,186,0,0,0
1797,3,-7,-2,0,0,0,0,0
1798,1,-5,-2,0,228,254,0,0
1799,1,-7,-2,0,0,0,0,0
1800,2,-7,0,0,194,0,0,0
1801,4,-7,-2,0,0,0,0,0
1802,2,-7,-1,0,2,0,0,0
1803,6,-6,-1,0,0,0,0,0
1804,1,-8,-3,0,216,254,0,0
1805,3,-6,-1,0,0,0,0,0
1806,4,-6,-1,0,0,0,0,0
1807,2,-6,-2,0,0,0,0,0
1808,3,-7,-1,0,0,0,0,0
1809,2,-7,-2,0,0,0,0,0
1810,3,-8,-2,0,0,0,0,0
1811,4,-8,-2,0,0,0,0,0
1812,3,-5,-3,0,0,0,0,0
1813,2,-8,-2,0,0,0,0,0
1814,3,-7,-2,0,0,0,0,0
1815,0,-6,-1,0,253,255,0,0
1816,2,-8,-1,0,2,0,0,0
1817,2,-6,-1,1,34,2,34,2
1818,2,-8,-1,0,223,254,0,0
1819,2,-7,-1,0,0,0,0,0
1820,3,-5,-2,0,2,0,0,0
1821,-3,3,0,0,0,0,0,0
1822,7,-16,0,0,0,0,0,0
1823,3,-10,0,0,0,0,0,0
1824,255,-6,-3,0,0,0,0,0
1825,22,-2,17,0,0,0,0,0
1826,-3,-26,32,0,0,0,0,0
1827,-26,-16,27,0,0,0,0,0
1828,-28,-18,53,1267,78,3,70,3
1829,-35,-30,-62,0,0,0,0,0
1830,-8,-24,7,0,0,0,0,0
1831,59,-19,-12,0,0,0,0,0
1832,53,-38,48,0,156,3,0,0
1833,-12,10,-56,0,237,3,221,3
1834,-14,-22,28,0,0,0,0,0
1835,-66,-37,-10,0,214,0,0,0
1836,14,-41,-15,0,2,0,0,0
1837,-21,-21,-9,0,12,0,224,4
1838,0,-21,36,0,81,1,0,0
1839,-65,4,-3,0,2,0,0,0
1840,-49,-21,-2,0,0,0,0,0
1841,14,-30,40,0,12,0,224,4
1842,32,7,12,0,148,2,0,0
1843,-20,22,-27,0,2,0,0,0
1844,27,15,18,0,0,0,0,0
1845,25,43,-42,0,0,0,0,0
1846,95,-2,-14,0,13,0,232,4
1847,1,-46,14,0,2,0,0,0
1848,-90,-89,53,0,0,0,0,0
1849,59,10,-30,0,0,255,0,0
1850,-11,-16,-65,0,0,0,0,0
1851,-1,-4,77,0,2,0,0,0
1852,-45,67,5,0,0,0,0,0
1853,33,9,-26,0,0,0,0,0
1854,-41,-8,23,0,0,0,43,0
1855,-20,-43,20,0,0,0,0,0
1856,43,-76,-19,0,0,0,0,0
1857,20,-77,8,0,0,0,0,0
1858,-26,-39,10,0,0,0,0,0
1859,7,-46,-26,0,2,0,0,0
1860,-65,-29,-26,0,0,0,198,1
1861,33,-87,13,236,0,0,198,1
1862,-19,-97,2,218,2,0,0,0
1863,4,-104,-65,0,0,0,93,252
1864,94,-115,28,0,0,0,0,0
1865,20,-8,-20,0,0,0,0,0
1866,-11,-31,-39,0,4,0,0,0
1867,-22,-61,-44,0,0,0,0,0
1868,-6,-25,18,0,0,0,0,0
1869,39,-32,30,0,0,0,0,0
1870,-44,-24,4,0,226,252,0,0
1871,11,-15,18,0,226,252,0,0
1872,-20,-14,-20,0,53,253,0,0
1873,-1,-21,19,0,223,0,0,0
1874,-8,-15,-4,0,0,0,0,0
1875,8,-9,0,0,227,0,0,0
1876,-12,40,-6,0,18,0,74,0
1877,7,-44,15,0,29,0,0,0
1878,-22,48,0,0,0,0,0,0
1879,21,2,1,0,0,0,0,0
1880,0,8,35,0,227,0,0,0
1881,4,39,-50,0,0,0,0,0
1882,-15,-11,24,0,2,0,0,0
1883,-89,-5,13,0,0,0,1,0
1884,-61,-11,-14,0,0,0,1,0
1885,2,-14,-4,0,0,0,0,0
1886,-31,-23,-1,0,248,253,0,0
1887,4,7,6,0,0,0,0,0
1888,-4,-10,-3,0,255,255,0,0
1889,-2,3,0,0,0,0,0,0
1890,6,-8,-5,0,233,0,0,0
1891,3,-8,0,0,0,0,0,0
1892,0,-6,-3,0,124,0,0,0
1893,1,-3,-1,0,127,255,0,0
1894,4,-11,-2,0,0,0,0,0
1895,0,-6,-2,0,252,255,0,0
1896,4,-7,-1,0,103,254,0,0
1897,4,-7,-1,0,0,0,0,0
1898,5,-9,-2,0,0,0,0,0
1899,1,-5,-2,0,0,0,0,0
1900,2,-7,1,0,0,0,0,0
1901,3,-6,-2,0,0,0,0,0
1902,2,-7,-2,0,0,0,0,0
1903,4,-8,-2,0,0,0,0,0
1904,3,-9,-1,0,2,0,0,0
1905,1,-7,-1,0,0,0,0,0
1906,1,-7,-2,0,218,254,0,0
1907,1,-6,0,0,0,0,0,0
1908,4,-8,-1,0,0,0,0,0
1909,3,-8,-1,0,0,0,0,0
1910,2,-5,-2,0,218,254,0,0
1911,1,-6,-1,0,255,255,0,0
1912,2,-6,-3,0,255,255,0,0
1913,3,-8,-256,0,255,255,0,0
1914,3,-9,-1,0,0,0,0,0
1915,2,-7,-2,0,0,0,0,0
1916,2,-7,0,0,0,0,0,0
1917,2,-7,0,0,98,255,0,0
1918,3,-10,-1,0,0,0,0,0
1919,-1,-5,-2,0,1,255,0,0
1920,2,-8,-2,0,2,0,0,0
1921,2,-8,-2,0,0,0,0,0
1922,5,-7,0,0,0,0,0,0
1923,1,-7,-2,0,2,0,0,0
1924,2,-7,-2,0,0,0,0,0
1925,6,-6,-2,0,0,0,0,0
1926,2,-7,-3,0,0,0,0,0
1927,4,-8,-1,0,238,254,0,0
1928,2,-8,-1,0,0,0,0,0
1929,1,-6,-2,0,0,0,0,0
1930,4,-6,-1,0,0,0,0,0
1931,0,-8,-2,0,0,0,0,0
1932,4,-7,-2,0,0,0,0,0
1933,0,-6,-1,0,219,254,0,0
1934,1,-7,-1,0,0,0,0,0
1935,4,-9,-1,0,244,254,0,0
1936,3,-7,-1,0,0,0,0,0
1937,4,-6,-3,0,0,0,0,0
1938,3,-8,-1,0,0,0,0,0
1939,2,-7,-2,0,255,255,0,0
1940,3,-7,-1,0,255,255,0,0
1941,4,-7,-2,0,0,0,0,0
1942,-3,-6,-1,0,188,254,0,0
1943,3,-6,-3,0,0,0,0,0
1944,1,-7,0,0,0,0,0,0
1945,1,-6,-1,0,0,0,0,0
1946,-3,-5,-1,0,255,255,0,0
1947,2,-8,-2,0,255,255,0,0
1948,2,-7,-2,0,0,0,0,0
1949,3,-8,-1,0,221,254,0,0
1950,-2,-7,0,0,2,0,0,0
1951,0,-7,0,0,215,254,0,0
1952,-1,-7,-1,0,215,254,0,0
1953,3,-7,-2,0,0,0,0,0
1954,3,-6,-2,0,255,254,0,0
1955,4,-10,0,0,0,0,0,0
1956,4,-6,-1,0,0,0,0,0
1957,2,-7,1,0,0,0,0,0
1958,2,-8,-2,0,0,0,0,0
1959,1,-4,-1,0,2,0,0,0
1960,6,-8,-1,0,0,0,0,0
1961,1,-7,-2,0,0,0,0,0
1962,1,-6,0,0,0,0,0,0
1963,2,-6,-1,0,190,254,0,0
1964,2,-8,-1,0,0,0,0,0
1965,5,-7,-1,0,0,0,0,0
1966,5,-9,-2,0,0,0,0,0
1967,0,-6,-2,0,0,0,0,0
1968,0,-9,-3,0,0,0,0,0
1969,3,-6,-1,0,235,0,0,0
1970,3,-7,-1,0,0,0,0,0
1971,2,-7,-2,0,208,254,0,0
1972,0,-8,0,0,0,0,0,0
1973,3,-2,-4,0,0,0,0,0
1974,-6,-12,-1,0,0,0,0,0
1975,-6,-6,0,0,238,0,0,0
1976,7,-8,-2,0,130,254,0,0
1977,2,-7,-1,0,0,0,0,0
1978,2,-9,-1,0,0,0,0,0
1979,0,-6,-1,0,0,0,0,0
1980,0,-7,-2,0,2,0,0,0
1981,4,-6,0,0,0,0,0,0
1982,5,-7,-2,0,0,0,0,0
1983,1,-5,-1,0,0,0,0,0
1984,5,-11,-1,0,0,0,0,0
1985,3,-5,-1,0,235,0,0,0
1986,2,-7,-2,0,0,0,0,0
1987,1,-7,-3,0,0,0,0,0
1988,3,-6,-2,0,0,0,0,0
1989,4,-8,-1,0,194,254,0,0
1990,2,-7,-2,0,209,254,0,0
1991,3,-8,0,0,238,0,0,0
1992,2,-7,-2,0,0,0,0,0
1993,2,-8,-2,0,195,254,0,0
1994,1,-5,-1,0,227,254,0,0
1995,2,-9,-1,0,2,0,0,0
1996,3,-8,-2,0,0,0,0,0
1997,3,-8,-2,0,0,0,0,0
1998,2,-8,-1,0,203,254,0,0
1999,4,-7,-2,0,2,0,0,0
2000,1,-7,-1,0,230,254,0,0
2001,4,-6,-2,0,235,0,0,0
2002,4,-6,-1,0,0,0,0,0
2003,2,-8,-2,0,213,254,0,0
2004,3,-6,-2,0,2,0,0,0
2005,3,-7,-1,0,0,0,0,0
2006,3,-7,-2,0,204,254,0,0
2007,1,-6,-2,0,238,0,0,0
2008,2,-6,-2,0,0,0,0,0
2009,3,-7,-1,0,0,0,0,0
2010,3,-9,-1,0,124,0,0,0
2011,2,-6,-2,0,0,0,0,0
2012,0,-8,-1,0,0,0,0,0
2013,3,-6,-2,0,0,0,0,0
2014,2,-7,-3,0,208,254,0,0
2015,2,-8,-2,0,0,0,0,0
2016,1,-8,-1,0,0,0,0,0
2017,3,-7,-1,0,0,0,0,0
2018,1,-8,-1,0,0,0,0,0
2019,-1,-6,-2,0,0,0,0,0
2020,2,-7,-2,0,235,0,0,0
2021,-1,-8,-1,0,0,0,0,0
2022,2,-5,-2,0,221,254,0,0
2023,0,-7,-2,0,0,0,0,0
2024,6,-7,-1,0,0,0,0,0
2025,-1,-6,-3,0,0,0,0,0
2026,2,-9,-2,0,9,255,0,0
2027,0,-6,-1,0,124,0,0,0
2028,5,-8,-1,0,0,0,0,0
2029,1,-7,-1,0,0,0,0,0
2030,3,-8,-2,0,6,255,0,0
2031,2,-7,-1,0,238,0,0,0
2032,2,-7,-1,0,0,0,0,0
2033,1,-7,-1,0,0,0,0,0
2034,3,-7,-2,0,223,254,0,0
2035,3,-7,0,0,222,254,0,0
2036,3,-8,-2,0,0,0,0,0
2037,4,-7,-2,0,0,0,0,0
2038,2,-6,-3,0,217,254,0,0
2039,2,-7,-1,0,2,0,0,0
2040,2,-6,-2,0,0,0,0,0
2041,2,-7,-1,0,216,254,0,0
2042,2,-8,-1,0,124,0,0,0
2043,2,-7,-3,0,0,0,0,0
2044,0,-7,-3,0,0,0,0,0
2045,1,-7,-1,0,0,0,0,0
2046,2,-9,0,0,0,0,0,0
2047,1,7,-6,0,50,0,0,0
2048,1,5,-7,0,0,0,0,0
2049,3,-13,0,0,235,0,0,0
2050,2,1,-7,0,0,0,0,0
2051,-4,-9,1,0,0,0,0,0
2052,5,-9,-3,0,190,255,0,0
2053,-13,-1,-1,0,0,0,0,0
2054,-16,-34,10,0,255,4,0,0
2055,18,35,-21,793,139,0,0,0
2056,-2,-3,9,0,9,255,0,0
2057,-14,17,-6,998,0,0,0,0
2058,-2,10,5,0,0,0,0,0
2059,-5,37,-5,0,0,0,0,0
2060,-1,29,12,0,0,0,0,0
2061,0,19,-6,0,0,0,0,0
2062,6,-18,13,0,0,0,0,0
2063,-6,-14,1,1120,0,0,0,0
2064,9,-41,15,0,194,254,0,0
2065,8,-46,15,1040,15,0,0,0
2066,23,-45,-10,0,15,0,0,0
2067,2,-71,2,0,144,0,0,0
2068,-51,-65,-9,0,240,254,0,0
2069,-1,-53,9,0,0,0,0,0
2070,-246,-22,-14,0,238,0,0,0
2071,5,-72,15,0,36,252,0,0
2072,8,-24,-5,0,253,255,0,0
2073,16,-36,11,0,2,0,0,0
2074,2,-30,5,0,2,0,0,0
2075,2,2,-8,0,0,0,0,0
2076,7,-19,1,0,235,0,0,0
2077,-2,-2,-2,0,0,0,0,0
2078,-2,-8,-3,0,0,0,0,0
2079,2,-9,0,0,0,0,0,0
2080,-3,-8,-2,0,0,0,0,0
2081,-2,0,-1,0,0,0,0,0
2082,-22,-21,2,0,0,0,0,0
2083,15,0,-2,0,0,0,0,0
2084,1,-4,-8,0,0,0,0,0
2085,11,-13,-5,0,0,0,0,0
2086,-5,-22,-11,0,2,0,0,0
2087,5,-20,-5,0,0,0,0,0
2088,12,-25,-3,0,237,2,0,0
2089,-8,-9,-4,867,1,0,0,0
2090,8,-49,16,0,136,0,174,1
2091,19,-56,2,0,0,0,0,0
2092,17,-52,-12,0,159,0,92,1
2093,4,-43,-18,0,240,0,0,0
2094,5,-24,5,0,48,1,0,0
2095,4,8,-6,0,250,255,0,0
2096,7,-108,24,0,58,0,0,0
2097,1,-102,-5,0,237,0,0,0
2098,6,-81,-3,0,225,255,0,0
2099,9,-89,-5,0,0,0,0,0
2100,14,-68,7,0,2,0,0,0
2101,-12,2,18,0,137,1,115,1
2102,-44,254,-16,0,161,1,170,1
2103,-37,208,-16,0,0,0,0,0
2104,-7,191,-22,0,1,0,129,3
2105,-6,192,-21,0,195,0,0,0
2106,-15,183,-11,0,0,0,0,0
2107,21,131,-11,0,0,0,0,0
2108,14,99,-4,0,0,0,0,0
2109,-30,111,0,0,0,0,0,0
2110,-2,-2,2,0,180,251,0,0
2111,-16,-3,3,0,180,251,0,0
2112,-5,0,-5,0,0,0,0,0
2113,2,-5,0,0,0,0,0,0
2114,11,-31,-7,0,0,0,0,0
2115,-8,-11,2,0,0,0,0,0
2116,27,-5,9,0,0,0,0,0
2117,11,-11,-7,0,153,253,0,0
2118,2,-7,-3,0,2,0,0,0
2119,9,-6,1,0,0,0,0,0
2120,7,-7,2,0,0,0,0,0
2121,3,-6,1,0,0,0,0,0
2122,1,-3,-3,0,0,0,0,0
2123,4,-6,0,0,0,0,0,0
2124,2,-6,-3,0,0,0,0,0
2125,3,-8,-1,0,54,254,0,0
2126,0,-7,-2,0,0,0,0,0
2127,3,-8,-3,0,128,254,0,0
2128,4,-6,-2,0,0,0,0,0
2129,1,-6,-1,0,0,0,0,0
2130,3,-8,-1,0,50,254,0,0
2131,3,-6,-1,0,54,254,0,0
2132,3,-8,-2,0,0,0,0,0
2133,3,-6,-1,0,0,0,0,0
2134,2,-8,-2,0,40,254,0,0
2135,2,-7,-1,0,0,0,0,0
2136,1,-7,-1,0,0,0,0,0
2137,4,-8,-1,0,45,254,0,0
2138,2,-7,-1,0,39,254,0,0
2139,3,-8,-1,0,0,0,0,0
2140,2,-8,-2,0,0,0,0,0
2141,2,-4,-1,0,0,0,0,0
2142,2,-7,-1,0,0,0,0,0
2143,1,-7,0,0,0,0,0,0
2144,3,-8,0,0,0,0,0,0
2145,3,-6,-1,0,0,0,0,0
2146,2,-6,-1,0,0,0,0,0
2147,3,-7,-2,0,38,254,0,0
2148,1,-6,-2,0,0,0,0,0
2149,2,-6,-1,0,0,0,0,0
2150,3,-8,-1,0,0,0,0,0
2151,3,-7,0,0,246,0,0,0
2152,3,-7,-2,0,0,0,0,0
2153,2,-6,-2,0,38,254,0,0
2154,3,-8,-1,0,2,0,0,0
2155,3,-7,-1,0,0,0,0,0
2156,3,-7,-1,0,255,255,0,0
2157,2,-7,-1,0,41,254,0,0
2158,1,-7,-2,0,213,0,0,0
2159,2,-6,-2,0,0,0,0,0
2160,2,-8,-1,0,0,0,0,0
2161,1,-6,-1,0,213,0,0,0
2162,3,-8,-1,0,0,0,0,0
2163,3,-7,-1,0,44,254,0,0
2164,3,-7,-1,0,0,0,0,0
2165,0,-6,-2,0,0,0,0,0
2166,3,-7,-2,0,213,0,0,0
2167,3,-7,-2,0,47,254,0,0
2168,3,-7,-1,0,254,255,0,0
2169,3,-6,-2,0,0,0,0,0
2170,2,-7,1,0,248,0,0,0
2171,2,-8,-2,0,45,254,0,0
2172,2,-7,-2,0,26,254,0,0
2173,3,-6,-2,0,0,0,0,0
2174,3,-8,-2,0,0,0,0,0
2175,3,-7,-1,0,0,0,0,0
2176,4,-6,-2,0,213,0,0,0
2177,3,-7,-1,0,2,0,0,0
2178,3,-8,-2,0,0,0,0,0
2179,2,-8,-2,0,118,254,0,0
2180,3,-9,-2,0,0,0,0,0
2181,2,-5,-2,0,0,0,0,0
2182,5,-6,-2,0,0,0,0,0
2183,7,-14,-1,0,124,254,0,0
2184,1,-8,-3,0,0,0,0,0
2185,3,-9,-1,0,145,254,0,0
2186,3,-7,-1,0,0,0,0,0
2187,4,-8,-1,0,0,0,0,0
2188,1,-7,-2,0,0,0,0,0
2189,3,-7,-2,0,0,0,0,0
2190,2,-8,-1,0,0,0,0,0
2191,-3,-6,-2,0,0,0,0,0
2192,-1,-7,-1,0,0,0,0,0
2193,3,-8,-2,0,0,0,0,0
2194,-6,-5,-4,0,0,0,0,0
2195,3,-6,-2,0,0,0,0,0
2196,3,-6,-2,0,170,254,0,0
2197,1,-8,-2,0,0,0,0,0
2198,3,-8,-1,0,0,0,0,0
2199,2,-5,-2,0,0,0,0,0
2200,2,-7,-1,0,0,0,0,0
2201,3,-7,0,0,0,0,0,0
2202,2,-7,-1,0,0,0,0,0
2203,2,-7,-2,0,0,0,0,0
2204,2,-7,-2,0,0,0,0,0
2205,1,-7,-2,0,0,0,0,0
2206,3,-6,-2,0,0,0,0,0
2207,3,-6,-1,0,158,254,0,0
2208,4,-7,-1,0,0,0,0,0
2209,3,-7,-2,0,0,0,0,0
2210,2,-6,-2,0,0,0,0,0
2211,2,-8,-1,0,2,0,0,0
2212,2,-8,-1,0,0,0,0,0
2213,2,-8,-1,0,0,0,0,0
2214,3,-6,-2,0,0,0,0,0
2215,4,-6,-1,0,255,255,0,0
2216,3,-6,-2,0,0,0,0,0
2217,2,-7,-3,0,0,0,0,0
2218,4,-7,-1,0,0,0,0,0
2219,2,-8,-2,0,0,0,0,0
2220,2,-6,-1,0,0,0,0,0
2221,3,-7,-1,0,0,0,0,0
2222,1,-7,-2,0,0,0,0,0
2223,3,-8,-3,0,0,0,0,0
2224,2,-6,-1,0,0,0,0,0
2225,3,-6,-1,0,167,254,0,0
2226,2,-6,-1,0,0,0,0,0
2227,3,-7,-2,0,0,0,0,0
2228,2,-7,-2,0,0,0,0,0
2229,2,-6,-1,0,0,0,0,0
2230,1,-7,-2,0,0,0,0,0
2231,3,-7,-3,0,0,0,0,0
2232,2,-8,-1,0,171,254,0,0
2233,2,-7,-2,0,0,0,0,0
2234,2,-7,-1,0,167,254,0,0
2235,2,-6,-1,0,166,254,0,0
2236,3,-7,-2,0,0,0,0,0
2237,2,-6,-1,0,161,254,0,0
2238,3,-8,-1,0,0,0,0,0
2239,1,-7,-2,0,165,254,0,0
2240,2,-7,-1,0,0,0,0,0
2241,-15,0,0,0,0,0,0,0
2242,-5,-7,-1,0,0,0,0,0
2243,2,-6,-3,0,167,254,0,0
2244,-256,-8,-1,0,187,254,0,0
2245,-1,-7,-1,0,0,0,0,0
2246,1,-7,-2,0,0,0,0,0
2247,2,-8,0,0,0,0,0,0
2248,3,-8,-1,0,0,0,0,0
2249,2,-8,-1,0,0,0,0,0
2250,3,-7,-1,0,182,254,0,0
2251,3,-8,0,0,0,0,0,0
2252,0,-7,-2,0,0,0,0,0
2253,-2,-3,-1,0,0,0,0,0
2254,3,19,-253,0,101,255,0,0
2255,10,-22,9,1075,25,3,25,3
2256,-6,-14,-1,0,37,3,0,0
2257,10,7,-3,421,0,0,0,0
2258,-2,-9,2,0,0,0,0,0
2259,4,3,-5,0,100,1,0,0
2260,2,3,-4,0,0,0,0,0
2261,10,-10,-2,0,78,1,0,0
2262,-7,-3,7,0,0,0,0,0
2263,1,-10,-21,0,0,0,0,0
2264,2,-4,4,0,141,1,0,0
2265,-28,1,-2,0,2,0,0,0
2266,-11,-25,1,0,0,0,0,0
2267,0,-21,-13,0,0,0,0,0
2268,5,-20,-49,0,182,2,0,0
2269,21,24,44,0,0,0,0,0
2270,48,35,-11,0,60,2,0,0
2271,45,19,-18,0,0,0,0,0
2272,0,8,-36,0,182,0,0,0
2273,-21,-1,9,0,30,3,0,0
2274,-53,-3,28,0,0,0,0,0
2275,-3,0,-27,0,0,0,0,0
2276,-5,-11,-2,0,29,4,0,0
2277,21,-6,8,1254,0,0,0,0
2278,2,-14,27,0,0,0,0,0
2279,-6,-14,5,0,2,0,0,0
2280,-23,-13,4,0,0,0,0,0
2281,19,-34,-28,0,0,0,0,0
2282,23,-16,90,0,0,0,0,0
2283,4,-3,-39,0,2,0,0,0
2284,-16,-7,47,0,0,0,0,0
2285,-57,-31,-55,0,0,3,0,0
2286,-86,26,30,0,0,0,0,0
2287,-43,2,5,0,116,3,0,0
2288,-79,53,27,792,0,0,0,0
2289,-16,24,-46,1054,240,1,0,0
2290,152,27,-7,1278,0,0,0,0
2291,34,48,-27,0,250,3,0,0
2292,96,36,46,0,250,3,0,0
2293,-59,20,-18,0,0,0,0,0
2294,31,-48,-24,0,0,0,0,0
2295,-42,0,13,1243,23,3,0,0
2296,-23,-1,-28,0,187,1,0,0
2297,-26,16,88,0,0,0,0,0
2298,128,-25,-55,0,0,0,0,0
2299,-27,-10,19,1267,0,0,0,0
2300,37,29,55,0,2,0,0,0
2301,2,-6,-2,0,0,0,0,0
2302,3,-6,-2,0,0,0,0,0
2303,4,-8,-2,0,137,254,0,0
2304,4,-7,-1,0,0,0,0,0
2305,2,-7,-2,0,139,254,0,0
2306,2,-8,-2,0,0,0,0,0
2307,2,-7,-1,0,0,0,0,0
2308,2,-7,-2,0,0,0,0,0
2309,2,-5,-2,0,0,0,0,0
2310,3,-8,-2,0,0,0,0,0
2311,2,-7,-2,0,2,0,0,0
2312,2,-8,0,0,0,0,0,0
2313,2,-7,-1,0,0,0,0,0
2314,3,-7,-1,0,122,254,0,0
2315,3,-8,-1,0,0,0,0,0
2316,1,-8,-2,0,0,0,0,0
2317,2,-7,-1,0,0,0,0,0
2318,2,-6,-2,0,2,0,0,0
2319,0,-8,-3,0,0,0,0,0
2320,1,-7,-2,0,130,254,0,0
2321,3,-7,-1,0,2,0,0,0
2322,1,-7,0,0,0,0,0,0
2323,2,-8,-2,0,0,0,0,0
2324,3,-7,-1,0,0,0,0,0
2325,3,-7,-2,0,0,0,0,0
2326,1,-7,-3,0,129,254,0,0
2327,1,-6,-1,0,0,0,0,0
2328,3,-8,-1,0,2,0,0,0
2329,3,-8,-2,0,0,0,0,0
2330,2,-7,-2,0,2,0,0,0
2331,3,-7,-1,0,122,254,0,0
2332,2,-7,0,0,0,0,0,0
2333,1,-8,-1,0,0,0,0,0
2334,5,-8,-1,0,0,0,0,0
2335,3,-6,-2,0,0,0,0,0
2336,2,-6,-3,0,104,254,0,0
2337,2,-7,-2,0,0,0,0,0
2338,1,-7,-1,0,0,0,0,0
2339,1,-6,-1,0,0,0,0,0
2340,2,-6,-3,0,0,0,0,0
2341,3,-8,-2,0,108,254,0,0
2342,2,-7,-1,0,0,0,0,0
2343,2,-8,-1,0,122,254,0,0
2344,2,-7,-1,0,121,254,0,0
2345,3,-7,-1,0,2,0,0,0
2346,4,-7,-2,0,0,0,0,0
2347,3,-5,-2,0,0,0,0,0
2348,1,-6,-1,0,0,0,0,0
2349,1,-6,-1,0,0,0,0,0
2350,1,-7,0,0,0,0,0,0
2351,3,-7,-2,0,126,254,0,0
2352,3,-7,-2,0,0,0,0,0
2353,1,-8,-2,0,141,254,0,0
2354,2,-6,-3,0,0,0,0,0
2355,1,-9,-1,0,0,0,0,0
2356,3,-7,-2,0,126,254,0,0
2357,2,-7,-1,0,2,0,0,0
2358,1,-7,-1,0,118,254,0,0
2359,2,-6,-1,0,0,0,0,0
2360,2,-7,-1,0,0,0,0,0
2361,2,-8,-2,0,122,254,0,0
2362,2,-8,-1,0,0,0,0,0
2363,2,-7,-2,0,122,254,0,0
2364,4,-7,0,0,0,0,0,0
2365,2,-7,0,0,114,254,0,0
2366,5,-8,-1,0,0,0,0,0
2367,1,-7,-1,0,0,0,0,0
2368,3,-7,-1,0,122,254,0,0
2369,2,-8,-2,0,0,0,0,0
2370,1,-7,0,0,0,0,0,0
2371,2,-7,0,0,0,0,0,0
2372,1,-6,-2,0,118,254,0,0
2373,3,-8,0,0,0,0,0,0
2374,1,-6,-1,0,0,0,0,0
2375,4,-7,-3,0,126,254,0,0
2376,2,-7,-1,0,130,254,0,0
2377,3,-6,-2,0,0,0,0,0
2378,2,-7,-2,0,124,254,0,0
2379,2,-6,-1,0,0,0,0,0
2380,4,-7,-1,0,135,254,0,0
2381,3,-7,-2,0,117,254,0,0
2382,3,-7,-2,0,2,0,0,0
2383,1,-5,-2,0,0,0,0,0
2384,2,-7,-2,0,0,0,0,0
2385,1,-7,-1,0,125,254,0,0
2386,2,-8,-2,0,2,0,0,0
2387,2,-7,-2,0,111,254,0,0
2388,2,-7,-2,0,0,0,0,0
2389,2,-7,-2,0,0,0,0,0
2390,3,-7,-1,0,2,0,0,0
2391,2,-7,-1,0,126,254,0,0
2392,2,-8,-1,0,0,0,0,0
2393,3,-8,-1,0,0,0,0,0
2394,1,-7,-2,0,110,254,0,0
2395,2,-6,-2,0,0,0,0,0
2396,1,-8,-1,0,0,0,0,0
2397,3,-7,-1,0,2,0,0,0
2398,1,-7,-2,0,130,254,0,0
2399,3,-7,-1,0,0,0,0,0
2400,1,-7,0,0,93,254,0,0
2401,3,-7,-3,0,2,0,0,0
2402,1,-7,-1,0,0,0,0,0
2403,1,-5,-1,0,0,0,0,0
2404,3,-7,-2,0,139,254,0,0
2405,3,-7,-2,0,0,0,0,0
2406,2,-7,0,0,0,0,0,0
2407,3,-7,-2,0,134,254,0,0
2408,1,-7,-2,0,2,0,0,0
2409,3,-7,-1,0,0,0,0,0
2410,2,-7,0,0,0,0,0,0
2411,3,-7,0,0,0,0,0,0
2412,3,-5,0,0,120,254,0,0
2413,5,-6,-2,0,0,0,0,0
2414,3,-8,-2,0,0,0,0,0
2415,2,-7,-2,0,0,0,0,0
2416,4,-7,-1,0,120,254,0,0
2417,3,-8,-1,0,0,0,0,0
2418,3,-7,-1,0,121,254,0,0
2419,3,-7,-2,0,0,0,0,0
2420,1,-7,-1,0,0,0,0,0
2421,3,-7,-2,0,0,0,0,0
2422,2,-6,-2,0,96,254,0,0
2423,3,-7,-2,0,2,0,0,0
2424,3,-8,-1,0,126,254,0,0
2425,2,-7,-2,0,0,0,0,0
2426,2,-8,-1,0,0,0,0,0
2427,2,-7,-2,0,2,0,0,0
2428,2,-6,-2,0,120,254,0,0
2429,2,-6,-2,0,0,0,0,0
2430,1,-8,-2,0,2,0,0,0
2431,1,-7,-2,0,0,0,0,0
2432,2,-8,-1,0,142,254,0,0
2433,2,-7,-2,0,104,254,0,0
2434,1,-8,-2,0,0,0,0,0
2435,3,-8,-1,0,0,0,0,0
2436,-256,-7,-1,0,0,0,0,0
2437,2,-6,-3,0,120,254,0,0
2438,2,-4,-2,0,0,0,0,0
2439,2,-6,-1,0,0,0,0,0
2440,4,-8,-1,0,0,0,0,0
2441,3,-8,-2,0,0,0,0,0
2442,5,-8,-2,0,2,0,0,0
2443,4,-8,-1,0,0,0,0,0
2444,0,-6,-1,0,0,0,0,0
2445,2,-8,-2,0,2,0,0,0
2446,0,-7,0,0,0,0,0,0
2447,2,-5,-1,0,0,0,0,0
2448,3,-6,-1,0,0,0,0,0
2449,4,-9,-3,0,0,0,0,0
2450,3,-7,0,0,127,254,0,0
2451,2,-5,-2,0,0,0,0,0
2452,2,-7,-1,0,104,254,0,0
2453,2,-6,-1,0,126,254,0,0
2454,3,-6,-2,0,0,0,0,0
2455,1,-7,-1,0,0,0,0,0
2456,2,-7,-2,0,0,0,0,0
2457,2,-8,-1,0,0,0,0,0
2458,2,-6,-1,0,115,254,0,0
2459,2,-6,-2,0,0,0,0,0
2460,2,-6,-2,0,0,0,0,0
2461,2,-7,-1,0,0,0,0,0
2462,1,-6,-1,0,132,254,0,0
2463,2,-6,-2,0,0,0,0,0
2464,2,-7,-2,0,0,0,0,0
