index,ID_MODE,ID_TORQUE_GAIN,ID_DISTANCE_P_ODOM,ID_DISTANCE_T_ODOM,5,6,7,8
0,1,10,0,0,0,0,0,0
1,1,10,0,0,0,0,0,0
2,1,10,0,0,0,0,0,0
3,1,10,0,0,0,0,0,0
4,1,10,0,0,0,0,0,0
5,1,10,0,0,0,0,0,0
6,1,10,0,0,0,0,0,0
7,1,10,0,0,0,0,0,0
8,1,10,0,0,0,0,0,0
9,1,10,0,0,0,0,0,0
10,1,10,0,0,0,0,0,0
11,1,10,0,0,0,0,0,0
12,1,10,0,0,0,0,0,0
13,1,10,0,0,0,0,0,0
14,1,10,0,0,0,0,0,0
15,1,10,0,0,0,0,0,0
16,1,10,0,0,0,0,0,0
17,1,10,0,0,0,0,0,0
18,1,10,0,0,0,0,0,0
19,1,10,0,0,90,254,0,0
20,1,10,0,0,0,0,0,0
21,1,10,0,0,0,0,0,0
22,1,10,0,0,0,0,0,0
23,1,10,0,0,0,0,0,0
24,1,10,0,0,0,0,0,0
25,1,10,0,0,0,0,0,0
26,1,10,0,0,0,0,0,0
27,1,10,0,0,0,0,0,0
28,1,10,0,0,0,0,0,0
29,1,10,0,0,0,0,0,0
30,1,10,0,0,0,0,0,0
31,1,10,0,0,0,0,0,0
32,1,10,0,0,0,0,0,0
33,1,10,0,0,254,255,0,0
34,1,10,0,0,90,254,0,0
35,1,10,0,0,0,0,0,0
36,1,10,0,0,0,0,0,0
37,1,10,0,0,0,0,0,0
38,1,10,0,0,0,0,0,0
39,1,10,0,0,0,0,0,0
40,1,10,0,0,0,0,0,0
41,1,10,0,0,0,0,0,0
42,1,10,0,0,0,0,0,0
43,1,10,0,0,0,0,0,0
44,1,10,0,0,253,255,0,0
45,1,10,0,0,0,0,0,0
46,1,10,0,0,96,254,0,0
47,1,10,0,0,0,0,0,0
48,1,10,0,0,0,0,0,0
49,1,10,0,0,0,0,0,0
50,1,10,0,0,0,0,0,0
51,1,10,0,0,0,0,0,0
52,1,10,0,0,0,0,0,0
53,1,10,0,0,0,0,0,0
54,1,10,0,0,0,0,0,0
55,1,10,0,0,0,0,0,0
56,1,10,0,0,0,0,0,0
57,1,10,0,0,0,0,0,0
58,1,10,0,0,0,0,0,0
59,1,10,0,0,0,0,0,0
60,1,10,0,0,0,0,0,0
61,1,10,0,0,0,0,0,0
62,1,10,0,0,0,0,0,0
63,1,10,0,0,0,0,0,0
64,1,10,0,0,0,0,0,0
65,1,10,0,0,0,0,0,0
66,1,10,0,0,0,0,0,0
67,1,10,0,0,0,0,0,0
68,1,10,0,0,0,0,0,0
69,1,10,0,0,0,0,0,0
70,1,10,0,0,0,0,0,0
71,1,10,0,0,0,0,0,0
72,1,10,0,0,0,0,0,0
73,1,10,0,0,0,0,0,0
74,1,10,0,0,0,0,0,0
75,1,10,0,0,0,0,0,0
76,1,10,0,0,0,0,0,0
77,1,10,0,0,0,0,0,0
78,1,10,0,0,0,0,0,0
79,1,10,0,0,0,0,0,0
80,1,10,0,0,0,0,0,0
81,1,10,0,0,0,0,0,0
82,1,10,0,0,0,0,0,0
83,1,10,0,0,0,0,0,0
84,1,10,0,0,0,0,0,0
85,1,10,0,0,0,0,0,0
86,1,10,0,0,0,0,0,0
87,1,10,0,0,0,0,0,0
88,1,10,0,0,0,0,0,0
89,1,10,0,0,0,0,0,0
90,1,10,0,0,0,0,0,0
91,1,10,0,0,0,0,0,0
92,1,10,0,0,0,0,0,0
93,1,10,0,0,0,0,0,0
94,1,10,0,0,0,0,0,0
95,1,10,0,0,0,0,0,0
96,1,10,0,0,0,0,0,0
97,1,10,0,0,0,0,0,0
98,1,10,0,0,0,0,0,0
99,1,10,0,0,0,0,0,0
100,1,10,0,0,0,0,0,0
101,1,10,0,0,0,0,0,0
102,1,10,0,0,0,0,0,0
103,1,10,0,0,0,0,0,0
104,1,10,0,0,0,0,0,0
105,1,10,0,0,0,0,0,0
106,1,10,0,0,0,0,0,0
107,1,10,0,0,0,0,0,0
108,1,10,0,0,0,0,0,0
109,1,10,0,0,0,0,0,0
110,1,10,0,0,0,0,0,0
111,1,10,0,0,2,0,0,0
112,1,10,0,0,0,0,0,0
113,1,10,0,0,0,0,0,0
114,1,10,0,0,0,0,0,0
115,1,10,0,0,77,254,0,0
116,1,10,0,0,0,0,0,0
117,1,10,0,0,0,0,0,0
118,1,10,0,0,0,0,0,0
119,1,10,0,0,0,0,0,0
120,1,10,0,0,0,0,0,0
121,1,10,0,0,0,0,0,0
122,1,10,0,0,0,0,0,0
123,1,10,0,0,0,0,0,0
124,1,10,0,0,0,0,0,0
125,1,10,0,0,0,0,0,0
126,1,10,0,0,0,0,0,0
127,1,10,0,0,0,0,0,0
128,1,10,0,0,0,0,0,0
129,1,10,0,0,0,0,0,0
130,1,10,0,0,0,0,0,0
131,1,10,0,0,0,0,0,0
132,1,10,0,0,0,0,0,0
133,1,10,0,0,0,0,0,0
134,1,10,0,0,0,0,0,0
135,1,10,0,0,0,0,0,0
136,1,10,0,0,0,0,0,0
137,1,10,0,0,0,0,0,0
138,1,10,0,0,0,0,0,0
139,1,10,0,0,0,0,0,0
140,1,10,0,0,0,0,0,0
141,1,10,0,0,0,0,0,0
142,1,10,0,0,0,0,0,0
143,1,10,0,0,0,0,0,0
144,1,10,0,0,0,0,0,0
145,1,10,0,0,0,0,0,0
146,1,10,0,0,0,0,0,0
147,1,10,0,0,0,0,0,0
148,1,10,0,0,0,0,0,0
149,1,10,0,0,0,0,0,0
150,1,10,0,0,0,0,0,0
151,1,10,0,0,0,0,0,0
152,1,10,0,0,0,0,0,0
153,1,10,0,0,0,0,0,0
154,1,10,0,0,0,0,0,0
155,1,10,0,0,0,0,0,0
156,1,10,0,0,0,0,0,0
157,1,10,0,0,0,0,0,0
158,1,10,0,0,0,0,0,0
159,1,10,0,0,0,0,0,0
160,1,10,0,0,0,0,0,0
161,1,10,0,0,0,0,0,0
162,1,10,0,0,0,0,0,0
163,1,10,0,0,0,0,0,0
164,1,10,0,0,0,0,0,0
165,1,10,0,0,0,0,0,0
166,1,10,0,0,88,254,0,0
167,1,10,0,0,0,0,0,0
168,1,10,0,0,0,0,0,0
169,1,10,0,0,0,0,0,0
170,1,10,0,0,0,0,0,0
171,1,10,0,0,0,0,0,0
172,1,10,0,0,0,0,0,0
173,1,10,0,0,0,0,0,0
174,1,10,0,0,0,0,0,0
175,1,10,0,0,0,0,0,0
176,1,10,0,0,0,0,0,0
177,1,10,0,0,0,0,0,0
178,1,10,0,0,0,0,0,0
179,1,10,0,0,0,0,0,0
180,1,10,0,0,0,0,0,0
181,1,10,0,0,0,0,0,0
182,1,10,0,0,0,0,0,0
183,1,10,0,0,0,0,0,0
184,1,10,0,0,0,0,0,0
185,1,10,0,0,0,0,0,0
186,1,10,0,0,0,0,0,0
187,1,10,0,0,0,0,0,0
188,1,10,0,0,0,0,0,0
189,1,10,0,0,0,0,0,0
190,1,10,0,0,0,0,0,0
191,1,10,0,0,0,0,0,0
192,1,10,0,0,0,0,0,0
193,1,10,0,0,0,0,0,0
194,1,10,0,0,0,0,0,0
195,1,10,0,0,0,0,0,0
196,1,10,0,0,0,0,0,0
197,1,10,0,0,0,0,0,0
198,1,10,0,0,0,0,0,0
199,1,10,0,0,0,0,0,0
200,1,10,0,0,0,0,0,0
201,1,10,0,0,0,0,0,0
202,1,10,0,0,0,0,0,0
203,1,10,0,0,0,0,0,0
204,1,10,0,0,0,0,0,0
205,1,10,0,0,0,0,0,0
206,1,10,0,0,0,0,0,0
207,1,10,0,0,0,0,0,0
208,1,10,0,0,0,0,0,0
209,1,10,0,0,254,255,0,0
210,1,10,0,0,0,0,0,0
211,1,10,0,0,0,0,0,0
212,1,10,0,0,0,0,0,0
213,1,10,0,0,0,0,0,0
214,1,10,0,0,74,254,0,0
215,1,10,0,0,0,0,0,0
216,1,10,0,0,0,0,0,0
217,1,10,0,0,0,0,0,0
218,1,10,0,0,0,0,0,0
219,1,10,0,0,0,0,0,0
220,1,10,0,0,0,0,0,0
221,1,10,0,0,0,0,0,0
222,1,10,0,0,0,0,0,0
223,1,10,0,0,0,0,0,0
224,1,10,0,0,0,0,0,0
225,1,10,0,0,0,0,0,0
226,1,10,0,0,0,0,0,0
227,1,10,0,0,0,0,0,0
228,1,10,0,0,0,0,0,0
229,1,10,0,0,0,0,0,0
230,1,10,0,0,0,0,0,0
231,1,10,0,0,0,0,0,0
232,1,10,0,0,0,0,0,0
233,1,10,0,0,0,0,0,0
234,1,10,0,0,0,0,0,0
235,1,10,0,0,0,0,0,0
236,1,10,0,0,0,0,0,0
237,1,10,0,0,0,0,0,0
238,1,10,0,0,0,0,0,0
239,1,10,0,0,0,0,0,0
240,1,10,0,0,0,0,0,0
241,1,10,0,0,0,0,0,0
242,1,10,0,0,0,0,0,0
243,1,10,0,0,0,0,0,0
244,1,10,0,0,0,0,0,0
245,1,10,0,0,0,0,0,0
246,1,10,0,0,0,0,0,0
247,1,10,0,0,0,0,0,0
248,1,10,0,0,0,0,0,0
249,1,10,0,0,255,255,0,0
250,1,10,0,0,0,0,0,0
251,1,10,0,0,0,0,0,0
252,1,10,0,0,0,0,0,0
253,1,10,0,0,0,0,0,0
254,1,10,0,0,0,0,0,0
255,1,10,0,0,0,0,0,0
256,1,10,0,0,0,0,0,0
257,1,10,0,0,0,0,0,0
258,1,10,0,0,0,0,0,0
259,1,10,0,0,0,0,0,0
260,1,10,0,0,0,0,0,0
261,1,10,0,0,0,0,0,0
262,1,10,0,0,0,0,0,0
263,1,10,0,0,0,0,0,0
264,1,10,0,0,0,0,0,0
265,1,10,0,0,0,0,0,0
266,1,10,0,0,0,0,0,0
267,1,10,0,0,0,0,0,0
268,1,10,0,0,0,0,0,0
269,1,10,0,0,0,0,0,0
270,1,10,0,0,0,0,0,0
271,1,10,0,0,0,0,0,0
272,1,10,0,0,0,0,0,0
273,1,10,0,0,0,0,0,0
274,1,10,0,0,0,0,0,0
275,1,10,0,0,0,0,0,0
276,1,10,0,0,0,0,0,0
277,1,10,0,0,0,0,0,0
278,1,10,0,0,0,0,0,0
279,1,10,0,0,0,0,0,0
280,1,10,0,0,0,0,0,0
281,1,10,0,0,0,0,0,0
282,1,10,0,0,0,0,0,0
283,1,10,0,0,255,255,0,0
284,1,10,0,0,0,0,0,0
285,1,10,0,0,0,0,0,0
286,1,10,0,0,0,0,0,0
287,1,10,0,0,0,0,0,0
288,1,10,0,0,0,0,0,0
289,1,10,0,0,0,0,0,0
290,1,10,0,0,0,0,0,0
291,1,10,0,0,0,0,0,0
292,1,10,0,0,0,0,0,0
293,1,10,0,0,0,0,0,0
294,1,10,0,0,0,0,0,0
295,1,10,0,0,0,0,0,0
296,1,10,0,0,0,0,0,0
297,1,10,0,0,0,0,0,0
298,1,10,0,0,0,0,0,0
299,1,10,0,0,0,0,0,0
300,1,10,0,0,0,0,0,0
301,1,10,0,0,0,0,0,0
302,1,10,0,0,0,0,0,0
303,1,10,0,0,0,0,0,0
304,1,10,0,0,0,0,0,0
305,1,10,0,0,0,0,0,0
306,1,10,0,0,0,0,0,0
307,1,10,0,0,0,0,0,0
308,1,10,0,0,0,0,0,0
309,1,10,0,0,0,0,0,0
310,1,10,0,0,0,0,0,0
311,1,10,0,0,83,254,0,0
312,1,10,0,0,0,0,0,0
313,1,10,0,0,0,0,0,0
314,1,10,0,0,0,0,0,0
315,1,10,0,0,0,0,0,0
316,1,10,0,0,0,0,0,0
317,1,10,0,0,0,0,0,0
318,1,10,0,0,0,0,0,0
319,1,10,0,0,0,0,0,0
320,1,10,0,0,0,0,0,0
321,1,10,0,0,0,0,0,0
322,1,10,0,0,0,0,0,0
323,1,10,0,0,0,0,0,0
324,1,10,0,0,0,0,0,0
325,1,10,0,0,0,0,0,0
326,1,10,0,0,0,0,0,0
327,1,10,0,0,106,254,0,0
328,1,10,0,0,0,0,0,0
329,1,10,0,0,0,0,0,0
330,1,10,0,0,0,0,0,0
331,1,10,0,0,0,0,0,0
332,1,10,0,0,0,0,0,0
333,1,10,0,0,0,0,0,0
334,1,10,0,0,0,0,0,0
335,1,10,0,0,0,0,0,0
336,1,10,0,0,0,0,0,0
337,1,10,0,0,0,0,0,0
338,1,10,0,0,0,0,0,0
339,1,10,0,0,0,0,0,0
340,1,10,0,0,0,0,0,0
341,1,10,0,0,0,0,0,0
342,1,10,0,0,0,0,0,0
343,1,10,0,0,0,0,0,0
344,1,10,0,0,0,0,0,0
345,1,10,0,0,0,0,0,0
346,1,10,0,0,0,0,0,0
347,1,10,0,0,0,0,0,0
348,1,10,0,0,0,0,0,0
349,1,10,0,0,0,0,0,0
350,1,10,0,0,0,0,0,0
351,1,10,0,0,0,0,0,0
352,1,10,0,0,0,0,0,0
353,1,10,0,0,0,0,0,0
354,1,10,0,0,0,0,0,0
355,1,10,0,0,0,0,0,0
356,1,10,0,0,0,0,0,0
357,1,10,0,0,0,0,0,0
358,1,10,0,0,0,0,0,0
359,1,10,0,0,0,0,0,0
360,1,10,0,0,0,0,0,0
361,1,10,0,0,0,0,0,0
362,1,10,0,0,0,0,0,0
363,1,10,0,0,69,254,0,0
364,1,10,0,0,0,0,0,0
365,1,10,0,0,0,0,0,0
366,1,10,0,0,0,0,0,0
367,1,10,0,0,0,0,0,0
368,1,10,0,0,0,0,0,0
369,1,10,0,0,0,0,0,0
370,1,10,0,0,0,0,0,0
371,1,10,0,0,0,0,0,0
372,1,10,0,0,0,0,0,0
373,1,10,0,0,0,0,0,0
374,1,10,0,0,254,255,0,0
375,1,10,0,0,0,0,0,0
376,1,10,0,0,0,0,0,0
377,1,10,0,0,0,0,0,0
378,1,10,0,0,0,0,0,0
379,1,10,0,0,0,0,0,0
380,1,10,0,0,0,0,0,0
381,1,10,0,0,0,0,0,0
382,1,10,0,0,0,0,0,0
383,1,10,0,0,0,0,0,0
384,1,10,0,0,0,0,0,0
385,1,10,0,0,0,0,0,0
386,1,10,0,0,0,0,0,0
387,1,10,0,0,0,0,0,0
388,1,10,0,0,0,0,0,0
389,1,10,0,0,253,255,0,0
390,1,10,0,0,0,0,0,0
391,1,10,0,0,0,0,0,0
392,1,10,0,0,0,0,0,0
393,1,10,0,0,0,0,0,0
394,1,10,0,0,0,0,0,0
395,1,10,0,0,0,0,0,0
396,1,10,0,0,0,0,0,0
397,1,10,0,0,0,0,0,0
398,1,10,0,0,0,0,0,0
399,1,10,0,0,0,0,0,0
400,1,10,0,0,0,0,0,0
401,1,10,0,0,0,0,0,0
402,1,10,0,0,0,0,0,0
403,1,10,0,0,0,0,0,0
404,1,10,0,0,0,0,0,0
405,1,10,0,0,0,0,0,0
406,1,10,0,0,0,0,0,0
407,1,10,0,0,0,0,0,0
408,1,10,0,0,0,0,0,0
409,1,10,0,0,0,0,0,0
410,1,10,0,0,0,0,0,0
411,1,10,0,0,0,0,0,0
412,1,10,0,0,0,0,0,0
413,1,10,0,0,0,0,0,0
414,1,10,0,0,0,0,0,0
415,1,10,0,0,0,0,0,0
416,1,10,0,0,0,0,0,0
417,1,10,0,0,0,0,0,0
418,1,10,0,0,0,0,0,0
419,1,10,0,0,0,0,0,0
420,1,10,0,0,0,0,0,0
421,1,10,0,0,0,0,0,0
422,1,10,0,0,0,0,0,0
423,1,10,0,0,78,254,0,0
424,1,10,0,0,0,0,0,0
425,1,10,0,0,0,0,0,0
426,1,10,0,0,0,0,0,0
427,1,10,0,0,0,0,0,0
428,1,10,0,0,0,0,0,0
429,1,10,0,0,0,0,0,0
430,1,10,0,0,0,0,0,0
431,1,10,0,0,0,0,0,0
432,1,10,0,0,0,0,0,0
433,1,10,0,0,0,0,0,0
434,1,10,0,0,0,0,0,0
435,1,10,0,0,0,0,0,0
436,1,10,0,0,0,0,0,0
437,1,10,0,0,0,0,0,0
438,1,10,0,0,0,0,0,0
439,1,10,0,0,0,0,0,0
440,1,10,0,0,0,0,0,0
441,1,10,0,0,0,0,0,0
442,1,10,0,0,0,0,0,0
443,1,10,0,0,0,0,0,0
444,1,10,0,0,0,0,0,0
445,1,10,0,0,0,0,0,0
446,1,10,0,0,0,0,0,0
447,1,10,0,0,0,0,0,0
448,1,10,0,0,60,254,0,0
449,1,10,0,0,0,0,0,0
450,1,10,0,0,0,0,0,0
451,1,10,0,0,0,0,0,0
452,1,10,0,0,0,0,0,0
453,1,10,0,0,96,254,0,0
454,1,10,0,0,0,0,0,0
455,1,10,0,0,0,0,0,0
456,1,10,0,0,0,0,0,0
457,1,10,0,0,0,0,0,0
458,1,10,0,0,0,0,0,0
459,1,10,0,0,0,0,0,0
460,1,10,0,0,0,0,0,0
461,1,10,0,0,0,0,0,0
462,1,10,0,0,0,0,0,0
463,1,10,0,0,0,0,0,0
464,1,10,0,0,0,0,0,0
465,1,10,0,0,254,255,0,0
466,1,10,0,0,0,0,0,0
467,1,10,0,0,0,0,0,0
468,1,10,0,0,0,0,0,0
469,1,10,0,0,0,0,0,0
470,1,10,0,0,0,0,0,0
471,1,10,0,0,0,0,0,0
472,1,10,0,0,0,0,0,0
473,1,10,0,0,254,255,0,0
474,1,10,0,0,0,0,0,0
475,1,10,0,0,0,0,0,0
476,1,10,0,0,0,0,0,0
477,1,10,0,0,0,0,0,0
478,1,10,0,0,0,0,0,0
479,1,10,0,0,0,0,0,0
480,1,10,0,0,0,0,0,0
481,1,10,0,0,0,0,0,0
482,1,10,0,0,0,0,0,0
483,1,10,0,0,0,0,0,0
484,1,10,0,0,0,0,0,0
485,1,10,0,0,0,0,0,0
486,1,10,0,0,0,0,0,0
487,1,10,0,0,0,0,0,0
488,1,10,0,0,0,0,0,0
489,1,10,0,0,0,0,0,0
490,1,10,0,0,0,0,0,0
491,1,10,0,0,0,0,0,0
492,1,10,0,0,0,0,0,0
493,1,10,0,0,0,0,0,0
494,1,10,0,0,0,0,0,0
495,1,10,0,0,0,0,0,0
496,1,10,0,0,0,0,0,0
497,1,10,0,0,0,0,0,0
498,1,10,0,0,0,0,0,0
499,1,10,0,0,0,0,0,0
500,1,10,0,0,0,0,0,0
501,1,10,0,0,0,0,0,0
502,1,10,0,0,0,0,0,0
503,1,10,0,0,0,0,0,0
504,1,10,0,0,0,0,0,0
505,1,10,0,0,254,255,0,0
506,1,10,0,0,0,0,0,0
507,1,10,0,0,0,0,0,0
508,1,10,0,0,0,0,0,0
509,1,10,0,0,0,0,0,0
510,1,10,0,0,0,0,0,0
511,1,10,0,0,0,0,0,0
512,1,10,0,0,0,0,0,0
513,1,10,0,0,0,0,0,0
514,1,10,0,0,0,0,0,0
515,1,10,0,0,0,0,0,0
516,1,10,0,0,0,0,0,0
517,1,10,0,0,0,0,0,0
518,1,10,0,0,0,0,0,0
519,1,10,0,0,0,0,0,0
520,1,10,0,0,0,0,0,0
521,1,10,0,0,0,0,0,0
522,1,10,0,0,0,0,0,0
523,1,10,0,0,0,0,0,0
524,1,10,0,0,0,0,0,0
525,1,10,0,0,0,0,0,0
526,1,10,0,0,0,0,0,0
527,1,10,0,0,0,0,0,0
528,1,10,0,0,0,0,0,0
529,1,10,0,0,0,0,0,0
530,1,10,0,0,0,0,0,0
531,1,10,0,0,0,0,0,0
532,1,10,0,0,0,0,0,0
533,1,10,0,0,0,0,0,0
534,1,10,0,0,0,0,0,0
535,1,10,0,0,0,0,0,0
536,1,10,0,0,0,0,0,0
537,1,10,0,0,0,0,0,0
538,1,10,0,0,0,0,0,0
539,1,10,0,0,0,0,0,0
540,1,10,0,0,0,0,0,0
541,1,10,0,0,0,0,0,0
542,1,10,0,0,0,0,0,0
543,1,10,0,0,0,0,0,0
544,1,10,0,0,0,0,0,0
545,1,10,0,0,0,0,0,0
546,1,10,0,0,0,0,0,0
547,1,10,0,0,0,0,0,0
548,1,10,0,0,0,0,0,0
549,1,10,0,0,0,0,0,0
550,1,10,0,0,0,0,0,0
551,1,10,0,0,0,0,0,0
552,1,10,0,0,0,0,0,0
553,1,10,0,0,0,0,0,0
554,1,10,0,0,0,0,0,0
555,1,10,0,0,0,0,0,0
556,1,10,0,0,0,0,0,0
557,1,10,0,0,0,0,0,0
558,1,10,0,0,0,0,0,0
559,1,10,0,0,0,0,0,0
560,1,10,0,0,0,0,0,0
561,1,10,0,0,0,0,0,0
562,1,10,0,0,0,0,0,0
563,1,10,0,0,0,0,0,0
564,1,10,0,0,0,0,0,0
565,1,10,0,0,0,0,0,0
566,1,10,0,0,0,0,0,0
567,1,10,0,0,0,0,0,0
568,1,10,0,0,0,0,0,0
569,1,10,0,0,0,0,0,0
570,1,10,0,0,0,0,0,0
571,1,10,0,0,0,0,0,0
572,1,10,0,0,0,0,0,0
573,1,10,0,0,0,0,0,0
574,1,10,0,0,0,0,0,0
575,1,10,0,0,0,0,0,0
576,1,10,0,0,0,0,0,0
577,1,10,0,0,0,0,0,0
578,1,10,0,0,0,0,0,0
579,1,10,0,0,0,0,0,0
580,1,10,0,0,0,0,0,0
581,1,10,0,0,0,0,0,0
582,1,10,0,0,0,0,0,0
583,1,10,0,0,0,0,0,0
584,1,10,0,0,0,0,0,0
585,1,10,0,0,0,0,0,0
586,1,10,0,0,0,0,0,0
587,1,10,0,0,0,0,0,0
588,1,10,0,0,0,0,0,0
589,1,10,0,0,0,0,0,0
590,1,10,0,0,0,0,0,0
591,1,10,0,0,0,0,0,0
592,1,10,0,0,0,0,0,0
593,1,10,0,0,0,0,0,0
594,1,10,0,0,0,0,0,0
595,1,10,0,0,0,0,0,0
596,1,10,0,0,0,0,0,0
597,1,10,0,0,0,0,0,0
598,1,10,0,0,0,0,0,0
599,1,10,0,0,0,0,0,0
600,1,10,0,0,0,0,0,0
601,1,10,0,0,0,0,0,0
602,1,10,0,0,0,0,0,0
603,1,10,0,0,0,0,0,0
604,1,10,0,0,0,0,0,0
605,1,10,0,0,0,0,0,0
606,1,10,0,0,0,0,0,0
607,1,10,0,0,0,0,0,0
608,1,10,0,0,0,0,0,0
609,1,10,0,0,0,0,0,0
610,1,10,0,0,0,0,0,0
611,1,10,0,0,0,0,0,0
612,1,10,0,0,0,0,0,0
613,1,10,0,0,0,0,0,0
614,1,10,0,0,0,0,0,0
615,1,10,0,0,0,0,0,0
616,1,10,0,0,0,0,0,0
617,1,10,0,0,0,0,0,0
618,1,10,0,0,0,0,0,0
619,1,10,0,0,0,0,0,0
620,1,10,0,0,135,0,0,0
621,1,10,0,0,0,0,0,0
622,1,10,0,0,212,0,0,0
623,1,10,0,0,0,0,0,0
624,1,10,0,0,40,1,0,0
625,1,10,0,0,0,0,0,0
626,1,10,0,0,107,1,0,0
627,1,10,0,0,0,0,0,0
628,1,10,0,0,158,1,0,0
629,1,10,0,0,203,1,0,0
630,1,10,5,0,2,2,0,0
631,1,10,9,0,0,0,0,0
632,1,10,14,0,87,2,0,0
633,1,10,19,0,0,0,0,0
634,1,10,26,0,0,0,0,0
635,1,10,32,0,24,3,0,0
636,1,10,35,0,250,255,0,0
637,1,10,38,0,20,3,0,0
638,1,10,43,0,0,0,0,0
639,1,10,63,0,26,3,0,0
640,1,10,83,0,26,3,0,0
641,1,10,95,0,0,0,0,0
642,1,10,120,0,27,3,0,0
643,1,10,133,0,0,0,0,0
644,1,10,175,0,21,3,0,0
645,1,10,220,0,0,0,0,0
646,1,10,250,0,228,253,0,0
647,1,10,298,0,0,0,0,0
648,1,10,314,0,23,3,0,0
649,1,10,346,0,0,0,0,0
650,1,10,362,0,0,0,0,0
651,1,10,379,0,0,0,0,0
652,1,10,379,0,0,0,0,0
653,1,10,379,0,0,0,0,0
654,1,10,379,0,0,0,0,0
655,1,10,379,0,0,0,0,0
656,1,10,379,0,0,0,0,0
657,1,10,379,0,74,254,0,0
658,1,10,379,0,0,0,0,0
659,1,10,379,0,0,0,0,0
660,1,10,379,0,0,0,0,0
661,1,10,0,0,2,0,0,0
662,1,10,0,0,0,0,0,0
663,1,10,0,0,0,0,0,0
664,1,10,0,0,0,0,0,0
665,1,10,0,0,0,0,0,0
666,1,10,0,0,0,0,0,0
667,1,10,0,0,0,0,0,0
668,1,10,0,0,0,0,0,0
669,1,10,0,0,0,0,0,0
670,1,10,0,0,0,0,0,0
671,1,10,0,0,0,0,0,0
672,1,10,0,0,0,0,0,0
673,1,10,0,0,0,0,0,0
674,1,10,0,0,0,0,0,0
675,1,10,0,0,0,0,0,0
676,1,10,0,0,0,0,0,0
677,1,10,0,0,0,0,0,0
678,1,10,0,0,0,0,0,0
679,1,10,0,0,0,0,0,0
680,1,10,0,0,0,0,0,0
681,1,10,0,0,255,255,0,0
682,1,10,0,0,0,0,0,0
683,1,10,0,0,0,0,0,0
684,1,10,0,0,0,0,0,0
685,1,10,0,0,0,0,0,0
686,1,10,0,0,228,254,0,0
687,1,10,0,0,0,0,0,0
688,1,10,0,0,0,0,0,0
689,1,10,0,0,0,0,0,0
690,1,10,0,0,0,0,0,0
691,1,10,0,0,0,0,0,0
692,1,10,0,0,0,0,0,0
693,1,10,0,0,0,0,0,0
694,1,10,0,0,0,0,0,0
695,1,10,0,0,0,0,0,0
696,1,10,0,0,0,0,0,0
697,1,10,0,0,0,0,0,0
698,1,10,0,0,0,0,0,0
699,1,10,0,0,0,0,0,0
700,1,10,0,0,0,0,0,0
701,1,10,0,0,0,0,0,0
702,1,10,0,0,0,0,0,0
703,1,10,0,0,0,0,0,0
704,1,10,0,0,0,0,0,0
705,1,10,0,0,0,0,0,0
706,1,10,0,0,0,0,0,0
707,1,10,0,0,0,0,0,0
708,1,10,0,0,0,0,0,0
709,1,10,0,0,0,0,0,0
710,1,10,0,0,0,0,0,0
711,1,10,0,0,0,0,0,0
712,1,10,0,0,0,0,0,0
713,1,10,0,0,0,0,0,0
714,1,10,0,0,0,0,0,0
715,1,10,0,0,0,0,0,0
716,1,10,0,0,0,0,0,0
717,1,10,0,0,0,0,0,0
718,1,10,0,0,0,0,0,0
719,1,10,0,0,0,0,0,0
720,1,10,0,0,0,0,0,0
721,1,10,0,0,0,0,0,0
722,1,10,0,0,254,255,0,0
723,1,10,0,0,0,0,0,0
724,1,10,0,0,0,0,0,0
725,1,10,0,0,0,0,0,0
726,1,10,0,0,0,0,0,0
727,1,10,0,0,0,0,0,0
728,1,10,0,0,0,0,0,0
729,1,10,0,0,0,0,0,0
730,1,10,0,0,0,0,0,0
731,1,10,0,0,0,0,0,0
732,1,10,0,0,0,0,0,0
733,1,10,0,0,0,0,0,0
734,1,10,0,0,0,0,0,0
735,1,10,0,0,0,0,0,0
736,1,10,0,0,0,0,0,0
737,1,10,0,0,0,0,0,0
738,1,10,0,0,0,0,0,0
739,1,10,0,0,0,0,0,0
740,1,10,0,0,0,0,0,0
741,1,10,0,0,0,0,0,0
742,1,10,0,0,0,0,0,0
743,1,10,0,0,0,0,0,0
744,1,10,0,0,0,0,0,0
745,1,10,0,0,0,0,0,0
746,1,10,0,0,0,0,0,0
747,1,10,0,0,0,0,0,0
748,1,10,0,0,0,0,0,0
749,1,10,0,0,0,0,0,0
750,1,10,0,0,0,0,0,0
751,1,10,0,0,0,0,0,0
752,1,10,0,0,0,0,0,0
753,1,10,0,0,0,0,0,0
754,1,10,0,0,0,0,0,0
755,1,10,0,0,0,0,0,0
756,1,10,0,0,224,254,0,0
757,1,10,0,0,0,0,0,0
758,1,10,0,0,0,0,0,0
759,1,10,0,0,0,0,0,0
760,1,10,0,0,0,0,0,0
761,1,10,0,0,0,0,0,0
762,1,10,0,0,0,0,0,0
763,1,10,0,0,0,0,0,0
764,1,10,0,0,0,0,0,0
765,1,10,0,0,0,0,0,0
766,1,10,0,0,0,0,0,0
767,1,10,0,0,0,0,0,0
768,1,10,0,0,0,0,0,0
769,1,10,0,0,0,0,0,0
770,1,10,0,0,0,0,0,0
771,1,10,0,0,0,0,0,0
772,1,10,0,0,0,0,0,0
773,1,10,0,0,0,0,0,0
774,1,10,0,0,0,0,0,0
775,1,10,0,0,0,0,0,0
776,1,10,0,0,0,0,0,0
777,1,10,0,0,0,0,0,0
778,1,10,0,0,0,0,0,0
779,1,10,0,0,0,0,0,0
780,1,10,0,0,0,0,0,0
781,1,10,0,0,0,0,0,0
782,1,10,0,0,0,0,0,0
783,1,10,0,0,0,0,0,0
784,1,10,0,0,0,0,0,0
785,1,10,0,0,0,0,0,0
786,1,10,0,0,0,0,0,0
787,1,10,0,0,0,0,0,0
788,1,10,0,0,0,0,0,0
789,1,10,0,0,0,0,0,0
790,1,10,0,0,0,0,0,0
791,1,10,0,0,0,0,0,0
792,1,10,0,0,255,255,0,0
793,1,10,0,0,254,255,0,0
794,1,10,0,0,254,255,0,0
795,1,10,0,0,0,0,0,0
796,1,10,0,0,0,0,0,0
797,1,10,0,0,0,0,0,0
798,1,10,0,0,0,0,0,0
799,1,10,0,0,255,255,0,0
800,1,10,0,0,0,0,1,0
801,1,10,0,0,0,0,0,0
802,1,10,0,0,254,255,0,0
803,1,10,0,0,0,0,0,0
804,1,10,0,0,0,0,0,0
805,1,10,0,0,0,0,0,0
806,1,10,0,0,255,255,0,0
807,1,10,0,0,0,0,0,0
808,1,10,0,0,253,255,0,0
809,1,10,0,0,0,0,0,0
810,1,10,0,0,0,0,0,0
811,1,10,0,0,0,0,0,0
812,1,10,0,0,0,0,0,0
813,1,10,0,0,0,0,0,0
814,1,10,0,0,0,0,0,0
815,1,10,0,0,0,0,0,0
816,1,10,0,0,0,0,0,0
817,1,10,0,0,0,0,0,0
818,1,10,0,0,0,0,0,0
819,1,10,0,0,0,0,0,0
820,1,10,0,0,0,0,0,0
821,1,10,0,0,0,0,0,0
822,1,10,0,0,0,0,0,0
823,1,10,0,0,0,0,0,0
824,1,10,0,0,0,0,0,0
825,1,10,0,0,0,0,0,0
826,1,10,0,0,0,0,0,0
827,1,10,0,0,0,0,0,0
828,1,10,0,0,0,0,0,0
829,1,10,0,0,0,0,0,0
830,1,10,0,0,0,0,0,0
831,1,10,0,0,0,0,0,0
832,1,10,0,0,0,0,0,0
833,1,10,0,0,0,0,0,0
834,1,10,0,0,0,0,0,0
835,1,10,0,0,0,0,0,0
836,1,10,0,0,0,0,0,0
837,1,10,0,0,0,0,0,0
838,1,10,0,0,255,255,0,0
839,1,10,0,0,0,0,0,0
840,1,10,0,0,0,0,0,0
841,1,10,0,0,0,0,0,0
842,1,10,0,0,0,0,0,0
843,1,10,0,0,0,0,0,0
844,1,10,0,0,0,0,0,0
845,1,10,0,0,0,0,0,0
846,1,10,0,0,0,0,0,0
847,1,10,0,0,0,0,0,0
848,1,10,0,0,0,0,0,0
849,1,10,0,0,0,0,0,0
850,1,10,0,0,0,0,0,0
851,1,10,0,0,0,0,0,0
852,1,10,0,0,0,0,0,0
853,1,10,0,0,0,0,0,0
854,1,10,0,0,0,0,0,0
855,1,10,0,0,0,0,0,0
856,1,10,0,0,0,0,0,0
857,1,10,0,0,0,0,0,0
858,1,10,0,0,0,0,0,0
859,1,10,0,0,0,0,0,0
860,1,10,0,0,0,0,0,0
861,1,10,0,0,0,0,0,0
862,1,10,0,0,0,0,0,0
863,1,10,0,0,0,0,0,0
864,1,10,0,0,0,0,0,0
865,1,10,0,0,0,0,0,0
866,1,10,0,0,0,0,0,0
867,1,10,0,0,0,0,0,0
868,1,10,0,0,0,0,0,0
869,1,10,0,0,0,0,0,0
870,1,10,0,0,0,0,0,0
871,1,10,0,0,0,0,0,0
872,1,10,0,0,0,0,0,0
873,1,10,0,0,0,0,0,0
874,1,10,0,0,0,0,0,0
875,1,10,0,0,0,0,0,0
876,1,10,0,0,0,0,0,0
877,1,10,0,0,0,0,0,0
878,1,10,0,0,0,0,0,0
879,1,10,0,0,0,0,0,0
880,1,10,0,0,0,0,0,0
881,1,10,0,0,0,0,0,0
882,1,10,0,0,0,0,0,0
883,1,10,0,0,0,0,0,0
884,1,10,0,0,0,0,0,0
885,1,10,0,0,0,0,0,0
886,1,10,0,0,0,0,0,0
887,1,10,0,0,0,0,0,0
888,1,10,0,0,0,0,0,0
889,1,10,0,0,255,255,0,0
890,1,10,0,0,0,0,0,0
891,1,10,0,0,0,0,0,0
892,1,10,0,0,0,0,0,0
893,1,10,0,0,0,0,0,0
894,1,10,0,0,0,0,0,0
895,1,10,0,0,0,0,0,0
896,1,10,0,0,0,0,0,0
897,1,10,0,0,0,0,0,0
898,1,10,0,0,0,0,0,0
899,1,10,0,0,0,0,0,0
900,1,10,0,0,0,0,0,0
901,1,10,0,0,0,0,0,0
902,1,10,0,0,0,0,0,0
903,1,10,0,0,0,0,0,0
904,1,10,0,0,254,255,0,0
905,1,10,0,0,0,0,0,0
906,1,10,0,0,0,0,0,0
907,1,10,0,0,0,0,0,0
908,1,10,0,0,0,0,0,0
909,1,10,0,0,0,0,0,0
910,1,10,0,0,0,0,0,0
911,1,10,0,0,0,0,0,0
912,1,10,0,0,0,0,0,0
913,1,10,0,0,0,0,0,0
914,1,10,0,0,0,0,0,0
915,1,10,0,0,0,0,0,0
916,1,10,0,0,0,0,0,0
917,1,10,0,0,0,0,0,0
918,1,10,0,0,0,0,0,0
919,1,10,0,0,0,0,0,0
920,1,10,0,0,0,0,0,0
921,1,10,0,0,0,0,0,0
922,1,10,0,0,0,0,0,0
923,1,10,0,0,0,0,0,0
924,1,10,0,0,0,0,0,0
925,1,10,0,0,0,0,0,0
926,1,10,0,0,0,0,0,0
927,1,10,0,0,233,254,0,0
928,1,10,0,0,0,0,0,0
929,1,10,0,0,0,0,0,0
930,1,10,0,0,0,0,0,0
931,1,10,0,0,0,0,0,0
932,1,10,0,0,0,0,0,0
933,1,10,0,0,0,0,0,0
934,1,10,0,0,0,0,0,0
935,1,10,0,0,0,0,0,0
936,1,10,0,0,0,0,0,0
937,1,10,0,0,0,0,0,0
938,1,10,0,0,0,0,0,0
939,1,10,0,0,0,0,0,0
940,1,10,0,0,182,0,0,0
941,1,10,0,0,0,0,0,0
942,1,10,0,0,0,0,0,0
943,1,10,0,0,90,2,0,0
944,1,10,33,0,22,3,0,0
945,1,10,35,0,0,0,0,0
946,1,10,38,0,0,0,0,0
947,1,10,41,0,0,0,0,0
948,1,10,46,0,0,0,0,0
949,1,10,49,0,0,0,0,0
950,1,10,52,0,0,0,0,0
951,1,10,56,0,0,0,0,0
952,1,10,59,0,0,0,0,0
953,1,10,62,0,0,0,0,0
954,1,10,66,0,0,0,0,0
955,1,10,69,0,0,0,0,0
956,1,10,77,0,0,0,0,0
957,1,10,81,0,242,255,0,0
958,1,10,81,0,2,0,0,0
959,1,10,81,0,0,0,0,0
960,1,10,81,0,0,0,0,0
961,1,10,82,0,0,0,0,0
962,1,10,84,0,0,0,0,0
963,1,10,85,0,173,253,0,0
964,1,10,86,0,0,0,0,0
965,1,10,87,0,0,0,0,0
966,1,10,87,0,243,255,0,0
967,1,10,89,0,0,0,0,0
968,1,10,90,0,0,0,198,1
969,1,10,98,0,23,3,0,0
970,1,10,107,0,4,0,0,0
971,1,10,107,0,0,0,0,0
972,1,10,107,0,0,0,0,0
973,1,10,107,0,0,0,0,0
974,1,10,108,0,21,3,0,0
975,1,10,108,0,18,0,74,0
976,1,10,111,0,29,0,0,0
977,1,10,114,0,0,0,0,0
978,1,10,124,0,0,0,0,0
979,1,10,124,0,0,0,1,0
980,1,10,124,0,0,0,0,0
981,1,10,124,0,0,0,0,0
982,1,10,124,0,0,0,0,0
983,1,10,124,0,0,0,0,0
984,1,10,124,0,0,0,0,0
985,1,10,124,0,0,0,0,0
986,1,10,124,0,0,0,0,0
987,1,10,124,0,0,0,0,0
988,1,10,124,0,0,0,0,0
989,1,10,124,0,0,0,0,0
990,1,10,124,0,0,0,0,0
991,1,10,124,0,0,0,0,0
992,1,10,124,0,0,0,0,0
993,1,10,124,0,255,255,0,0
994,1,10,124,0,0,0,0,0
995,1,10,124,0,0,0,0,0
996,1,10,124,0,0,0,0,0
997,1,10,124,0,0,0,0,0
998,1,10,124,0,0,0,0,0
999,1,10,124,0,219,254,0,0
1000,1,10,124,0,0,0,0,0
1001,1,10,124,0,0,0,0,0
1002,1,10,124,0,0,0,0,0
1003,1,10,124,0,0,0,0,0
1004,1,10,124,0,0,0,0,0
1005,1,10,124,0,255,255,0,0
1006,1,10,124,0,0,0,0,0
1007,1,10,124,0,0,0,0,0
1008,1,10,124,0,0,0,0,0
1009,1,10,124,0,0,0,0,0
1010,1,10,124,0,0,0,0,0
1011,1,10,124,0,0,0,0,0
1012,1,10,124,0,0,0,0,0
1013,1,10,124,0,190,254,0,0
1014,1,10,124,0,0,0,0,0
1015,1,10,124,0,0,0,0,0
1016,1,10,124,0,0,0,0,0
1017,1,10,124,0,0,0,0,0
1018,1,10,124,0,255,255,0,0
1019,1,10,124,0,0,0,0,0
1020,1,10,124,0,0,0,0,0
1021,1,10,124,0,0,0,0,0
1022,1,10,124,0,0,0,0,0
1023,1,10,124,0,0,0,0,0
1024,1,10,124,0,0,0,0,0
1025,1,10,124,0,0,0,0,0
1026,1,10,124,0,0,0,0,0
1027,1,10,124,0,0,0,0,0
1028,1,10,124,0,0,0,0,0
1029,1,10,124,0,0,0,0,0
1030,1,10,124,0,0,0,0,0
1031,1,10,124,0,0,0,0,0
1032,1,10,124,0,0,0,0,0
1033,1,10,124,0,0,0,0,0
1034,1,10,124,0,0,0,0,0
1035,1,10,124,0,0,0,0,0
1036,1,10,124,0,0,0,0,0
1037,1,10,124,0,0,0,0,0
1038,1,10,124,0,0,0,0,0
1039,1,10,124,0,0,0,0,0
1040,1,10,124,0,0,0,0,0
1041,1,10,124,0,0,0,0,0
1042,1,10,124,0,0,0,0,0
1043,1,10,124,0,0,0,0,0
1044,1,10,124,0,0,0,0,0
1045,1,10,124,0,0,0,0,0
1046,1,10,124,0,0,0,0,0
1047,1,10,124,0,0,0,0,0
1048,1,10,124,0,89,2,0,0
1049,1,10,124,0,0,0,0,0
1050,1,10,124,0,0,0,0,0
1051,1,10,124,0,0,0,0,0
1052,1,10,124,0,0,0,0,0
1053,1,10,124,0,0,0,0,0
1054,1,10,124,0,0,0,0,0
1055,1,10,124,0,0,0,0,0
1056,1,10,133,0,249,255,0,0
1057,1,10,136,0,0,0,0,0
1058,1,10,138,0,1,0,0,0
1059,1,10,139,0,0,0,0,0
1060,1,10,139,0,0,0,0,0
1061,1,10,140,0,0,0,0,0
1062,1,10,141,0,0,0,0,0
1063,1,10,141,0,0,0,0,0
1064,1,10,142,0,249,1,0,0
1065,1,10,142,0,0,0,0,0
1066,1,10,143,0,0,0,0,0
1067,1,10,144,0,0,0,0,0
1068,1,10,145,0,0,0,0,0
1069,1,10,145,0,0,0,0,0
1070,1,10,145,0,0,0,0,0
1071,1,10,145,0,0,0,0,0
1072,1,10,146,0,0,0,0,0
1073,1,10,151,0,0,0,0,0
1074,1,10,154,0,0,0,0,0
1075,1,10,159,0,237,2,0,0
1076,1,10,162,0,1,0,0,0
1077,1,10,163,0,0,0,0,0
1078,1,10,166,0,240,0,0,0
1079,1,10,168,0,2,0,0,0
1080,1,10,171,0,0,0,0,0
1081,1,10,174,0,0,0,0,0
1082,1,10,175,0,237,0,0,0
1083,1,10,182,0,0,0,0,0
1084,1,10,184,0,182,0,0,0
1085,1,10,185,0,0,0,0,0
1086,1,10,197,0,0,0,0,0
1087,1,10,203,0,2,0,0,0
1088,1,10,207,0,0,0,0,0
1089,1,10,213,0,0,0,0,0
1090,1,10,213,0,0,0,0,0
1091,1,10,213,0,0,0,0,0
1092,1,10,213,0,0,0,0,0
1093,1,10,213,0,0,0,0,0
1094,1,10,213,0,0,0,0,0
1095,1,10,213,0,0,0,0,0
1096,1,10,213,0,0,0,0,0
1097,1,10,213,0,0,0,0,0
1098,1,10,213,0,0,0,0,0
1099,1,10,213,0,0,0,0,0
1100,1,10,213,0,0,0,0,0
1101,1,10,213,0,0,0,0,0
1102,1,10,213,0,0,0,0,0
1103,1,10,213,0,0,0,0,0
1104,1,10,213,0,0,0,0,0
1105,1,10,213,0,0,0,0,0
1106,1,10,213,0,0,0,0,0
1107,1,10,213,0,0,0,0,0
1108,1,10,213,0,0,0,0,0
1109,1,10,213,0,0,0,0,0
1110,1,10,213,0,0,0,0,0
1111,1,10,213,0,0,0,0,0
1112,1,10,213,0,0,0,0,0
1113,1,10,213,0,0,0,0,0
1114,1,10,213,0,0,0,0,0
1115,0,0,213,0,0,0,0,0
1116,0,0,213,0,0,0,0,0
1117,0,0,213,0,0,0,0,0
1118,0,0,213,0,0,0,0,0
1119,1,10,0,0,0,0,0,0
1120,1,10,0,0,0,0,0,0
1121,1,10,0,0,0,0,0,0
1122,1,10,0,0,0,0,0,0
1123,1,10,0,0,0,0,0,0
1124,1,10,0,0,0,0,0,0
1125,1,10,0,0,0,0,0,0
1126,1,10,0,0,0,0,0,0
1127,1,10,0,0,0,0,0,0
1128,1,10,0,0,0,0,0,0
1129,1,10,0,0,0,0,0,0
1130,1,10,0,0,0,0,0,0
1131,1,10,0,0,0,0,0,0
1132,1,10,0,0,164,254,0,0
1133,1,10,0,0,0,0,0,0
1134,1,10,0,0,0,0,0,0
1135,1,10,0,0,0,0,0,0
1136,1,10,0,0,0,0,0,0
1137,1,10,0,0,0,0,0,0
1138,1,10,0,0,0,0,0,0
1139,1,10,0,0,0,0,0,0
1140,1,10,0,0,0,0,0,0
1141,1,10,0,0,0,0,0,0
1142,1,10,0,0,0,0,0,0
1143,1,10,0,0,0,0,0,0
1144,1,10,0,0,0,0,0,0
1145,1,10,0,0,0,0,0,0
1146,1,10,0,0,0,0,0,0
1147,1,10,0,0,0,0,0,0
1148,1,10,0,0,0,0,0,0
1149,1,10,0,0,0,0,0,0
1150,1,10,0,0,0,0,0,0
1151,1,10,0,0,0,0,0,0
1152,1,10,0,0,0,0,0,0
1153,1,10,0,0,0,0,0,0
1154,1,10,0,0,0,0,0,0
1155,1,10,4,0,0,0,0,0
1156,1,10,5,0,0,0,0,0
1157,1,10,6,0,0,0,0,0
1158,1,10,9,0,0,0,0,0
1159,1,10,12,0,0,0,0,0
1160,1,10,13,0,0,0,0,0
1161,1,10,14,0,0,0,0,0
1162,1,10,15,0,0,0,0,0
1163,1,10,16,0,0,0,0,0
1164,1,10,18,0,248,255,0,0
1165,1,10,23,0,0,0,0,0
1166,1,10,25,0,0,0,0,0
1167,1,10,28,0,0,0,0,0
1168,1,10,30,0,0,0,0,0
1169,1,10,32,0,0,0,0,0
1170,1,10,34,0,0,0,0,0
1171,1,10,39,0,0,0,0,0
1172,1,10,47,0,0,0,0,0
1173,1,10,53,0,0,0,0,0
1174,1,10,56,0,0,0,0,0
1175,1,10,66,0,0,0,0,0
1176,1,10,81,0,0,0,0,0
1177,1,10,89,0,0,0,0,0
1178,1,10,98,0,0,0,0,0
1179,1,10,102,0,0,0,0,0
1180,1,10,121,0,0,0,0,0
1181,1,10,135,0,0,0,0,0
1182,1,10,151,0,2,0,0,0
1183,1,10,174,0,254,255,0,0
1184,1,10,174,0,0,0,0,0
1185,1,10,174,0,0,0,0,0
1186,1,10,174,0,0,0,0,0
1187,1,10,174,0,0,0,0,0
1188,1,10,174,0,0,0,0,0
1189,1,10,174,0,0,0,0,0
1190,1,10,174,0,0,0,0,0
1191,1,10,174,0,0,0,0,0
1192,1,10,174,0,0,0,0,0
1193,1,10,174,0,0,0,0,0
1194,1,10,174,0,0,0,0,0
1195,1,10,174,0,0,0,0,0
1196,1,10,174,0,0,0,0,0
1197,1,10,174,0,0,0,0,0
1198,1,10,174,0,0,0,0,0
1199,1,10,174,0,0,0,0,0
1200,1,10,174,0,0,0,0,0
1201,1,10,174,0,0,0,0,0
1202,1,10,174,0,0,0,0,0
1203,1,10,174,0,0,0,0,0
1204,1,10,174,0,0,0,0,0
1205,1,10,174,0,0,0,0,0
1206,1,10,174,0,0,0,0,0
1207,1,10,174,0,0,0,0,0
1208,1,10,174,0,0,0,0,0
1209,1,10,174,0,0,0,0,0
1210,1,10,174,0,0,0,0,0
1211,1,10,174,0,0,0,0,0
1212,1,10,174,0,0,0,0,0
1213,1,10,174,0,0,0,0,0
1214,1,10,174,0,0,0,0,0
1215,1,10,174,0,0,0,0,0
1216,1,10,174,0,0,0,0,0
1217,1,10,174,0,0,0,0,0
1218,1,10,174,0,255,255,0,0
1219,1,10,174,0,0,0,0,0
1220,1,10,174,0,0,0,0,0
1221,1,10,174,0,0,0,0,0
1222,1,10,174,0,0,0,0,0
1223,1,10,174,0,0,0,0,0
1224,1,10,174,0,0,0,0,0
1225,1,10,174,0,0,0,0,0
1226,1,10,174,0,0,0,0,0
1227,1,10,174,0,0,0,0,0
1228,1,10,174,0,0,0,0,0
1229,1,10,174,0,0,0,0,0
1230,1,10,174,0,0,0,0,0
1231,1,10,174,0,0,0,0,0
1232,1,10,174,0,0,0,0,0
1233,1,10,174,0,0,0,0,0
1234,1,10,174,0,0,0,0,0
1235,1,10,174,0,0,0,0,0
1236,1,10,174,0,0,0,0,0
1237,1,10,174,0,0,0,0,0
1238,1,10,174,0,0,0,0,0
1239,1,10,174,0,0,0,0,0
1240,1,10,174,0,0,0,0,0
1241,1,10,174,0,0,0,0,0
1242,1,10,174,0,0,0,0,0
1243,1,10,174,0,0,0,0,0
1244,1,10,174,0,0,0,0,0
1245,1,10,174,0,0,0,0,0
1246,1,10,174,0,0,0,0,0
1247,1,10,174,0,0,0,0,0
1248,1,10,174,0,0,0,0,0
1249,1,10,174,0,0,0,0,0
1250,1,10,174,0,0,0,0,0
1251,1,10,174,0,0,0,0,0
1252,1,10,174,0,0,0,0,0
1253,1,10,174,0,0,0,0,0
1254,1,10,174,0,0,0,0,0
1255,1,10,174,0,0,0,0,0
1256,1,10,174,0,0,0,0,0
1257,1,10,174,0,0,0,0,0
1258,1,10,174,0,0,0,0,0
1259,1,10,174,0,0,0,0,0
1260,1,10,174,0,0,0,0,0
1261,1,10,174,0,0,0,0,0
1262,1,10,174,0,0,0,0,0
1263,1,10,174,0,0,0,0,0
1264,1,10,174,0,0,0,0,0
