index,date,MODE_ID,TORQUE_GAIN_ID,ODOM_DISTANCE_P,ODOM_DISTANCE_T,1,2,3,4
0,1765218500010,1,10,1207,0,0,0,0,0
1,1765218500293,1,10,1208,0,0,0,0,0
2,1765218500726,1,10,1211,0,0,0,0,0
3,1765218501010,1,10,1212,0,0,0,0,0
4,1765218501111,1,10,1215,0,0,0,0,0
5,1765218501410,1,10,1216,0,0,0,0,0
6,1765218501843,1,10,1222,0,0,0,0,0
7,1765218502127,1,10,1224,0,0,0,0,0
8,1765218502543,1,10,1234,0,0,0,0,0
9,1765218502827,1,10,1236,0,0,0,0,0
10,1765218502960,1,10,1244,0,0,0,0,0
11,1765218503293,1,10,1247,0,0,0,0,0
12,1765218503710,1,10,1261,0,0,0,0,0
13,1765218504010,1,10,1263,0,0,0,0,0
14,1765218504393,1,10,1278,0,0,0,0,0
15,1765218504693,1,10,1281,0,0,0,0,0
16,1765218505126,1,10,1293,0,0,0,0,0
17,1765218505410,1,10,1296,0,0,0,0,0
18,1765218505509,1,10,1307,0,0,0,0,0
19,1765218505843,1,10,1310,0,0,0,0,0
20,1765218506226,1,10,1320,0,0,0,0,0
21,1765218506560,1,10,1322,0,0,0,0,0
22,1765218506976,1,10,1333,0,0,0,0,0
23,1765218507276,1,10,1334,0,0,0,0,0
24,1765218507377,1,10,1338,0,0,0,0,0
25,1765218507694,1,10,1338,0,0,0,0,0
26,1765218508110,1,10,1338,0,0,0,0,0
27,1765218508427,1,10,1338,0,0,0,0,0
28,1765218508827,1,10,1338,0,0,0,0,0
29,1765218509144,1,10,1338,0,0,0,0,0
30,1765218509260,1,10,1338,0,0,0,0,0
31,1765218509543,1,10,1338,0,0,0,0,0
32,1765218509993,1,10,1338,0,0,0,0,0
33,1765218510278,1,10,1338,0,0,0,0,0
34,1765218510661,1,10,1338,0,0,0,0,0
35,1765218510978,1,10,1338,0,0,0,0,0
36,1765218511114,1,10,1338,0,0,0,0,0
37,1765218511393,1,10,1338,0,0,0,0,0
38,1765218511845,1,10,1338,0,0,0,0,0
39,1765218512126,1,10,1338,0,0,0,0,0
40,1765218512543,1,10,1338,15104,0,0,0,0
41,1765218512827,1,10,1338,0,0,0,0,0
42,1765218513294,1,10,1338,0,0,0,0,0
43,1765218513694,1,10,1338,0,0,0,0,0
44,1765218513960,1,10,1338,0,0,0,0,0
45,1765218514427,1,10,1338,0,0,0,0,0
46,1765218514710,1,10,1338,0,0,0,0,0
47,1765218514843,1,10,1338,0,0,0,0,0
48,1765218515177,1,10,1338,0,0,0,0,0
49,1765218515609,1,10,1338,0,0,0,0,0
50,1765218515910,1,10,1338,0,0,0,0,0
51,1765218516310,1,10,1338,0,0,0,0,0
52,1765218516660,1,10,1338,0,0,0,0,0
53,1765218516743,1,10,1338,0,0,0,0,0
54,1765218517062,1,10,1338,0,0,0,0,0
55,1765218517443,1,10,1338,0,0,0,0,0
56,1765218517760,1,10,1338,0,0,0,0,0
57,1765218518160,1,10,1338,0,0,0,0,0
58,1765218518510,1,10,1338,0,0,0,0,0
59,1765218518627,1,10,1338,0,0,0,0,0
60,1765218518910,1,10,1338,0,0,0,0,0
61,1765218519376,1,10,1338,0,0,0,0,0
62,1765218519676,1,10,1338,0,0,0,0,0
63,1765218520093,1,10,1338,0,0,0,0,0
64,1765218520543,1,10,1338,0,0,0,0,0
65,1765218521293,1,33802,33339,3598,0,0,0,0
66,1765218521710,1,10,1340,0,0,0,0,0
67,1765218522026,1,10,1340,0,0,0,0,0
68,1765218523210,1,10,1342,0,0,0,0,0
69,1765218523610,1,10,1349,0,0,0,0,0
70,1765218523959,1,10,1355,0,0,0,0,0
71,1765218524093,1,10,1373,3072,0,0,0,0
72,1765218524359,1,10,1376,0,0,0,0,0
73,1765218524810,1,10,1388,0,0,0,0,0
74,1765218525093,1,10,1389,0,0,0,0,0
75,1765218525560,1,10,1391,0,0,0,0,0
76,1765218525843,1,10,1392,0,0,0,0,0
77,1765218525977,1,10,1394,0,0,0,0,0
78,1765218526260,1,10,1395,0,0,0,0,0
79,1765218526727,1,10,1402,0,0,0,0,0
80,1765218527010,1,10,1403,0,0,0,0,0
81,1765218527160,1,10,1404,0,0,0,0,0
82,1765218527510,1,10,1404,0,0,0,0,0
83,1765218527926,1,10,1406,0,0,0,0,0
84,1765218528227,1,10,1406,0,0,0,0,0
85,1765218528360,1,10,1416,0,0,0,0,0
86,1765218528643,1,10,1428,0,0,0,0,0
87,1765218529093,1,10,1443,0,0,0,0,0
88,1765218529410,1,10,1446,0,0,0,0,0
89,1765218529828,1,10,1454,0,0,0,0,0
90,1765218530143,1,10,1455,0,0,0,0,0
91,1765218530243,1,10,1456,0,0,0,0,0
92,1765218530510,1,10,1456,0,0,0,0,0
93,1765218530978,1,10,1459,0,0,0,0,0
94,1765218531261,1,10,1459,0,0,0,0,0
95,1765218531711,1,10,1459,0,0,0,0,0
96,1765218531994,1,10,1459,0,0,0,0,0
97,1765218532095,1,10,1459,0,0,0,0,0
98,1765218532411,1,10,1459,0,0,0,0,0
99,1765218532826,1,10,1459,0,0,0,0,0
100,1765218533110,1,10,1459,0,0,0,0,0
101,1765218533531,1,10,1459,0,0,0,0,0
102,1765218533811,1,10,1459,0,0,0,0,0
103,1765218534294,1,10,1459,0,0,0,0,0
104,1765218534677,1,10,1459,0,0,0,0,0
105,1765218535011,1,10,1459,0,0,0,0,0
106,1765218535411,1,10,1459,0,0,0,0,0
107,1765218535711,1,10,1459,0,0,0,0,0
108,1765218536161,1,10,1459,0,0,0,0,0
109,1765218536561,1,10,1459,0,0,0,0,0
110,1765218536877,1,10,1459,0,0,0,0,0
111,1765218537277,1,10,1459,0,0,0,0,0
112,1765218537610,1,10,1459,0,0,0,0,0
113,1765218537728,1,10,1459,0,0,0,0,0
114,1765218538027,1,10,1459,0,0,0,0,0
115,1765218538444,1,10,1459,0,0,0,0,0
116,1765218538728,1,10,1459,0,0,0,0,0
117,1765218539128,1,10,1459,0,0,0,0,0
118,1765218539478,1,10,1459,0,0,0,0,0
119,1765218539594,1,10,1459,0,0,0,0,0
120,1765218539877,1,10,1459,0,0,0,0,0
121,1765218540331,1,10,1459,0,0,0,0,0
122,1765218540611,1,10,1459,0,0,0,0,0
123,1765218541077,1,10,1459,0,0,0,0,0
124,1765218541362,1,10,1459,0,0,0,0,0
125,1765218541494,0,0,1459,0,0,0,0,0
126,1765218541761,0,0,1459,0,0,0,0,0
127,1765218542209,0,0,1459,0,0,0,0,0
128,1765218542494,0,0,1459,0,0,0,0,0
129,1765218542928,0,0,1459,0,0,0,0,0
130,1765218543227,0,0,1459,0,0,0,0,0
131,1765218543360,0,0,1459,0,0,0,0,0
132,1765218543678,0,0,1459,0,0,0,0,0
133,1765218544076,0,0,1459,0,0,0,0,0
134,1765218544464,0,0,1459,0,0,0,0,0
135,1765218544544,0,0,1459,0,0,0,0,0
136,1765218544826,0,0,1459,0,0,0,0,0
137,1765218545110,0,0,1459,0,0,0,0,0
138,1765218545227,0,0,1459,0,0,0,0,0
139,1765218545543,0,0,1459,0,0,0,0,0
140,1765218545943,0,0,1459,0,0,0,0,0
141,1765218546276,0,0,1459,0,0,0,0,0
142,1765218546694,0,0,1459,0,0,0,0,0
143,1765218546993,0,0,1459,0,0,0,0,0
144,1765218547111,0,0,1459,0,0,0,0,0
145,1765218547394,0,0,1459,0,0,0,0,0
146,1765218547845,0,0,1459,0,0,0,0,0
147,1765218548127,0,0,1459,0,0,0,0,0
148,1765218548544,0,0,1459,0,0,0,0,0
149,1765218548993,0,0,1459,0,0,0,0,0
150,1765218549278,0,0,1459,0,0,0,0,0
151,1765218549744,0,0,1459,0,0,0,0,0
152,1765218550027,0,0,1459,0,0,0,0,0
153,1765218550161,0,0,1459,0,0,0,0,0
154,1765218550462,0,0,1459,0,0,0,0,0
155,1765218550861,0,0,1459,0,0,0,0,0
156,1765218551178,0,0,1459,0,0,0,0,0
157,1765218551610,0,0,1459,0,0,0,0,0
158,1765218551911,0,0,1459,0,0,0,0,0
159,1765218552011,0,0,1459,0,0,0,0,0
160,1765218552326,0,0,1459,0,0,0,0,0
161,1765218552744,0,0,1459,0,0,0,0,0
162,1765218553077,0,0,1459,0,0,0,0,0
163,1765218553494,0,0,1459,0,0,0,0,0
164,1765218553944,0,0,1459,0,0,0,0,0
165,1765218554228,0,0,1459,0,0,0,0,0
166,1765218554661,0,0,1459,0,0,0,0,0
167,1765218554976,0,0,1459,0,0,0,0,0
168,1765218555127,0,0,1459,0,0,0,0,0
169,1765218555412,0,0,1459,0,0,0,0,0
170,1765218555859,0,0,1459,0,0,0,0,0
171,1765218556143,0,0,1459,0,0,0,0,0
172,1765218556625,0,0,1459,0,0,0,0,0
173,1765218557059,0,0,1459,0,0,0,0,0
174,1765218557810,0,0,1459,0,0,0,0,0
175,1765218558094,0,0,1459,0,0,0,0,0
176,1765218558227,0,0,1459,0,0,0,0,0
177,1765218558576,0,0,1459,0,0,0,0,0
178,1765218558711,0,0,1459,0,0,0,0,0
179,1765218558993,0,0,1459,0,0,0,0,0
180,1765218559460,0,0,1459,0,0,0,0,0
181,1765218559761,0,0,1459,0,0,0,0,0
182,1765218560244,0,0,1459,0,0,0,0,0
183,1765218560677,0,0,1459,0,0,0,0,0
184,1765218560960,0,0,1459,0,0,0,0,0
185,1765218561360,0,0,1459,0,0,0,0,0
186,1765218561644,0,0,1459,0,0,0,0,0
187,1765218561992,0,0,1459,0,0,0,0,0
188,1765218562295,0,0,1459,0,0,0,0,0
189,1765218562677,0,0,1459,0,0,0,0,0
190,1765218562959,0,0,1459,0,0,0,0,0
191,1765218563127,0,0,1459,0,0,0,0,0
192,1765218563477,0,0,1459,0,0,0,0,0
193,1765218563911,0,0,1459,0,0,0,0,0
194,1765218564244,0,0,1459,0,0,0,0,0
195,1765218564394,0,0,1459,0,0,0,0,0
196,1765218564694,0,0,1459,0,0,0,0,0
197,1765218565128,0,0,1459,0,0,0,0,0
198,1765218565411,0,0,1459,0,0,0,0,0
199,1765218565878,0,0,1459,0,0,0,0,0
200,1765218566325,0,0,1459,0,0,0,0,0
201,1765218566561,0,0,1459,0,0,0,0,0
202,1765218566993,0,0,1459,0,0,0,0,0
203,1765218567278,0,0,1459,0,0,0,0,0
204,1765218567742,1,10,1459,0,0,0,0,0
205,1765218568127,2,25,1459,0,0,0,0,0
206,1765218568444,2,25,1459,0,0,0,0,0
207,1765218568844,2,25,1459,0,0,0,0,0
208,1765218569194,2,25,1459,0,0,0,0,0
209,1765218569295,2,25,1459,0,0,0,0,0
210,1765218569593,2,25,1459,0,0,0,0,0
211,1765218569893,2,25,1459,0,0,0,0,0
212,1765218569943,2,25,1459,0,0,0,0,0
213,1765218570226,2,25,1459,0,0,0,0,0
214,1765218570676,2,25,1459,0,0,0,0,0
215,1765218570960,2,25,1459,0,0,0,0,0
216,1765218571310,2,25,1459,0,0,0,0,0
217,1765218571642,2,25,1459,0,0,0,0,0
218,1765218572060,2,25,1459,0,0,0,0,0
219,1765218572343,2,25,1459,0,0,0,0,0
220,1765218572692,2,25,1459,0,0,0,0,0
221,1765218573009,2,25,1459,0,0,0,0,0
222,1765218573142,2,25,1459,0,0,0,0,0
223,1765218573426,2,25,1459,0,0,0,0,0
224,1765218573726,2,25,1459,0,0,0,0,0
225,1765218574110,2,25,1459,0,0,0,0,0
226,1765218574492,2,25,1459,0,0,0,0,0
227,1765218574810,2,25,1459,0,0,0,0,0
228,1765218575159,2,25,1459,0,0,0,0,0
229,1765218575459,2,25,1459,0,0,0,0,0
230,1765218575843,2,25,1459,0,0,0,0,0
231,1765218576142,2,25,1459,0,0,0,0,0
232,1765218576526,2,25,1459,0,0,0,0,0
233,1765218576809,2,25,1459,0,0,0,0,0
234,1765218577284,2,25,1459,0,0,0,0,0
235,1765218577509,2,25,1459,0,0,0,0,0
236,1765218577892,2,25,1459,0,0,0,0,0
237,1765218578193,2,25,1459,0,0,0,0,0
238,1765218578592,2,25,1459,0,0,0,0,0
239,1765218578994,2,25,1459,0,0,0,0,0
240,1765218579325,2,25,1459,0,0,0,0,0
241,1765218579726,2,25,1459,0,0,0,0,0
242,1765218580043,2,25,1459,0,0,0,0,0
243,1765218580425,2,25,1459,0,0,0,0,0
244,1765218580776,2,25,1459,0,0,0,0,0
245,1765218580876,2,25,1459,0,0,0,0,0
246,1765218581160,2,25,1459,0,0,0,0,0
247,1765218581559,2,25,1459,0,0,0,0,0
248,1765218581876,2,25,1459,0,0,0,0,0
249,1765218582260,2,25,1459,0,0,0,0,0
250,1765218582592,2,25,1459,0,0,0,0,0
251,1765218582710,2,25,1459,0,0,0,0,0
252,1765218582993,2,25,1459,0,0,0,0,0
253,1765218583427,2,25,1459,0,0,0,0,0
254,1765218583694,2,25,1459,0,0,0,0,0
255,1765218584160,2,25,1459,0,0,0,0,0
256,1765218584426,2,25,1459,0,0,0,0,0
257,1765218584577,2,25,1459,0,0,0,0,0
258,1765218584877,2,25,1459,0,0,0,0,0
259,1765218585294,2,25,1459,0,0,0,0,0
260,1765218585576,2,25,1459,0,0,0,0,0
261,1765218586010,2,25,1459,0,0,0,0,0
262,1765218586312,2,25,1459,0,0,0,0,0
263,1765218586743,2,25,1459,0,0,0,0,0
264,1765218587160,2,25,1459,0,0,0,0,0
265,1765218587477,2,25,1459,0,0,0,0,0
266,1765218587877,2,25,1459,0,0,0,0,0
267,1765218588221,2,25,1459,0,0,0,0,0
268,1765218588610,2,25,1459,0,0,0,0,0
269,1765218588909,2,25,1459,0,0,0,0,0
270,1765218588994,2,25,1459,0,0,0,0,0
271,1765218589361,2,25,1459,0,0,0,0,0
272,1765218589777,2,25,1459,0,0,0,0,0
273,1765218590078,2,25,1459,0,0,0,0,0
274,1765218590210,2,25,1459,0,0,0,0,0
275,1765218590494,2,25,1459,0,0,0,0,0
276,1765218590943,2,25,1459,0,0,0,0,0
277,1765218591244,2,25,1459,0,0,0,0,0
278,1765218591643,2,25,1459,0,0,0,0,0
279,1765218591960,2,25,1459,0,0,0,0,0
280,1765218592110,2,25,1459,0,0,0,0,0
281,1765218592410,2,25,1459,0,0,0,0,0
282,1765218593128,2,25,1459,0,0,0,0,0
283,1765218593294,2,25,1459,0,0,0,0,0
284,1765218593610,2,25,1459,0,0,0,0,0
285,1765218594027,2,25,1459,0,0,0,0,0
286,1765218594344,2,25,1459,0,0,0,0,0
287,1765218594477,2,25,1459,0,0,0,0,0
288,1765218594810,2,25,1459,0,0,0,0,0
289,1765218595244,2,25,1459,0,0,0,0,0
290,1765218595544,2,25,1459,0,0,0,0,0
291,1765218595694,2,25,1459,0,0,0,0,0
292,1765218595979,2,25,1459,0,0,0,0,0
293,1765218596444,2,25,1459,0,0,0,0,0
294,1765218596727,2,25,1459,0,0,0,0,0
295,1765218596877,2,25,1459,0,0,0,0,0
296,1765218597194,2,25,1459,0,0,0,0,0
297,1765218597611,2,25,1459,0,0,0,0,0
298,1765218597894,2,25,1459,0,0,0,0,0
299,1765218598394,2,25,1459,0,0,0,0,0
300,1765218598675,2,25,1459,0,0,0,0,0
301,1765218598811,2,25,1459,0,0,0,0,0
302,1765218599191,2,25,1459,0,0,0,0,0
303,1765218599561,2,25,1459,0,0,0,0,0
304,1765218599894,2,25,1459,0,0,0,0,0
305,1765218600026,2,25,1459,0,0,0,0,0
306,1765218600310,2,25,1459,0,0,0,0,0
307,1765218600693,2,25,1459,0,0,0,0,0
308,1765218600993,2,25,1459,0,0,0,0,0
309,1765218601410,2,25,1459,0,0,0,0,0
310,1765218601744,2,25,1459,0,0,0,0,0
311,1765218601861,2,25,1459,0,0,0,0,0
312,1765218602144,2,25,1459,0,0,0,0,0
313,1765218602593,2,25,1459,0,0,0,0,0
314,1765218602875,2,25,1459,0,0,0,0,0
315,1765218603327,2,25,1459,0,0,0,0,0
316,1765218603611,2,25,1459,0,0,0,0,0
317,1765218603760,2,25,1459,0,0,0,0,0
318,1765218604027,2,25,1459,0,0,0,0,0
319,1765218604428,2,25,1459,0,0,0,0,0
320,1765218605177,2,25,1459,0,0,0,0,0
321,1765218605461,2,25,1459,0,0,0,0,0
322,1765218605877,2,25,1459,0,0,0,0,0
323,1765218606145,2,25,1459,0,0,0,0,0
324,1765218606261,2,25,1459,0,0,0,0,0
325,1765218606610,2,25,1459,0,0,0,0,0
326,1765218606993,2,25,1459,0,0,0,0,0
327,1765218607277,2,25,1459,0,0,0,0,0
328,1765218607710,2,25,1459,0,0,0,0,0
329,1765218607992,2,25,1459,0,0,0,0,0
330,1765218608126,2,25,1459,0,0,0,0,0
331,1765218608461,2,25,1459,0,0,0,0,0
332,1765218608861,2,25,1459,0,0,0,0,0
333,1765218609160,2,25,1459,0,0,0,0,0
334,1765218609561,2,25,1459,0,0,0,0,0
335,1765218609910,2,25,1459,0,0,0,0,0
336,1765218610294,2,25,1459,0,0,0,0,0
337,1765218610677,2,25,1459,0,0,0,0,0
338,1765218610994,2,25,1459,0,0,0,0,0
339,1765218611394,2,25,1459,0,0,0,0,0
340,1765218611744,2,25,1459,0,0,0,0,0
341,1765218612127,2,25,1459,0,0,0,0,0
342,1765218612577,2,25,1459,0,0,0,0,0
343,1765218612861,2,25,1459,0,0,0,0,0
344,1765218613277,2,25,1459,0,0,0,0,0
345,1765218613594,2,25,1459,0,0,0,0,0
346,1765218613727,2,25,1459,0,0,0,0,0
347,1765218614010,2,25,1459,0,0,0,0,0
348,1765218614444,2,25,1459,0,0,0,0,0
349,1765218614727,2,25,1459,0,0,0,0,0
350,1765218615177,2,25,1459,0,0,0,0,0
351,1765218615443,2,25,1459,0,0,0,0,0
352,1765218615877,2,25,1459,0,0,0,0,0
353,1765218616143,2,25,1459,0,0,0,0,0
354,1765218616244,2,25,1459,0,0,0,0,0
355,1765218616544,2,25,1459,0,0,0,0,0
356,1765218619709,1,10,0,0,0,0,0,0
357,1765218620010,1,10,0,0,0,0,0,0
358,1765218620277,1,10,0,0,0,0,0,0
359,1765218620594,1,10,0,0,0,0,0,0
360,1765218620861,1,10,0,0,0,0,0,0
361,1765218621277,1,10,0,0,0,0,0,0
362,1765218621561,1,10,0,0,0,0,0,0
363,1765218621677,1,10,0,0,0,0,0,0
364,1765218622009,1,10,0,0,0,0,0,0
365,1765218622410,1,10,0,0,0,0,0,0
366,1765218622728,1,10,0,0,0,0,0,0
367,1765218623127,1,10,0,0,0,0,0,0
368,1765218623443,1,10,0,0,0,0,0,0
369,1765218623527,1,10,0,0,0,0,0,0
370,1765218623860,1,10,0,0,0,0,0,0
371,1765218624261,1,10,0,0,0,0,0,0
372,1765218624577,1,10,0,0,0,0,0,0
373,1765218624978,1,10,0,0,0,0,0,0
374,1765218625344,1,10,0,0,0,0,0,0
375,1765218625443,1,10,0,0,0,0,0,0
376,1765218625727,1,10,0,0,0,0,0,0
377,1765218626161,1,10,0,0,0,0,0,0
378,1765218626459,1,10,0,0,0,0,0,0
379,1765218626875,1,10,0,0,0,0,0,0
380,1765218627344,1,10,0,0,0,0,0,0
381,1765218627644,1,10,0,0,0,0,0,0
382,1765218628077,1,10,0,0,0,0,0,0
383,1765218628360,1,10,0,0,0,0,0,0
384,1765218628477,2,25,0,0,0,0,0,0
385,1765218628828,2,25,0,0,0,0,0,0
386,1765218629242,2,25,0,0,0,0,0,0
387,1765218629561,2,25,0,0,0,0,0,0
388,1765218629995,2,25,0,0,0,0,0,0
389,1765218630260,2,25,0,0,0,0,0,0
390,1765218630410,2,25,0,0,0,0,0,0
391,1765218630744,2,25,0,0,0,0,0,0
392,1765218631159,2,25,0,0,0,0,0,0
393,1765218631475,2,25,0,0,0,0,0,0
394,1765218631608,2,25,0,0,0,0,0,0
395,1765218631892,2,25,0,0,0,0,0,0
396,1765218632375,2,25,0,0,0,0,0,0
397,1765218632642,2,25,0,0,0,0,0,0
398,1765218632792,2,25,0,0,0,0,0,0
399,1765218633077,2,25,0,0,0,0,0,0
400,1765218633542,2,25,0,0,0,0,0,0
401,1765218633827,2,25,0,0,0,0,0,0
402,1765218634327,2,25,0,0,0,0,0,0
403,1765218634744,2,25,0,0,0,0,0,0
404,1765218635060,2,25,0,0,0,0,0,0
405,1765218635194,2,25,0,0,0,0,0,0
406,1765218635494,2,25,0,0,0,0,0,0
407,1765218635943,2,25,0,0,0,0,0,0
408,1765218636261,2,25,0,0,0,0,0,0
409,1765218636394,2,25,0,0,0,0,0,0
410,1765218636694,2,25,0,0,0,0,0,0
411,1765218637159,2,25,0,0,0,0,0,0
412,1765218637442,2,25,0,0,0,0,0,0
413,1765218637927,2,25,0,0,0,0,0,0
414,1765218638343,2,25,0,0,0,0,0,0
415,1765218638644,2,25,0,0,0,0,0,0
416,1765218639061,2,25,0,0,0,0,0,0
417,1765218639344,2,25,0,0,0,0,0,0
418,1765218639811,2,25,0,0,0,0,0,0
419,1765218640227,2,25,0,0,0,0,0,0
420,1765218640544,2,25,0,0,0,0,0,0
421,1765218640927,2,25,0,0,0,0,0,0
422,1765218641260,2,25,0,0,0,0,0,0
423,1765218641377,2,25,0,0,0,0,0,0
424,1765218641677,2,25,0,0,0,0,0,0
425,1765218642043,2,25,0,0,0,0,0,0
426,1765218642360,2,25,0,0,0,0,0,0
427,1765218642744,2,25,0,0,0,0,0,0
428,1765218643095,2,25,0,0,0,0,0,0
429,1765218643477,2,25,0,0,0,0,0,0
430,1765218643775,2,25,0,0,0,0,0,0
431,1765218643909,2,25,0,0,0,0,0,0
432,1765218644195,2,25,0,0,0,0,0,0
433,1765218644659,2,25,0,0,0,0,0,0
434,1765218644927,2,25,0,0,0,0,0,0
435,1765218645343,2,25,0,0,0,0,0,0
436,1765218645661,2,25,0,0,0,0,0,0
437,1765218645775,2,25,0,0,0,0,0,0
438,1765218646077,2,25,0,0,0,0,0,0
439,1765218646527,2,25,0,0,0,0,0,0
440,1765218646810,2,25,0,0,0,0,0,0
441,1765218647227,2,25,0,0,0,0,0,0
442,1765218647510,2,25,0,0,0,0,0,0
443,1765218647626,2,25,0,0,0,0,0,0
444,1765218647960,2,25,0,0,0,0,0,0
445,1765218648359,2,25,0,0,0,0,0,0
446,1765218648643,2,25,0,0,0,0,0,0
447,1765218649059,2,25,0,0,0,0,0,0
448,1765218649341,2,25,0,0,0,0,0,0
449,1765218649810,2,25,0,0,0,0,0,0
450,1765218650210,2,25,0,0,0,0,0,0
451,1765218650510,2,25,0,0,0,0,0,0
452,1765218650910,2,25,0,0,0,0,0,0
453,1765218651243,2,25,0,0,0,0,0,0
454,1765218651643,2,25,0,0,0,0,0,0
455,1765218651910,2,25,0,0,0,0,0,0
456,1765218652026,2,25,0,0,0,0,0,0
457,1765218652360,2,25,0,0,0,0,0,0
458,1765218652759,2,25,0,0,0,0,0,0
459,1765218653093,2,25,0,0,0,0,0,0
460,1765218653493,2,25,0,0,0,0,0,0
461,1765218653808,2,25,0,0,0,0,0,0
462,1765218653910,2,25,0,0,0,0,0,0
463,1765218654193,2,25,0,0,0,0,0,0
464,1765218654610,2,25,2,0,0,0,0,0
465,1765218654926,2,25,3,0,0,0,0,0
466,1765218655309,2,25,10,0,0,0,0,0
467,1765218655626,2,25,14,0,0,0,0,0
468,1765218656026,2,25,26,0,0,0,0,0
469,1765218656343,2,25,29,0,0,0,0,0
470,1765218656460,2,25,49,0,0,0,0,0
471,1765218656743,2,25,53,0,0,0,0,0
472,1765218657144,2,25,73,0,0,0,0,0
473,1765218657426,2,25,77,0,0,0,0,0
474,1765218657843,0,0,77,0,0,0,0,0
475,1765218658143,0,0,77,0,0,0,0,0
476,1765218658541,0,0,77,0,0,0,0,0
477,1765218658842,0,0,77,0,0,0,0,0
478,1765218659209,0,0,77,0,0,0,0,0
479,1765218659558,0,0,77,0,0,0,0,0
480,1765218659659,0,0,77,0,0,0,0,0
481,1765218659942,0,0,77,0,0,0,0,0
482,1765218660643,0,0,77,0,0,0,0,0
483,1765218661059,0,0,77,0,0,0,0,0
484,1765218661375,0,0,77,0,0,0,0,0
485,1765218661508,0,0,77,0,0,0,0,0
486,1765218662224,0,0,77,0,0,0,0,0
487,1765218662508,0,0,77,0,0,0,0,0
488,1765218663275,0,0,77,0,0,0,0,0
489,1765218663392,0,0,77,0,0,0,0,0
490,1765218663692,0,0,77,0,0,0,0,0
491,1765218664108,0,0,77,0,0,0,0,0
492,1765218664824,0,0,77,0,0,0,0,0
493,1765218665109,0,0,77,0,0,0,0,0
494,1765218665975,0,0,77,0,0,0,0,0
495,1765218666442,0,0,77,0,0,0,0,0
496,1765218666725,0,0,77,0,0,0,0,0
497,1765218667149,0,0,77,0,0,0,0,0
498,1765218667476,0,2048,3277,13808,0,0,0,0
499,1765218669092,0,0,77,0,0,0,0,0
500,1765218670258,0,0,77,0,0,0,0,0
501,1765218672642,0,0,77,9184,0,0,0,0
502,1765218677724,0,0,77,3200,0,0,0,0
503,1765218679158,0,0,77,0,0,0,0,0
504,1765218679443,0,0,77,0,0,0,0,0
505,1765218679858,0,0,77,0,0,0,0,0
506,1765218681258,0,8448,49660,33909,0,0,0,0
507,1765218683109,0,0,77,0,0,0,0,0
508,1765218683543,136,256,26713,0,0,0,0,0
509,1765218683825,0,0,77,0,0,0,0,0
510,1765218683942,0,0,77,0,0,0,0,0
511,1765218685791,0,0,77,0,0,0,0,0
512,1765218686841,0,6144,2255,30560,0,0,0,0
513,1765218687763,0,0,77,2048,0,0,0,0
514,1765218689375,52296,27332,9861,32794,0,0,0,0
515,1765218692641,0,0,77,32976,0,0,0,0
516,1765218694926,0,27136,43075,50136,0,0,0,0
517,1765218696424,0,3072,32901,32984,0,0,0,0
518,1765218697109,0,32768,197,5232,0,0,0,0
519,1765218698441,0,0,77,3600,0,0,0,0
520,1765218699910,0,0,77,0,0,0,0,0
521,1765218700624,0,0,77,0,0,0,0,0
522,1765218701409,0,0,77,0,0,0,0,0
523,1765218701557,0,0,205,5584,0,0,0,0
524,1765218701893,0,0,77,2048,0,0,0,0
525,1765218702325,1,10,77,0,0,0,0,0
526,1765218703858,1,34570,53538,18946,0,0,0,0
527,1765218705209,33,27146,44613,63896,0,0,0,0
528,1765218705959,1,65290,9863,38938,0,0,0,0
529,1765218710259,57453,27296,9857,53464,0,0,0,0
530,1765218712826,1,10,77,33344,0,0,0,0
531,1765218721643,1,10,254,17472,0,0,0,0
532,1765218722093,1,52234,51665,43400,0,0,0,0
533,1765218723526,1,10,381,39424,0,0,0,0
534,1765218724909,34945,14730,43881,26475,0,0,0,0
535,1765218727926,1,34826,321,39312,0,0,0,0
536,1765218737642,1,10,698,14336,0,0,0,0
537,1765218739843,1,2058,33395,32984,0,0,0,0
538,1765218744342,1,34314,4040,15660,0,0,0,0
539,1765218745492,1,27146,9859,39625,0,0,0,0
540,1765218749142,1,10,942,0,0,0,0,0
541,1765218749526,1,10,942,0,0,0,0,0
542,1765218750274,1,10,942,0,0,0,0,0
543,1765218750592,1,32778,2990,23840,0,0,0,0
544,1765218751025,32769,53122,45602,33290,0,0,0,0
545,1765218751441,1,10,33710,8,0,0,0,0
546,1765218751741,1,10,942,0,0,0,0,0
547,1765218752176,1,10,942,0,0,0,0,0
548,1765218752459,1,10,942,0,0,0,0,0
549,1765218752574,1,10,942,0,0,0,0,0
550,1765218752859,1,10,942,0,0,0,0,0
551,1765218753275,1,10,942,0,0,0,0,0
552,1765218753540,1,10,942,0,0,0,0,0
553,1765218754008,1,10,942,0,0,0,0,0
554,1765218754291,1,10,942,0,0,0,0,0
555,1765218754707,1,10,942,0,0,0,0,0
556,1765218755008,1,10,942,0,0,0,0,0
557,1765218755442,1,10,942,0,0,0,0,0
558,1765218756591,1,10,942,53440,0,0,0,0
559,1765218756874,1,10,942,0,0,0,0,0
560,1765218756991,1,10,942,0,0,0,0,0
561,1765218758176,1,12298,942,0,0,0,0,0
562,1765218759209,1,10,942,0,0,0,0,0
563,1765218759591,1,10,942,0,0,0,0,0
564,1765218759908,1,10,942,0,0,0,0,0
565,1765218760291,1,10,942,0,0,0,0,0
566,1765218760642,1,10,942,0,0,0,0,0
567,1765218760741,1,10,942,0,0,0,0,0
568,1765218761741,1,10,942,0,0,0,0,0
569,1765218762492,1,10,942,0,0,0,0,0
570,1765218762608,1,10,942,0,0,0,0,0
571,1765218762891,1,10,942,0,0,0,0,0
572,1765218763624,1,10,942,0,0,0,0,0
573,1765218765224,1,10,942,0,0,0,0,0
574,1765218765507,1,10,942,0,0,0,0,0
575,1765218765640,1,10,942,0,0,0,0,0
576,1765218767440,1,10,806,53840,0,0,0,0
577,1765218768259,1,10,942,0,0,0,0,0
578,1765218768591,1,10,942,0,0,0,0,0
579,1765218770241,1,10,942,17472,0,0,0,0
580,1765218770659,1,10,942,53456,0,0,0,0
581,1765218771007,49229,2562,9986,8,0,0,0,0
582,1765218788325,1,2058,2176,58304,0,0,0,0
583,1765218789076,1,16906,51264,58196,0,0,0,0
584,1765218789475,1,16394,32896,33348,0,0,0,0
585,1765218791275,1,10,0,0,0,0,0,0
586,1765218791374,1,10,0,0,0,0,0,0
587,1765218791657,1,10,0,0,0,0,0,0
588,1765218793108,1,10,0,0,0,0,0,0
589,1765218793241,1,10,0,0,0,0,0,0
590,1765218794241,1,10,0,0,0,0,0,0
591,1765218796574,1,10,0,2080,0,0,0,0
592,1765218796841,1,65290,15937,64266,0,0,0,0
593,1765218797707,1,10,0,0,0,0,0,0
594,1765218797991,1,10,0,0,0,0,0,0
595,1765218798442,1,10,0,0,0,0,0,0
596,1765218798724,1,10,0,0,0,0,0,0
597,1765218798825,1,10,0,0,0,0,0,0
598,1765218799159,1,10,0,0,0,0,0,0
599,1765218799574,1,10,0,0,0,0,0,0
600,1765218799908,1,10,0,0,0,0,0,0
601,1765218800024,1,10,0,0,0,0,0,0
602,1765218800308,1,10,0,0,0,0,0,0
603,1765218800625,1,10,0,0,0,0,0,0
604,1765218801408,1,10,0,0,0,0,0,0
605,1765218801741,1,10,0,0,0,0,0,0
606,1765218802125,1,10,0,0,0,0,0,0
607,1765218802472,1,10,0,0,0,0,0,0
608,1765218802591,1,10,0,0,0,0,0,0
609,1765218802858,1,10,0,0,0,0,0,0
610,1765218803323,1,10,0,0,0,0,0,0
611,1765218803607,1,10,0,0,0,0,0,0
612,1765218804007,1,10,0,0,0,0,0,0
613,1765218804308,1,10,0,0,0,0,0,0
614,1765218804441,1,10,0,0,0,0,0,0
615,1765218804724,1,10,0,0,0,0,0,0
616,1765218805191,1,10,0,0,0,0,0,0
617,1765218805458,1,10,0,0,0,0,0,0
618,1765218805891,1,10,0,0,0,0,0,0
619,1765218806174,1,10,0,0,0,0,0,0
620,1765218806291,1,10,0,0,0,0,0,0
621,1765218806624,1,10,0,0,0,0,0,0
622,1765218807054,1,10,0,0,0,0,0,0
623,1765218807291,1,10,0,0,0,0,0,0
624,1765218807724,1,10,0,0,0,0,0,0
625,1765218808024,1,10,0,0,0,0,0,0
626,1765218808475,1,10,0,0,0,0,0,0
627,1765218808875,1,10,0,0,0,0,0,0
628,1765218809191,1,10,0,0,0,0,0,0
629,1765218809590,1,10,0,0,0,0,0,0
630,1765218809941,1,10,0,0,0,0,0,0
631,1765218810341,1,10,0,0,0,0,0,0
632,1765218810624,1,10,0,0,0,0,0,0
633,1765218810758,1,10,0,0,0,0,0,0
634,1765218811075,1,10,0,0,0,0,0,0
635,1765218811491,1,10,0,0,0,0,0,0
636,1765218811808,1,10,0,0,0,0,0,0
637,1765218811941,1,10,0,0,0,0,0,0
638,1765218812241,1,10,0,0,0,0,0,0
639,1765218812691,1,10,0,0,0,0,0,0
640,1765218812974,1,10,0,0,0,0,0,0
641,1765218813425,1,10,0,0,0,0,0,0
642,1765218813858,1,10,0,0,0,0,0,0
643,1765218814158,1,10,0,0,0,0,0,0
644,1765218814591,1,10,0,0,0,0,0,0
645,1765218814874,1,10,0,0,0,0,0,0
646,1765218815041,1,10,0,0,0,0,0,0
647,1765218815374,1,10,0,0,0,0,0,0
648,1765218815825,1,10,0,0,0,0,0,0
649,1765218816274,1,10,0,0,0,0,0,0
650,1765218816591,1,10,0,0,0,0,0,0
651,1765218816741,1,10,0,0,0,0,0,0
652,1765218817024,1,10,0,0,0,0,0,0
653,1765218817541,1,10,0,0,0,0,0,0
654,1765218817824,1,10,0,0,0,0,0,0
655,1765218817991,1,10,0,0,0,0,0,0
656,1765218818305,1,10,0,0,0,0,0,0
657,1765218818741,1,10,0,0,0,0,0,0
658,1765218819074,1,10,0,0,0,0,0,0
659,1765218819257,1,10,0,0,0,0,0,0
660,1765218819541,1,10,0,0,0,0,0,0
661,1765218819975,1,10,0,0,0,0,0,0
662,1765218820275,1,10,0,0,0,0,0,0
663,1765218820441,1,10,0,0,0,0,0,0
664,1765218820724,1,10,0,0,0,0,0,0
665,1765218821209,1,10,0,0,0,0,0,0
666,1765218821508,1,10,0,0,0,0,0,0
667,1765218821642,1,10,0,0,0,0,0,0
668,1765218821958,1,10,0,0,0,0,0,0
669,1765218822424,1,10,0,0,0,0,0,0
670,1765218822891,1,10,0,0,0,0,0,0
671,1765218823208,1,10,0,0,0,0,0,0
672,1765218823358,1,10,0,0,0,0,0,0
673,1765218823641,1,10,0,0,0,0,0,0
674,1765218824091,1,10,0,0,0,0,0,0
675,1765218824824,1,10,0,0,0,0,0,0
676,1765218825108,1,10,0,0,0,0,0,0
677,1765218825224,1,10,0,0,0,0,0,0
678,1765218825558,1,10,0,0,0,0,0,0
679,1765218825957,1,10,0,0,0,0,0,0
680,1765218826691,1,10,0,0,0,0,0,0
681,1765218826974,1,10,0,0,0,0,0,0
682,1765218827091,1,10,0,0,0,0,0,0
683,1765218827840,1,26634,52352,32964,0,0,0,0
684,1765218828158,1,10,0,0,0,0,0,0
685,1765218828573,1,10,0,0,0,0,0,0
686,1765218829691,1,10,0,16512,0,0,0,0
687,1765218830090,1,10,0,0,0,0,0,0
688,1765218830441,1,10,0,0,0,0,0,0
689,1765218830741,1,10,0,0,0,0,0,0
690,1765218830874,1,10,0,0,0,0,0,0
691,1765218831141,1,10,0,0,0,0,0,0
692,1765218831608,1,10,0,0,0,0,0,0
693,1765218831874,1,10,0,0,0,0,0,0
694,1765218832291,1,10,0,0,0,0,0,0
695,1765218832608,1,10,0,0,0,0,0,0
696,1765218832741,1,10,0,0,0,0,0,0
697,1765218833024,1,10,0,0,0,0,0,0
698,1765218833474,1,10,0,0,0,0,0,0
699,1765218833758,1,10,0,0,0,0,0,0
700,1765218834191,1,10,0,0,0,0,0,0
701,1765218834474,1,10,0,0,0,0,0,0
702,1765218835324,1,10,0,0,0,0,0,0
703,1765218835608,1,10,0,0,0,0,0,0
704,1765218836441,1,10,0,0,0,0,0,0
705,1765218836774,1,10,0,0,0,0,0,0
706,1765218837491,1,10,0,0,0,0,0,0
707,1765218837890,1,10,0,0,0,0,0,0
708,1765218838241,1,10,0,0,0,0,0,0
709,1765218838341,1,10,0,0,0,0,0,0
710,1765218838625,1,10,0,0,0,0,0,0
711,1765218839741,1,10,0,0,0,0,0,0
712,1765218840090,1,10,0,0,0,0,0,0
713,1765218840491,1,10,0,0,0,0,0,0
714,1765218840941,1,10,0,0,0,0,0,0
715,1765218841224,1,10,0,0,0,0,0,0
716,1765218841657,1,10,0,0,0,0,0,0
717,1765218842124,1,10,0,0,0,0,0,0
718,1765218842391,1,10,0,0,0,0,0,0
719,1765218842841,1,10,0,0,0,0,0,0
720,1765218843124,1,10,0,0,0,0,0,0
721,1765218843274,1,10,0,0,0,0,0,0
722,1765218843608,1,10,0,0,0,0,0,0
723,1765218844024,1,10,0,0,0,0,0,0
724,1765218844326,1,10,0,0,0,0,0,0
725,1765218844724,1,10,0,0,0,0,0,0
726,1765218845024,1,10,0,0,0,0,0,0
727,1765218845141,1,10,0,0,0,0,0,0
728,1765218846190,1,10,0,0,0,0,0,0
729,1765218846607,1,10,0,0,0,0,0,0
730,1765218847090,1,10,0,0,0,0,0,0
731,1765218847774,1,10,0,0,0,0,0,0
732,1765218848107,1,10,0,0,0,0,0,0
733,1765218848241,1,10,0,0,0,0,0,0
734,1765218848524,1,10,0,0,0,0,0,0
735,1765218849005,1,10,0,0,0,0,0,0
736,1765218849291,1,10,0,5552,0,0,0,0
737,1765218849424,1,10,0,0,0,0,0,0
738,1765218850222,1,10,0,0,0,0,0,0
739,1765218850691,1,10,0,0,0,0,0,0
740,1765218850974,1,10,0,0,0,0,0,0
741,1765218851407,1,10,0,0,0,0,0,0
742,1765218851724,1,10,0,0,0,0,0,0
743,1765218851873,1,10,0,0,0,0,0,0
744,1765218852157,1,10,0,0,0,0,0,0
745,1765218853124,1,16394,16384,49156,0,0,0,0
746,1765218853907,1,10,0,0,0,0,0,0
747,1765218854358,1,10,0,0,0,0,0,0
748,1765218854691,1,10,0,0,0,0,0,0
749,1765218855139,1,10,0,0,0,0,0,0
750,1765218855641,1,10,0,0,0,0,0,0
751,1765218855924,1,10,0,0,0,0,0,0
752,1765218856074,1,10,0,0,0,0,0,0
753,1765218856424,1,10,0,0,0,0,0,0
754,1765218856590,1,10,0,0,0,0,0,0
755,1765218856891,1,10,0,0,0,0,0,0
756,1765218857341,1,10,0,0,0,0,0,0
757,1765218857657,1,10,0,0,0,0,0,0
758,1765218857774,1,10,0,0,0,0,0,0
759,1765218858074,1,10,0,0,0,0,0,0
760,1765218858541,1,10,0,0,0,0,0,0
761,1765218858840,1,10,0,0,0,0,0,0
762,1765218859274,1,10,0,0,0,0,0,0
763,1765218859559,1,10,0,0,0,0,0,0
764,1765218859674,1,10,0,0,0,0,0,0
765,1765218860007,1,10,0,0,0,0,0,0
766,1765218860440,1,10,0,0,0,0,0,0
767,1765218860740,1,10,0,0,0,0,0,0
768,1765218861140,1,10,0,0,0,0,0,0
769,1765218861424,1,10,0,0,0,0,0,0
770,1765218861540,1,10,0,0,0,0,0,0
771,1765218861891,1,10,0,0,0,0,0,0
772,1765218862291,1,10,0,0,0,0,0,0
773,1765218862624,1,10,0,0,0,0,0,0
774,1765218862757,1,10,0,0,0,0,0,0
775,1765218863040,1,10,0,0,0,0,0,0
776,1765218863474,1,10,0,0,0,0,0,0
777,1765218863791,1,10,0,0,0,0,0,0
778,1765218864190,1,10,0,0,0,0,0,0
779,1765218864491,1,10,0,0,0,0,0,0
780,1765218864607,1,10,0,0,0,0,0,0
781,1765218864908,1,10,0,0,0,0,0,0
782,1765218865357,1,10,0,0,0,0,0,0
783,1765218865640,1,10,0,0,0,0,0,0
784,1765218866091,1,10,0,0,0,0,0,0
785,1765218866357,1,10,0,0,0,0,0,0
786,1765218866540,1,10,0,0,0,0,0,0
787,1765218866790,1,10,0,0,0,0,0,0
788,1765218867224,1,10,0,0,0,0,0,0
789,1765218867507,1,10,0,0,0,0,0,0
790,1765218867958,1,10,0,0,0,0,0,0
791,1765218868241,1,10,0,0,0,0,0,0
792,1765218868357,1,10,0,0,0,0,0,0
793,1765218868690,1,10,0,0,0,0,0,0
794,1765218869090,1,10,0,0,0,0,0,0
795,1765218869422,1,10,0,0,0,0,0,0
796,1765218869824,1,10,0,0,0,0,0,0
797,1765218870124,1,10,0,0,0,0,0,0
798,1765218870224,1,10,0,0,0,0,0,0
799,1765218870573,1,10,0,0,0,0,0,0
800,1765218870990,1,10,0,0,0,0,0,0
801,1765218871290,1,10,0,0,0,0,0,0
802,1765218871424,1,10,0,0,0,0,0,0
803,1765218871707,1,10,0,0,0,0,0,0
804,1765218872024,1,10,0,0,0,0,0,0
805,1765218872157,1,10,0,0,0,0,0,0
806,1765218872440,1,10,0,0,0,0,0,0
807,1765218872823,1,10,0,0,0,0,0,0
808,1765218873139,1,10,0,0,0,0,0,0
809,1765218873556,1,10,0,0,0,0,0,0
810,1765218873874,1,10,0,0,0,0,0,0
811,1765218873990,1,10,0,0,0,0,0,0
812,1765218874277,1,10,0,0,0,0,0,0
813,1765218874707,1,10,0,0,0,0,0,0
814,1765218874989,1,10,0,0,0,0,0,0
815,1765218875439,1,10,0,0,0,0,0,0
816,1765218875724,1,10,0,0,0,0,0,0
817,1765218875856,1,10,0,0,0,0,0,0
818,1765218876142,1,10,0,0,0,0,0,0
819,1765218876557,1,10,0,0,0,0,0,0
820,1765218876840,1,10,0,0,0,0,0,0
821,1765218877307,1,10,0,0,0,0,0,0
822,1765218877573,1,10,0,0,0,0,0,0
823,1765218877690,1,10,0,0,0,0,0,0
824,1765218878041,1,10,0,0,0,0,0,0
825,1765218878440,1,10,0,0,0,0,0,0
826,1765218878774,1,10,0,0,0,0,0,0
827,1765218879173,1,10,0,0,0,0,0,0
828,1765218879440,1,10,0,0,0,0,0,0
829,1765218879574,1,10,0,0,0,0,0,0
830,1765218879890,1,10,0,0,0,0,0,0
831,1765218880307,1,10,0,0,0,0,0,0
832,1765218880624,1,10,0,0,0,0,0,0
833,1765218881040,1,10,0,0,0,0,0,0
834,1765218881507,1,10,0,0,0,0,0,0
835,1765218881791,1,10,0,0,0,0,0,0
836,1765218882224,1,10,0,0,0,0,0,0
837,1765218882556,1,10,0,0,0,0,0,0
838,1765218882689,1,10,0,0,0,0,0,0
839,1765218882973,1,10,0,0,0,0,0,0
840,1765218883423,1,10,0,0,0,0,0,0
841,1765218883723,1,10,0,0,0,0,0,0
842,1765218883857,1,10,0,0,0,0,0,0
843,1765218884189,1,10,0,0,0,0,0,0
844,1765218884624,1,10,0,0,0,0,0,0
845,1765218884957,1,10,0,0,0,0,0,0
846,1765218885374,1,10,0,0,0,0,0,0
847,1765218885806,1,10,0,0,0,0,0,0
848,1765218886157,1,10,0,0,0,0,0,0
849,1765218886307,1,10,0,0,0,0,0,0
850,1765218886589,1,10,0,0,0,0,0,0
851,1765218887040,1,10,0,0,0,0,0,0
852,1765218887324,1,10,0,0,0,0,0,0
853,1765218887822,1,10,0,0,0,0,0,0
854,1765218888240,1,10,0,0,0,0,0,0
855,1765218888524,1,10,0,0,0,0,0,0
856,1765218888690,1,10,0,0,0,0,0,0
857,1765218889006,1,10,0,0,0,0,0,0
858,1765218889425,1,10,0,0,0,0,0,0
859,1765218889757,1,10,0,0,0,0,0,0
860,1765218889924,1,10,0,0,0,0,0,0
861,1765218890207,1,10,0,0,0,0,0,0
862,1765218890657,1,10,0,0,0,0,0,0
863,1765218890940,1,10,0,0,0,0,0,0
864,1765218891108,1,10,0,0,0,0,0,0
865,1765218891440,1,10,0,0,0,0,0,0
866,1765218891889,1,10,0,0,0,0,0,0
867,1765218892172,1,10,0,0,0,0,0,0
868,1765218892322,1,10,0,0,0,0,0,0
869,1765218892623,1,10,0,0,0,0,0,0
870,1765218893040,1,10,0,0,0,0,0,0
871,1765218893374,1,10,0,0,0,0,0,0
872,1765218893773,1,10,0,0,0,0,0,0
873,1765218894090,1,10,0,0,0,0,0,0
874,1765218894207,1,10,0,0,0,0,0,0
875,1765218894507,1,10,0,0,0,0,0,0
876,1765218894923,1,10,0,0,0,0,0,0
877,1765218895240,1,10,0,0,0,0,0,0
878,1765218895623,1,10,0,0,0,0,0,0
879,1765218895940,1,10,0,0,0,0,0,0
880,1765218896057,1,10,0,0,0,0,0,0
881,1765218896338,1,10,0,0,0,0,0,0
882,1765218896790,1,10,0,0,0,0,0,0
883,1765218897076,1,10,0,0,0,0,0,0
884,1765218897492,1,10,0,0,0,0,0,0
885,1765218897773,1,10,0,0,0,0,0,0
886,1765218898192,1,10,0,0,0,0,0,0
887,1765218898656,1,10,0,0,0,0,0,0
888,1765218898922,1,10,0,0,0,0,0,0
889,1765218899356,1,10,0,0,0,0,0,0
890,1765218899657,1,10,0,0,0,0,0,0
891,1765218900107,1,10,0,0,0,0,0,0
892,1765218900506,1,10,0,0,0,0,0,0
893,1765218900823,1,10,0,0,0,0,0,0
894,1765218901207,1,10,0,0,0,0,0,0
895,1765218901490,1,10,0,0,0,0,0,0
896,1765218901924,1,10,0,0,0,0,0,0
897,1765218902207,1,10,0,0,0,0,0,0
898,1765218902340,1,10,0,0,0,0,0,0
899,1765218902639,1,10,0,0,0,0,0,0
900,1765218903056,1,10,0,0,0,0,0,0
901,1765218903389,1,10,0,0,0,0,0,0
902,1765218903788,1,10,0,0,0,0,0,0
903,1765218904088,1,10,0,0,0,0,0,0
904,1765218904490,1,10,0,0,0,0,0,0
905,1765218904773,1,10,0,0,0,0,0,0
906,1765218904890,1,10,0,0,0,0,0,0
907,1765218905957,1,10,0,0,0,0,0,0
908,1765218906090,1,10,0,0,0,0,0,0
909,1765218906356,1,10,0,0,0,0,0,0
910,1765218906806,1,10,0,0,0,0,0,0
911,1765218907107,1,10,0,0,0,0,0,0
912,1765218907457,1,10,0,0,0,0,0,0
913,1765218907789,1,10,0,0,0,0,0,0
914,1765218908156,1,10,0,0,0,0,0,0
915,1765218908507,1,10,0,0,0,0,0,0
916,1765218908607,1,10,0,0,0,0,0,0
917,1765218908905,1,10,0,0,0,0,0,0
918,1765218909323,1,10,0,32768,0,0,0,0
919,1765218909605,1,10,0,0,0,0,0,0
920,1765218910072,1,10,0,0,0,0,0,0
921,1765218910740,1,10,0,0,0,0,0,0
922,1765218911190,1,10,0,0,0,0,0,0
923,1765218911457,1,10,0,0,0,0,0,0
924,1765218911906,1,12298,0,0,0,0,0,0
925,1765218912207,1,10,0,0,0,0,0,0
926,1765218912639,1,10,0,0,0,0,0,0
927,1765218913040,1,10,0,0,0,0,0,0
928,1765218913357,1,10,0,0,0,0,0,0
929,1765218913790,1,10,0,0,0,0,0,0
930,1765218914057,1,10,0,0,0,0,0,0
931,1765218914523,1,10,0,0,0,0,0,0
932,1765218914924,1,10,0,0,0,0,0,0
933,1765218915272,1,10,0,0,0,0,0,0
934,1765218915675,1,10,0,0,0,0,0,0
935,1765218915989,1,10,0,0,0,0,0,0
936,1765218916107,1,10,0,0,0,0,0,0
937,1765218916390,1,10,0,0,0,0,0,0
938,1765218916805,1,10,0,0,0,0,0,0
939,1765218917140,1,10,0,0,0,0,0,0
940,1765218917524,1,10,544,25544,0,0,0,0
941,1765218917841,1,10,0,0,0,0,0,0
942,1765218917973,1,10,0,0,0,0,0,0
943,1765218918256,1,10,0,0,0,0,0,0
944,1765218918741,1,10,0,0,0,0,0,0
945,1765218919023,1,10,0,0,0,0,0,0
946,1765218919173,1,10,0,0,0,0,0,0
947,1765218919489,1,10,0,0,0,0,0,0
948,1765218919907,1,10,0,0,0,0,0,0
949,1765218920207,1,10,0,0,0,0,0,0
950,1765218920690,1,10,0,0,0,0,0,0
951,1765218921090,1,10,0,0,0,0,0,0
952,1765218921424,1,10,0,0,0,0,0,0
953,1765218921856,1,10,0,0,0,0,0,0
954,1765218922640,1,10,0,0,0,0,0,0
955,1765218922790,1,10,0,0,0,0,0,0
956,1765218923823,1,10,0,0,0,0,0,0
957,1765218924307,1,10,0,0,0,0,0,0
958,1765218924741,1,10,0,0,0,0,0,0
959,1765218925074,1,10,0,0,0,0,0,0
960,1765218925207,1,10,0,0,0,0,0,0
961,1765218925507,1,10,0,0,0,0,0,0
962,1765218925940,1,10,0,0,0,0,0,0
963,1765218926256,0,2304,0,0,0,0,0,0
964,1765218926256,1,10,0,0,0,0,0,0
965,1765218926689,1,10,0,0,0,0,0,0
966,1765218926989,1,10,0,0,0,0,0,0
967,1765218927157,1,10,0,0,0,0,0,0
968,1765218927890,1,10,0,0,0,0,0,0
969,1765218928173,1,10,0,0,0,0,0,0
970,1765218928307,1,10,0,0,0,0,0,0
971,1765218928606,1,10,0,0,0,0,0,0
972,1765218929021,1,10,0,0,0,0,0,0
973,1765218929323,1,10,0,0,0,0,0,0
974,1765218929754,1,23562,192,0,0,0,0,0
975,1765218930038,1,10,0,0,0,0,0,0
976,1765218930457,1,10,0,0,0,0,0,0
977,1765218930724,1,10,0,0,0,0,0,0
978,1765218930840,1,10,0,0,0,0,0,0
979,1765218931172,1,10,0,0,0,0,0,0
980,1765218931573,1,10,0,0,0,0,0,0
981,1765218931891,1,10,0,0,0,0,0,0
982,1765218932274,1,10,0,0,0,0,0,0
983,1765218932574,1,10,0,0,0,0,0,0
984,1765218933007,1,10,0,0,0,0,0,0
985,1765218933424,1,10,0,0,0,0,0,0
986,1765218933723,1,10,0,0,0,0,0,0
987,1765218934123,1,10,0,0,0,0,0,0
988,1765218934439,1,10,0,0,0,0,0,0
989,1765218934573,1,10,0,0,0,0,0,0
990,1765218934855,1,10,0,0,0,0,0,0
991,1765218936723,1,10,0,0,0,0,0,0
992,1765218937439,1,10,0,0,0,0,0,0
993,1765218937891,1,10,0,0,0,0,0,0
994,1765218938174,1,10,0,0,0,0,0,0
995,1765218938290,1,10,0,0,0,0,0,0
996,1765218938589,1,10,0,0,0,0,0,0
997,1765218939322,1,10,0,0,0,0,0,0
998,1765218939772,1,10,0,0,0,0,0,0
999,1765218940054,1,10,0,0,0,0,0,0
1000,1765218940188,1,10,0,0,0,0,0,0
1001,1765218940487,1,10,0,0,0,0,0,0
1002,1765218941606,1,10,0,0,0,0,0,0
1003,1765218941891,1,10,0,0,0,0,0,0
1004,1765218942589,1,10,0,0,0,0,0,0
1005,1765218942722,1,10,0,0,0,0,0,0
1006,1765218943056,1,10,0,0,0,0,0,0
1007,1765218943440,1,10,0,0,0,0,0,0
1008,1765218943756,1,10,0,0,0,0,0,0
1009,1765218944138,1,10,0,0,0,0,0,0
1010,1765218944491,1,10,0,0,0,0,0,0
1011,1765218944874,1,10,0,0,0,0,0,0
1012,1765218945160,1,10,0,0,0,0,0,0
1013,1765218945257,1,10,0,0,0,0,0,0
1014,1765218945767,1,10,0,0,0,0,0,0
1015,1765218945973,1,10,0,0,0,0,0,0
1016,1765218946707,1,10,0,0,0,0,0,0
1017,1765218947024,1,10,0,0,0,0,0,0
1018,1765218947124,1,10,0,0,0,0,0,0
1019,1765218947407,1,10,0,0,0,0,0,0
1020,1765218947824,1,10,0,0,0,0,0,0
1021,1765218948156,1,10,0,0,0,0,0,0
1022,1765218948555,1,10,0,0,0,0,0,0
1023,1765218948873,1,10,0,0,0,0,0,0
1024,1765218949005,1,10,0,0,0,0,0,0
1025,1765218949289,1,10,0,0,0,0,0,0
1026,1765218949754,1,10,0,0,0,0,0,0
1027,1765218950022,1,10,0,0,0,0,0,0
1028,1765218950455,1,10,0,0,0,0,0,0
1029,1765218950739,1,10,0,0,0,0,0,0
1030,1765218950855,1,10,0,0,0,0,0,0
1031,1765218951156,1,10,0,0,0,0,0,0
1032,1765218951607,1,10,0,0,0,0,0,0
1033,1765218951889,1,10,0,0,0,0,0,0
1034,1765218952323,1,10,0,0,0,0,0,0
1035,1765218952606,1,10,0,0,0,0,0,0
1036,1765218952739,1,10,0,0,0,0,0,0
1037,1765218953073,1,10,0,0,0,0,0,0
1038,1765218953488,1,10,0,0,0,0,0,0
1039,1765218953805,1,10,0,0,0,0,0,0
1040,1765218954208,1,10,0,0,0,0,0,0
1041,1765218954506,1,10,0,0,0,0,0,0
1042,1765218954623,1,10,0,0,0,0,0,0
1043,1765218954974,1,10,0,0,0,0,0,0
1044,1765218955373,1,10,0,0,0,0,0,0
1045,1765218955705,1,10,0,0,0,0,0,0
1046,1765218955838,1,10,0,0,0,0,0,0
1047,1765218956124,1,10,0,0,0,0,0,0
1048,1765218956713,1,10,0,0,0,0,0,0
1049,1765218956889,1,10,0,0,0,0,0,0
1050,1765218957024,1,10,0,0,0,0,0,0
1051,1765218957306,1,10,0,0,0,0,0,0
1052,1765218957688,1,10,0,0,0,0,0,0
1053,1765218957957,1,10,0,0,0,0,0,0
1054,1765218958255,1,10,0,0,0,0,0,0
1055,1765218958307,1,10,0,0,0,0,0,0
1056,1765218958606,1,10,0,0,0,0,0,0
1057,1765218958888,1,10,0,0,0,0,0,0
1058,1765218959239,1,10,0,0,0,0,0,0
1059,1765218959540,1,10,0,0,0,0,0,0
1060,1765218959888,1,10,0,0,0,0,0,0
1061,1765218960176,1,10,0,0,0,0,0,0
1062,1765218960537,1,10,0,0,0,0,0,0
1063,1765218960822,1,10,0,0,0,0,0,0
1064,1765218961172,1,10,0,0,0,0,0,0
1065,1765218961454,1,2570,26624,0,0,0,0,0
1066,1765218961807,1,10,0,0,0,0,0,0
1067,1765218962105,1,10,0,0,0,0,0,0
1068,1765218962439,1,10,0,0,0,0,0,0
1069,1765218962705,1,10,0,0,0,0,0,0
1070,1765218963009,1,10,0,0,0,0,0,0
1071,1765218963322,1,10,0,0,0,0,0,0
1072,1765218963606,1,10,0,0,0,0,0,0
1073,1765218963924,1,10,0,0,0,0,0,0
1074,1765218964207,1,10,0,0,0,0,0,0
1075,1765218964539,1,10,0,0,0,0,0,0
1076,1765218964806,1,10,0,0,0,0,0,0
1077,1765218965073,1,10,0,0,0,0,0,0
1078,1765218965405,1,10,0,0,0,0,0,0
1079,1765218966273,1,10,0,0,0,0,0,0
1080,1765218966590,1,10,0,0,0,0,0,0
1081,1765218966890,1,10,0,0,0,0,0,0
1082,1765218967756,1,10,0,0,0,0,0,0
1083,1765218968355,1,10,0,0,0,0,0,0
1084,1765218968673,1,10,0,0,0,0,0,0
1085,1765218968957,1,10,0,0,0,0,0,0
1086,1765218969540,1,10,0,0,0,0,0,0
1087,1765218970140,1,10,0,0,0,0,0,0
1088,1765218970440,1,10,0,0,0,0,0,0
1089,1765218970723,1,10,0,0,0,0,0,0
1090,1765218970757,1,10,0,0,0,0,0,0
1091,1765218971038,1,10,0,0,0,0,0,0
1092,1765218971323,1,10,0,0,0,0,0,0
1093,1765218971623,1,10,0,0,0,0,0,0
1094,1765218971906,1,10,0,0,0,0,0,0
1095,1765218972206,1,10,0,0,0,0,0,0
1096,1765218972490,1,10,0,0,0,0,0,0
1097,1765218972773,1,10,0,0,0,0,0,0
1098,1765218973090,1,10,0,0,0,0,0,0
1099,1765218973389,1,10,0,0,0,0,0,0
1100,1765218973974,1,10,0,0,0,0,0,0
1101,1765218974340,1,10,0,0,0,0,0,0
1102,1765218974639,1,10,0,0,0,0,0,0
1103,1765218975355,1,10,0,0,0,0,0,0
1104,1765218975790,1,10,0,0,0,0,0,0
1105,1765218976173,1,10,0,0,0,0,0,0
1106,1765218976457,1,10,0,0,0,0,0,0
1107,1765218976873,1,10,0,0,0,0,0,0
1108,1765218977155,1,10,0,0,0,0,0,0
1109,1765218977589,1,10,0,0,0,0,0,0
1110,1765218977856,1,10,0,0,0,0,0,0
1111,1765218978272,1,10,0,0,0,0,0,0
1112,1765218978556,1,10,0,0,0,0,0,0
1113,1765218978673,1,10,0,0,0,0,0,0
1114,1765218979005,1,10,0,0,0,0,0,0
1115,1765218979423,1,10,0,0,0,0,0,0
1116,1765218979704,1,10,0,0,0,0,0,0
1117,1765218980140,1,10,0,0,0,0,0,0
1118,1765218980423,1,10,0,0,0,0,0,0
1119,1765218980540,1,10,0,0,0,0,0,0
1120,1765218980874,1,10,0,0,0,0,0,0
1121,1765218981273,1,10,0,0,0,0,0,0
1122,1765218981574,1,10,0,0,0,0,0,0
1123,1765218981988,1,10,0,0,0,0,0,0
1124,1765218982340,1,10,0,0,0,0,0,0
1125,1765218982423,1,10,0,0,0,0,0,0
1126,1765218982722,1,10,0,0,0,0,0,0
1127,1765218983123,1,10,0,0,0,0,0,0
1128,1765218983423,1,10,0,0,0,0,0,0
1129,1765218983823,1,10,0,0,0,0,0,0
1130,1765218984156,1,10,0,0,0,0,0,0
1131,1765218984273,1,10,0,0,0,0,0,0
1132,1765218984556,1,10,0,0,0,0,0,0
1133,1765218984856,1,10,0,0,0,0,0,0
1134,1765218984973,1,10,0,0,0,0,0,0
1135,1765218985273,1,10,0,0,0,0,0,0
1136,1765218985689,1,10,0,0,0,0,0,0
1137,1765218986006,1,10,0,0,0,0,0,0
1138,1765218986423,1,10,0,0,0,0,0,0
1139,1765218986856,1,10,0,0,0,0,0,0
1140,1765218987157,1,10,0,0,0,0,0,0
1141,1765218987606,1,10,0,0,0,0,0,0
1142,1765218987890,1,10,0,0,0,0,0,0
1143,1765218988023,1,10,0,0,0,0,0,0
1144,1765218988756,1,10,0,0,0,0,0,0
1145,1765218989056,1,10,0,0,0,0,0,0
1146,1765218989506,1,10,0,0,0,0,0,0
1147,1765218989806,1,10,0,0,0,0,0,0
1148,1765218989940,1,10,0,0,0,0,0,0
1149,1765218990273,1,10,0,0,0,0,0,0
1150,1765218990809,1,10,0,0,0,0,0,0
1151,1765218991190,1,10,0,0,0,0,0,0
1152,1765218991473,1,10,0,0,0,0,0,0
1153,1765218991889,1,10,0,0,0,0,0,0
1154,1765218992207,1,10,0,0,0,0,0,0
1155,1765218992339,1,10,0,0,0,0,0,0
1156,1765218992622,1,10,0,0,0,0,0,0
1157,1765218993089,1,10,0,0,0,0,0,0
1158,1765218993389,1,10,0,0,0,0,0,0
1159,1765218993538,1,10,0,0,0,0,0,0
1160,1765218993857,1,10,0,0,0,0,0,0
1161,1765218994271,1,10,0,0,0,0,0,0
1162,1765218994621,1,10,0,0,0,0,0,0
1163,1765218994755,1,10,0,0,0,0,0,0
1164,1765218995054,1,10,0,0,0,0,0,0
1165,1765218995504,1,10,0,0,0,0,0,0
1166,1765218995822,1,10,0,0,0,0,0,0
1167,1765218995971,1,10,0,0,0,0,0,0
1168,1765218996256,1,10,0,0,0,0,0,0
1169,1765218997040,1,10,0,0,0,0,0,0
1170,1765218997488,1,10,0,0,0,0,0,0
1171,1765218997890,1,10,0,0,0,0,0,0
1172,1765218998205,1,10,0,0,0,0,0,0
1173,1765218998622,1,10,0,0,0,0,0,0
1174,1765218998905,1,10,0,0,0,0,0,0
1175,1765218999040,1,10,0,0,0,0,0,0
1176,1765218999322,1,10,0,0,0,0,0,0
1177,1765218999587,1,10,0,0,0,0,0,0
1178,1765218999739,1,10,0,0,0,0,0,0
