index,date,INVERSOR_STATE,FAILURE,ALARM,1,2,3,4,5
0,1765218499660,1,0,0,0,0,0,0,0
1,1765218500110,1,0,0,0,0,0,0,0
2,1765218500394,1,0,0,0,0,0,0,0
3,1765218500511,1,0,0,0,0,0,0,0
4,1765218500810,1,0,0,0,0,0,0,0
5,1765218501210,1,0,0,0,0,0,0,0
6,1765218501560,1,0,0,0,0,0,0,0
7,1765218501943,1,0,0,0,0,0,0,0
8,1765218502227,1,0,0,0,0,0,0,0
9,1765218502343,1,0,0,0,0,0,0,0
10,1765218502643,1,0,0,0,0,0,0,0
11,1765218503060,1,0,0,0,0,0,0,0
12,1765218503393,1,0,0,0,0,0,0,0
13,1765218503793,1,0,0,0,0,0,0,0
14,1765218504109,1,0,0,0,0,0,0,0
15,1765218504210,1,0,0,0,0,0,0,0
16,1765218504493,1,0,0,0,0,0,0,0
17,1765218504927,1,0,0,0,0,0,0,0
18,1765218505243,1,0,0,0,0,0,0,0
19,1765218505626,1,0,0,0,0,0,0,0
20,1765218505926,1,0,0,0,0,0,0,0
21,1765218506326,1,0,0,0,0,0,0,0
22,1765218506660,1,0,0,0,0,0,0,0
23,1765218506776,1,0,0,0,0,0,0,0
24,1765218507060,1,0,0,0,0,0,0,0
25,1765218507510,1,0,0,0,0,0,0,0
26,1765218507793,1,0,0,0,0,0,0,0
27,1765218508243,1,0,0,0,0,0,0,0
28,1765218508544,1,0,0,0,0,0,0,0
29,1765218508644,0,0,0,0,0,0,0,0
30,1765218508943,0,0,0,0,0,0,0,0
31,1765218509361,0,0,0,0,0,0,0,0
32,1765218509643,0,0,0,0,0,0,0,0
33,1765218510094,0,0,0,0,0,0,0,0
34,1765218510378,0,0,0,0,0,0,0,0
35,1765218510494,0,0,0,0,0,0,0,0
36,1765218510811,0,0,0,0,0,0,0,0
37,1765218511194,0,0,0,0,0,0,0,0
38,1765218511510,0,0,0,0,0,0,0,0
39,1765218511945,0,0,0,0,0,0,0,0
40,1765218512227,0,0,0,0,0,0,0,0
41,1765218512343,0,0,0,0,0,0,0,0
42,1765218512644,0,0,0,0,0,0,0,0
43,1765218512928,0,0,0,0,0,0,0,0
44,1765218513060,0,0,0,0,0,0,0,0
45,1765218513379,0,0,0,0,0,0,0,0
46,1765218513793,0,0,0,0,0,0,0,0
47,1765218514111,0,0,0,0,0,0,0,0
48,1765218514211,0,0,0,0,0,0,0,0
49,1765218514527,0,0,0,0,0,0,0,0
50,1765218514943,0,0,0,0,0,0,0,0
51,1765218515293,0,0,0,0,0,0,0,0
52,1765218515410,0,0,0,0,0,0,0,0
53,1765218515710,0,0,0,0,0,0,0,0
54,1765218516027,0,0,0,0,0,0,0,0
55,1765218516128,0,0,0,0,0,0,0,0
56,1765218516410,0,0,0,0,0,0,0,0
57,1765218516877,0,0,0,0,0,0,0,0
58,1765218517160,0,0,0,0,0,0,0,0
59,1765218517560,0,0,0,0,0,0,0,0
60,1765218517876,0,0,0,0,0,0,0,0
61,1765218517993,0,0,0,0,0,0,0,0
62,1765218518277,0,0,0,0,0,0,0,0
63,1765218518744,0,0,0,0,0,0,0,0
64,1765218519026,0,0,0,0,0,0,0,0
65,1765218519160,0,0,0,0,0,0,0,0
66,1765218519476,0,0,0,0,0,0,0,0
67,1765218519759,0,0,0,0,0,0,0,0
68,1765218520243,0,0,0,0,0,0,0,0
69,1765218520360,0,0,0,0,0,0,0,0
70,1765218520943,1,0,0,0,0,0,0,0
71,1765218521060,1,0,0,0,0,0,0,0
72,1765218521793,1,0,0,0,0,0,0,0
73,1765218522293,1,0,0,0,0,0,0,0
74,1765218523027,1,0,0,0,0,0,0,0
75,1765218523327,1,0,0,0,0,0,0,0
76,1765218523777,1,0,0,0,0,0,0,0
77,1765218524193,1,0,0,0,0,0,0,0
78,1765218524476,1,0,0,0,0,0,0,0
79,1765218524910,1,0,0,0,0,0,0,0
80,1765218525193,1,0,0,0,0,0,0,0
81,1765218525326,1,0,0,0,0,0,0,0
82,1765218525660,1,0,0,0,0,0,0,0
83,1765218526076,1,0,0,0,0,0,0,0
84,1765218526393,1,0,0,0,0,0,0,0
85,1765218526543,1,0,0,0,0,0,0,0
86,1765218526811,1,0,0,0,0,0,0,0
87,1765218527260,1,0,0,0,0,0,0,0
88,1765218527593,1,0,0,0,0,0,0,0
89,1765218527726,1,0,0,0,0,0,0,0
90,1765218528009,1,0,0,0,0,0,0,0
91,1765218528343,1,0,0,0,0,0,0,0
92,1765218528476,1,0,0,0,0,0,0,0
93,1765218528760,1,0,0,0,0,0,0,0
94,1765218529210,1,0,0,0,0,0,0,0
95,1765218529510,1,0,0,0,0,0,0,0
96,1765218529661,1,0,0,0,0,0,0,0
97,1765218529943,1,0,0,0,0,0,0,0
98,1765218530343,1,0,0,0,0,0,0,0
99,1765218530627,1,0,0,0,0,0,0,0
100,1765218531078,1,0,0,0,0,0,0,0
101,1765218531362,1,0,0,0,0,0,0,0
102,1765218531494,1,0,0,0,0,0,0,0
103,1765218531811,1,0,0,0,0,0,0,0
104,1765218532095,1,0,0,0,0,0,0,0
105,1765218532211,1,0,0,0,0,0,0,0
106,1765218532543,1,0,0,0,0,0,0,0
107,1765218532943,0,0,0,0,0,0,0,0
108,1765218533243,0,0,0,0,0,0,0,0
109,1765218533343,0,0,0,0,0,0,0,0
110,1765218533644,0,0,0,0,0,0,0,0
111,1765218533927,0,0,0,0,0,0,0,0
112,1765218534061,0,0,0,0,0,0,0,0
113,1765218534377,0,0,0,0,0,0,0,0
114,1765218534795,0,0,0,0,0,0,0,0
115,1765218535111,0,0,0,0,0,0,0,0
116,1765218535211,0,0,0,0,0,0,0,0
117,1765218535511,0,0,0,0,0,0,0,0
118,1765218535978,0,0,0,0,0,0,0,0
119,1765218536244,0,0,0,0,0,0,0,0
120,1765218536678,0,0,0,0,0,0,0,0
121,1765218536996,0,0,0,0,0,0,0,0
122,1765218537110,0,0,0,0,0,0,0,0
123,1765218537377,0,0,0,0,0,0,0,0
124,1765218537845,0,0,0,0,0,0,0,0
125,1765218538128,0,0,0,0,0,0,0,0
126,1765218538545,0,0,0,0,0,0,0,0
127,1765218538845,0,0,0,0,0,0,0,0
128,1765218538962,0,0,0,0,0,0,0,0
129,1765218539294,0,0,0,0,0,0,0,0
130,1765218539695,0,0,0,0,0,0,0,0
131,1765218539994,0,0,0,0,0,0,0,0
132,1765218540428,0,0,0,0,0,0,0,0
133,1765218540711,0,0,0,0,0,0,0,0
134,1765218540845,0,0,0,0,0,0,0,0
135,1765218541179,0,0,0,0,0,0,0,0
136,1765218541595,0,0,0,0,0,0,0,0
137,1765218541910,0,0,0,0,0,0,0,0
138,1765218542026,0,0,0,0,0,0,0,0
139,1765218542310,0,0,0,0,0,0,0,0
140,1765218542643,0,0,0,0,0,0,0,0
141,1765218542726,0,0,0,0,0,0,0,0
142,1765218543043,0,0,0,0,0,0,0,0
143,1765218543442,0,0,0,0,0,0,0,0
144,1765218543777,0,0,0,0,0,0,0,0
145,1765218543910,0,0,0,0,0,0,0,0
146,1765218544193,0,0,0,0,0,0,0,0
147,1765218544660,0,0,0,0,0,0,0,0
148,1765218544927,0,0,0,0,0,0,0,0
149,1765218545377,0,0,0,0,0,0,0,0
150,1765218545643,0,0,0,0,0,0,0,0
151,1765218546043,0,0,0,0,0,0,0,0
152,1765218546376,0,0,0,0,0,0,0,0
153,1765218546511,0,0,0,0,0,0,0,0
154,1765218546778,0,0,0,0,0,0,0,0
155,1765218547211,0,0,0,0,0,0,0,0
156,1765218547494,0,0,0,0,0,0,0,0
157,1765218547978,0,0,0,0,0,0,0,0
158,1765218548242,0,0,0,0,0,0,0,0
159,1765218548361,0,0,0,0,0,0,0,0
160,1765218548678,0,0,0,0,0,0,0,0
161,1765218549094,0,0,0,0,0,0,0,0
162,1765218549394,0,0,0,0,0,0,0,0
163,1765218549511,0,0,0,0,0,0,0,0
164,1765218549861,0,0,0,0,0,0,0,0
165,1765218550260,0,0,0,0,0,0,0,0
166,1765218550560,0,0,0,0,0,0,0,0
167,1765218550960,0,0,0,0,0,0,0,0
168,1765218551309,0,0,0,0,0,0,0,0
169,1765218551427,0,0,0,0,0,0,0,0
170,1765218551692,0,0,0,0,0,0,0,0
171,1765218552127,0,0,0,0,0,0,0,0
172,1765218552427,0,0,0,0,0,0,0,0
173,1765218552844,0,0,0,0,0,0,0,0
174,1765218553178,0,0,0,0,0,0,0,0
175,1765218553311,0,0,0,0,0,0,0,0
176,1765218553593,0,0,0,0,0,0,0,0
177,1765218554044,0,0,0,0,0,0,0,0
178,1765218554327,0,0,0,0,0,0,0,0
179,1765218554460,0,0,0,0,0,0,0,0
180,1765218554809,0,0,0,0,0,0,0,0
181,1765218555243,0,0,0,0,0,0,0,0
182,1765218555527,0,0,0,0,0,0,0,0
183,1765218555959,0,0,0,0,0,0,0,0
184,1765218556259,0,0,0,0,0,0,0,0
185,1765218556392,0,0,0,0,0,0,0,0
186,1765218556726,0,0,0,0,0,0,0,0
187,1765218557159,0,0,0,0,0,0,0,0
188,1765218557478,0,0,0,0,0,0,0,0
189,1765218557627,0,0,0,0,0,0,0,0
190,1765218557911,0,0,0,0,0,0,0,0
191,1765218558359,0,0,0,0,0,0,0,0
192,1765218558678,0,0,0,0,0,0,0,0
193,1765218558811,0,0,0,0,0,0,0,0
194,1765218559094,0,0,0,0,0,0,0,0
195,1765218559577,0,0,0,0,0,0,0,0
196,1765218559861,0,0,0,0,0,0,0,0
197,1765218560010,0,0,0,0,0,0,0,0
198,1765218560344,0,0,0,0,0,0,0,0
199,1765218560777,0,0,0,0,0,0,0,0
200,1765218561110,0,0,0,0,0,0,0,0
201,1765218561460,0,0,0,0,0,0,0,0
202,1765218561742,0,0,0,0,0,0,0,0
203,1765218562094,0,0,0,0,0,0,0,0
204,1765218562378,0,0,0,0,0,0,0,0
205,1765218562511,0,0,0,0,0,0,0,0
206,1765218562795,0,0,0,0,0,0,0,0
207,1765218563277,0,0,0,0,0,0,0,0
208,1765218563578,0,0,0,0,0,0,0,0
209,1765218563728,0,0,0,0,0,0,0,0
210,1765218564009,0,0,0,0,0,0,0,0
211,1765218564494,0,0,0,0,0,0,0,0
212,1765218564778,0,0,0,0,0,0,0,0
213,1765218564927,0,0,0,0,0,0,0,0
214,1765218565228,0,0,0,0,0,0,0,0
215,1765218565511,0,0,0,0,0,0,0,0
216,1765218565644,0,0,0,0,0,0,0,0
217,1765218565977,0,0,0,0,0,0,0,0
218,1765218566375,0,0,0,0,0,0,0,0
219,1765218566694,0,0,0,0,0,0,0,0
220,1765218566777,0,0,0,0,0,0,0,0
221,1765218567094,0,0,0,0,0,0,0,0
222,1765218567394,0,0,0,0,0,0,0,0
223,1765218567511,0,0,0,0,0,0,0,0
224,1765218567827,0,0,0,0,0,0,0,0
225,1765218568229,0,0,0,0,0,0,0,0
226,1765218568527,0,0,0,0,0,0,0,0
227,1765218568676,0,0,0,0,0,0,0,0
228,1765218568961,0,0,0,0,0,0,0,0
229,1765218569426,0,0,0,0,0,0,0,0
230,1765218569709,0,0,0,0,0,0,0,0
231,1765218570042,0,0,0,0,0,0,0,0
232,1765218570342,0,0,0,0,0,0,0,0
233,1765218570793,0,0,0,0,0,0,0,0
234,1765218571076,0,0,0,0,0,0,0,0
235,1765218571427,0,0,0,0,0,0,0,0
236,1765218571743,0,0,0,0,0,0,0,0
237,1765218571893,0,0,0,0,0,0,0,0
238,1765218572159,0,0,0,0,0,0,0,0
239,1765218572459,0,0,0,0,0,0,0,0
240,1765218572842,0,0,0,0,0,0,0,0
241,1765218573226,0,0,0,0,0,0,0,0
242,1765218573509,0,0,0,0,0,0,0,0
243,1765218573859,0,0,0,0,0,0,0,0
244,1765218574194,0,0,0,0,0,0,0,0
245,1765218574593,0,0,0,0,0,0,0,0
246,1765218574909,0,0,0,0,0,0,0,0
247,1765218575276,0,0,0,0,0,0,0,0
248,1765218575543,0,0,0,0,0,0,0,0
249,1765218575993,0,0,0,0,0,0,0,0
250,1765218576259,0,0,0,0,0,0,0,0
251,1765218576626,0,0,0,0,0,0,0,0
252,1765218576909,0,0,0,0,0,0,0,0
253,1765218577028,0,0,0,0,0,0,0,0
254,1765218577326,0,0,0,0,0,0,0,0
255,1765218577625,0,0,0,0,0,0,0,0
256,1765218577709,0,0,0,0,0,0,0,0
257,1765218577992,0,0,0,0,0,0,0,0
258,1765218578292,0,0,0,0,0,0,0,0
259,1765218578409,0,0,0,0,0,0,0,0
260,1765218578693,0,0,0,0,0,0,0,0
261,1765218579142,0,0,0,0,0,0,0,0
262,1765218579426,0,0,0,0,0,0,0,0
263,1765218579543,0,0,0,0,0,0,0,0
264,1765218579842,0,0,0,0,0,0,0,0
265,1765218580143,0,0,0,0,0,0,0,0
266,1765218580259,0,0,0,0,0,0,0,0
267,1765218580543,0,0,0,0,0,0,0,0
268,1765218580992,0,0,0,0,0,0,0,0
269,1765218581260,0,0,0,0,0,0,0,0
270,1765218581693,0,0,0,0,0,0,0,0
271,1765218581977,0,0,0,0,0,0,0,0
272,1765218582077,0,0,0,0,0,0,0,0
273,1765218582411,0,0,0,0,0,0,0,0
274,1765218582811,0,0,0,0,0,0,0,0
275,1765218583094,0,0,0,0,0,0,0,0
276,1765218583510,0,0,0,0,0,0,0,0
277,1765218583811,0,0,0,0,0,0,0,0
278,1765218584277,0,0,0,0,0,0,0,0
279,1765218584560,0,0,0,0,0,0,0,0
280,1765218584677,0,0,0,0,0,0,0,0
281,1765218584994,0,0,0,0,0,0,0,0
282,1765218585377,0,0,0,0,0,0,0,0
283,1765218585710,0,0,0,0,0,0,0,0
284,1765218586127,0,0,0,0,0,0,0,0
285,1765218586394,0,0,0,0,0,0,0,0
286,1765218586528,0,0,0,0,0,0,0,0
287,1765218586844,0,0,0,0,0,0,0,0
288,1765218587261,0,0,0,0,0,0,0,0
289,1765218587577,0,0,0,0,0,0,0,0
290,1765218587710,0,0,0,0,0,0,0,0
291,1765218587992,0,0,0,0,0,0,0,0
292,1765218588294,0,0,0,0,0,0,0,0
293,1765218588428,0,0,0,0,0,0,0,0
294,1765218588709,0,0,0,0,0,0,0,0
295,1765218589126,0,0,0,0,0,0,0,0
296,1765218589443,0,0,0,0,0,0,0,0
297,1765218589594,0,0,0,0,0,0,0,0
298,1765218589879,0,0,0,0,0,0,0,0
299,1765218590327,0,0,0,0,0,0,0,0
300,1765218590593,0,0,0,0,0,0,0,0
301,1765218591060,0,0,0,0,0,0,0,0
302,1765218591361,0,0,0,0,0,0,0,0
303,1765218591477,0,0,0,0,0,0,0,0
304,1765218591793,0,0,0,0,0,0,0,0
305,1765218592210,0,0,0,0,0,0,0,0
306,1765218592494,0,0,0,0,0,0,0,0
307,1765218592976,0,0,0,0,0,0,0,0
308,1765218593394,0,0,0,0,0,0,0,0
309,1765218593728,0,0,0,0,0,0,0,0
310,1765218593861,0,0,0,0,0,0,0,0
311,1765218594143,0,0,0,0,0,0,0,0
312,1765218594627,0,0,0,0,0,0,0,0
313,1765218594910,0,0,0,0,0,0,0,0
314,1765218595045,0,0,0,0,0,0,0,0
315,1765218595326,0,0,0,0,0,0,0,0
316,1765218595661,0,0,0,0,0,0,0,0
317,1765218595793,0,0,0,0,0,0,0,0
318,1765218596077,0,0,0,0,0,0,0,0
319,1765218596561,0,0,0,0,0,0,0,0
320,1765218596844,0,0,0,0,0,0,0,0
321,1765218596993,0,0,0,0,0,0,0,0
322,1765218597294,0,0,0,0,0,0,0,0
323,1765218597744,0,0,0,0,0,0,0,0
324,1765218598076,0,0,0,0,0,0,0,0
325,1765218598192,0,0,0,0,0,0,0,0
326,1765218598498,0,0,0,0,0,0,0,0
327,1765218598911,0,0,0,0,0,0,0,0
328,1765218599245,0,0,0,0,0,0,0,0
329,1765218599378,0,0,0,0,0,0,0,0
330,1765218599660,0,0,0,0,0,0,0,0
331,1765218600112,0,0,0,0,0,0,0,0
332,1765218600409,0,0,0,0,0,0,0,0
333,1765218600810,0,0,0,0,0,0,0,0
334,1765218601093,0,0,0,0,0,0,0,0
335,1765218601226,0,0,0,0,0,0,0,0
336,1765218601544,0,0,0,0,0,0,0,0
337,1765218601977,0,0,0,0,0,0,0,0
338,1765218602261,0,0,0,0,0,0,0,0
339,1765218602711,0,0,0,0,0,0,0,0
340,1765218602976,0,0,0,0,0,0,0,0
341,1765218603094,0,0,0,0,0,0,0,0
342,1765218603443,0,0,0,0,0,0,0,0
343,1765218603843,0,0,0,0,0,0,0,0
344,1765218604144,0,0,0,0,0,0,0,0
345,1765218604527,0,0,0,0,0,0,0,0
346,1765218604843,0,0,0,0,0,0,0,0
347,1765218604944,0,0,0,0,0,0,0,0
348,1765218605277,0,0,0,0,0,0,0,0
349,1765218605560,0,0,0,0,0,0,0,0
350,1765218605661,0,0,0,0,0,0,0,0
351,1765218605960,0,0,0,0,0,0,0,0
352,1765218606379,0,0,0,0,0,0,0,0
353,1765218606711,0,0,0,0,0,0,0,0
354,1765218606829,0,0,0,0,0,0,0,0
355,1765218607110,0,0,0,0,0,0,0,0
356,1765218607411,0,0,0,0,0,0,0,0
357,1765218607511,0,0,0,0,0,0,0,0
358,1765218607811,0,0,0,0,0,0,0,0
359,1765218608210,0,0,0,0,0,0,0,0
360,1765218608577,0,0,0,0,0,0,0,0
361,1765218608677,0,0,0,0,0,0,0,0
362,1765218608959,0,0,0,0,0,0,0,0
363,1765218609277,0,0,0,0,0,0,0,0
364,1765218609377,0,0,0,0,0,0,0,0
365,1765218609661,0,0,0,0,0,0,0,0
366,1765218610175,0,0,0,0,0,0,0,0
367,1765218610394,0,0,0,0,0,0,0,0
368,1765218610794,0,0,0,0,0,0,0,0
369,1765218611094,0,0,0,0,0,0,0,0
370,1765218611227,0,0,0,0,0,0,0,0
371,1765218611509,0,0,0,0,0,0,0,0
372,1765218611844,0,0,0,0,0,0,0,0
373,1765218611961,0,0,0,0,0,0,0,0
374,1765218612228,0,0,0,0,0,0,0,0
375,1765218612694,0,0,0,0,0,0,0,0
376,1765218612961,0,0,0,0,0,0,0,0
377,1765218613094,0,0,0,0,0,0,0,0
378,1765218613412,0,0,0,0,0,0,0,0
379,1765218613710,0,0,0,0,0,0,0,0
380,1765218613844,0,0,0,0,0,0,0,0
381,1765218614110,0,0,0,0,0,0,0,0
382,1765218614544,0,0,0,0,0,0,0,0
383,1765218614827,0,0,0,0,0,0,0,0
384,1765218615261,0,0,0,0,0,0,0,0
385,1765218615561,0,0,0,0,0,0,0,0
386,1765218615661,0,0,0,0,0,0,0,0
387,1765218615960,0,0,0,0,0,0,0,0
388,1765218616361,0,0,0,0,0,0,0,0
389,1765218616694,0,0,0,0,0,0,0,0
390,1765218619809,0,0,0,0,0,0,0,0
391,1765218620093,0,0,0,0,0,0,0,0
392,1765218620411,0,0,0,0,0,0,0,0
393,1765218620694,0,0,0,0,0,0,0,0
394,1765218620994,0,0,0,0,0,0,0,0
395,1765218621061,0,0,0,0,0,0,0,0
396,1765218621377,0,0,0,0,0,0,0,0
397,1765218621777,0,0,0,0,0,0,0,0
398,1765218622110,0,0,0,0,0,0,0,0
399,1765218622299,0,0,0,0,0,0,0,0
400,1765218622511,0,0,0,0,0,0,0,0
401,1765218622827,0,0,0,0,0,0,0,0
402,1765218622943,0,0,0,0,0,0,0,0
403,1765218623244,0,0,0,0,0,0,0,0
404,1765218623694,0,0,0,0,0,0,0,0
405,1765218623977,0,0,0,0,0,0,0,0
406,1765218624377,0,0,0,0,0,0,0,0
407,1765218624677,0,0,0,0,0,0,0,0
408,1765218624810,0,0,0,0,0,0,0,0
409,1765218625077,0,0,0,0,0,0,0,0
410,1765218625560,0,0,0,0,0,0,0,0
411,1765218625844,0,0,0,0,0,0,0,0
412,1765218626277,0,0,0,0,0,0,0,0
413,1765218626576,0,0,0,0,0,0,0,0
414,1765218626711,0,0,0,0,0,0,0,0
415,1765218627027,0,0,0,0,0,0,0,0
416,1765218627461,0,0,0,0,0,0,0,0
417,1765218627726,0,0,0,0,0,0,0,0
418,1765218627860,0,0,0,0,0,0,0,0
419,1765218628177,0,0,0,0,0,0,0,0
420,1765218628610,0,0,0,0,0,0,0,0
421,1765218628926,0,0,0,0,0,0,0,0
422,1765218629077,0,0,0,0,0,0,0,0
423,1765218629360,0,0,0,0,0,0,0,0
424,1765218629810,0,0,0,0,0,0,0,0
425,1765218630094,0,0,0,0,0,0,0,0
426,1765218630527,0,0,0,0,0,0,0,0
427,1765218630860,0,0,0,0,0,0,0,0
428,1765218630994,0,0,0,0,0,0,0,0
429,1765218631275,0,0,0,0,0,0,0,0
430,1765218631709,0,0,0,0,0,0,0,0
431,1765218632010,0,0,0,0,0,0,0,0
432,1765218632476,0,0,0,0,0,0,0,0
433,1765218632892,0,0,0,0,0,0,0,0
434,1765218633238,0,0,0,0,0,0,0,0
435,1765218633643,0,0,0,0,0,0,0,0
436,1765218633943,0,0,0,0,0,0,0,0
437,1765218634077,0,0,0,0,0,0,0,0
438,1765218634428,0,0,0,0,0,0,0,0
439,1765218634576,0,0,0,0,0,0,0,0
440,1765218634860,0,0,0,0,0,0,0,0
441,1765218635310,0,0,0,0,0,0,0,0
442,1765218635593,0,0,0,0,0,0,0,0
443,1765218636078,0,0,0,0,0,0,0,0
444,1765218636360,0,0,0,0,0,0,0,0
445,1765218636526,0,0,0,0,0,0,0,0
446,1765218636809,0,0,0,0,0,0,0,0
447,1765218637260,0,0,0,0,0,0,0,0
448,1765218637543,0,0,0,0,0,0,0,0
449,1765218637694,0,0,0,0,0,0,0,0
450,1765218638027,0,0,0,0,0,0,0,0
451,1765218638460,0,0,0,0,0,0,0,0
452,1765218638777,0,0,0,0,0,0,0,0
453,1765218638876,0,0,0,0,0,0,0,0
454,1765218639161,0,0,0,0,0,0,0,0
455,1765218639611,0,0,0,0,0,0,0,0
456,1765218639927,0,0,0,0,0,0,0,0
457,1765218640327,0,0,0,0,0,0,0,0
458,1765218640644,0,0,0,0,0,0,0,0
459,1765218640760,0,0,0,0,0,0,0,0
460,1765218641027,0,0,0,0,0,0,0,0
461,1765218641477,0,0,0,0,0,0,0,0
462,1765218641760,0,0,0,0,0,0,0,0
463,1765218642177,0,0,0,0,0,0,0,0
464,1765218642444,0,0,0,0,0,0,0,0
465,1765218642892,0,0,0,0,0,0,0,0
466,1765218643177,0,0,0,0,0,0,0,0
467,1765218643293,0,0,0,0,0,0,0,0
468,1765218643576,0,0,0,0,0,0,0,0
469,1765218644027,0,0,0,0,0,0,0,0
470,1765218644310,0,0,0,0,0,0,0,0
471,1765218644760,0,0,0,0,0,0,0,0
472,1765218645044,0,0,0,0,0,0,0,0
473,1765218645159,0,0,0,0,0,0,0,0
474,1765218645493,0,0,0,0,0,0,0,0
475,1765218645893,0,0,0,0,0,0,0,0
476,1765218646193,0,0,0,0,0,0,0,0
477,1765218646627,0,0,0,0,0,0,0,0
478,1765218646911,0,0,0,0,0,0,0,0
479,1765218647026,0,0,0,0,0,0,0,0
480,1765218647344,0,0,0,0,0,0,0,0
481,1765218647743,0,0,0,0,0,0,0,0
482,1765218648060,0,0,0,0,0,0,0,0
483,1765218648194,0,0,0,0,0,0,0,0
484,1765218648477,0,0,0,0,0,0,0,0
485,1765218648760,0,0,0,0,0,0,0,0
486,1765218649175,0,0,0,0,0,0,0,0
487,1765218649477,0,0,0,0,0,0,0,0
488,1765218649575,0,0,0,0,0,0,0,0
489,1765218649926,0,0,0,0,0,0,0,0
490,1765218650310,0,0,0,0,0,0,0,0
491,1765218650626,0,0,0,0,0,0,0,0
492,1765218650726,0,0,0,0,0,0,0,0
493,1765218651011,0,0,0,0,0,0,0,0
494,1765218651360,0,0,0,0,0,0,0,0
495,1765218651459,0,0,0,0,0,0,0,0
496,1765218651743,0,0,0,0,0,0,0,0
497,1765218652160,0,0,0,0,0,0,0,0
498,1765218652460,0,0,0,0,0,0,0,0
499,1765218652860,0,0,0,0,0,0,0,0
500,1765218653193,0,0,0,0,0,0,0,0
501,1765218653327,0,0,0,0,0,0,0,0
502,1765218653592,0,0,0,0,0,0,0,0
503,1765218654027,0,0,0,0,0,0,0,0
504,1765218654291,0,0,0,0,0,0,0,0
505,1765218654726,1,0,0,0,0,0,0,0
506,1765218655010,1,0,0,0,0,0,0,0
507,1765218655125,1,0,0,0,0,0,0,0
508,1765218655393,1,0,0,0,0,0,0,0
509,1765218655727,1,0,0,0,0,0,0,0
510,1765218655844,1,0,0,0,0,0,0,0
511,1765218656110,1,0,0,0,0,0,0,0
512,1765218656577,1,0,0,0,0,0,0,0
513,1765218656843,1,0,0,0,0,0,0,0
514,1765218657243,1,0,0,0,0,0,0,0
515,1765218657526,1,0,0,0,0,0,0,0
516,1765218657977,1,0,0,0,0,0,0,0
517,1765218658260,1,0,0,0,0,0,0,0
518,1765218658358,1,0,0,0,0,0,0,0
519,1765218658642,1,0,0,0,0,0,0,0
520,1765218658925,1,0,0,0,0,0,0,0
521,1765218659043,1,0,0,0,0,0,0,0
522,1765218659324,1,0,0,0,0,0,0,0
523,1765218659758,1,0,0,0,0,0,0,0
524,1765218660042,1,0,0,0,0,0,0,0
525,1765218660475,1,0,0,0,0,0,0,0
526,1765218660742,1,0,0,0,0,0,0,0
527,1765218660859,1,0,0,0,0,0,0,0
528,1765218661193,1,0,0,0,0,0,0,0
529,1765218661624,1,0,0,0,0,0,0,0
530,1765218662327,1,0,0,0,0,0,0,0
531,1765218662608,1,0,0,0,0,0,0,0
532,1765218662759,1,0,0,0,0,0,0,0
533,1765218663809,1,0,0,0,0,0,0,0
534,1765218663925,1,0,0,0,0,0,0,0
535,1765218664942,1,0,0,0,0,0,0,0
536,1765218665358,1,0,0,0,0,0,0,0
537,1765218665675,1,0,0,0,0,0,0,0
538,1765218665792,1,0,0,0,0,0,0,0
539,1765218666075,1,0,0,0,0,0,0,0
540,1765218666558,1,0,0,0,0,0,0,0
541,1765218667276,1,0,0,0,0,0,0,0
542,1765218669191,1,0,0,0,0,0,0,0
543,1765218669976,1,0,0,0,0,0,0,0
544,1765218670091,1,0,0,0,0,0,0,0
545,1765218670392,1,52736,57890,0,0,0,0,0
546,1765218670692,1,0,0,0,0,0,0,0
547,1765218670809,1,54784,39745,0,0,0,0,0
548,1765218672293,1,2048,32776,0,0,0,0,0
549,1765218673894,1,0,0,0,0,0,0,0
550,1765218674157,1,0,32768,0,0,0,0,0
551,1765218674842,1,65280,13889,0,0,0,0,0
552,1765218676708,1,59136,53522,0,0,0,0,0
553,1765218677825,1,33792,32942,0,0,0,0,0
554,1765218678941,1,0,0,0,0,0,0,0
555,1765218679258,1,0,0,0,0,0,0,0
556,1765218679992,1,0,0,0,0,0,0,0
557,1765218683358,1,0,0,0,0,0,0,0
558,1765218683659,1,0,0,0,0,0,0,0
559,1765218685926,50,0,13619,0,0,0,0,0
560,1765218691026,1,0,0,0,0,0,0,0
561,1765218691759,1,0,0,0,0,0,0,0
562,1765218692043,1,65280,43748,0,0,0,0,0
563,1765218693593,1,0,0,0,0,0,0,0
564,1765218701992,0,58880,4996,0,0,0,0,0
565,1765218704107,3080,25100,24694,0,0,0,0,0
566,1765218706543,0,0,8226,0,0,0,0,0
567,1765218706859,0,0,0,0,0,0,0,0
568,1765218708175,0,14592,43628,0,0,0,0,0
569,1765218713344,0,65280,15937,0,0,0,0,0
570,1765218714809,2,52992,13827,0,0,0,0,0
571,1765218716642,1,0,0,0,0,0,0,0
572,1765218722609,1,32768,0,0,0,0,0,0
573,1765218724459,1,0,0,0,0,0,0,0
574,1765218724726,1,2304,57914,0,0,0,0,0
575,1765218728425,1,32768,51266,0,0,0,0,0
576,1765218730610,1,1024,2,0,0,0,0,0
577,1765218731042,1,0,0,0,0,0,0,0
578,1765218732575,1,4096,35690,0,0,0,0,0
579,1765218739675,1,26624,26688,0,0,0,0,0
580,1765218740108,32777,34056,5899,0,0,0,0,0
581,1765218740458,34945,2184,57914,0,0,0,0,0
582,1765218740859,1,32768,32776,0,0,0,0,0
583,1765218741276,1,34048,43624,0,0,0,0,0
584,1765218744858,1,0,0,0,0,0,0,0
585,1765218749242,0,0,0,0,0,0,0,0
586,1765218749675,0,0,0,0,0,0,0,0
587,1765218751824,0,0,0,0,0,0,0,0
588,1765218751942,0,0,0,0,0,0,0,0
589,1765218752274,0,0,0,0,0,0,0,0
590,1765218752679,0,0,0,0,0,0,0,0
591,1765218752976,0,0,0,0,0,0,0,0
592,1765218753358,0,0,0,0,0,0,0,0
593,1765218753659,0,0,0,0,0,0,0,0
594,1765218754109,12339,43274,37017,0,0,0,0,0
595,1765218754392,0,8704,16518,0,0,0,0,0
596,1765218754825,0,0,0,0,0,0,0,0
597,1765218757108,0,0,0,0,0,0,0,0
598,1765218757425,0,0,0,0,0,0,0,0
599,1765218757574,0,0,0,0,0,0,0,0
600,1765218759025,0,0,0,0,0,0,0,0
601,1765218759308,0,0,0,0,0,0,0,0
602,1765218759425,0,0,0,0,0,0,0,0
603,1765218759691,0,0,0,0,0,0,0,0
604,1765218760009,0,0,0,0,0,0,0,0
605,1765218760125,0,0,0,0,0,0,0,0
606,1765218760408,0,0,0,0,0,0,0,0
607,1765218760841,0,0,0,0,0,0,0,0
608,1765218761559,0,0,0,0,0,0,0,0
609,1765218762325,0,0,0,0,0,0,0,0
610,1765218762725,0,0,0,0,0,0,0,0
611,1765218763007,0,0,0,0,0,0,0,0
612,1765218763725,0,0,0,0,0,0,0,0
613,1765218763858,0,0,0,0,0,0,0,0
614,1765218764192,0,0,0,0,0,0,0,0
615,1765218764907,0,0,0,0,0,0,0,0
616,1765218765024,0,0,0,0,0,0,0,0
617,1765218765324,0,0,0,0,0,0,0,0
618,1765218765759,0,0,0,0,0,0,0,0
619,1765218766491,0,0,0,0,0,0,0,0
620,1765218766925,0,0,0,0,0,0,0,0
621,1765218767208,0,0,0,0,0,0,0,0
622,1765218768675,0,0,0,0,0,0,0,0
623,1765218768824,0,0,0,0,0,0,0,0
624,1765218769108,0,0,0,0,0,0,0,0
625,1765218769892,0,0,0,0,0,0,0,0
626,1765218770010,0,0,0,0,0,0,0,0
627,1765218770342,30029,24368,43585,0,0,0,0,0
628,1765218772475,0,0,0,0,0,0,0,0
629,1765218790759,0,0,0,0,0,0,0,0
630,1765218791041,0,0,0,0,0,0,0,0
631,1765218791491,0,0,0,0,0,0,0,0
632,1765218791774,0,0,0,0,0,0,0,0
633,1765218792158,0,0,0,0,0,0,0,0
634,1765218792476,0,52224,32900,0,0,0,0,0
635,1765218793358,0,0,0,0,0,0,0,0
636,1765218794475,0,0,0,0,0,0,0,0
637,1765218795208,3076,50824,45092,0,0,0,0,0
638,1765218797525,0,0,0,0,0,0,0,0
639,1765218797808,0,0,0,0,0,0,0,0
640,1765218798140,0,0,0,0,0,0,0,0
641,1765218798258,0,0,0,0,0,0,0,0
642,1765218798541,0,0,0,0,0,0,0,0
643,1765218798941,0,0,0,0,0,0,0,0
644,1765218799258,0,0,0,0,0,0,0,0
645,1765218799390,0,0,0,0,0,0,0,0
646,1765218799675,0,0,0,0,0,0,0,0
647,1765218800007,0,0,0,0,0,0,0,0
648,1765218800125,0,0,0,0,0,0,0,0
649,1765218800408,0,0,0,0,0,0,0,0
650,1765218801123,0,0,0,0,0,0,0,0
651,1765218801558,0,0,0,0,0,0,0,0
652,1765218801841,0,0,0,0,0,0,0,0
653,1765218801958,0,0,0,0,0,0,0,0
654,1765218802241,0,0,0,0,0,0,0,0
655,1765218802691,0,0,0,0,0,0,0,0
656,1765218802975,0,0,0,0,0,0,0,0
657,1765218803441,0,0,0,0,0,0,0,0
658,1765218803708,0,0,0,0,0,0,0,0
659,1765218803825,0,0,0,0,0,0,0,0
660,1765218804125,0,0,0,0,0,0,0,0
661,1765218804408,0,0,0,0,0,0,0,0
662,1765218804558,0,0,0,0,0,0,0,0
663,1765218804858,0,0,0,0,0,0,0,0
664,1765218805275,0,0,0,0,0,0,0,0
665,1765218805573,0,0,0,0,0,0,0,0
666,1765218805674,0,0,0,0,0,0,0,0
667,1765218805991,0,0,0,0,0,0,0,0
668,1765218806258,0,0,0,0,0,0,0,0
669,1765218806391,0,0,0,0,0,0,0,0
670,1765218806741,0,0,0,0,0,0,0,0
671,1765218807124,0,0,0,0,0,0,0,0
672,1765218807441,0,0,0,0,0,0,0,0
673,1765218807541,0,0,0,0,0,0,0,0
674,1765218807841,0,0,0,0,0,0,0,0
675,1765218808141,0,0,0,0,0,0,0,0
676,1765218808241,0,0,0,0,0,0,0,0
677,1765218808590,0,0,0,0,0,0,0,0
678,1765218808975,0,0,0,0,0,0,0,0
679,1765218809308,0,0,0,0,0,0,0,0
680,1765218809424,0,0,0,0,0,0,0,0
681,1765218809708,0,0,0,0,0,0,0,0
682,1765218810174,0,0,0,0,0,0,0,0
683,1765218810441,0,0,0,0,0,0,0,0
684,1765218810858,0,0,0,0,0,0,0,0
685,1765218811174,0,0,0,0,0,0,0,0
686,1765218811291,0,0,0,0,0,0,0,0
687,1765218811591,0,0,0,0,0,0,0,0
688,1765218812058,0,0,0,0,0,0,0,0
689,1765218812341,0,0,0,0,0,0,0,0
690,1765218812791,0,0,0,0,0,0,0,0
691,1765218813075,0,0,0,0,0,0,0,0
692,1765218813208,0,0,0,0,0,0,0,0
693,1765218813557,0,0,0,0,0,0,0,0
694,1765218813958,0,0,0,0,0,0,0,0
695,1765218814258,0,0,0,0,0,0,0,0
696,1765218814390,0,0,0,0,0,0,0,0
697,1765218814708,0,0,0,0,0,0,0,0
698,1765218815141,0,0,0,0,0,0,0,0
699,1765218815491,0,0,0,0,0,0,0,0
700,1765218815640,0,0,0,0,0,0,0,0
701,1765218816391,0,0,0,0,0,0,0,0
702,1765218816691,0,0,0,0,0,0,0,0
703,1765218816841,0,0,0,0,0,0,0,0
704,1765218817190,0,0,0,0,0,0,0,0
705,1765218817325,0,0,0,0,0,0,0,0
706,1765218817641,0,0,0,0,0,0,0,0
707,1765218818091,0,0,0,0,0,0,0,0
708,1765218818408,0,0,0,0,0,0,0,0
709,1765218818558,0,0,0,0,0,0,0,0
710,1765218818858,0,0,0,0,0,0,0,0
711,1765218819341,0,0,0,0,0,0,0,0
712,1765218819641,0,0,0,0,0,0,0,0
713,1765218819792,0,0,0,0,0,0,0,0
714,1765218820108,0,0,0,0,0,0,0,0
715,1765218820541,0,0,0,0,0,0,0,0
716,1765218820858,0,0,0,0,0,0,0,0
717,1765218820975,0,0,0,0,0,0,0,0
718,1765218821325,0,0,0,0,0,0,0,0
719,1765218821758,0,0,0,0,0,0,0,0
720,1765218822090,0,0,0,0,0,0,0,0
721,1765218822241,0,0,0,0,0,0,0,0
722,1765218822524,0,0,0,0,0,0,0,0
723,1765218823024,0,0,0,0,0,0,0,0
724,1765218823308,0,0,0,0,0,0,0,0
725,1765218823458,0,0,0,0,0,0,0,0
726,1765218823741,0,0,0,0,0,0,0,0
727,1765218824174,0,0,0,0,0,0,0,0
728,1765218824474,0,0,2048,0,0,0,0,0
729,1765218824591,0,0,0,0,0,0,0,0
730,1765218825325,0,0,0,0,0,0,0,0
731,1765218825641,0,0,0,0,0,0,0,0
732,1765218826058,0,0,0,0,0,0,0,0
733,1765218826391,0,0,0,0,0,0,0,0
734,1765218826508,0,0,0,0,0,0,0,0
735,1765218826807,0,0,0,0,0,0,0,0
736,1765218827207,0,0,0,0,0,0,0,0
737,1765218828274,0,0,0,0,0,0,0,0
738,1765218828391,0,0,0,0,0,0,0,0
739,1765218828658,0,0,0,0,0,0,0,0
740,1765218829109,0,0,0,0,0,0,0,0
741,1765218829808,3084,201,0,0,0,0,0,0
742,1765218830140,0,0,0,0,0,0,0,0
743,1765218830274,0,0,0,0,0,0,0,0
744,1765218830541,0,0,0,0,0,0,0,0
745,1765218830958,0,0,0,0,0,0,0,0
746,1765218831257,0,0,0,0,0,0,0,0
747,1765218831708,0,0,0,0,0,0,0,0
748,1765218832006,0,0,0,0,0,0,0,0
749,1765218832424,0,0,0,0,0,0,0,0
750,1765218833141,0,0,0,0,0,0,0,0
751,1765218833858,0,0,0,0,0,0,0,0
752,1765218833975,0,0,0,0,0,0,0,0
753,1765218834291,0,0,0,0,0,0,0,0
754,1765218834707,0,0,0,0,0,0,0,0
755,1765218835841,0,0,0,0,0,0,0,0
756,1765218836874,0,0,0,0,0,0,0,0
757,1765218837006,0,0,0,0,0,0,0,0
758,1765218837607,0,0,0,0,0,0,0,0
759,1765218837708,0,0,0,0,0,0,0,0
760,1765218837990,0,0,0,0,0,0,0,0
761,1765218838458,0,0,0,0,0,0,0,0
762,1765218838741,0,0,0,0,0,0,0,0
763,1765218839124,0,0,0,0,0,0,0,0
764,1765218839441,0,0,0,0,0,0,0,0
765,1765218839574,0,0,0,0,0,0,0,0
766,1765218839857,0,0,0,0,0,0,0,0
767,1765218840590,0,0,0,0,0,0,0,0
768,1765218841041,0,0,0,0,0,0,0,0
769,1765218841474,0,0,0,0,0,0,0,0
770,1765218841808,0,0,0,0,0,0,0,0
771,1765218842224,0,0,0,0,0,0,0,0
772,1765218842610,0,0,0,0,0,0,0,0
773,1765218842656,0,0,0,0,0,0,0,0
774,1765218842957,0,0,0,0,0,0,0,0
775,1765218843241,0,0,0,0,0,0,0,0
776,1765218843357,0,0,0,0,0,0,0,0
777,1765218843708,0,0,0,0,0,0,0,0
778,1765218843824,0,0,0,0,0,0,0,0
779,1765218844107,0,0,0,0,0,0,0,0
780,1765218844424,0,0,0,0,0,0,0,0
781,1765218844558,0,0,0,0,0,0,0,0
782,1765218844841,0,0,0,0,0,0,0,0
783,1765218845274,0,0,0,0,0,0,0,0
784,1765218845591,0,0,0,0,0,0,0,0
785,1765218845707,0,0,0,0,0,0,0,0
786,1765218845991,0,0,0,0,0,0,0,0
787,1765218846291,0,0,0,0,0,0,0,0
788,1765218846424,0,0,0,0,0,0,0,0
789,1765218846707,0,0,0,0,0,0,0,0
790,1765218847190,0,4096,2912,0,0,0,0,0
791,1765218847491,0,0,0,0,0,0,0,0
792,1765218847608,0,0,0,0,0,0,0,0
793,1765218847924,0,0,0,0,0,0,0,0
794,1765218849391,0,0,0,0,0,0,0,0
795,1765218850024,0,0,0,0,0,0,0,0
796,1765218850790,0,0,0,0,0,0,0,0
797,1765218851074,12,25288,33702,0,0,0,0,0
798,1765218851557,0,0,0,0,0,0,0,0
799,1765218851974,12339,259,18440,0,0,0,0,0
800,1765218852274,0,0,0,0,0,0,0,0
801,1765218852441,0,0,0,0,0,0,0,0
802,1765218854008,0,0,0,0,0,0,0,0
803,1765218854507,0,0,0,0,0,0,0,0
804,1765218854958,0,0,0,0,0,0,0,0
805,1765218855407,0,0,0,0,0,0,0,0
806,1765218855724,0,0,0,0,0,0,0,0
807,1765218856190,0,0,0,0,0,0,0,0
808,1765218856541,0,0,0,0,0,0,0,0
809,1765218856691,0,0,0,0,0,0,0,0
810,1765218856991,0,0,0,0,0,0,0,0
811,1765218857141,0,0,0,0,0,0,0,0
812,1765218857458,0,0,0,0,0,0,0,0
813,1765218857758,0,0,0,0,0,0,0,0
814,1765218857907,0,0,0,0,0,0,0,0
815,1765218858207,0,0,0,0,0,0,0,0
816,1765218858640,0,0,0,0,0,0,0,0
817,1765218858924,0,0,0,0,0,0,0,0
818,1765218859057,0,0,0,0,0,0,0,0
819,1765218859374,0,0,0,0,0,0,0,0
820,1765218859791,0,0,0,0,0,0,0,0
821,1765218860124,0,0,0,0,0,0,0,0
822,1765218860256,0,0,0,0,0,0,0,0
823,1765218860541,0,0,0,0,0,0,0,0
824,1765218860841,0,0,0,0,0,0,0,0
825,1765218860940,0,0,0,0,0,0,0,0
826,1765218861257,0,0,0,0,0,0,0,0
827,1765218861657,0,0,0,0,0,0,0,0
828,1765218861989,0,0,0,0,0,0,0,0
829,1765218862123,0,0,0,0,0,0,0,0
830,1765218862391,0,0,0,0,0,0,0,0
831,1765218862857,0,0,0,0,0,0,0,0
832,1765218863141,0,0,0,0,0,0,0,0
833,1765218863606,0,0,0,0,0,0,0,0
834,1765218863890,0,0,0,0,0,0,0,0
835,1765218864007,0,0,0,0,0,0,0,0
836,1765218864290,0,0,0,0,0,0,0,0
837,1765218865007,0,0,0,0,0,0,0,0
838,1765218865474,0,0,0,0,0,0,0,0
839,1765218865757,0,0,0,0,0,0,0,0
840,1765218865874,0,0,0,0,0,0,0,0
841,1765218866190,0,0,0,0,0,0,0,0
842,1765218866590,0,0,0,0,0,0,0,0
843,1765218866941,0,0,0,0,0,0,0,0
844,1765218867040,0,0,0,0,0,0,0,0
845,1765218867357,0,0,0,0,0,0,0,0
846,1765218867624,0,0,0,0,0,0,0,0
847,1765218867740,0,0,0,0,0,0,0,0
848,1765218868057,0,0,0,0,0,0,0,0
849,1765218868474,0,0,0,0,0,0,0,0
850,1765218868790,0,0,0,0,0,0,0,0
851,1765218868924,0,0,0,0,0,0,0,0
852,1765218869207,0,0,0,0,0,0,0,0
853,1765218869507,0,0,0,0,0,0,0,0
854,1765218869639,0,0,0,0,0,0,0,0
855,1765218870374,0,0,0,0,0,0,0,0
856,1765218870657,0,0,0,0,0,0,0,0
857,1765218870807,0,0,0,0,0,0,0,0
858,1765218871091,0,0,0,0,0,0,0,0
859,1765218871523,0,0,0,0,0,0,0,0
860,1765218871806,0,0,0,0,0,0,0,0
861,1765218872240,0,0,0,0,0,0,0,0
862,1765218872541,0,0,0,0,0,0,0,0
863,1765218872657,0,0,0,0,0,0,0,0
864,1765218872957,0,0,0,0,0,0,0,0
865,1765218873240,0,0,0,0,0,0,0,0
866,1765218873357,0,0,0,0,0,0,0,0
867,1765218873674,0,0,0,0,0,0,0,0
868,1765218874090,0,0,0,0,0,0,0,0
869,1765218874373,0,0,0,0,0,0,0,0
870,1765218874807,0,0,0,0,0,0,0,0
871,1765218875090,0,0,0,0,0,0,0,0
872,1765218875207,0,0,0,0,0,0,0,0
873,1765218875540,0,0,0,0,0,0,0,0
874,1765218875957,0,0,0,0,0,0,0,0
875,1765218876256,0,0,0,0,0,0,0,0
876,1765218876674,0,0,0,0,0,0,0,0
877,1765218876974,0,0,0,0,0,0,0,0
878,1765218877074,0,0,0,0,0,0,0,0
879,1765218877472,0,0,0,0,0,0,0,0
880,1765218877806,0,0,0,0,0,0,0,0
881,1765218878140,0,0,0,0,0,0,0,0
882,1765218878541,0,0,0,0,0,0,0,0
883,1765218878874,0,0,0,0,0,0,0,0
884,1765218878973,0,0,0,0,0,0,0,0
885,1765218879272,0,0,0,0,0,0,0,0
886,1765218879707,0,0,0,0,0,0,0,0
887,1765218879989,0,0,0,0,0,0,0,0
888,1765218880391,0,0,0,0,0,0,0,0
889,1765218880739,0,0,0,0,0,0,0,0
890,1765218880857,0,0,0,0,0,0,0,0
891,1765218881141,0,0,0,0,0,0,0,0
892,1765218881607,0,0,0,0,0,0,0,0
893,1765218881907,0,0,0,0,0,0,0,0
894,1765218882023,0,0,0,0,0,0,0,0
895,1765218882357,0,0,0,0,0,0,0,0
896,1765218882805,0,0,0,0,0,0,0,0
897,1765218883091,0,0,0,0,0,0,0,0
898,1765218883522,0,0,0,0,0,0,0,0
899,1765218883807,0,0,0,0,0,0,0,0
900,1765218883955,0,0,0,0,0,0,0,0
901,1765218884307,0,0,0,0,0,0,0,0
902,1765218884423,0,0,0,0,0,0,0,0
903,1765218884723,0,0,0,0,0,0,0,0
904,1765218885190,0,0,0,0,0,0,0,0
905,1765218885490,0,0,0,0,0,0,0,0
906,1765218885639,0,0,0,0,0,0,0,0
907,1765218885956,0,0,0,0,0,0,0,0
908,1765218886407,0,0,0,0,0,0,0,0
909,1765218886706,0,0,0,0,0,0,0,0
910,1765218887140,0,0,0,0,0,0,0,0
911,1765218887424,0,0,0,0,0,0,0,0
912,1765218887573,0,0,0,0,0,0,0,0
913,1765218887923,0,0,0,0,0,0,0,0
914,1765218888074,0,0,0,0,0,0,0,0
915,1765218888403,0,0,0,0,0,0,0,0
916,1765218888672,0,0,0,0,0,0,0,0
917,1765218888807,0,0,0,0,0,0,0,0
918,1765218889107,0,0,0,0,0,0,0,0
919,1765218889539,0,12288,0,0,0,0,0,0
920,1765218890023,0,0,0,0,0,0,0,0
921,1765218890322,0,0,0,0,0,0,0,0
922,1765218890757,0,0,0,0,0,0,0,0
923,1765218891040,0,0,0,0,0,0,0,0
924,1765218891193,0,0,0,0,0,0,0,0
925,1765218891540,0,0,0,0,0,0,0,0
926,1765218891706,0,0,0,0,0,0,0,0
927,1765218891989,0,0,0,0,0,0,0,0
928,1765218892423,0,0,0,0,0,0,0,0
929,1765218892755,0,0,0,0,0,0,0,0
930,1765218893157,0,0,0,0,0,0,0,0
931,1765218893490,0,0,0,0,0,0,0,0
932,1765218893590,0,0,0,0,0,0,0,0
933,1765218893872,0,0,0,0,0,0,0,0
934,1765218894307,0,0,0,0,0,0,0,0
935,1765218894608,0,0,0,0,0,0,0,0
936,1765218895057,0,0,0,0,0,0,0,0
937,1765218895324,0,0,0,0,0,0,0,0
938,1765218895455,0,0,0,0,0,0,0,0
939,1765218895740,0,0,0,0,0,0,0,0
940,1765218896040,0,0,0,0,0,0,0,0
941,1765218896174,0,0,0,0,0,0,0,0
942,1765218896440,0,0,0,0,0,0,0,0
943,1765218896890,0,0,0,0,0,0,0,0
944,1765218897173,0,0,0,0,0,0,0,0
945,1765218897290,0,0,0,0,0,0,0,0
946,1765218897606,0,0,0,0,0,0,0,0
947,1765218897890,0,0,0,0,0,0,0,0
948,1765218897989,0,0,0,0,0,0,0,0
949,1765218898357,0,0,0,0,0,0,0,0
950,1765218898739,0,0,0,0,0,0,0,0
951,1765218899041,0,0,0,0,0,0,0,0
952,1765218899474,0,0,0,0,0,0,0,0
953,1765218899757,0,0,0,0,0,0,0,0
954,1765218899874,0,0,0,0,0,0,0,0
955,1765218900207,0,0,0,0,0,0,0,0
956,1765218900622,0,0,0,0,0,0,0,0
957,1765218900907,0,0,0,0,0,0,0,0
958,1765218901307,0,0,0,0,0,0,0,0
959,1765218901640,0,0,0,0,0,0,0,0
960,1765218901740,0,0,0,0,0,0,0,0
961,1765218902041,0,0,0,0,0,0,0,0
962,1765218902441,0,0,0,0,0,0,0,0
963,1765218902756,0,0,0,0,0,0,0,0
964,1765218903156,0,0,0,0,0,0,0,0
965,1765218903507,0,0,0,0,0,0,0,0
966,1765218903607,0,0,0,0,0,0,0,0
967,1765218903890,0,0,0,0,0,0,0,0
968,1765218904307,0,0,0,0,0,0,0,0
969,1765218905007,0,0,0,0,0,0,0,0
970,1765218905325,0,0,0,0,0,0,0,0
971,1765218906056,0,0,0,0,0,0,0,0
972,1765218906189,0,0,0,0,0,0,0,0
973,1765218906907,0,0,0,0,0,0,0,0
974,1765218907190,0,0,0,0,0,0,0,0
975,1765218907291,0,0,0,0,0,0,0,0
976,1765218907589,0,0,0,0,0,0,0,0
977,1765218907872,0,0,0,0,0,0,0,0
978,1765218908005,0,0,0,0,0,0,0,0
979,1765218908290,0,0,0,0,0,0,0,0
980,1765218908724,0,0,0,0,0,0,0,0
981,1765218908989,0,0,0,0,0,0,0,0
982,1765218909423,0,54784,4037,0,0,0,0,0
983,1765218909706,0,0,0,0,0,0,0,0
984,1765218909841,0,0,0,0,0,0,0,0
985,1765218910157,0,0,0,0,0,0,0,0
986,1765218910440,0,0,0,0,0,0,0,0
987,1765218910574,0,0,0,0,0,0,0,0
988,1765218910989,0,0,0,0,0,0,0,0
989,1765218911307,0,0,0,0,0,0,0,0
990,1765218911590,0,0,0,0,0,0,0,0
991,1765218912023,0,0,0,0,0,0,0,0
992,1765218912307,0,0,0,0,0,0,0,0
993,1765218912424,0,0,128,0,0,0,0,0
994,1765218912756,0,0,0,0,0,0,0,0
995,1765218913140,0,0,0,0,0,0,0,0
996,1765218913489,0,0,0,0,0,0,0,0
997,1765218913607,0,0,0,0,0,0,0,0
998,1765218913890,0,0,0,0,0,0,0,0
999,1765218914309,0,0,0,0,0,0,0,0
1000,1765218914606,0,0,0,0,0,0,0,0
1001,1765218915041,0,0,0,0,0,0,0,0
1002,1765218915372,0,0,0,0,0,0,0,0
1003,1765218915505,0,0,0,0,0,0,0,0
1004,1765218915790,0,0,0,0,0,0,0,0
1005,1765218916191,0,0,0,0,0,0,0,0
1006,1765218916490,0,0,0,0,0,0,0,0
1007,1765218916956,0,0,0,0,0,0,0,0
1008,1765218917223,0,0,0,0,0,0,0,0
1009,1765218917341,0,0,0,0,0,0,0,0
1010,1765218918090,0,0,0,0,0,0,0,0
1011,1765218918376,0,0,0,0,0,0,0,0
1012,1765218918840,0,0,0,0,0,0,0,0
1013,1765218919124,0,0,0,0,0,0,0,0
1014,1765218919273,0,0,0,0,0,0,0,0
1015,1765218919590,0,0,0,0,0,0,0,0
1016,1765218919723,0,0,0,0,0,0,0,0
1017,1765218920023,0,0,0,0,0,0,0,0
1018,1765218920358,0,0,0,0,0,0,0,0
1019,1765218920473,0,0,0,0,0,0,0,0
1020,1765218920773,0,0,0,0,0,0,0,0
1021,1765218921207,0,0,0,0,0,0,0,0
1022,1765218921523,0,0,0,0,0,0,0,0
1023,1765218921672,0,0,0,0,0,0,0,0
1024,1765218921957,0,0,0,0,0,0,0,0
1025,1765218922457,0,0,0,0,0,0,0,0
1026,1765218922891,0,12288,0,0,0,0,0,0
1027,1765218923208,0,0,0,0,0,0,0,0
1028,1765218923957,0,0,0,0,0,0,0,0
1029,1765218924074,0,0,0,0,0,0,0,0
1030,1765218924423,0,0,0,0,0,0,0,0
1031,1765218924840,0,0,0,0,0,0,0,0
1032,1765218925174,0,0,0,0,0,0,0,0
1033,1765218925340,0,0,0,0,0,0,0,0
1034,1765218925624,0,0,0,0,0,0,0,0
1035,1765218926090,0,0,0,0,0,0,0,0
1036,1765218926373,0,0,0,0,0,0,0,0
1037,1765218926507,0,0,0,0,0,0,0,0
1038,1765218926790,0,0,0,0,0,0,0,0
1039,1765218927238,0,0,0,0,0,0,0,0
1040,1765218927524,0,0,0,0,0,0,0,0
1041,1765218927656,0,0,0,0,0,0,0,0
1042,1765218927989,0,0,0,0,0,0,0,0
1043,1765218928390,0,0,0,0,0,0,0,0
1044,1765218928722,0,0,0,0,0,0,0,0
1045,1765218929123,0,0,0,0,0,0,0,0
1046,1765218929455,0,0,0,0,0,0,0,0
1047,1765218929572,0,0,0,0,0,0,0,0
1048,1765218929855,0,0,0,0,0,0,0,0
1049,1765218930124,0,0,0,0,0,0,0,0
1050,1765218930257,0,0,0,0,0,0,0,0
1051,1765218930540,0,0,0,0,0,0,0,0
1052,1765218930956,0,0,0,0,0,0,0,0
1053,1765218931272,0,0,0,0,0,0,0,0
1054,1765218931406,0,0,0,0,0,0,0,0
1055,1765218931690,0,0,0,0,0,0,0,0
1056,1765218931990,0,0,0,0,0,0,0,0
1057,1765218932107,0,0,0,0,0,0,0,0
1058,1765218932390,0,0,0,0,0,0,0,0
1059,1765218932824,0,0,0,0,0,0,0,0
1060,1765218933123,0,0,0,0,0,0,0,0
1061,1765218933524,0,0,0,0,0,0,0,0
1062,1765218933840,0,0,0,0,0,0,0,0
1063,1765218933939,0,0,0,0,0,0,0,0
1064,1765218934224,0,0,0,0,0,0,0,0
1065,1765218934671,0,0,0,0,0,0,0,0
1066,1765218934957,0,0,0,0,0,0,0,0
1067,1765218936124,0,0,0,0,0,0,0,0
1068,1765218936558,0,0,0,0,0,0,0,0
1069,1765218936840,0,0,0,0,0,0,0,0
1070,1765218937540,0,0,0,0,0,0,0,0
1071,1765218938006,0,0,0,0,0,0,0,0
1072,1765218938273,0,0,0,0,0,0,0,0
1073,1765218938390,0,0,0,0,0,0,0,0
1074,1765218938740,0,0,0,0,0,0,0,0
1075,1765218939123,0,0,0,0,0,0,0,0
1076,1765218939424,0,0,0,0,0,0,0,0
1077,1765218939540,0,0,0,0,0,0,0,0
1078,1765218939872,0,0,0,0,0,0,0,0
1079,1765218941323,0,0,0,0,0,0,0,0
1080,1765218941423,0,0,0,0,0,0,0,0
1081,1765218941706,0,0,0,0,0,0,0,0
1082,1765218942107,0,0,0,0,0,0,0,0
1083,1765218942806,0,0,0,0,0,0,0,0
1084,1765218943139,0,0,0,0,0,0,0,0
1085,1765218943291,0,0,0,0,0,0,0,0
1086,1765218943556,0,0,0,0,0,0,0,0
1087,1765218943856,0,0,0,0,0,0,0,0
1088,1765218943972,0,0,0,0,0,0,0,0
1089,1765218944238,0,0,0,0,0,0,0,0
1090,1765218944688,0,0,0,0,0,0,0,0
1091,1765218944974,0,0,0,0,0,0,0,0
1092,1765218945373,0,0,0,0,0,0,0,0
1093,1765218945773,0,0,0,0,0,0,0,0
1094,1765218946090,0,0,0,0,0,0,0,0
1095,1765218946407,0,0,0,0,0,0,0,0
1096,1765218946524,0,0,0,0,0,0,0,0
1097,1765218946808,0,0,0,0,0,0,0,0
1098,1765218947240,0,0,0,0,0,0,0,0
1099,1765218947510,0,0,0,0,0,0,0,0
1100,1765218947974,0,0,0,0,0,0,0,0
1101,1765218948256,0,0,0,0,0,0,0,0
1102,1765218948389,0,0,0,0,0,0,0,0
1103,1765218948672,0,0,0,0,0,0,0,0
1104,1765218949107,0,0,0,0,0,0,0,0
1105,1765218949390,0,0,0,0,0,0,0,0
1106,1765218949855,0,0,0,0,0,0,0,0
1107,1765218950140,0,0,0,0,0,0,0,0
1108,1765218950238,0,0,0,0,0,0,0,0
1109,1765218950555,0,0,0,0,0,0,0,0
1110,1765218950973,0,0,0,0,0,0,0,0
1111,1765218951305,0,0,0,0,0,0,0,0
1112,1765218951704,0,0,0,0,0,0,0,0
1113,1765218952006,0,0,0,0,0,0,0,0
1114,1765218952106,0,0,0,0,0,0,0,0
1115,1765218952423,0,0,0,0,0,0,0,0
1116,1765218952839,0,0,0,0,0,0,0,0
1117,1765218953189,0,0,0,0,0,0,0,0
1118,1765218953288,0,0,0,0,0,0,0,0
1119,1765218953589,0,0,0,0,0,0,0,0
1120,1765218954024,0,0,0,0,0,0,0,0
1121,1765218954323,0,0,0,0,0,0,0,0
1122,1765218954756,0,0,0,0,0,0,0,0
1123,1765218955073,0,0,0,0,0,0,0,0
1124,1765218955190,0,0,0,0,0,0,0,0
1125,1765218955490,0,0,0,0,0,0,0,0
1126,1765218955956,0,0,0,0,0,0,0,0
1127,1765218956239,0,0,0,0,0,0,0,0
1128,1765218956371,0,0,0,0,0,0,0,0
1129,1765218956714,0,0,0,0,0,0,0,0
1130,1765218957139,0,0,0,0,0,0,0,0
1131,1765218957441,0,0,0,0,0,0,0,0
1132,1765218957807,0,0,0,0,0,0,0,0
1133,1765218958090,0,0,0,0,0,0,0,0
1134,1765218958423,0,0,0,0,0,0,0,0
1135,1765218958722,0,0,0,0,0,0,0,0
1136,1765218959073,0,0,0,0,0,0,0,0
1137,1765218959372,0,0,0,0,0,0,0,0
1138,1765218959639,0,0,0,0,0,0,0,0
1139,1765218959706,0,0,0,0,0,0,0,0
1140,1765218959990,0,0,0,0,0,0,0,0
1141,1765218960274,0,0,0,0,0,0,0,0
1142,1765218960339,0,0,0,0,0,0,0,0
1143,1765218960622,0,0,0,0,0,0,0,0
1144,1765218960922,0,0,0,0,0,0,0,0
1145,1765218960988,0,0,0,0,0,0,0,0
1146,1765218961273,0,0,0,0,0,0,0,0
1147,1765218961923,0,0,0,0,0,0,0,0
1148,1765218962206,0,0,0,0,0,0,0,0
1149,1765218962539,0,0,0,0,0,0,0,0
1150,1765218962822,0,0,0,0,0,0,0,0
1151,1765218963140,0,0,0,0,0,0,0,0
1152,1765218963421,0,0,0,0,0,0,0,0
1153,1765218963705,0,0,0,0,0,0,0,0
1154,1765218963755,0,0,0,0,0,0,0,0
1155,1765218964025,0,0,0,0,0,0,0,0
1156,1765218964306,0,0,0,0,0,0,0,0
1157,1765218964622,0,0,0,0,0,0,0,0
1158,1765218964905,0,0,0,0,0,0,0,0
1159,1765218965223,0,0,0,0,0,0,0,0
1160,1765218965506,0,0,0,0,0,0,0,0
1161,1765218966107,0,0,0,0,0,0,0,0
1162,1765218966390,0,0,0,0,0,0,0,0
1163,1765218966705,0,0,0,0,0,0,0,0
1164,1765218966972,0,0,0,0,0,0,0,0
1165,1765218967591,0,0,0,0,0,0,0,0
1166,1765218967873,0,0,0,0,0,0,0,0
1167,1765218968316,0,0,0,0,0,0,0,0
1168,1765218968456,0,0,0,0,0,0,0,0
1169,1765218968774,0,0,0,0,0,0,0,0
1170,1765218969057,0,0,0,0,0,0,0,0
1171,1765218969374,0,0,0,0,0,0,0,0
1172,1765218969655,0,0,0,0,0,0,0,0
1173,1765218970254,0,0,0,0,0,0,0,0
1174,1765218970537,0,0,0,0,0,0,0,0
1175,1765218970840,0,0,0,0,0,0,0,0
1176,1765218971124,0,0,0,0,0,0,0,0
1177,1765218971723,0,0,0,0,0,0,0,0
1178,1765218972004,0,0,0,0,0,0,0,0
1179,1765218972323,0,0,0,0,0,0,0,0
1180,1765218972606,0,0,0,0,0,0,0,0
1181,1765218972923,0,0,0,0,0,0,0,0
1182,1765218973190,0,0,0,0,0,0,0,0
1183,1765218973473,0,0,0,0,0,0,0,0
1184,1765218973790,0,2048,1088,0,0,0,0,0
1185,1765218974073,0,0,0,0,0,0,0,0
1186,1765218974456,0,0,0,0,0,0,0,0
1187,1765218974722,0,0,0,0,0,0,0,0
1188,1765218974840,0,0,0,0,0,0,0,0
1189,1765218975440,0,0,0,0,0,0,0,0
1190,1765218975572,0,0,0,0,0,0,0,0
1191,1765218975890,0,0,0,0,0,0,0,0
1192,1765218976273,0,0,0,0,0,0,0,0
1193,1765218976589,0,0,0,0,0,0,0,0
1194,1765218976973,0,0,0,0,0,0,0,0
1195,1765218977290,0,0,0,0,0,0,0,0
1196,1765218977690,0,0,0,0,0,0,0,0
1197,1765218977973,0,0,0,0,0,0,0,0
1198,1765218978090,0,0,0,0,0,0,0,0
1199,1765218978390,0,0,0,0,0,0,0,0
1200,1765218978773,0,0,0,0,0,0,0,0
1201,1765218979124,0,0,0,0,0,0,0,0
1202,1765218979239,0,0,0,0,0,0,0,0
1203,1765218979522,0,0,0,0,0,0,0,0
1204,1765218979841,0,0,0,0,0,0,0,0
1205,1765218979921,0,0,0,0,0,0,0,0
1206,1765218980239,0,0,0,0,0,0,0,0
1207,1765218980657,0,0,0,0,0,0,0,0
1208,1765218980987,0,0,0,0,0,0,0,0
1209,1765218981106,0,0,0,0,0,0,0,0
1210,1765218981389,0,0,0,0,0,0,0,0
1211,1765218981690,0,0,0,0,0,0,0,0
1212,1765218981806,0,0,0,0,0,0,0,0
1213,1765218982106,0,0,0,0,0,0,0,0
1214,1765218982556,0,0,0,0,0,0,0,0
1215,1765218982840,0,0,0,0,0,0,0,0
1216,1765218983222,0,0,0,0,0,0,0,0
1217,1765218983539,0,0,0,0,0,0,0,0
1218,1765218983640,0,0,0,0,0,0,0,0
1219,1765218983923,0,0,0,0,0,0,0,0
1220,1765218984373,0,0,0,0,0,0,0,0
1221,1765218984656,0,0,0,0,0,0,0,0
1222,1765218985106,0,0,0,0,0,0,0,0
1223,1765218985372,0,0,0,0,0,0,0,0
1224,1765218985822,0,0,0,0,0,0,0,0
1225,1765218986123,0,0,0,0,0,0,0,0
1226,1765218986256,0,0,0,0,0,0,0,0
1227,1765218986523,0,0,0,0,0,0,0,0
1228,1765218986973,0,0,0,0,0,0,0,0
1229,1765218987256,0,0,0,0,0,0,0,0
1230,1765218987373,0,0,0,0,0,0,0,0
1231,1765218987706,0,0,0,0,0,0,0,0
1232,1765218988005,0,0,0,0,0,0,0,0
1233,1765218988439,0,0,0,0,0,0,0,0
1234,1765218988873,0,0,0,0,0,0,0,0
1235,1765218989189,0,0,0,0,0,0,0,0
1236,1765218989340,0,0,0,0,0,0,0,0
1237,1765218989623,0,0,0,0,0,0,0,0
1238,1765218990039,0,0,0,0,0,0,0,0
1239,1765218990373,0,0,0,0,0,0,0,0
1240,1765218990506,0,0,0,0,0,0,0,0
1241,1765218990809,0,0,0,0,0,0,0,0
1242,1765218991290,0,0,0,0,0,0,0,0
1243,1765218991575,0,0,0,0,0,0,0,0
1244,1765218991722,0,0,0,0,0,0,0,0
1245,1765218992040,0,0,0,0,0,0,0,0
1246,1765218992458,0,0,0,0,0,0,0,0
1247,1765218992772,0,0,0,0,0,0,0,0
1248,1765218992873,0,0,0,0,0,0,0,0
1249,1765218993222,0,0,0,0,0,0,0,0
1250,1765218993638,0,0,0,0,0,0,0,0
1251,1765218993956,0,0,0,0,0,0,0,0
1252,1765218994105,0,0,0,0,0,0,0,0
1253,1765218994405,0,0,0,0,0,0,0,0
1254,1765218994888,0,0,0,0,0,0,0,0
1255,1765218995171,0,0,0,0,0,0,0,0
1256,1765218995304,0,0,0,0,0,0,0,0
1257,1765218995638,0,0,0,0,0,0,0,0
1258,1765218996089,0,0,0,0,0,0,0,0
1259,1765218996506,0,0,0,0,0,0,0,0
1260,1765218996856,0,0,0,0,0,0,0,0
1261,1765218997257,0,0,0,0,0,0,0,0
1262,1765218997589,0,0,0,0,0,0,0,0
1263,1765218998005,0,0,0,0,0,0,0,0
1264,1765218998323,0,0,0,0,0,0,0,0
1265,1765218998439,0,0,0,0,0,0,0,0
1266,1765218998739,0,0,0,0,0,0,0,0
1267,1765218999122,0,0,0,0,0,0,0,0
1268,1765218999421,0,0,0,0,0,0,0,0
1269,1765218999839,0,0,0,0,0,0,0,0
