index,date,GYRO_X,GYRO_Y,GYRO_Z,1,2,3,4,5
0,1765902279237,-14,491,-6,0,0,0,0,0
1,1765902279719,-37,434,-14,0,0,0,0,0
2,1765902279936,-48,151,-87,0,0,0,0,0
3,1765902280136,-38,-90,-17,0,0,0,0,0
4,1765902280511,16,-207,12,0,0,0,0,0
5,1765902280815,59,-218,-52,0,0,0,0,0
6,1765902281294,-50,-5,17,0,0,0,0,0
7,1765902281807,-26,266,-23,0,0,0,0,0
8,1765902282031,-50,311,-32,0,0,0,0,0
9,1765902282159,-55,375,-49,0,0,0,0,0
10,1765902282750,-64,564,38,0,0,0,0,0
11,1765902283497,-20,563,17,0,0,0,0,0
12,1765902284779,-7,599,-112,0,0,0,0,0
13,1765902285930,-22,156,-44,0,0,0,0,0
14,1765902286362,-44,-156,26,0,0,0,0,0
15,1765902286396,35,-236,29,0,0,0,0,0
16,1765902289643,79,-265,58,0,0,0,0,0
17,1765902291392,-252,17,0,0,0,0,0,0
18,1765902292558,-12,15,2,0,0,0,0,0
19,1765902292941,-9,14,2,0,0,0,0,0
20,1765902293707,-8,21,1,0,0,0,0,0
21,1765902294156,-6,23,0,0,0,0,0,0
22,1765902294423,23,103,-10,0,0,0,0,0
23,1765902294740,2,78,-9,0,0,0,0,0
24,1765902295455,-17,132,-8,0,0,0,0,0
25,1765902297687,7,182,9,0,0,0,0,0
26,1765902297987,-28,267,-12,0,0,0,0,0
27,1765902299169,-43,402,-22,0,0,0,0,0
28,1765902300434,-53,408,-47,0,0,0,0,0
29,1765902300518,-19,387,-29,0,0,0,0,0
30,1765902301417,-20,174,-15,0,0,0,0,0
31,1765902301683,-4,130,-10,0,0,0,0,0
32,1765902302284,-10,15,2,0,0,0,0,0
33,1765902302533,-9,13,2,0,0,0,0,0
34,1765902302666,-12,7,3,0,0,0,0,0
35,1765902302933,-10,10,2,0,0,0,0,0
36,1765902303166,-6,17,1,0,0,0,0,0
37,1765902303466,-8,14,2,0,0,0,0,0
38,1765902303798,-6,13,1,0,0,0,0,0
39,1765902303948,-8,14,1,0,0,0,0,0
40,1765902304148,-8,15,2,0,0,0,0,0
41,1765902304615,-9,14,2,0,0,0,0,0
42,1765902305497,-7,13,0,0,0,0,0,0
43,1765902306030,-8,14,2,0,0,0,0,0
44,1765902306297,-8,14,1,0,0,0,0,0
45,1765902306363,-8,15,1,0,0,0,0,0
46,1765902306397,-7,14,2,0,0,0,0,0
47,1765902306796,-7,14,2,0,0,0,0,0
48,1765902307196,-7,13,1,0,0,0,0,0
49,1765902307396,-7,16,2,0,0,0,0,0
50,1765902307863,-7,14,2,0,0,0,0,0
51,1765902308461,-8,14,2,0,0,0,0,0
52,1765902308994,-11,16,-3,0,0,0,0,0
53,1765902309277,-10,13,3,0,0,0,0,0
54,1765902311142,-11,65,-16,0,0,0,0,0
55,1765902311958,-1,134,-16,0,0,0,0,0
56,1765902314207,-23,179,-10,0,0,0,0,0
57,1765902315122,-11,149,-2,0,0,0,0,0
58,1765902317587,-5,24,-2,0,0,0,0,0
59,1765902318286,52,73,-6,0,0,0,0,0
60,1765902320251,-35,307,-10,0,0,0,0,0
61,1765902320634,10,127,10,0,0,0,0,0
62,1765902320851,-39,104,1,0,0,0,0,0
63,1765902321284,5,25,5,0,0,0,0,0
64,1765902321800,-5,29,4,0,0,0,0,0
65,1765902321917,-2,74,7,0,0,0,0,0
66,1765902323016,-17,259,-19,0,0,0,0,0
67,1765902324049,-33,197,15,0,0,0,0,0
68,1765902324648,-60,249,23,0,0,0,0,0
69,1765902327031,-74,295,8,0,0,0,0,0
70,1765902329560,-42,-279,-71,0,0,0,0,0
71,1765902331077,34,-363,43,0,0,0,0,0
72,1765902331243,-19,-310,46,0,0,0,0,0
73,1765902331559,33,-270,25,0,0,0,0,0
74,1765902331893,-23,-16535,-16483,0,0,0,0,0
75,1765902332342,-3,-110,1,0,0,0,0,0
76,1765902332625,-21,-67,7,0,0,0,0,0
77,1765902332942,-26,-37,-56,0,0,0,0,0
78,1765902333225,-31,-32,-21,0,0,0,0,0
79,1765902333691,-21,-25,-11,0,0,0,0,0
80,1765902334540,-23,-19,58,0,0,0,0,0
81,1765902336921,42,-57,26,0,0,0,0,0
82,1765902337055,-18,-46,-21,0,0,0,0,0
83,1765902338220,-28,-114,-31,0,0,0,0,0
84,1765902338436,104,-52,37,0,0,0,0,0
85,1765902342334,-31,-373,18,0,0,0,0,0
86,1765902346697,-16,-37,14,0,0,0,0,0
87,1765902350160,-74,28,-7,0,0,0,0,0
88,1765902351542,-54,-61,30,0,0,0,0,0
89,1765902351925,8,-252,4,0,0,0,0,0
90,1765902352159,49,-418,15,0,0,0,0,0
91,1765902352575,22,-178,47,0,0,0,0,0
92,1765902354790,13,-431,140,0,0,0,0,0
93,1765902360919,53,-411,106,0,0,0,0,0
94,1765902362035,2,272,-5,0,0,0,0,0
95,1765902362833,53,-498,44,0,0,0,0,0
96,1765902363284,17,-453,-18,0,0,0,0,0
97,1765902364249,-12,561,-19,0,0,0,0,0
98,1765902364532,-32,469,-1,0,0,0,0,0
99,1765902364832,8,182,-92,0,0,0,0,0
100,1765902365048,24,-106,-36,0,0,0,0,0
101,1765902365348,12,-212,-23,0,0,0,0,0
102,1765902365848,-37,-156,0,0,0,0,0,0
103,1765902366114,47,-70,-20,0,0,0,0,0
104,1765902367712,16,541,20,0,0,0,0,0
105,1765902368380,-46,655,65,0,0,0,0,0
106,1765902368413,-58,605,-266,0,0,0,0,0
107,1765902368812,-128,574,-3,0,0,0,0,0
108,1765902371245,-21,697,-58,0,0,0,0,0
109,1765902372160,-33,148,-2,0,0,0,0,0
110,1765902373292,-33,-117,-7,0,0,0,0,0
111,1765902375406,-19,-311,13,0,0,0,0,0
112,1765902376107,40,-485,34,0,0,0,0,0
113,1765902376906,82,-369,34,0,0,0,0,0
114,1765902377370,-12,-376,12,0,0,0,0,0
115,1765902378737,-52,-583,135,0,0,0,0,0
116,1765902379454,29,-618,-10,0,0,0,0,0
117,1765902379470,56,-519,-15,0,0,0,0,0
118,1765902379753,28,-363,56,0,0,0,0,0
119,1765902380086,37,-327,8,0,0,0,0,0
120,1765902380802,15,-113,14,0,0,0,0,0
121,1765902387730,-7,-610,66,0,0,0,0,0
122,1765902387995,44,-678,95,0,0,0,0,0
123,1765902388246,18,-663,-14,0,0,0,0,0
124,1765902388662,-75,-181,62,0,0,0,0,0
125,1765902388980,29,-419,84,0,0,0,0,0
126,1765902389079,-17,-464,-14,0,0,0,0,0
127,1765902389214,-12,-487,47,0,0,0,0,0
128,1765902389278,21,-521,59,0,0,0,0,0
129,1765902389544,18,-552,23,0,0,0,0,0
130,1765902390894,-36,-202,-63,0,0,0,0,0
131,1765902391276,6,-143,6,0,0,0,0,0
132,1765902392842,-18,-16452,1161,0,0,0,0,0
133,1765902395508,38,52,32,0,0,0,0,0
134,1765902395856,-54,22,-3,0,0,0,0,0
135,1765902399372,-26,600,-49,0,0,0,0,0
136,1765902399936,10,-573,43,0,0,0,0,0
137,1765902400186,37,-567,-29,0,0,0,0,0
138,1765902403965,-25,-439,-16,0,0,0,0,0
139,1765902407181,-35,553,-66,0,0,0,0,0
140,1765902409478,17,286,8,0,0,0,0,0
141,1765902411176,0,-274,19,0,0,0,0,0
142,1765902411377,48,-239,26,0,0,0,0,0
143,1765902411776,48,87,-10,0,0,0,0,0
144,1765902412842,-34,486,15,0,0,0,0,0
145,1765902413807,8,758,88,0,0,0,0,0
146,1765902414491,-24,676,-16,0,0,0,0,0
147,1765902415023,-76,703,-63,0,0,0,0,0
148,1765902415222,-46,688,-52,0,0,0,0,0
149,1765902415290,-49,721,-120,0,0,0,0,0
150,1765902415556,-56,699,-46,0,0,0,0,0
151,1765902415738,-11,434,-76,0,0,0,0,0
152,1765902416128,5,-88,-15,0,0,0,0,0
153,1765902416272,-3,-142,41,0,0,0,0,0
154,1765902416705,-41,-163,-31,0,0,0,0,0
155,1765902416938,-9,350,13,0,0,0,0,0
156,1765902417055,-1,601,-14,0,0,0,0,0
157,1765902417205,-49,854,-81,0,0,0,0,0
158,1765902417421,-67,869,-88,0,0,0,0,0
159,1765902417921,-8,-250,-41,0,0,0,0,0
160,1765902417987,91,-494,-1,0,0,0,0,0
161,1765902418237,28,-691,-1,0,0,0,0,0
162,1765902420468,-56,-450,-14,0,0,0,0,0
163,1765902421667,89,-206,31,0,0,0,0,0
164,1765902422117,29,-253,18,0,0,0,0,0
165,1765902422233,-86,-301,-86,0,0,0,0,0
166,1765902422667,113,-333,-101,0,0,0,0,0
167,1765902423016,47,-344,3,0,0,0,0,0
168,1765902423599,33,-354,-15,0,0,0,0,0
169,1765902432475,60,-15,-14,0,0,0,0,0
170,1765902433324,-37,-46,-5,0,0,0,0,0
171,1765902433707,27,-167,28,0,0,0,0,0
172,1765902435755,-26,378,-45,0,0,0,0,0
173,1765902438353,58,-32,35,0,0,0,0,0
174,1765902438719,80,-67,6,0,0,0,0,0
175,1765902442284,-82,14,13,0,0,0,0,0
176,1765902443049,-104,31,51,0,0,0,0,0
177,1765902443799,35,12,-51,0,0,0,0,0
178,1765902443866,8520,0,0,0,0,0,0,0
179,1765902445397,2,-62,23,0,0,0,0,0
180,1765902446796,-52,451,254,0,0,0,0,0
181,1765902447046,9,462,1,0,0,0,0,0
182,1765902448261,-214,-360,-11,0,0,0,0,0
183,1765902448778,55,-479,-7,0,0,0,0,0
184,1765902449511,24,192,26,0,0,0,0,0
185,1765902449695,-1,231,3,0,0,0,0,0
186,1765902450144,-1,-137,45,0,0,0,0,0
187,1765902450410,-16,-183,-2,0,0,0,0,0
188,1765902450726,-29,-355,-40,0,0,0,0,0
189,1765902451408,6,-308,60,0,0,0,0,0
190,1765902451659,19,-383,16,0,0,0,0,0
191,1765902452075,27,-419,-14,0,0,0,0,0
192,1765902452374,66,-437,47,0,0,0,0,0
193,1765902452425,-19,-430,15,0,0,0,0,0
194,1765902452575,15,-434,46,0,0,0,0,0
195,1765902452990,26144,-17537,-12246,0,0,0,0,0
196,1765902453566,112,-533,-30,0,0,0,0,0
197,1765902453676,-144,-688,-26,0,0,0,0,0
198,1765902454074,85,-505,-115,0,0,0,0,0
199,1765902454324,14,-582,68,0,0,0,0,0
200,1765902454656,-28,-645,67,0,0,0,0,0
201,1765902455756,-11,431,-41,0,0,0,0,0
202,1765902456888,56,-307,-44,0,0,0,0,0
203,1765902457188,52,-474,-25,0,0,0,0,0
204,1765902459702,-31,-1426,51,0,0,0,0,0
205,1765902460102,32,205,-2576,0,0,0,0,0
206,1765902460268,-1,278,17,0,0,0,0,0
207,1765902461050,-77,594,-46,0,0,0,0,0
208,1765902461316,105,633,-228,0,0,0,0,0
209,1765902463932,-44,463,-96,0,0,0,0,0
210,1765902464182,5,-177,-43,0,0,0,0,0
211,1765902464398,13,-405,37,0,0,0,0,0
212,1765902466079,-85,302,-72,0,0,0,0,0
213,1765902466397,30,-479,21,0,0,0,0,0
214,1765902466846,58,-670,44,0,0,0,0,0
215,1765902466879,27,-717,49,0,0,0,0,0
216,1765902467147,42,-736,34,0,0,0,0,0
217,1765902468211,-46,-814,-47,0,0,0,0,0
218,1765902468794,27,-369,-24,0,0,0,0,0
219,1765902471226,-11,-229,30,0,0,0,0,0
220,1765902471609,13,-72,-44,0,0,0,0,0
221,1765902471791,9,-56,-15,0,0,0,0,0
222,1765902473124,-22,-66,5,0,0,0,0,0
223,1765902473225,3,-100,65,0,0,0,0,0
224,1765902473607,9,-206,-106,0,0,0,0,0
225,1765902473858,-66,-213,19,0,0,0,0,0
226,1765902474622,-15,-122,11,0,0,0,0,0
227,1765902474655,66,-112,16,0,0,0,0,0
228,1765902475239,81,-101,-64,0,0,0,0,0
229,1765902475756,8,-46,4,0,0,0,0,0
230,1765902476038,40,-129,8,0,0,0,0,0
231,1765902477238,96,-1012,16,0,0,0,0,0
232,1765902477704,-31,-966,231,0,0,0,0,0
233,1765902480118,-74,-75,20,0,0,0,0,0
234,1765902481684,-14,-8995,19871,0,0,0,0,0
235,1765902482232,14,-32,22,0,0,0,0,0
236,1765902483382,25,-58,23,0,0,0,0,0
237,1765902485580,-85,-24,-33,0,0,0,0,0
238,1765902488112,11,-141,78,0,0,0,0,0
239,1765902489011,-5,598,-21,0,0,0,0,0
240,1765902489211,-19,489,44,0,0,0,0,0
241,1765902489595,15,-118,-21,0,0,0,0,0
242,1765902491625,-5,156,-68,0,0,0,0,0
243,1765902493973,72,-269,29,0,0,0,0,0
244,1765902494090,-5,-258,-2,0,0,0,0,0
245,1765902494356,-22,-229,17,0,0,0,0,0
246,1765902495522,-15,-186,-11,0,0,0,0,0
247,1765902496588,-5,-183,-16,0,0,0,0,0
248,1765902496887,22,-226,25,0,0,0,0,0
249,1765902500018,-5,-100,-13,0,0,0,0,0
250,1765902500667,-5,-61,19,0,0,0,0,0
251,1765902501034,17,-39,13,0,0,0,0,0
252,1765902501267,18,-37,14,0,0,0,0,0
253,1765902501450,-1,-47,-6,0,0,0,0,0
254,1765902501716,16,-53,13,0,0,0,0,0
255,1765902502382,-28,-78,-6,0,0,0,0,0
256,1765902502583,-2,-98,3,0,0,0,0,0
257,1765902504447,-6,-1,-3,0,0,0,0,0
258,1765902506296,-7,11,0,0,0,0,0,0
259,1765902507429,-7,10,0,0,0,0,0,0
260,1765902507462,-6,12,2,0,0,0,0,0
261,1765902507728,-7,11,2,0,0,0,0,0
262,1765902508210,-6,11,1,0,0,0,0,0
263,1765902508328,-8,11,1,0,0,0,0,0
264,1765902508678,-6,12,2,0,0,0,0,0
265,1765902508860,-8,12,2,0,0,0,0,0
266,1765902509043,-7,12,1,0,0,0,0,0
267,1765902509494,-7,13,0,0,0,0,0,0
268,1765902510560,-1033,13,1,0,0,0,0,0
269,1765902511092,-6,12,0,0,0,0,0,0
270,1765902511508,-6,13,2,0,0,0,0,0
271,1765902511575,-8,11,0,0,0,0,0,0
272,1765902512541,-6,12,0,0,0,0,0,0
273,1765902512840,-7,12,1,0,0,0,0,0
274,1765902513324,-6,12,3,0,0,0,0,0
275,1765902513757,-7,12,1,0,0,0,0,0
276,1765902514639,-7,12,0,0,0,0,0,0
277,1765902516272,-7,14,2,0,0,0,0,0
278,1765902516538,-7,13,0,0,0,0,0,0
279,1765902516870,-6,12,1,0,0,0,0,0
280,1765902516936,-6,12,1,0,0,0,0,0
281,1765902520051,-7,11,1,0,0,0,0,0
282,1765902521151,-7,10,2,0,0,0,0,0
283,1765902521500,-8,13,1,0,0,0,0,0
284,1765902521749,-6,11,2,0,0,0,0,0
285,1765902522299,-8,11,2,0,0,0,0,0
286,1765902524381,-5,12,1,0,0,0,0,0
287,1765902524714,-6,12,1,0,0,0,0,0
288,1765902524797,-7,12,1,0,0,0,0,0
289,1765902525015,-8,11,1,0,0,0,0,0
290,1765902528244,-7,11,2,0,0,0,0,0
291,1765902528295,-3,11,1,0,0,0,0,0
292,1765902528477,-10,14,3,0,0,0,0,0
293,1765902528644,-4,12,0,0,0,0,0,0
294,1765902528944,-8,12,0,0,0,0,0,0
295,1765902529210,-8,13,1,0,0,0,0,0
296,1765902531325,-8,12,0,0,0,0,0,0
297,1765902531575,-7,12,1,0,0,0,0,0
298,1765902531974,-7,12,0,0,0,0,0,0
299,1765902533107,-8,11,-1,0,0,0,0,0
300,1765902535055,-10,13,3,0,0,0,0,0
301,1765902535439,-8,13,4,0,0,0,0,0
302,1765902539252,-10,9,1,0,0,0,0,0
303,1765902540434,-9,12,2,0,0,0,0,0
304,1765902543998,-6,11,1,0,0,0,0,0
305,1765902544164,-6,12,1,0,0,0,0,0
306,1765902544447,-8,13,2,0,0,0,0,0
307,1765902545113,-9,12,0,0,0,0,0,0
308,1765902545479,-7,11,0,0,0,0,0,0
309,1765902545513,-7,11,0,0,0,0,0,0
310,1765902545762,-8,12,1,0,0,0,0,0
311,1765902545862,-6,13,1,0,0,0,0,0
312,1765902547593,5,15,-3,0,0,0,0,0
313,1765902549393,-7,14,2,0,0,0,0,0
314,1765902549659,-5,11,-1,0,0,0,0,0
315,1765902550542,-8,10,1,0,0,0,0,0
316,1765902551641,-6,12,1,0,0,0,0,0
317,1765902552074,-7,11,0,0,0,0,0,0
318,1765902552441,-7,11,1,0,0,0,0,0
319,1765902552740,-6,13,1,0,0,0,0,0
320,1765902555688,-8,12,1,0,0,0,0,0
321,1765902556271,-6,11,0,0,0,0,0,0
322,1765902556537,-8,11,1,0,0,0,0,0
323,1765902556587,-7,12,2,0,0,0,0,0
324,1765902556921,-7,13,1,0,0,0,0,0
325,1765902557353,-9,13,2,0,0,0,0,0
326,1765902557752,-9,12,0,0,0,0,0,0
327,1765902559220,-8,12,1,0,0,0,0,0
328,1765902560119,-7,12,1,0,0,0,0,0
329,1765902560917,-10,13,0,0,0,0,0,0
330,1765902561750,-7,12,2,0,0,0,0,0
331,1765902561916,-8,12,2,0,0,0,0,0
332,1765902562082,-7,12,2,0,0,0,0,0
333,1765902562299,-8,12,1,0,0,0,0,0
334,1765902562682,-7,12,1,0,0,0,0,0
335,1765902562898,-6,11,1,0,0,0,0,0
336,1765902563015,-8,14,0,0,0,0,0,0
337,1765902563132,-7,12,1,0,0,0,0,0
338,1765902563382,-6,12,2,0,0,0,0,0
339,1765902563548,-8,12,1,0,0,0,0,0
340,1765902564164,-8,12,1,0,0,0,0,0
341,1765902564664,-6,12,1,0,0,0,0,0
342,1765902564863,-7,12,0,0,0,0,0,0
343,1765902565263,-7,12,1,0,0,0,0,0
344,1765902565413,-5,10,2,0,0,0,0,0
345,1765902565730,-7,13,1,0,0,0,0,0
346,1765902566062,-8,14,1,0,0,0,0,0
347,1765902566330,-6,12,2,0,0,0,0,0
348,1765902566762,-9,11,1,0,0,0,0,0
349,1765902567161,-6,12,1,0,0,0,0,0
350,1765902567462,-8,13,1,0,0,0,0,0
351,1765902567660,-7,12,1,0,0,0,0,0
352,1765902568161,-4,12,1,0,0,0,0,0
353,1765902568910,-6,12,1,0,0,0,0,0
354,1765902569637,-7,12,1,0,0,0,0,0
355,1765902571076,-9,-52,5,0,0,0,0,0
356,1765902571276,0,-74,12,0,0,0,0,0
357,1765902571557,0,-100,15,0,0,0,0,0
358,1765902571841,13,-138,-7,0,0,0,0,0
359,1765902572157,36,-178,39,0,0,0,0,0
360,1765902573440,-12,-95,21,0,0,0,0,0
361,1765902573707,54,-33,19,0,0,0,0,0
362,1765902574088,28,105,8,0,0,0,0,0
363,1765902575554,-36,-16,-4,0,0,0,0,0
364,1765902576786,28,33,-17,0,0,0,0,0
365,1765902577952,15,37,-4,0,0,0,0,0
366,1765902578119,41,25,32,0,0,0,0,0
367,1765902578436,2,6,57,0,0,0,0,0
368,1765902580934,-57,559,28,0,0,0,0,0
369,1765902581450,-76,570,-10,0,0,0,0,0
370,1765902583214,-8,555,15,0,0,0,0,0
371,1765902583814,3,113,-15,0,0,0,0,0
372,1765902585379,-29,14,-97,0,0,0,0,0
373,1765902585613,-10,-267,-11,0,0,0,0,0
374,1765902585713,42,-425,92,0,0,0,0,0
375,1765902585962,99,-645,181,0,0,0,0,0
376,1765902586395,-64,-855,-253,0,0,0,0,0
377,1765902586461,115,-849,-23,0,0,0,0,0
378,1765902586962,-51,-531,-120,0,0,0,0,0
379,1765902587162,33,-692,66,0,0,0,0,0
380,1765902587561,-41,-568,136,0,0,0,0,0
381,1765902589376,-22,-545,36,0,0,0,0,0
382,1765902589559,-8,-552,35,0,0,0,0,0
383,1765902590492,15,-282,16,0,0,0,0,0
384,1765902592007,-69,-66,-19,0,0,0,0,0
385,1765902594954,83,-73,58,0,0,0,0,0
386,1765902596587,-78,-375,-110,0,0,0,0,0
387,1765902597769,-80,1,169,0,0,0,0,0
388,1765902598035,71,-476,-32,0,0,0,0,0
389,1765902598719,40,-158,-1,0,0,0,0,0
390,1765902599001,31,292,64,0,0,0,0,0
391,1765902599802,-3,-250,-15,0,0,0,0,0
392,1765902601065,-141,16,-12,0,0,0,0,0
393,1765902601466,-3,-28,-29,0,0,0,0,0
394,1765902602815,84,-14,99,0,0,0,0,0
395,1765902605229,-45,34,2,0,0,0,0,0
396,1765902605512,-88,3,5,0,0,0,0,0
397,1765902605745,39,-5,13,0,0,0,0,0
398,1765902605912,-24,-80,-2,0,0,0,0,0
399,1765902606228,40,-155,-39,0,0,0,0,0
400,1765902609426,7,-93,-21,0,0,0,0,0
401,1765902612757,38,-342,34,0,0,0,0,0
402,1765902614255,36,-680,-10,0,0,0,0,0
403,1765902615472,-58,371,-13,0,0,0,0,0
404,1765902618118,-48,477,-5,0,0,0,0,0
405,1765902618601,23,377,-98,0,0,0,0,0
406,1765902618784,-2,-78,-108,0,0,0,0,0
407,1765902619117,43,-301,-14,0,0,0,0,0
408,1765902619384,-8,-305,22,0,0,0,0,0
409,1765902622965,-59,697,-101,0,0,0,0,0
410,1765902623214,-5,673,-38,0,0,0,0,0
411,1765902623363,24,616,2,0,0,0,0,0
412,1765902623763,-2,809,-25,0,0,0,0,0
413,1765902623997,-68,777,-80,0,0,0,0,0
414,1765902624751,44,-474,11,0,0,0,0,0
415,1765902625345,48,622,-26,0,0,0,0,0
416,1765902625630,30,717,-52,0,0,0,0,0
417,1765902626511,-64,-720,103,0,0,0,0,0
418,1765902633040,-80,-84,24,0,0,0,0,0
419,1765902633371,-70,-129,85,0,0,0,0,0
420,1765902633555,13,-115,-33,0,0,0,0,0
421,1765902634005,6,-132,-77,0,0,0,0,0
422,1765902634872,-31,-109,-3,0,0,0,0,0
423,1765902635171,-54,-66,47,0,0,0,0,0
424,1765902635871,22,-2377,29,0,0,0,0,0
425,1765902635921,-22,-49,-12,0,0,0,0,0
426,1765902636087,1,-66,32,0,0,0,0,0
427,1765902636120,14,-92,26,0,0,0,0,0
428,1765902636453,-87,-165,-24,0,0,0,0,0
429,1765902636787,-33,-280,85,0,0,0,0,0
430,1765902637202,42,-687,-6,0,0,0,0,0
431,1765902637436,27,-737,7,0,0,0,0,0
432,1765902637501,74,-701,1,0,0,0,0,0
433,1765902638600,83,-739,-20,0,0,0,0,0
434,1765902639033,-61,-723,55,0,0,0,0,0
435,1765902640631,2,-107,47,0,0,0,0,0
436,1765902640899,-162,-90,70,0,0,0,0,0
437,1765902641233,-8,-50,13,0,0,0,0,0
438,1765902641582,38,-38,-5,0,0,0,0,0
439,1765902641964,-2,-2,-12,0,0,0,0,0
440,1765902642148,21,-1,1,0,0,0,0,0
441,1765902642314,-23,25,30,0,0,0,0,0
442,1765902642596,-63,-4,-19,0,0,0,0,0
443,1765902642863,-34,-3,36,0,0,0,0,0
444,1765902643130,-61,5,39,0,0,0,0,0
445,1765902643946,-49,51,28,0,0,0,0,0
446,1765902645879,28,-4,-4,0,0,0,0,0
447,1765902646495,-48,-34,29,0,0,0,0,0
448,1765902647861,13,527,-39,0,0,0,0,0
449,1765902648093,-31,539,12,0,0,0,0,0
450,1765902648596,-22,432,-34,0,0,0,0,0
451,1765902648627,-39,403,-89,0,0,0,0,0
452,1765902648942,9,-404,45,0,0,0,0,0
453,1765902650091,74,94,2,0,0,0,0,0
454,1765902651441,-42,-645,124,0,0,0,0,0
455,1765902651657,97,-603,56,0,0,0,0,0
456,1765902652006,76,-376,139,0,0,0,0,0
457,1765902652572,89,-365,2,0,0,0,0,0
458,1765902652972,52,-461,-48,0,0,0,0,0
459,1765902653888,37,-480,81,0,0,0,0,0
460,1765902654355,52,-356,114,0,0,0,0,0
461,1765902654470,-50,-391,85,0,0,0,0,0
462,1765902654770,122,-756,83,0,0,0,0,0
463,1765902655070,67,-769,-30,0,0,0,0,0
464,1765902655321,-2,-794,14,0,0,0,0,0
465,1765902655504,15,-791,15,0,0,0,0,0
466,1765902655887,17,-174,78,0,0,0,0,0
467,1765902656153,5,154,28,0,0,0,0,0
468,1765902656469,14,368,11,0,0,0,0,0
469,1765902656669,-75,393,-44,0,0,0,0,0
470,1765902657302,-1,-220,-29,0,0,0,0,0
471,1765902658186,34,-457,57,0,0,0,0,0
472,1765902658202,-5,-503,-10,0,0,0,0,0
473,1765902658303,24,-372,-16,0,0,0,0,0
474,1765902658551,63,-267,113,0,0,0,0,0
475,1765902658735,5,45,147,0,0,0,0,0
476,1765902658803,-80,416,-29,0,0,0,0,0
477,1765902659117,65,487,21,0,0,0,0,0
478,1765902660849,30,-254,70,0,0,0,0,0
479,1765902661449,11,486,-50,0,0,0,0,0
480,1765902663797,-34,659,-18,0,0,0,0,0
481,1765902664796,19,611,-11,0,0,0,0,0
482,1765902664845,-54,561,-14,0,0,0,0,0
483,1765902665095,-45,481,-55,0,0,0,0,0
484,1765902665279,11,-250,-33,0,0,0,0,0
485,1765902665562,15,-326,10,0,0,0,0,0
486,1765902665795,14,-319,29,0,0,0,0,0
487,1765902666111,0,460,-41,0,0,0,0,0
488,1765902666644,-47,848,-73,0,0,0,0,0
489,1765902666893,-36,806,-108,0,0,0,0,0
490,1765902668010,16,-658,50,0,0,0,0,0
491,1765902669433,80,-711,75,0,0,0,0,0
492,1765902671707,70,-435,-11,0,0,0,0,0
493,1765902672173,-8,-2091,45,0,0,0,0,0
494,1765902672406,18,-264,45,0,0,0,0,0
495,1765902672672,-7,-247,-5,0,0,0,0,0
496,1765902673022,20,-252,-7,0,0,0,0,0
497,1765902673339,-52,-228,46,0,0,0,0,0
498,1765902678101,-12,-140,-43,0,0,0,0,0
499,1765902678451,-24,-120,57,0,0,0,0,0
500,1765902679184,64,-425,84,0,0,0,0,0
501,1765902679435,66,-651,-28,0,0,0,0,0
502,1765902679749,38,-576,132,0,0,0,0,0
503,1765902685062,25,-13,23,0,0,0,0,0
504,1765902686394,-58,12,-55,0,0,0,0,0
505,1765902686643,52,24,1,0,0,0,0,0
506,1765902687410,-42,92,21,0,0,0,0,0
507,1765902687977,-29,97,20,0,0,0,0,0
508,1765902688459,-9,53,-21,0,0,0,0,0
509,1765902689674,42,-132,31,0,0,0,0,0
510,1765902690441,2,-133,17,0,0,0,0,0
511,1765902691322,-6,-20,-1,0,0,0,0,0
512,1765902691640,-43,539,-16,0,0,0,0,0
513,1765902693038,-28,-420,-7,0,0,0,0,0
514,1765902693288,18,-481,-20,0,0,0,0,0
515,1765902693355,-46,-463,72,0,0,0,0,0
516,1765902693638,83,-434,34,0,0,0,0,0
517,1765902694287,-1,22,35,0,0,0,0,0
518,1765902694637,-106,62,-42,0,0,0,0,0
519,1765902694955,24,-160,15,0,0,0,0,0
520,1765902695220,4,-233,38,0,0,0,0,0
521,1765902695686,89,-474,-3117,0,0,0,0,0
522,1765902695952,-60,-478,38,0,0,0,0,0
523,1765902696170,-27,-434,57,0,0,0,0,0
524,1765902696436,74,-438,23,0,0,0,0,0
525,1765902696835,-36,-346,-29,0,0,0,0,0
526,1765902697835,8,-208,10,0,0,0,0,0
527,1765902701180,-33,-212,-8,0,0,0,0,0
528,1765902702597,-26,-122,37,0,0,0,0,0
529,1765902702863,35,-107,-25,0,0,0,0,0
530,1765902703680,-23,-17,-11,0,0,0,0,0
531,1765902704129,4,-13,-4,0,0,0,0,0
532,1765902705012,-2,14,1,0,0,0,0,0
533,1765902706594,-6,12,2,0,0,0,0,0
534,1765902707127,-7,12,2,0,0,0,0,0
535,1765902707443,-8,13,3,0,0,0,0,0
536,1765902707661,-5,12,-1,0,0,0,0,0
537,1765902708043,-5,-1,1,0,0,0,0,0
538,1765902708459,-7,8,-3,0,0,0,0,0
539,1765902708508,-23,10,3,0,0,0,0,0
540,1765902708942,7,17,4,0,0,0,0,0
541,1765902709075,-7,18,-5,0,0,0,0,0
542,1765902709358,-5,9,-2,0,0,0,0,0
543,1765902710057,-5,10,0,0,0,0,0,0
544,1765902710074,-8,11,4,0,0,0,0,0
545,1765902710357,-5,11,2,0,0,0,0,0
546,1765902710641,-9,12,0,0,0,0,0,0
547,1765902711107,1,12,1,0,0,0,0,0
548,1765902711673,-6,17,2,0,0,0,0,0
549,1765902711956,-6,15,0,0,0,0,0,0
550,1765902712304,-9,13,1,0,0,0,0,0
551,1765902712339,-8,11,-1,0,0,0,0,0
552,1765902712954,-4,14,2,0,0,0,0,0
553,1765902714171,-7,13,1,0,0,0,0,0
554,1765902715403,-9,12,2,0,0,0,0,0
555,1765902715803,-6,10,2,0,0,0,0,0
556,1765902716886,-6,12,-1,0,0,0,0,0
557,1765902717234,-8,12,2,0,0,0,0,0
558,1765902718683,-8,9,1,0,0,0,0,0
559,1765902718800,-4,10,0,0,0,0,0,0
560,1765902753188,-9,14,1,0,0,0,0,0
561,1765902753304,-8,10,2,0,0,0,0,0
562,1765902753420,-8,11,2,0,0,0,0,0
563,1765902753554,-5,15,0,0,0,0,0,0
564,1765902753654,-3,13,1,0,0,0,0,0
565,1765902753804,-9,12,3,0,0,0,0,0
566,1765902753887,-8,15,0,0,0,0,0,0
567,1765902754053,-10,12,-1,0,0,0,0,0
568,1765902754120,-7,10,3,0,0,0,0,0
569,1765902756284,-6,14,0,0,0,0,0,0
570,1765902756367,-7,12,1,0,0,0,0,0
571,1765902756401,-8,11,1,0,0,0,0,0
572,1765902757249,-6,12,1,0,0,0,0,0
573,1765902757817,-9,11,2,0,0,0,0,0
574,1765902758517,-7,12,2,0,0,0,0,0
575,1765902758666,-7,11,0,0,0,0,0,0
576,1765902759083,-7,12,1,0,0,0,0,0
577,1765902759315,-6,13,1,0,0,0,0,0
578,1765902760665,-9,12,2,0,0,0,0,0
579,1765902761164,-7,11,2,0,0,0,0,0
580,1765902761263,-6,13,0,0,0,0,0,0
581,1765902762313,-8,13,0,0,0,0,0,0
582,1765902763029,-6,12,2,0,0,0,0,0
583,1765902763446,-6,13,1,0,0,0,0,0
584,1765902766310,-8,11,1,0,0,0,0,0
585,1765902766377,-8,12,1,0,0,0,0,0
586,1765902766692,-9,12,2,0,0,0,0,0
587,1765902766809,-7,13,2,0,0,0,0,0
588,1765902767043,-9,11,2,0,0,0,0,0
589,1765902768641,-4,14,4,0,0,0,0,0
590,1765903179894,-6,13,2,0,0,0,0,0
591,1765903180012,-6,12,1,0,0,0,0,0
592,1765903180145,-7,13,2,0,0,0,0,0
593,1765903180260,-6,13,2,0,0,0,0,0
594,1765903180361,-5,10,2,0,0,0,0,0
595,1765903180511,-7,12,2,0,0,0,0,0
596,1765903180594,-6,13,0,0,0,0,0,0
597,1765903180761,-6,12,3,0,0,0,0,0
598,1765903180827,-7,13,1,0,0,0,0,0
599,1765903182791,-8,12,0,0,0,0,0,0
600,1765903183441,-7,12,1,0,0,0,0,0
601,1765903184057,-6,13,0,0,0,0,0,0
602,1765903184340,-6,11,1,0,0,0,0,0
603,1765903184523,-5,11,2,0,0,0,0,0
604,1765903185356,-8,12,1,0,0,0,0,0
605,1765903186155,-9,12,0,0,0,0,0,0
606,1765903190301,-7,12,1,0,0,0,0,0
607,1765903190718,-6,12,1,0,0,0,0,0
608,1765903190768,-6,14,1,0,0,0,0,0
609,1765903191151,-8,12,2,0,0,0,0,0
610,1765903191901,-8,13,0,0,0,0,0,0
611,1765903192100,-6,12,2,0,0,0,0,0
612,1765903192783,-7,13,1,0,0,0,0,0
613,1765903193133,-7,12,0,0,0,0,0,0
614,1765903195581,-5,11,1,0,0,0,0,0
615,1765903195747,-8,11,1,0,0,0,0,0
616,1765903196081,-8,12,-1,0,0,0,0,0
617,1765903196281,-7,12,2,0,0,0,0,0
618,1765903196780,-6,11,0,0,0,0,0,0
619,1765903196963,-5,11,1,0,0,0,0,0
620,1765903197062,-7,11,2,0,0,0,0,0
621,1765903197945,-7,12,2,0,0,0,0,0
622,1765903198878,-7,12,0,0,0,0,0,0
623,1765903199660,-6,13,1,0,0,0,0,0
624,1765903200492,-7,10,1,0,0,0,0,0
625,1765903200893,-7,13,1,0,0,0,0,0
626,1765903202142,-8,11,3,0,0,0,0,0
627,1765903202242,-6,11,1,0,0,0,0,0
628,1765903202957,-7,11,1,0,0,0,0,0
629,1765903203558,-7,13,0,0,0,0,0,0
630,1765903204124,-7,12,0,0,0,0,0,0
631,1765903205622,-8,11,0,0,0,0,0,0
632,1765903205739,-6,11,1,0,0,0,0,0
633,1765903206155,-12,11,1,0,0,0,0,0
634,1765903206338,-7,13,1,0,0,0,0,0
635,1765903206755,-8,12,1,0,0,0,0,0
636,1765903206954,-9,11,3,0,0,0,0,0
637,1765903207255,-6,14,0,0,0,0,0,0
638,1765903207322,-9,11,1,0,0,0,0,0
639,1765903207754,-5,11,2,0,0,0,0,0
640,1765903210418,-6,11,0,0,0,0,0,0
641,1765903210502,-5,14,0,0,0,0,0,0
642,1765903210985,-8,11,1,0,0,0,0,0
643,1765903211285,-7,13,1,0,0,0,0,0
644,1765903211800,-7,10,1,0,0,0,0,0
645,1765903211900,-7,12,0,0,0,0,0,0
646,1765903212066,-7,12,2,0,0,0,0,0
647,1765903212933,-6,11,1,0,0,0,0,0
648,1765903215164,-6,13,1,0,0,0,0,0
649,1765903215330,-7,14,0,0,0,0,0,0
650,1765903215597,-6,13,1,0,0,0,0,0
651,1765903215830,-5,12,1,0,0,0,0,0
652,1765903216080,-9,11,1,0,0,0,0,0
653,1765903216130,-86,-2,0,0,0,0,0,0
654,1765903216446,20,20,21,0,0,0,0,0
655,1765903216929,4,-143,0,0,0,0,0,0
656,1765903216962,-20,-156,24,0,0,0,0,0
657,1765903217779,20,-326,63,0,0,0,0,0
658,1765903218179,23,-272,2,0,0,0,0,0
659,1765903220793,40,76,49,0,0,0,0,0
660,1765903220958,-32,81,-4,0,0,0,0,0
661,1765903221127,4,78,-9,0,0,0,0,0
662,1765903221457,31,64,-32,0,0,0,0,0
663,1765903221641,3,68,26,0,0,0,0,0
664,1765903221892,-21,31,-52,0,0,0,0,0
665,1765903221940,-9,-65,46,0,0,0,0,0
666,1765903222424,-44,-10,-65,0,0,0,0,0
667,1765903222957,-251,4,-10,0,0,0,0,0
668,1765903223141,12,18,-9,0,0,0,0,0
669,1765903223591,5,39,-55,0,0,0,0,0
670,1765903224506,-44,38,11,0,0,0,0,0
671,1765903224673,62,67,37,0,0,0,0,0
672,1765903225157,6,167,-38,0,0,0,0,0
673,1765903225357,-21,303,-6,0,0,0,0,0
674,1765903226823,-35,624,-104,0,0,0,0,0
675,1765903229953,-37,-75,-19,0,0,0,0,0
676,1765903230502,29,362,70,0,0,0,0,0
677,1765903230968,-12,669,-73,0,0,0,0,0
678,1765903231135,-59,667,-175,0,0,0,0,0
679,1765903232268,56,-800,15,0,0,0,0,0
680,1765903234799,-3,-406,224,0,0,0,0,0
681,1765903236064,-9,-370,9,0,0,0,0,0
682,1765903236796,-54,-193,43,0,0,0,0,0
683,1765903237197,19,20,-88,0,0,0,0,0
684,1765903238078,3,-132,43,0,0,0,0,0
685,1765903238129,71,-119,4,0,0,0,0,0
686,1765903238428,27,-68,7,0,0,0,0,0
687,1765903238647,72,-108,14,0,0,0,0,0
688,1765903239861,37,-142,91,0,0,0,0,0
689,1765903240928,18,-68,57,0,0,0,0,0
690,1765903241109,40,-61,-40,0,0,0,0,0
691,1765903241509,-33,-46,-45,0,0,0,0,0
692,1765903243576,38,-539,-8,0,0,0,0,0
693,1765903243791,145,-665,-15,0,0,0,0,0
694,1765903244207,164,-859,12,0,0,0,0,0
695,1765903248469,-76,-15,-5,0,0,0,0,0
696,1765903249302,-146,1,48,0,0,0,0,0
697,1765903249368,-161,-21,-4,0,0,0,0,0
698,1765903249835,52,5,36,0,0,0,0,0
699,1765903250418,1,-7,33,0,0,0,0,0
700,1765903250834,3,24,40,0,0,0,0,0
701,1765903251067,-20,-26,34,0,0,0,0,0
702,1765903251234,38,-219,-29,0,0,0,0,0
703,1765903251583,-236,-623,47,0,0,0,0,0
704,1765903251634,-14,-598,-44,0,0,0,0,0
705,1765903252033,-40,449,0,0,0,0,0,0
706,1765903252316,-49,613,-44,0,0,0,0,0
707,1765903256912,-7,-483,18,0,0,0,0,0
708,1765903258411,-51,-610,195,0,0,0,0,0
709,1765903261108,34,-561,52,0,0,0,0,0
710,1765903261392,45,-538,24,0,0,0,0,0
711,1765903261442,17,-440,47,0,0,0,0,0
712,1765903261760,5,-267,-1,0,0,0,0,0
713,1765903261908,1,-147,84,0,0,0,0,0
714,1765903262207,19,215,29,0,0,0,0,0
715,1765903262525,-27,356,21,0,0,0,0,0
716,1765903262740,-49,472,5,0,0,0,0,0
717,1765903263090,-21,403,-61,0,0,0,0,0
718,1765903263474,-43,-229,-86,0,0,0,0,0
719,1765903263574,6,-350,13,0,0,0,0,0
720,1765903265874,15,791,31,0,0,0,0,0
721,1765903266088,-12,750,-32,0,0,0,0,0
722,1765903267670,44,734,137,0,0,0,0,0
723,1765903275180,61,-257,6,0,0,0,0,0
724,1765903277780,-30,-64,-40,0,0,0,0,0
725,1765903277993,-1,-79,84,0,0,0,0,0
726,1765903278160,-26,-97,-165,0,0,0,0,0
727,1765903278327,3,-142,-90,0,0,0,0,0
728,1765903278561,-59,-151,-13,0,0,0,0,0
729,1765903279043,32,-118,25,0,0,0,0,0
730,1765903280292,29,-73,-5,0,0,0,0,0
731,1765903281109,-40,-219,-88,0,0,0,0,0
732,1765903281475,41,12924,-136,0,0,0,0,0
733,1765903282807,-26,-428,4,0,0,0,0,0
734,1765903283590,-7,-328,94,0,0,0,0,0
735,1765903284023,32,-301,16,0,0,0,0,0
736,1765903284439,-86,-169,19,0,0,0,0,0
737,1765903285372,56,-192,-7,0,0,0,0,0
738,1765903286937,12,-159,35,0,0,0,0,0
739,1765903286986,52,-87,47,0,0,0,0,0
740,1765903287453,-43,21,-27,0,0,0,0,0
741,1765903287953,20,42,-2,0,0,0,0,0
742,1765903288119,-2,23,-104,0,0,0,0,0
743,1765903288369,33,49,66,0,0,0,0,0
744,1765903289082,63,29,-111,0,0,0,0,0
745,1765903289101,149,33,-43,0,0,0,0,0
746,1765903289351,-101,30,6,0,0,0,0,0
747,1765903291583,-10,171,27,0,0,0,0,0
748,1765903293215,-127,-369,26,0,0,0,0,0
749,1765903293715,-25,-101,99,0,0,0,0,0
750,1765903294081,-48,-142,2,0,0,0,0,0
751,1765903294330,48,-133,58,0,0,0,0,0
752,1765903294630,13,-274,-39,0,0,0,0,0
753,1765903294865,8,-389,-57,0,0,0,0,0
754,1765903295130,13,-432,112,0,0,0,0,0
755,1765903295430,-206,-353,-11,0,0,0,0,0
756,1765903295863,-24,-417,30,0,0,0,0,0
757,1765903297845,172,-541,92,0,0,0,0,0
758,1765903300174,42,-550,19,0,0,0,0,0
759,1765903300924,-88,244,-30,0,0,0,0,0
760,1765903301840,41,-498,51,0,0,0,0,0
761,1765903303257,26,-155,-92,0,0,0,0,0
762,1765903305355,-52,465,-30,0,0,0,0,0
763,1765903306737,-37,704,-63,0,0,0,0,0
764,1765903311533,-3,-132,14,0,0,0,0,0
765,1765903313681,-11,45,21,0,0,0,0,0
766,1765903315895,-19,-14,17,0,0,0,0,0
767,1765903316029,-12,-14,3,0,0,0,0,0
768,1765903317228,1,-6,10,0,0,0,0,0
769,1765903318044,-7,7,4,0,0,0,0,0
770,1765903318210,-10,9,2,0,0,0,0,0
771,1765903319143,-5,12,2,0,0,0,0,0
772,1765903319309,-8,12,2,0,0,0,0,0
773,1765903320292,-7,12,1,0,0,0,0,0
774,1765903320391,-7,12,1,0,0,0,0,0
775,1765903321640,-3,13,0,0,0,0,0,0
776,1765903321840,-5,12,0,0,0,0,0,0
777,1765903322505,-1,12,1,0,0,0,0,0
778,1765903324454,-6,11,1,0,0,0,0,0
779,1765903324721,-7,13,2,0,0,0,0,0
780,1765903325604,-9,11,1,0,0,0,0,0
781,1765903325687,-8,13,-1,0,0,0,0,0
782,1765903326586,-5,11,0,0,0,0,0,0
783,1765903326770,-7,12,1,0,0,0,0,0
784,1765903328020,-5,13,1,0,0,0,0,0
785,1765903328219,-6,10,0,0,0,0,0,0
786,1765903328668,-8,11,1,0,0,0,0,0
787,1765903328834,-6,12,1,0,0,0,0,0
788,1765903329768,-6,11,2,0,0,0,0,0
789,1765903329968,-5,18,4,0,0,0,0,0
790,1765903330800,-10,13,0,0,0,0,0,0
791,1765903332682,-6,10,1,0,0,0,0,0
792,1765903335145,-7,12,2,0,0,0,0,0
793,1765903338176,-2,9,-1,0,0,0,0,0
794,1765903338226,-5,11,1,0,0,0,0,0
795,1765903338410,-6,12,1,0,0,0,0,0
796,1765903338494,-8,12,2,0,0,0,0,0
797,1765903338660,-7,12,0,0,0,0,0,0
798,1765903338726,-5,13,2,0,0,0,0,0
799,1765903338877,-7,12,1,0,0,0,0,0
800,1765903338993,-7,11,1,0,0,0,0,0
801,1765903339077,-6,12,1,0,0,0,0,0
802,1765903340809,-6,12,2,0,0,0,0,0
803,1765903340925,-6,11,0,0,0,0,0,0
804,1765903341042,-8,12,1,0,0,0,0,0
805,1765903341160,-8,13,0,0,0,0,0,0
806,1765903341276,-7,11,2,0,0,0,0,0
807,1765903341409,-4,13,2,0,0,0,0,0
808,1765903341508,-6,11,2,0,0,0,0,0
809,1765903341658,-7,12,2,0,0,0,0,0
810,1765903341742,-8,13,2,0,0,0,0,0
811,1765903342307,-7,13,1,0,0,0,0,0
812,1765903343074,-7,13,1,0,0,0,0,0
813,1765903343339,-7,12,1,0,0,0,0,0
814,1765903343722,-7,12,2,0,0,0,0,0
815,1765903343955,-7,11,1,0,0,0,0,0
816,1765903344255,-6,11,1,0,0,0,0,0
817,1765903344489,-7,11,1,0,0,0,0,0
818,1765903347369,-6,11,2,0,0,0,0,0
819,1765903348186,-7,12,1,0,0,0,0,0
820,1765903349717,521,0,0,0,0,0,0,0
821,1765903349768,-7,12,1,0,0,0,0,0
822,1765903350001,-8,12,2,0,0,0,0,0
823,1765903350317,-7,12,1,0,0,0,0,0
824,1765903351133,-7,12,2,0,0,0,0,0
825,1765903351182,-5,13,3,0,0,0,0,0
826,1765903351715,-6,12,1,0,0,0,0,0
827,1765903351982,-5,12,3,0,0,0,0,0
828,1765903352049,-8,12,1,0,0,0,0,0
829,1765903352849,-8,12,1,0,0,0,0,0
830,1765903354098,-8,12,2,0,0,0,0,0
831,1765903356728,-7,12,2,0,0,0,0,0
832,1765903358310,-7,12,1,0,0,0,0,0
833,1765903359644,-9,12,2,0,0,0,0,0
834,1765903361274,-6,13,2,0,0,0,0,0
835,1765903361707,-9,12,2,0,0,0,0,0
836,1765903362374,13,6,-2,0,0,0,0,0
837,1765903363606,10,-309,31,0,0,0,0,0
838,1765903366273,-96,-188,34,0,0,0,0,0
839,1765903367230,-115,-218,-4,0,0,0,0,0
840,1765903367272,-17,-169,21,0,0,0,0,0
841,1765903369250,75,-414,-53,0,0,0,0,0
842,1765903370017,53,-325,24,0,0,0,0,0
843,1765903371016,1,-94,-10,0,0,0,0,0
844,1765903371266,61,-104,-15,0,0,0,0,0
845,1765903371466,-38,-89,-35,0,0,0,0,0
846,1765903372082,39,-52,69,0,0,0,0,0
847,1765903372365,-29,-97,49,0,0,0,0,0
848,1765903372648,-46,-110,-21,0,0,0,0,0
849,1765903372848,-11,-112,-147,0,0,0,0,0
850,1765903373047,29,-85,129,0,0,0,0,0
851,1765903374946,-71,-70,52,0,0,0,0,0
852,1765903375395,16,-104,53,0,0,0,0,0
853,1765903377694,-56,-193,-45,0,0,0,0,0
854,1765903379008,54,-329,57,0,0,0,0,0
855,1765903380058,93,-239,11,0,0,0,0,0
856,1765903383822,1,53,-22,0,0,0,0,0
857,1765903385254,3,12,2,0,0,0,0,0
858,1765903389151,-7,12,2,0,0,0,0,0
859,1765903390517,-6,12,1,0,0,0,0,0
860,1765903392181,-5,12,2,0,0,0,0,0
861,1765903423172,-6,14,3,0,0,0,0,0
862,1765903423321,-6,8,3,0,0,0,0,0
863,1765903423405,-8,16,-1,0,0,0,0,0
864,1765903423639,-5,10,1,0,0,0,0,0
865,1765903423806,-9,13,1,0,0,0,0,0
866,1765903423855,-5,14,3,0,0,0,0,0
867,1765903424054,-9,12,2,0,0,0,0,0
868,1765903424088,-6,13,0,0,0,0,0,0
869,1765903424955,-8,13,1,0,0,0,0,0
870,1765903429733,-7,12,1,0,0,0,0,0
871,1765903430500,-7,12,1,0,0,0,0,0
872,1765903431831,-8,11,1,0,0,0,0,0
873,1765903431831,-6,12,-1,0,0,0,0,0
874,1765903431846,-7,11,2,0,0,0,0,0
875,1765903433447,-7,14,0,0,0,0,0,0
876,1765903434229,-7,12,3,0,0,0,0,0
877,1765903434661,-9,13,0,0,0,0,0,0
878,1765903437926,-9,12,0,0,0,0,0,0
879,1765903438226,-8,12,2,0,0,0,0,0
880,1765903439275,-8,12,2,0,0,0,0,0
881,1765903439425,-7,12,2,0,0,0,0,0
882,1765903440425,-7,13,2,0,0,0,0,0
883,1765903440490,-8,13,1,0,0,0,0,0
884,1765903440742,-8,13,2,0,0,0,0,0
885,1765903441440,-7,13,2,0,0,0,0,0
886,1765903441657,-6,12,1,0,0,0,0,0
887,1765903442140,-7,13,1,0,0,0,0,0
888,1765903442915,-7,13,2,0,0,0,0,0
889,1765903442941,-8,12,1,0,0,0,0,0
890,1765903443439,-7,13,2,0,0,0,0,0
891,1765903444504,-7,12,2,0,0,0,0,0
892,1765903445169,-6,11,2,0,0,0,0,0
893,1765903446020,-7,13,1,0,0,0,0,0
894,1765903446170,-7,12,1,0,0,0,0,0
895,1765903446370,-7,14,2,0,0,0,0,0
896,1765903447601,-8,13,2,0,0,0,0,0
897,1765903448517,-7,12,3,0,0,0,0,0
898,1765903448817,-8,14,1,0,0,0,0,0
899,1765903449050,-5,12,0,0,0,0,0,0
900,1765903449833,-8,13,1,0,0,0,0,0
901,1765903451431,-7,12,1,0,0,0,0,0
902,1765903451848,-7,13,2,0,0,0,0,0
903,1765903451965,-8,12,1,0,0,0,0,0
904,1765903452264,-7,12,1,0,0,0,0,0
905,1765903452430,-7,13,2,0,0,0,0,0
906,1765903452698,-7,12,2,0,0,0,0,0
907,1765903453080,-7,13,1,0,0,0,0,0
908,1765903453313,-7,12,1,0,0,0,0,0
909,1765903454164,-7,12,2,0,0,0,0,0
910,1765903455861,-5,12,1,0,0,0,0,0
911,1765903456245,-8,12,2,0,0,0,0,0
912,1765903456427,-6,12,1,0,0,0,0,0
913,1765903457026,-7,13,1,0,0,0,0,0
914,1765903457360,-8,13,2,0,0,0,0,0
915,1765903458659,-7,12,2,0,0,0,0,0
916,1765903460324,-6,13,2,0,0,0,0,0
917,1765903460741,-8,12,2,0,0,0,0,0
918,1765903461140,-8,11,2,0,0,0,0,0
919,1765903462589,-7,14,1,0,0,0,0,0
920,1765903463338,-8,11,2,0,0,0,0,0
921,1765903463588,-6,13,0,0,0,0,0,0
922,1765903463654,-8,12,0,0,0,0,0,0
923,1765903463937,-9,13,2,0,0,0,0,0
924,1765903468516,-7,10,2,0,0,0,0,0
925,1765903468784,-6,15,1,0,0,0,0,0
926,1765903469266,-7,10,3,0,0,0,0,0
927,1765903469317,-23,-31,4,0,0,0,0,0
928,1765903469567,6,11,-8,0,0,0,0,0
929,1765903469765,-21,21,29,0,0,0,0,0
930,1765903470598,-4,-89,14,0,0,0,0,0
931,1765903471115,23,-72,12,0,0,0,0,0
932,1765903471482,2,-15,-3,0,0,0,0,0
933,1765903471831,-1,-4,-12,0,0,0,0,0
934,1765903472114,-45,6,10,0,0,0,0,0
935,1765903475828,-9,-7,-6,0,0,0,0,0
936,1765903476310,67,4,7,0,0,0,0,0
937,1765903476477,-53,22,-23,0,0,0,0,0
938,1765903477093,-12,9,-4,0,0,0,0,0
939,1765903477276,17,6,-23,0,0,0,0,0
940,1765903477459,-21,-7,29,0,0,0,0,0
941,1765903478575,-63,3,24,0,0,0,0,0
942,1765903478575,22,-5,5,0,0,0,0,0
943,1765903478576,14,-38,-21,0,0,0,0,0
944,1765903478757,-9,-54,13,0,0,0,0,0
945,1765903478808,5,-116,53,0,0,0,0,0
946,1765903479174,-16,-244,29,0,0,0,0,0
947,1765903479690,24,-188,-4,0,0,0,0,0
948,1765903479989,27,-36,20,0,0,0,0,0
949,1765903480022,21,16,3,0,0,0,0,0
950,1765903481223,5,474,-46,0,0,0,0,0
951,1765903481372,-74,407,10,0,0,0,0,0
952,1765903482054,-25,-318,-9,0,0,0,0,0
953,1765903482488,-74,-461,27,0,0,0,0,0
954,1765903482905,-5,-19,-21,0,0,0,0,0
955,1765903483171,13,-22,33,0,0,0,0,0
956,1765903483704,42,-41,22,0,0,0,0,0
957,1765903484321,43,-333,26,0,0,0,0,0
958,1765903484503,44,-312,83,0,0,0,0,0
959,1765903484753,80,-353,127,0,0,0,0,0
960,1765903486319,18,-305,33,0,0,0,0,0
961,1765903488133,158,-436,-10,0,0,0,0,0
962,1765903489550,-39,-537,198,0,0,0,0,0
963,1765903489566,21,-499,12,0,0,0,0,0
964,1765903489583,43,-483,83,0,0,0,0,0
965,1765903489616,11,-396,41,0,0,0,0,0
966,1765903491063,-77,154,1,0,0,0,0,0
967,1765903493346,13,420,-54,0,0,0,0,0
968,1765903493712,-23,116,-70,0,0,0,0,0
969,1765903497110,-23,667,-33,0,0,0,0,0
970,1765903498092,-72,735,-75,0,0,0,0,0
971,1765903498275,-17,768,14,0,0,0,0,0
972,1765903499440,-9,-242,0,0,0,0,0,0
973,1765903501090,6,-197,-81,0,0,0,0,0
974,1765903502986,15,-658,21,0,0,0,0,0
975,1765903503271,13,-629,32,0,0,0,0,0
976,1765903503704,47,-276,53,0,0,0,0,0
977,1765903504670,-48,-287,-39,0,0,0,0,0
978,1765903504922,35,-265,17,0,0,0,0,0
979,1765903504971,24,-290,131,0,0,0,0,0
980,1765903505469,-70,-358,99,0,0,0,0,0
981,1765903505803,46,-331,-39,0,0,0,0,0
982,1765903506086,16,-346,-17,0,0,0,0,0
983,1765903506618,5,-296,-21,0,0,0,0,0
984,1765903507002,-25,-211,21,0,0,0,0,0
985,1765903507533,-16,-122,41,0,0,0,0,0
986,1765903508066,24,-49,-55,0,0,0,0,0
987,1765903508867,-35,6,-40,0,0,0,0,0
988,1765903510765,-14,-89,9,0,0,0,0,0
989,1765903511248,0,-80,-1,0,0,0,0,0
990,1765903512013,-7,-71,60,0,0,0,0,0
991,1765903512030,-20,-112,-53,0,0,0,0,0
992,1765903512212,7,-75,8,0,0,0,0,0
993,1765903512597,-1,-73,-23,0,0,0,0,0
994,1765903513261,28,-42,31,0,0,0,0,0
995,1765903513627,-23,-1,-103,0,0,0,0,0
996,1765903513944,-59,0,2,0,0,0,0,0
997,1765903514344,-30,-20,22,0,0,0,0,0
998,1765903515776,7,-346,91,0,0,0,0,0
999,1765903515943,50,-371,6,0,0,0,0,0
1000,1765903516393,125,-517,102,0,0,0,0,0
1001,1765903517110,-107,-464,23,0,0,0,0,0
1002,1765903518075,4,-407,-70,0,0,0,0,0
1003,1765903518342,29,-412,87,0,0,0,0,0
1004,1765903518375,32,-353,142,0,0,0,0,0
1005,1765903518758,-54,-370,13,0,0,0,0,0
1006,1765903520591,27,-124,-30,0,0,0,0,0
1007,1765903522105,30,-28,38,0,0,0,0,0
1008,1765903524536,9,25,-22,0,0,0,0,0
1009,1765903525002,80,-26,-8,0,0,0,0,0
1010,1765903525169,-251,-45,-2,0,0,0,0,0
1011,1765903525818,-11,-1,-15,0,0,0,0,0
1012,1765903526019,36,-14,23,0,0,0,0,0
1013,1765903526735,-16,-176,2,0,0,0,0,0
1014,1765903527267,-40,-245,21,0,0,0,0,0
1015,1765903527451,27,-116,103,0,0,0,0,0
1016,1765903528483,-95,536,-46,0,0,0,0,0
1017,1765903529299,-16,-351,-221,0,0,0,0,0
1018,1765903529499,-32,-356,12,0,0,0,0,0
1019,1765903529632,33,-610,-40,0,0,0,0,0
1020,1765903530881,-56,143,-45,0,0,0,0,0
1021,1765903530931,-236,-128,7,0,0,0,0,0
1022,1765903531198,9,-201,4,0,0,0,0,0
1023,1765903532980,-33,-390,40,0,0,0,0,0
1024,1765903536325,76,-468,74,0,0,0,0,0
1025,1765903537108,1,-205,-8,0,0,0,0,0
1026,1765903537191,4,-172,2,0,0,0,0,0
1027,1765903538007,14,-92,-1,0,0,0,0,0
1028,1765903538174,-64,-73,19,0,0,0,0,0
1029,1765903538891,33,-1,34,0,0,0,0,0
1030,1765903539140,-9,5,-24,0,0,0,0,0
1031,1765903539291,-26,74,13,0,0,0,0,0
1032,1765903539573,-47,3,12,0,0,0,0,0
1033,1765903542305,30,46,-40,0,0,0,0,0
1034,1765903542588,53,-276,13,0,0,0,0,0
1035,1765903543171,29,-160,29,0,0,0,0,0
1036,1765903545036,7,590,23,0,0,0,0,0
1037,1765903546068,-141,-23893,-151,0,0,0,0,0
1038,1765903546901,-53,631,-2,0,0,0,0,0
1039,1765903551248,10,-510,32,0,0,0,0,0
1040,1765903552712,43,-532,34,0,0,0,0,0
1041,1765903552961,26,-523,26,0,0,0,0,0
1042,1765903553545,-27,-443,-20,0,0,0,0,0
1043,1765903554127,78,-340,34,0,0,0,0,0
1044,1765903555527,0,-320,133,0,0,0,0,0
1045,1765903555760,38,-399,35,0,0,0,0,0
1046,1765903556010,-117,-451,-126,0,0,0,0,0
1047,1765903556293,69,-442,-42,0,0,0,0,0
1048,1765903556392,30,-457,-7,0,0,0,0,0
1049,1765903556626,50,-446,-53,0,0,0,0,0
1050,1765903557093,44,-274,-13,0,0,0,0,0
1051,1765903557226,-251,-246,31,0,0,0,0,0
1052,1765903558433,20,-138,16,0,0,0,0,0
1053,1765903558440,-70,-108,37,0,0,0,0,0
1054,1765903558473,113,-87,12,0,0,0,0,0
1055,1765903558790,-49,-104,12,0,0,0,0,0
1056,1765903559640,40,-66,-30,0,0,0,0,0
1057,1765903559889,-58,-104,-37,0,0,0,0,0
1058,1765903560238,10,-105,81,0,0,0,0,0
1059,1765903560455,-45,16276,-32248,0,0,0,0,0
1060,1765903562538,-11,-70,13,0,0,0,0,0
1061,1765903562670,57,-73,0,0,0,0,0,0
1062,1765903564436,-30,-499,62,0,0,0,0,0
1063,1765903565968,102,-319,-13,0,0,0,0,0
1064,1765903567367,32,-116,52,0,0,0,0,0
1065,1765903567533,15,-93,45,0,0,0,0,0
1066,1765903567700,6,-53,-51,0,0,0,0,0
1067,1765903568849,-11,-44,89,0,0,0,0,0
1068,1765903574526,-7,11,1,0,0,0,0,0
1069,1765903574677,-6,13,1,0,0,0,0,0
1070,1765903575860,-7,11,1,0,0,0,0,0
1071,1765903581206,-8,11,3,0,0,0,0,0
1072,1765903581804,-8,12,3,0,0,0,0,0
1073,1765903581988,-6,11,2,0,0,0,0,0
1074,1765903582736,-7,11,1,0,0,0,0,0
1075,1765903582820,-6,10,2,0,0,0,0,0
1076,1765903584202,-7,10,1,0,0,0,0,0
1077,1765904394402,-37,390,-34,0,0,0,0,0
1078,1765904394507,-44,420,-9,0,0,0,0,0
1079,1765904394753,-34,412,-29,0,0,0,0,0
1080,1765904396520,4,-414,28,0,0,0,0,0
1081,1765904397112,28,-445,14,0,0,0,0,0
1082,1765904397192,-8,-419,21,0,0,0,0,0
1083,1765904397480,55,-414,12,0,0,0,0,0
1084,1765904399165,3,166,-13,0,0,0,0,0
1085,1765904400414,-25,190,7,0,0,0,0,0
1086,1765904400414,-8,169,6,0,0,0,0,0
1087,1765904400864,-23,13,31,0,0,0,0,0
1088,1765904401130,-44,-5,-25,0,0,0,0,0
1089,1765904401497,7,2,-9,0,0,0,0,0
1090,1765904401763,-32,10,10,0,0,0,0,0
1091,1765904402995,32,306,-20,0,0,0,0,0
1092,1765904404511,-15,188,-28,0,0,0,0,0
1093,1765904405993,-23,102,0,0,0,0,0,0
1094,1765904406692,-8,30,0,0,0,0,0,0
1095,1765904406842,-10,21,0,0,0,0,0,0
1096,1765904406893,-8,17,2,0,0,0,0,0
1097,1765904407159,-6,18,2,0,0,0,0,0
1098,1765904407525,-7,23,1,0,0,0,0,0
1099,1765904407941,-8,28,-1,0,0,0,0,0
1100,1765904408124,-8,29,-2,0,0,0,0,0
1101,1765904408309,-9,35,0,0,0,0,0,0
1102,1765904408357,-11,39,0,0,0,0,0,0
1103,1765904408625,-8,43,-5,0,0,0,0,0
1104,1765904410239,6,68,-12,0,0,0,0,0
1105,1765904411787,-7,29,1,0,0,0,0,0
1106,1765904412087,-7,23,-1,0,0,0,0,0
1107,1765904412520,-8,18,1,0,0,0,0,0
1108,1765904416850,-4,38,-1,0,0,0,0,0
1109,1765904417933,-6,36,5,0,0,0,0,0
1110,1765904419781,-4,60,4,0,0,0,0,0
1111,1765904420064,-10,69,-4,0,0,0,0,0
1112,1765904422380,-12,62,3,0,0,0,0,0
1113,1765904424093,-9,14,1,0,0,0,0,0
1114,1765904427242,-16,71,0,0,0,0,0,0
1115,1765904427708,-3,81,-6,0,0,0,0,0
1116,1765904428923,6,46,1,0,0,0,0,0
1117,1765904429140,2,43,-6,0,0,0,0,0
1118,1765904431721,14,32,-9,0,0,0,0,0
1119,1765904431854,-15,35,31,0,0,0,0,0
1120,1765904432237,-8,32,10,0,0,0,0,0
1121,1765904432504,0,24,-7,0,0,0,0,0
1122,1765904435001,-12,27,-1,0,0,0,0,0
1123,1765904435967,-14,29,4,0,0,0,0,0
1124,1765904436966,-25,53,-9,0,0,0,0,0
1125,1765904438665,-10,35,-2,0,0,0,0,0
1126,1765904439966,-11,42,0,0,0,0,0,0
1127,1765904440913,-13,64,3,0,0,0,0,0
1128,1765904441180,-15,65,1,0,0,0,0,0
1129,1765904444428,-6,158,-12,0,0,0,0,0
1130,1765904444444,-24,172,-9,0,0,0,0,0
1131,1765904444460,-16,177,-10,0,0,0,0,0
1132,1765904447774,7,46,3,0,0,0,0,0
1133,1765904447824,7,45,10,0,0,0,0,0
1134,1765904448057,-25,34,12,0,0,0,0,0
1135,1765904448340,2,28,9,0,0,0,0,0
1136,1765904449689,-18,-5,-8,0,0,0,0,0
1137,1765904450005,-6,19,0,0,0,0,0,0
1138,1765904450421,-6,14,1,0,0,0,0,0
1139,1765904452553,-6,12,1,0,0,0,0,0
1140,1765904454601,-9,11,2,0,0,0,0,0
1141,1765904455451,-7,11,1,0,0,0,0,0
1142,1765904455684,-7,11,1,0,0,0,0,0
1143,1765904457466,-7,11,1,0,0,0,0,0
1144,1765904457749,-7,13,3,0,0,0,0,0
1145,1765904460563,-9,11,1,0,0,0,0,0
1146,1765904460729,-7,14,3,0,0,0,0,0
1147,1765904461013,-5,14,3,0,0,0,0,0
1148,1765904461862,-6,12,1,0,0,0,0,0
1149,1765904463728,-5,13,1,0,0,0,0,0
1150,1765904464010,-6,13,1,0,0,0,0,0
1151,1765904464310,-7,12,0,0,0,0,0,0
1152,1765904466425,-10,12,1,0,0,0,0,0
1153,1765904466425,-9,13,1,0,0,0,0,0
1154,1765904466741,-5,12,1,0,0,0,0,0
1155,1765904467141,-7,14,1,0,0,0,0,0
1156,1765904467723,-11,11,0,0,0,0,0,0
1157,1765904468056,-7,9,3,0,0,0,0,0
1158,1765904468290,-6,12,2,0,0,0,0,0
1159,1765904468923,-8,11,2,0,0,0,0,0
