index,date,TEMPERATURE,1,2,3,4,5,6,7
0,1765902279736,243,0,0,0,0,0,0,0
1,1765902280185,241,0,0,0,0,0,0,0
2,1765902280526,240,0,0,0,0,0,0,0
3,1765902280671,255,0,0,0,0,0,0,0
4,1765902280832,243,0,0,0,0,0,0,0
5,1765902281294,251,0,0,0,0,0,0,0
6,1765902281663,245,0,0,0,0,0,0,0
7,1765902281823,237,0,0,0,0,0,0,0
8,1765902282159,237,0,0,0,0,0,0,0
9,1765902283497,249,0,0,0,0,0,0,0
10,1765902284014,231,0,0,0,0,0,0,0
11,1765902284780,246,0,0,0,0,0,0,0
12,1765902285963,248,0,0,0,0,0,0,0
13,1765902286362,241,0,0,0,0,0,0,0
14,1765902286995,249,0,0,0,0,0,0,0
15,1765902287861,245,0,0,0,0,0,0,0
16,1765902288528,241,0,0,0,0,0,0,0
17,1765902290260,259,0,0,0,0,0,0,0
18,1765902291260,252,0,0,0,0,0,0,0
19,1765902292608,260,0,0,0,0,0,0,0
20,1765902292874,249,0,0,0,0,0,0,0
21,1765902292958,260,0,0,0,0,0,0,0
22,1765902293290,262,0,0,0,0,0,0,0
23,1765902293707,258,0,0,0,0,0,0,0
24,1765902294223,258,0,0,0,0,0,0,0
25,1765902294473,260,0,0,0,0,0,0,0
26,1765902296372,254,0,0,0,0,0,0,0
27,1765902296771,256,0,0,0,0,0,0,0
28,1765902297337,258,0,0,0,0,0,0,0
29,1765902297604,260,0,0,0,0,0,0,0
30,1765902298036,258,0,0,0,0,0,0,0
31,1765902298686,260,0,0,0,0,0,0,0
32,1765902299369,264,0,0,0,0,0,0,0
33,1765902300252,260,0,0,0,0,0,0,0
34,1765902300485,262,0,0,0,0,0,0,0
35,1765902301317,266,0,0,0,0,0,0,0
36,1765902301467,262,0,0,0,0,0,0,0
37,1765902301734,260,0,0,0,0,0,0,0
38,1765902302151,262,0,0,0,0,0,0,0
39,1765902302649,266,0,0,0,0,0,0,0
40,1765902302683,266,0,0,0,0,0,0,0
41,1765902302950,258,0,0,0,0,0,0,0
42,1765902303166,254,0,0,0,0,0,0,0
43,1765902303434,262,0,0,0,0,0,0,0
44,1765902303466,270,0,0,0,0,0,0,0
45,1765902303965,266,0,0,0,0,0,0,0
46,1765902304182,266,0,0,0,0,0,0,0
47,1765902304266,262,0,0,0,0,0,0,0
48,1765902304432,268,0,0,0,0,0,0,0
49,1765902304615,274,0,0,0,0,0,0,0
50,1765902305647,260,0,0,0,0,0,0,0
51,1765902306030,262,0,0,0,0,0,0,0
52,1765902306313,260,0,0,0,0,0,0,0
53,1765902306447,268,0,0,0,0,0,0,0
54,1765902306696,262,0,0,0,0,0,0,0
55,1765902306796,266,0,0,0,0,0,0,0
56,1765902307246,266,0,0,0,0,0,0,0
57,1765902307412,268,0,0,0,0,0,0,0
58,1765902307863,270,0,0,0,0,0,0,0
59,1765902308296,268,0,0,0,0,0,0,0
60,1765902311675,276,0,0,0,0,0,0,0
61,1765902315390,268,0,0,0,0,0,0,0
62,1765902319668,272,0,0,0,0,0,0,0
63,1765902319819,272,0,0,0,0,0,0,0
64,1765902320085,270,0,0,0,0,0,0,0
65,1765902320251,279,0,0,0,0,0,0,0
66,1765902320551,279,0,0,0,0,0,0,0
67,1765902320684,281,0,0,0,0,0,0,0
68,1765902320851,281,0,0,0,0,0,0,0
69,1765902320901,281,0,0,0,0,0,0,0
70,1765902321334,278,0,0,0,0,0,0,0
71,1765902321967,272,0,0,0,0,0,0,0
72,1765902322217,275,0,0,0,0,0,0,0
73,1765902329078,291,0,0,0,0,0,0,0
74,1765902329560,297,0,0,0,0,0,0,0
75,1765902330659,295,0,0,0,0,0,0,0
76,1765902331077,286,0,0,0,0,0,0,0
77,1765902331576,297,0,0,0,0,0,0,0
78,1765902331692,287,0,0,0,0,0,0,0
79,1765902331926,291,0,0,0,0,0,0,0
80,1765902332642,293,0,0,0,0,0,0,0
81,1765902332942,289,0,0,0,0,0,0,0
82,1765902333558,288,0,0,0,0,0,0,0
83,1765902333741,299,0,0,0,0,0,0,0
84,1765902336556,295,0,0,0,0,0,0,0
85,1765902337588,297,0,0,0,0,0,0,0
86,1765902338486,289,0,0,0,0,0,0,0
87,1765902339803,275,0,0,0,0,0,0,0
88,1765902341951,293,0,0,0,0,0,0,0
89,1765902343533,295,0,0,0,0,0,0,0
90,1765902346214,293,0,0,0,0,0,0,0
91,1765902346547,283,0,0,0,0,0,0,0
92,1765902347496,287,0,0,0,0,0,0,0
93,1765902351576,299,0,0,0,0,0,0,0
94,1765902355606,293,0,0,0,0,0,0,0
95,1765902360919,315,0,0,0,0,0,0,0
96,1765902361168,301,0,0,0,0,0,0,0
97,1765902361651,293,0,0,0,0,0,0,0
98,1765902361835,307,0,0,0,0,0,0,0
99,1765902362118,295,0,0,0,0,0,0,0
100,1765902363067,302,0,0,0,0,0,0,0
101,1765902363284,316,0,0,0,0,0,0,0
102,1765902363833,295,0,0,0,0,0,0,0
103,1765902364848,312,0,0,0,0,0,0,0
104,1765902365082,299,0,0,0,0,0,0,0
105,1765902365398,319,0,0,0,0,0,0,0
106,1765902365764,304,0,0,0,0,0,0,0
107,1765902366114,301,0,0,0,0,0,0,0
108,1765902367928,315,0,0,0,0,0,0,0
109,1765902368397,307,0,0,0,0,0,0,0
110,1765902369795,315,0,0,0,0,0,0,0
111,1765902370644,318,0,0,0,0,0,0,0
112,1765902371743,318,0,0,0,0,0,0,0
113,1765902372542,318,0,0,0,0,0,0,0
114,1765902373825,324,0,0,0,0,0,0,0
115,1765902375075,320,0,0,0,0,0,0,0
116,1765902376107,314,0,0,0,0,0,0,0
117,1765902379505,322,0,0,0,0,0,0,0
118,1765902379786,322,0,0,0,0,0,0,0
119,1765902380086,320,0,0,0,0,0,0,0
120,1765902381401,326,0,0,0,0,0,0,0
121,1765902384117,316,0,0,0,0,0,0,0
122,1765902386931,326,0,0,0,0,0,0,0
123,1765902387730,322,0,0,0,0,0,0,0
124,1765902388280,326,0,0,0,0,0,0,0
125,1765902389013,326,0,0,0,0,0,0,0
126,1765902389231,328,0,0,0,0,0,0,0
127,1765902389562,330,0,0,0,0,0,0,0
128,1765902389729,322,0,0,0,0,0,0,0
129,1765902389994,328,0,0,0,0,0,0,0
130,1765902391161,328,0,0,0,0,0,0,0
131,1765902392526,316,0,0,0,0,0,0,0
132,1765902395558,312,0,0,0,0,0,0,0
133,1765902395856,322,0,0,0,0,0,0,0
134,1765902398222,326,0,0,0,0,0,0,0
135,1765902401035,328,0,0,0,0,0,0,0
136,1765902402867,328,0,0,0,0,0,0,0
137,1765902403300,320,0,0,0,0,0,0,0
138,1765902403766,328,0,0,0,0,0,0,0
139,1765902405349,324,0,0,0,0,0,0,0
140,1765902405714,328,0,0,0,0,0,0,0
141,1765902408145,332,0,0,0,0,0,0,0
142,1765902410626,328,0,0,0,0,0,0,0
143,1765902411292,332,0,0,0,0,0,0,0
144,1765902411426,322,0,0,0,0,0,0,0
145,1765902411793,324,0,0,0,0,0,0,0
146,1765902412709,326,0,0,0,0,0,0,0
147,1765902412892,330,0,0,0,0,0,0,0
148,1765902413807,332,0,0,0,0,0,0,0
149,1765902414624,326,0,0,0,0,0,0,0
150,1765902415023,338,0,0,0,0,0,0,0
151,1765902415273,330,0,0,0,0,0,0,0
152,1765902415572,332,0,0,0,0,0,0,0
153,1765902415756,334,0,0,0,0,0,0,0
154,1765902416128,334,0,0,0,0,0,0,0
155,1765902416128,332,0,0,0,0,0,0,0
156,1765902416272,332,0,0,0,0,0,0,0
157,1765902416988,336,0,0,0,0,0,0,0
158,1765902417390,332,0,0,0,0,0,0,0
159,1765902417421,328,0,0,0,0,0,0,0
160,1765902417921,326,0,0,0,0,0,0,0
161,1765902418271,332,0,0,0,0,0,0,0
162,1765902419036,328,0,0,0,0,0,0,0
163,1765902420136,334,0,0,0,0,0,0,0
164,1765902421667,330,0,0,0,0,0,0,0
165,1765902422216,334,0,0,0,0,0,0,0
166,1765902422517,334,0,0,0,0,0,0,0
167,1765902422733,328,0,0,0,0,0,0,0
168,1765902423033,334,0,0,0,0,0,0,0
169,1765902423599,336,0,0,0,0,0,0,0
170,1765902423883,338,0,0,0,0,0,0,0
171,1765902424448,332,0,0,0,0,0,0,0
172,1765902428811,332,0,0,0,0,0,0,0
173,1765902429293,334,0,0,0,0,0,0,0
174,1765902433324,324,0,0,0,0,0,0,0
175,1765902437804,328,0,0,0,0,0,0,0
176,1765902438353,335,0,0,0,0,0,0,0
177,1765902438769,328,0,0,0,0,0,0,0
178,1765902440951,332,0,0,0,0,0,0,0
179,1765902443049,330,0,0,0,0,0,0,0
180,1765902445331,338,0,0,0,0,0,0,0
181,1765902445448,334,0,0,0,0,0,0,0
182,1765902446097,334,0,0,0,0,0,0,0
183,1765902446813,334,0,0,0,0,0,0,0
184,1765902448279,338,0,0,0,0,0,0,0
185,1765902449262,340,0,0,0,0,0,0,0
186,1765902449627,334,0,0,0,0,0,0,0
187,1765902450144,334,0,0,0,0,0,0,0
188,1765902450727,334,0,0,0,0,0,0,0
189,1765902451459,342,0,0,0,0,0,0,0
190,1765902451708,332,0,0,0,0,0,0,0
191,1765902452125,332,0,0,0,0,0,0,0
192,1765902452391,342,0,0,0,0,0,0,0
193,1765902452576,330,0,0,0,0,0,0,0
194,1765902453025,334,0,0,0,0,0,0,0
195,1765902453091,345,0,0,0,0,0,0,0
196,1765902453566,342,0,0,0,0,0,0,0
197,1765902453690,338,0,0,0,0,0,0,0
198,1765902453957,336,0,0,0,0,0,0,0
199,1765902454375,334,0,0,0,0,0,0,0
200,1765902456138,338,0,0,0,0,0,0,0
201,1765902457438,340,0,0,0,0,0,0,0
202,1765902458687,334,0,0,0,0,0,0,0
203,1765902459519,337,0,0,0,0,0,0,0
204,1765902459718,-32440,0,0,0,0,0,0,0
205,1765902460135,336,0,0,0,0,0,0,0
206,1765902461034,328,0,0,0,0,0,0,0
207,1765902463949,338,0,0,0,0,0,0,0
208,1765902464432,338,0,0,0,0,0,0,0
209,1765902464881,356,0,0,0,0,0,0,0
210,1765902465947,334,0,0,0,0,0,0,0
211,1765902466846,343,0,0,0,0,0,0,0
212,1765902466929,347,0,0,0,0,0,0,0
213,1765902467180,343,0,0,0,0,0,0,0
214,1765902468645,348,0,0,0,0,0,0,0
215,1765902469795,343,0,0,0,0,0,0,0
216,1765902470527,349,0,0,0,0,0,0,0
217,1765902470893,356,0,0,0,0,0,0,0
218,1765902471791,339,0,0,0,0,0,0,0
219,1765902472508,333,0,0,0,0,0,0,0
220,1765902472907,340,0,0,0,0,0,0,0
221,1765902473241,345,0,0,0,0,0,0,0
222,1765902473524,338,0,0,0,0,0,0,0
223,1765902474307,345,0,0,0,0,0,0,0
224,1765902474622,336,0,0,0,0,0,0,0
225,1765902475655,342,0,0,0,0,0,0,0
226,1765902476455,330,0,0,0,0,0,0,0
227,1765902476988,338,0,0,0,0,0,0,0
228,1765902477238,338,0,0,0,0,0,0,0
229,1765902480467,340,0,0,0,0,0,0,0
230,1765902483032,336,0,0,0,0,0,0,0
231,1765902483150,341,0,0,0,0,0,0,0
232,1765902488127,343,0,0,0,0,0,0,0
233,1765902488945,340,0,0,0,0,0,0,0
234,1765902489045,338,0,0,0,0,0,0,0
235,1765902489260,342,0,0,0,0,0,0,0
236,1765902490043,336,0,0,0,0,0,0,0
237,1765902491808,343,0,0,0,0,0,0,0
238,1765902492026,348,0,0,0,0,0,0,0
239,1765902493757,357,0,0,0,0,0,0,0
240,1765902494026,351,0,0,0,0,0,0,0
241,1765902494371,345,0,0,0,0,0,0,0
242,1765902496222,361,0,0,0,0,0,0,0
243,1765902497071,347,0,0,0,0,0,0,0
244,1765902499052,357,0,0,0,0,0,0,0
245,1765902499935,347,0,0,0,0,0,0,0
246,1765902500902,357,0,0,0,0,0,0,0
247,1765902501283,357,0,0,0,0,0,0,0
248,1765902501600,347,0,0,0,0,0,0,0
249,1765902501767,357,0,0,0,0,0,0,0
250,1765902502382,361,0,0,0,0,0,0,0
251,1765902502615,361,0,0,0,0,0,0,0
252,1765902506296,359,0,0,0,0,0,0,0
253,1765902506397,365,0,0,0,0,0,0,0
254,1765902507063,370,0,0,0,0,0,0,0
255,1765902507429,353,0,0,0,0,0,0,0
256,1765902507745,366,0,0,0,0,0,0,0
257,1765902508378,371,0,0,0,0,0,0,0
258,1765902508694,378,0,0,0,0,0,0,0
259,1765902508910,375,0,0,0,0,0,0,0
260,1765902509094,365,0,0,0,0,0,0,0
261,1765902509494,378,0,0,0,0,0,0,0
262,1765902509759,370,0,0,0,0,0,0,0
263,1765902510192,371,0,0,0,0,0,0,0
264,1765902510343,361,0,0,0,0,0,0,0
265,1765902510576,371,0,0,0,0,0,0,0
266,1765902511508,375,0,0,0,0,0,0,0
267,1765902511792,369,0,0,0,0,0,0,0
268,1765902512075,378,0,0,0,0,0,0,0
269,1765902512557,381,0,0,0,0,0,0,0
270,1765902512858,372,0,0,0,0,0,0,0
271,1765902514630,376,0,0,0,0,0,0,0
272,1765902515955,394,0,0,0,0,0,0,0
273,1765902516288,376,0,0,0,0,0,0,0
274,1765902516538,378,0,0,0,0,0,0,0
275,1765902518585,382,0,0,0,0,0,0,0
276,1765902521034,390,0,0,0,0,0,0,0
277,1765902521183,377,0,0,0,0,0,0,0
278,1765902521516,380,0,0,0,0,0,0,0
279,1765902521749,382,0,0,0,0,0,0,0
280,1765902524181,386,0,0,0,0,0,0,0
281,1765902524381,387,0,0,0,0,0,0,0
282,1765902524747,390,0,0,0,0,0,0,0
283,1765902524897,388,0,0,0,0,0,0,0
284,1765902527910,394,0,0,0,0,0,0,0
285,1765902528327,390,0,0,0,0,0,0,0
286,1765902528644,386,0,0,0,0,0,0,0
287,1765902528893,380,0,0,0,0,0,0,0
288,1765902529809,390,0,0,0,0,0,0,0
289,1765902530842,390,0,0,0,0,0,0,0
290,1765902531275,392,0,0,0,0,0,0,0
291,1765902531325,388,0,0,0,0,0,0,0
292,1765902531575,390,0,0,0,0,0,0,0
293,1765902533473,388,0,0,0,0,0,0,0
294,1765902534522,390,0,0,0,0,0,0,0
295,1765902534889,398,0,0,0,0,0,0,0
296,1765902535055,392,0,0,0,0,0,0,0
297,1765902535471,388,0,0,0,0,0,0,0
298,1765902538651,396,0,0,0,0,0,0,0
299,1765902539269,402,0,0,0,0,0,0,0
300,1765902539551,398,0,0,0,0,0,0,0
301,1765902541083,392,0,0,0,0,0,0,0
302,1765902544181,398,0,0,0,0,0,0,0
303,1765902544447,396,0,0,0,0,0,0,0
304,1765902545497,396,0,0,0,0,0,0,0
305,1765902545780,396,0,0,0,0,0,0,0
306,1765902548910,396,0,0,0,0,0,0,0
307,1765902549128,408,0,0,0,0,0,0,0
308,1765902549359,398,0,0,0,0,0,0,0
309,1765902549393,408,0,0,0,0,0,0,0
310,1765902549659,400,0,0,0,0,0,0,0
311,1765902549959,404,0,0,0,0,0,0,0
312,1765902552091,404,0,0,0,0,0,0,0
313,1765902552374,406,0,0,0,0,0,0,0
314,1765902552474,398,0,0,0,0,0,0,0
315,1765902555121,408,0,0,0,0,0,0,0
316,1765902556121,404,0,0,0,0,0,0,0
317,1765902556321,409,0,0,0,0,0,0,0
318,1765902556620,400,0,0,0,0,0,0,0
319,1765902556887,398,0,0,0,0,0,0,0
320,1765902556937,409,0,0,0,0,0,0,0
321,1765902557137,406,0,0,0,0,0,0,0
322,1765902557403,398,0,0,0,0,0,0,0
323,1765902557753,404,0,0,0,0,0,0,0
324,1765902559834,408,0,0,0,0,0,0,0
325,1765902561350,409,0,0,0,0,0,0,0
326,1765902561449,413,0,0,0,0,0,0,0
327,1765902561932,402,0,0,0,0,0,0,0
328,1765902562216,411,0,0,0,0,0,0,0
329,1765902562332,404,0,0,0,0,0,0,0
330,1765902562931,406,0,0,0,0,0,0,0
331,1765902563032,410,0,0,0,0,0,0,0
332,1765902563414,416,0,0,0,0,0,0,0
333,1765902563831,400,0,0,0,0,0,0,0
334,1765902564114,402,0,0,0,0,0,0,0
335,1765902564164,410,0,0,0,0,0,0,0
336,1765902564481,408,0,0,0,0,0,0,0
337,1765902564664,410,0,0,0,0,0,0,0
338,1765902565463,415,0,0,0,0,0,0,0
339,1765902565745,415,0,0,0,0,0,0,0
340,1765902566079,408,0,0,0,0,0,0,0
341,1765902566379,405,0,0,0,0,0,0,0
342,1765902566646,408,0,0,0,0,0,0,0
343,1765902566778,403,0,0,0,0,0,0,0
344,1765902567211,404,0,0,0,0,0,0,0
345,1765902567660,410,0,0,0,0,0,0,0
346,1765902567961,407,0,0,0,0,0,0,0
347,1765902568128,410,0,0,0,0,0,0,0
348,1765902568327,398,0,0,0,0,0,0,0
349,1765902568776,407,0,0,0,0,0,0,0
350,1765902569637,408,0,0,0,0,0,0,0
351,1765902571276,408,0,0,0,0,0,0,0
352,1765902571540,408,0,0,0,0,0,0,0
353,1765902571890,410,0,0,0,0,0,0,0
354,1765902572207,419,0,0,0,0,0,0,0
355,1765902573723,410,0,0,0,0,0,0,0
356,1765902574105,410,0,0,0,0,0,0,0
357,1765902574422,409,0,0,0,0,0,0,0
358,1765902575421,417,0,0,0,0,0,0,0
359,1765902576303,415,0,0,0,0,0,0,0
360,1765902576687,419,0,0,0,0,0,0,0
361,1765902576836,407,0,0,0,0,0,0,0
362,1765902578151,411,0,0,0,0,0,0,0
363,1765902578452,408,0,0,0,0,0,0,0
364,1765902578519,408,0,0,0,0,0,0,0
365,1765902580983,415,0,0,0,0,0,0,0
366,1765902581450,413,0,0,0,0,0,0,0
367,1765902585432,417,0,0,0,0,0,0,0
368,1765902585679,410,0,0,0,0,0,0,0
369,1765902585962,399,0,0,0,0,0,0,0
370,1765902586196,419,0,0,0,0,0,0,0
371,1765902586431,427,0,0,0,0,0,0,0
372,1765902586479,413,0,0,0,0,0,0,0
373,1765902586977,414,0,0,0,0,0,0,0
374,1765902587212,415,0,0,0,0,0,0,0
375,1765902587561,419,0,0,0,0,0,0,0
376,1765902589393,417,0,0,0,0,0,0,0
377,1765902589610,415,0,0,0,0,0,0,0
378,1765902590508,421,0,0,0,0,0,0,0
379,1765902591564,413,0,0,0,0,0,0,0
380,1765902594522,414,0,0,0,0,0,0,0
381,1765902594821,404,0,0,0,0,0,0,0
382,1765902595938,415,0,0,0,0,0,0,0
383,1765902596287,406,0,0,0,0,0,0,0
384,1765902597636,410,0,0,0,0,0,0,0
385,1765902597802,403,0,0,0,0,0,0,0
386,1765902598368,422,0,0,0,0,0,0,0
387,1765902598652,405,0,0,0,0,0,0,0
388,1765902598719,426,0,0,0,0,0,0,0
389,1765902599001,414,0,0,0,0,0,0,0
390,1765902601683,417,0,0,0,0,0,0,0
391,1765902602665,406,0,0,0,0,0,0,0
392,1765902605563,408,0,0,0,0,0,0,0
393,1765902605796,411,0,0,0,0,0,0,0
394,1765902606727,402,0,0,0,0,0,0,0
395,1765902608443,411,0,0,0,0,0,0,0
396,1765902616686,407,0,0,0,0,0,0,0
397,1765902617769,404,0,0,0,0,0,0,0
398,1765902617952,398,0,0,0,0,0,0,0
399,1765902618153,404,0,0,0,0,0,0,0
400,1765902618801,402,0,0,0,0,0,0,0
401,1765902619084,408,0,0,0,0,0,0,0
402,1765902623013,416,0,0,0,0,0,0,0
403,1765902623247,421,0,0,0,0,0,0,0
404,1765902623480,400,0,0,0,0,0,0,0
405,1765902623796,403,0,0,0,0,0,0,0
406,1765902623997,405,0,0,0,0,0,0,0
407,1765902624751,410,0,0,0,0,0,0,0
408,1765902624752,408,0,0,0,0,0,0,0
409,1765902625662,413,0,0,0,0,0,0,0
410,1765902631790,407,0,0,0,0,0,0,0
411,1765902633389,392,0,0,0,0,0,0,0
412,1765902633606,396,0,0,0,0,0,0,0
413,1765902634188,398,0,0,0,0,0,0,0
414,1765902634355,396,0,0,0,0,0,0,0
415,1765902634672,404,0,0,0,0,0,0,0
416,1765902634872,9136,0,0,0,0,0,0,0
417,1765902635871,398,0,0,0,0,0,0,0
418,1765902635970,400,0,0,0,0,0,0,0
419,1765902636137,400,0,0,0,0,0,0,0
420,1765902636386,396,0,0,0,0,0,0,0
421,1765902636503,406,0,0,0,0,0,0,0
422,1765902637202,400,0,0,0,0,0,0,0
423,1765902637467,404,0,0,0,0,0,0,0
424,1765902640748,403,0,0,0,0,0,0,0
425,1765902640899,398,0,0,0,0,0,0,0
426,1765902641282,400,0,0,0,0,0,0,0
427,1765902641632,398,0,0,0,0,0,0,0
428,1765902641981,396,0,0,0,0,0,0,0
429,1765902642296,400,0,0,0,0,0,0,0
430,1765902642346,400,0,0,0,0,0,0,0
431,1765902643146,402,0,0,0,0,0,0,0
432,1765902643962,408,0,0,0,0,0,0,0
433,1765902644062,394,0,0,0,0,0,0,0
434,1765902647910,400,0,0,0,0,0,0,0
435,1765902648109,402,0,0,0,0,0,0,0
436,1765902648175,390,0,0,0,0,0,0,0
437,1765902648611,396,0,0,0,0,0,0,0
438,1765902649008,398,0,0,0,0,0,0,0
439,1765902649192,396,0,0,0,0,0,0,0
440,1765902649592,396,0,0,0,0,0,0,0
441,1765902650108,400,0,0,0,0,0,0,0
442,1765902650358,390,0,0,0,0,0,0,0
443,1765902651709,390,0,0,0,0,0,0,0
444,1765902652006,390,0,0,0,0,0,0,0
445,1765902652607,398,0,0,0,0,0,0,0
446,1765902652856,394,0,0,0,0,0,0,0
447,1765902653289,400,0,0,0,0,0,0,0
448,1765902653938,394,0,0,0,0,0,0,0
449,1765902653971,396,0,0,0,0,0,0,0
450,1765902654371,406,0,0,0,0,0,0,0
451,1765902654805,404,0,0,0,0,0,0,0
452,1765902655187,394,0,0,0,0,0,0,0
453,1765902655354,394,0,0,0,0,0,0,0
454,1765902655537,400,0,0,0,0,0,0,0
455,1765902656153,398,0,0,0,0,0,0,0
456,1765902656469,402,0,0,0,0,0,0,0
457,1765902656536,400,0,0,0,0,0,0,0
458,1765902656769,398,0,0,0,0,0,0,0
459,1765902657751,404,0,0,0,0,0,0,0
460,1765902658186,404,0,0,0,0,0,0,0
461,1765902658335,396,0,0,0,0,0,0,0
462,1765902658601,400,0,0,0,0,0,0,0
463,1765902658819,402,0,0,0,0,0,0,0
464,1765902659152,396,0,0,0,0,0,0,0
465,1765902661349,394,0,0,0,0,0,0,0
466,1765902661648,394,0,0,0,0,0,0,0
467,1765902663364,404,0,0,0,0,0,0,0
468,1765902663830,406,0,0,0,0,0,0,0
469,1765902664812,404,0,0,0,0,0,0,0
470,1765902664880,406,0,0,0,0,0,0,0
471,1765902665129,402,0,0,0,0,0,0,0
472,1765902665311,398,0,0,0,0,0,0,0
473,1765902665562,404,0,0,0,0,0,0,0
474,1765902666027,402,0,0,0,0,0,0,0
475,1765902666127,402,0,0,0,0,0,0,0
476,1765902666928,401,0,0,0,0,0,0,0
477,1765902667778,402,0,0,0,0,0,0,0
478,1765902671123,409,0,0,0,0,0,0,0
479,1765902671724,402,0,0,0,0,0,0,0
480,1765902672256,406,0,0,0,0,0,0,0
481,1765902672473,406,0,0,0,0,0,0,0
482,1765902672955,411,0,0,0,0,0,0,0
483,1765902676319,409,0,0,0,0,0,0,0
484,1765902678118,396,0,0,0,0,0,0,0
485,1765902678484,400,0,0,0,0,0,0,0
486,1765902679283,400,0,0,0,0,0,0,0
487,1765902679467,400,0,0,0,0,0,0,0
488,1765902679749,398,0,0,0,0,0,0,0
489,1765902685163,402,0,0,0,0,0,0,0
490,1765902686345,396,0,0,0,0,0,0,0
491,1765902686394,398,0,0,0,0,0,0,0
492,1765902687343,396,0,0,0,0,0,0,0
493,1765902687460,392,0,0,0,0,0,0,0
494,1765902687977,400,0,0,0,0,0,0,0
495,1765902689691,400,0,0,0,0,0,0,0
496,1765902689973,398,0,0,0,0,0,0,0
497,1765902690457,398,0,0,0,0,0,0,0
498,1765902691707,406,0,0,0,0,0,0,0
499,1765902691891,396,0,0,0,0,0,0,0
500,1765902692722,402,0,0,0,0,0,0,0
501,1765902692955,398,0,0,0,0,0,0,0
502,1765902693056,398,0,0,0,0,0,0,0
503,1765902693688,400,0,0,0,0,0,0,0
504,1765902694005,400,0,0,0,0,0,0,0
505,1765902694321,400,0,0,0,0,0,0,0
506,1765902694654,398,0,0,0,0,0,0,0
507,1765902694687,401,0,0,0,0,0,0,0
508,1765902694970,400,0,0,0,0,0,0,0
509,1765902695252,400,0,0,0,0,0,0,0
510,1765902695520,402,0,0,0,0,0,0,0
511,1765902695969,402,0,0,0,0,0,0,0
512,1765902696136,406,0,0,0,0,0,0,0
513,1765902696170,396,0,0,0,0,0,0,0
514,1765902696436,394,0,0,0,0,0,0,0
515,1765902705029,417,0,0,0,0,0,0,0
516,1765902706610,415,0,0,0,0,0,0,0
517,1765902706677,413,0,0,0,0,0,0,0
518,1765902707127,408,0,0,0,0,0,0,0
519,1765902707661,419,0,0,0,0,0,0,0
520,1765902707959,427,0,0,0,0,0,0,0
521,1765902708093,429,0,0,0,0,0,0,0
522,1765902708475,413,0,0,0,0,0,0,0
523,1765902708526,419,0,0,0,0,0,0,0
524,1765902708976,408,0,0,0,0,0,0,0
525,1765902709042,431,0,0,0,0,0,0,0
526,1765902709075,413,0,0,0,0,0,0,0
527,1765902709358,425,0,0,0,0,0,0,0
528,1765902710057,419,0,0,0,0,0,0,0
529,1765902710074,429,0,0,0,0,0,0,0
530,1765902710374,419,0,0,0,0,0,0,0
531,1765902710606,408,0,0,0,0,0,0,0
532,1765902710657,422,0,0,0,0,0,0,0
533,1765902711006,419,0,0,0,0,0,0,0
534,1765902711723,417,0,0,0,0,0,0,0
535,1765902712006,423,0,0,0,0,0,0,0
536,1765902712304,433,0,0,0,0,0,0,0
537,1765902714637,425,0,0,0,0,0,0,0
538,1765902718733,437,0,0,0,0,0,0,0
539,1765902718834,433,0,0,0,0,0,0,0
540,1765902753204,336,0,0,0,0,0,0,0
541,1765902753354,334,0,0,0,0,0,0,0
542,1765902753438,340,0,0,0,0,0,0,0
543,1765902753604,344,0,0,0,0,0,0,0
544,1765902753671,341,0,0,0,0,0,0,0
545,1765902753853,356,0,0,0,0,0,0,0
546,1765902753887,355,0,0,0,0,0,0,0
547,1765902754087,357,0,0,0,0,0,0,0
548,1765902754120,361,0,0,0,0,0,0,0
549,1765902755319,392,0,0,0,0,0,0,0
550,1765902756236,396,0,0,0,0,0,0,0
551,1765902756301,398,0,0,0,0,0,0,0
552,1765902756384,396,0,0,0,0,0,0,0
553,1765902757734,400,0,0,0,0,0,0,0
554,1765902757834,400,0,0,0,0,0,0,0
555,1765902758233,406,0,0,0,0,0,0,0
556,1765902758683,402,0,0,0,0,0,0,0
557,1765902759116,405,0,0,0,0,0,0,0
558,1765902761197,409,0,0,0,0,0,0,0
559,1765902761281,407,0,0,0,0,0,0,0
560,1765902762330,411,0,0,0,0,0,0,0
561,1765902762597,400,0,0,0,0,0,0,0
562,1765902763079,407,0,0,0,0,0,0,0
563,1765902763546,417,0,0,0,0,0,0,0
564,1765902764728,409,0,0,0,0,0,0,0
565,1765902766413,421,0,0,0,0,0,0,0
566,1765902766726,413,0,0,0,0,0,0,0
567,1765902766843,408,0,0,0,0,0,0,0
568,1765902767059,419,0,0,0,0,0,0,0
569,1765902767291,413,0,0,0,0,0,0,0
570,1765903179911,229,0,0,0,0,0,0,0
571,1765903180061,239,0,0,0,0,0,0,0
572,1765903180145,231,0,0,0,0,0,0,0
573,1765903180310,241,0,0,0,0,0,0,0
574,1765903180377,242,0,0,0,0,0,0,0
575,1765903180561,255,0,0,0,0,0,0,0
576,1765903180611,252,0,0,0,0,0,0,0
577,1765903180794,254,0,0,0,0,0,0,0
578,1765903180827,250,0,0,0,0,0,0,0
579,1765903182743,283,0,0,0,0,0,0,0
580,1765903182875,285,0,0,0,0,0,0,0
581,1765903183357,297,0,0,0,0,0,0,0
582,1765903183441,307,0,0,0,0,0,0,0
583,1765903183924,297,0,0,0,0,0,0,0
584,1765903184141,295,0,0,0,0,0,0,0
585,1765903184391,305,0,0,0,0,0,0,0
586,1765903184541,311,0,0,0,0,0,0,0
587,1765903185340,303,0,0,0,0,0,0,0
588,1765903185374,307,0,0,0,0,0,0,0
589,1765903189039,318,0,0,0,0,0,0,0
590,1765903189784,312,0,0,0,0,0,0,0
591,1765903190336,314,0,0,0,0,0,0,0
592,1765903190551,316,0,0,0,0,0,0,0
593,1765903190735,326,0,0,0,0,0,0,0
594,1765903190951,319,0,0,0,0,0,0,0
595,1765903191085,314,0,0,0,0,0,0,0
596,1765903191237,322,0,0,0,0,0,0,0
597,1765903191918,320,0,0,0,0,0,0,0
598,1765903192134,322,0,0,0,0,0,0,0
599,1765903192366,322,0,0,0,0,0,0,0
600,1765903195064,322,0,0,0,0,0,0,0
601,1765903195764,330,0,0,0,0,0,0,0
602,1765903196214,328,0,0,0,0,0,0,0
603,1765903196296,326,0,0,0,0,0,0,0
604,1765903196830,326,0,0,0,0,0,0,0
605,1765903197113,318,0,0,0,0,0,0,0
606,1765903197979,330,0,0,0,0,0,0,0
607,1765903198595,332,0,0,0,0,0,0,0
608,1765903198812,326,0,0,0,0,0,0,0
609,1765903199896,334,0,0,0,0,0,0,0
610,1765903201726,338,0,0,0,0,0,0,0
611,1765903202142,330,0,0,0,0,0,0,0
612,1765903202341,332,0,0,0,0,0,0,0
613,1765903202957,338,0,0,0,0,0,0,0
614,1765903203074,340,0,0,0,0,0,0,0
615,1765903204973,338,0,0,0,0,0,0,0
616,1765903205639,332,0,0,0,0,0,0,0
617,1765903205938,334,0,0,0,0,0,0,0
618,1765903206155,337,0,0,0,0,0,0,0
619,1765903206954,344,0,0,0,0,0,0,0
620,1765903207255,338,0,0,0,0,0,0,0
621,1765903207754,341,0,0,0,0,0,0,0
622,1765903208054,344,0,0,0,0,0,0,0
623,1765903209585,334,0,0,0,0,0,0,0
624,1765903210468,348,0,0,0,0,0,0,0
625,1765903210568,353,0,0,0,0,0,0,0
626,1765903210851,338,0,0,0,0,0,0,0
627,1765903211034,349,0,0,0,0,0,0,0
628,1765903211320,343,0,0,0,0,0,0,0
629,1765903211850,351,0,0,0,0,0,0,0
630,1765903211917,344,0,0,0,0,0,0,0
631,1765903214265,363,0,0,0,0,0,0,0
632,1765903215297,355,0,0,0,0,0,0,0
633,1765903215381,371,0,0,0,0,0,0,0
634,1765903215614,365,0,0,0,0,0,0,0
635,1765903215830,363,0,0,0,0,0,0,0
636,1765903216097,355,0,0,0,0,0,0,0
637,1765903216180,359,0,0,0,0,0,0,0
638,1765903216264,369,0,0,0,0,0,0,0
639,1765903216446,357,0,0,0,0,0,0,0
640,1765903216946,357,0,0,0,0,0,0,0
641,1765903217812,367,0,0,0,0,0,0,0
642,1765903220642,371,0,0,0,0,0,0,0
643,1765903220825,372,0,0,0,0,0,0,0
644,1765903221127,368,0,0,0,0,0,0,0
645,1765903221507,372,0,0,0,0,0,0,0
646,1765903221657,376,0,0,0,0,0,0,0
647,1765903221907,371,0,0,0,0,0,0,0
648,1765903221991,367,0,0,0,0,0,0,0
649,1765903222442,369,0,0,0,0,0,0,0
650,1765903223591,372,0,0,0,0,0,0,0
651,1765903224540,373,0,0,0,0,0,0,0
652,1765903225157,377,0,0,0,0,0,0,0
653,1765903225506,383,0,0,0,0,0,0,0
654,1765903228571,392,0,0,0,0,0,0,0
655,1765903229503,394,0,0,0,0,0,0,0
656,1765903229803,386,0,0,0,0,0,0,0
657,1765903229986,388,0,0,0,0,0,0,0
658,1765903230469,390,0,0,0,0,0,0,0
659,1765903230536,386,0,0,0,0,0,0,0
660,1765903231002,384,0,0,0,0,0,0,0
661,1765903233215,392,0,0,0,0,0,0,0
662,1765903236113,394,0,0,0,0,0,0,0
663,1765903236814,394,0,0,0,0,0,0,0
664,1765903237712,392,0,0,0,0,0,0,0
665,1765903238111,394,0,0,0,0,0,0,0
666,1765903238428,394,0,0,0,0,0,0,0
667,1765903240261,396,0,0,0,0,0,0,0
668,1765903240744,392,0,0,0,0,0,0,0
669,1765903240943,400,0,0,0,0,0,0,0
670,1765903241609,396,0,0,0,0,0,0,0
671,1765903243576,398,0,0,0,0,0,0,0
672,1765903243840,396,0,0,0,0,0,0,0
673,1765903244256,392,0,0,0,0,0,0,0
674,1765903244556,392,0,0,0,0,0,0,0
675,1765903246222,398,0,0,0,0,0,0,0
676,1765903249352,402,0,0,0,0,0,0,0
677,1765903249867,400,0,0,0,0,0,0,0
678,1765903250051,398,0,0,0,0,0,0,0
679,1765903250434,396,0,0,0,0,0,0,0
680,1765903250734,402,0,0,0,0,0,0,0
681,1765903250885,400,0,0,0,0,0,0,0
682,1765903251251,400,0,0,0,0,0,0,0
683,1765903251851,396,0,0,0,0,0,0,0
684,1765903252033,402,0,0,0,0,0,0,0
685,1765903252382,400,0,0,0,0,0,0,0
686,1765903252415,398,0,0,0,0,0,0,0
687,1765903253650,398,0,0,0,0,0,0,0
688,1765903253998,414,0,0,0,0,0,0,0
689,1765903255379,408,0,0,0,0,0,0,0
690,1765903257479,406,0,0,0,0,0,0,0
691,1765903258344,411,0,0,0,0,0,0,0
692,1765903259560,408,0,0,0,0,0,0,0
693,1765903260542,421,0,0,0,0,0,0,0
694,1765903261208,415,0,0,0,0,0,0,0
695,1765903261409,410,0,0,0,0,0,0,0
696,1765903261491,415,0,0,0,0,0,0,0
697,1765903261925,421,0,0,0,0,0,0,0
698,1765903262224,407,0,0,0,0,0,0,0
699,1765903262740,414,0,0,0,0,0,0,0
700,1765903262907,427,0,0,0,0,0,0,0
701,1765903263090,415,0,0,0,0,0,0,0
702,1765903263507,415,0,0,0,0,0,0,0
703,1765903263674,427,0,0,0,0,0,0,0
704,1765903265089,415,0,0,0,0,0,0,0
705,1765903265874,415,0,0,0,0,0,0,0
706,1765903269169,429,0,0,0,0,0,0,0
707,1765903271017,425,0,0,0,0,0,0,0
708,1765903272265,428,0,0,0,0,0,0,0
709,1765903273165,437,0,0,0,0,0,0,0
710,1765903277794,436,0,0,0,0,0,0,0
711,1765903278009,417,0,0,0,0,0,0,0
712,1765903278343,433,0,0,0,0,0,0,0
713,1765903280975,434,0,0,0,0,0,0,0
714,1765903281158,437,0,0,0,0,0,0,0
715,1765903281475,421,0,0,0,0,0,0,0
716,1765903283207,448,0,0,0,0,0,0,0
717,1765903286571,429,0,0,0,0,0,0,0
718,1765903287053,433,0,0,0,0,0,0,0
719,1765903287602,440,0,0,0,0,0,0,0
720,1765903288119,429,0,0,0,0,0,0,0
721,1765903288369,442,0,0,0,0,0,0,0
722,1765903289088,429,0,0,0,0,0,0,0
723,1765903289101,431,0,0,0,0,0,0,0
724,1765903289117,436,0,0,0,0,0,0,0
725,1765903290485,429,0,0,0,0,0,0,0
726,1765903293215,442,0,0,0,0,0,0,0
727,1765903293765,430,0,0,0,0,0,0,0
728,1765903294014,447,0,0,0,0,0,0,0
729,1765903294330,434,0,0,0,0,0,0,0
730,1765903294665,448,0,0,0,0,0,0,0
731,1765903294881,444,0,0,0,0,0,0,0
732,1765903295130,450,0,0,0,0,0,0,0
733,1765903295447,449,0,0,0,0,0,0,0
734,1765903295880,443,0,0,0,0,0,0,0
735,1765903300940,452,0,0,0,0,0,0,0
736,1765903301640,454,0,0,0,0,0,0,0
737,1765903303423,460,0,0,0,0,0,0,0
738,1765903303623,452,0,0,0,0,0,0,0
739,1765903305506,452,0,0,0,0,0,0,0
740,1765903309868,462,0,0,0,0,0,0,0
741,1765903310184,462,0,0,0,0,0,0,0
742,1765903311799,464,0,0,0,0,0,0,0
743,1765903313830,462,0,0,0,0,0,0,0
744,1765903314630,464,0,0,0,0,0,0,0
745,1765903314814,464,0,0,0,0,0,0,0
746,1765903316312,464,0,0,0,0,0,0,0
747,1765903317379,477,0,0,0,0,0,0,0
748,1765903318477,468,0,0,0,0,0,0,0
749,1765903319426,467,0,0,0,0,0,0,0
750,1765903319509,469,0,0,0,0,0,0,0
751,1765903320493,473,0,0,0,0,0,0,0
752,1765903320625,472,0,0,0,0,0,0,0
753,1765903322506,474,0,0,0,0,0,0,0
754,1765903323021,473,0,0,0,0,0,0,0
755,1765903324804,469,0,0,0,0,0,0,0
756,1765903325704,483,0,0,0,0,0,0,0
757,1765903326121,481,0,0,0,0,0,0,0
758,1765903327120,476,0,0,0,0,0,0,0
759,1765903328385,481,0,0,0,0,0,0,0
760,1765903331233,501,0,0,0,0,0,0,0
761,1765903334129,487,0,0,0,0,0,0,0
762,1765903335312,497,0,0,0,0,0,0,0
763,1765903335445,485,0,0,0,0,0,0,0
764,1765903335729,493,0,0,0,0,0,0,0
765,1765903336078,481,0,0,0,0,0,0,0
766,1765903337362,497,0,0,0,0,0,0,0
767,1765903338176,499,0,0,0,0,0,0,0
768,1765903338277,495,0,0,0,0,0,0,0
769,1765903338410,491,0,0,0,0,0,0,0
770,1765903338543,489,0,0,0,0,0,0,0
771,1765903338660,494,0,0,0,0,0,0,0
772,1765903338777,508,0,0,0,0,0,0,0
773,1765903338893,497,0,0,0,0,0,0,0
774,1765903339043,499,0,0,0,0,0,0,0
775,1765903339776,497,0,0,0,0,0,0,0
776,1765903340243,495,0,0,0,0,0,0,0
777,1765903340809,505,0,0,0,0,0,0,0
778,1765903340960,502,0,0,0,0,0,0,0
779,1765903341059,494,0,0,0,0,0,0,0
780,1765903341225,508,0,0,0,0,0,0,0
781,1765903341276,509,0,0,0,0,0,0,0
782,1765903341458,506,0,0,0,0,0,0,0
783,1765903341508,510,0,0,0,0,0,0,0
784,1765903341708,494,0,0,0,0,0,0,0
785,1765903341742,496,0,0,0,0,0,0,0
786,1765903342341,510,0,0,0,0,0,0,0
787,1765903343194,497,0,0,0,0,0,0,0
788,1765903343390,498,0,0,0,0,0,0,0
789,1765903343722,507,0,0,0,0,0,0,0
790,1765903345120,507,0,0,0,0,0,0,0
791,1765903345154,506,0,0,0,0,0,0,0
792,1765903346686,498,0,0,0,0,0,0,0
793,1765903348551,514,0,0,0,0,0,0,0
794,1765903349867,516,0,0,0,0,0,0,0
795,1765903350401,514,0,0,0,0,0,0,0
796,1765903351149,512,0,0,0,0,0,0,0
797,1765903351217,518,0,0,0,0,0,0,0
798,1765903351516,516,0,0,0,0,0,0,0
799,1765903351816,522,0,0,0,0,0,0,0
800,1765903352015,518,0,0,0,0,0,0,0
801,1765903352202,516,0,0,0,0,0,0,0
802,1765903352783,514,0,0,0,0,0,0,0
803,1765903352849,522,0,0,0,0,0,0,0
804,1765903353831,516,0,0,0,0,0,0,0
805,1765903357944,520,0,0,0,0,0,0,0
806,1765903360324,518,0,0,0,0,0,0,0
807,1765903361274,528,0,0,0,0,0,0,0
808,1765903361740,520,0,0,0,0,0,0,0
809,1765903364072,520,0,0,0,0,0,0,0
810,1765903365771,530,0,0,0,0,0,0,0
811,1765903366274,524,0,0,0,0,0,0,0
812,1765903367272,520,0,0,0,0,0,0,0
813,1765903369800,522,0,0,0,0,0,0,0
814,1765903371067,520,0,0,0,0,0,0,0
815,1765903371266,514,0,0,0,0,0,0,0
816,1765903371498,520,0,0,0,0,0,0,0
817,1765903371998,518,0,0,0,0,0,0,0
818,1765903372099,516,0,0,0,0,0,0,0
819,1765903372332,526,0,0,0,0,0,0,0
820,1765903372382,514,0,0,0,0,0,0,0
821,1765903372648,522,0,0,0,0,0,0,0
822,1765903372882,516,0,0,0,0,0,0,0
823,1765903373381,522,0,0,0,0,0,0,0
824,1765903374280,524,0,0,0,0,0,0,0
825,1765903375595,524,0,0,0,0,0,0,0
826,1765903377127,-32254,0,0,0,0,0,0,0
827,1765903377977,520,0,0,0,0,0,0,0
828,1765903379125,518,0,0,0,0,0,0,0
829,1765903379275,530,0,0,0,0,0,0,0
830,1765903381824,526,0,0,0,0,0,0,0
831,1765903382073,520,0,0,0,0,0,0,0
832,1765903383239,526,0,0,0,0,0,0,0
833,1765903384521,536,0,0,0,0,0,0,0
834,1765903385637,532,0,0,0,0,0,0,0
835,1765903386619,536,0,0,0,0,0,0,0
836,1765903388219,530,0,0,0,0,0,0,0
837,1765903390732,540,0,0,0,0,0,0,0
838,1765903423189,447,0,0,0,0,0,0,0
839,1765903423355,450,0,0,0,0,0,0,0
840,1765903423405,462,0,0,0,0,0,0,0
841,1765903423605,454,0,0,0,0,0,0,0
842,1765903423639,454,0,0,0,0,0,0,0
843,1765903423838,458,0,0,0,0,0,0,0
844,1765903423888,460,0,0,0,0,0,0,0
845,1765903424071,460,0,0,0,0,0,0,0
846,1765903425286,491,0,0,0,0,0,0,0
847,1765903428168,504,0,0,0,0,0,0,0
848,1765903428867,512,0,0,0,0,0,0,0
849,1765903431831,512,0,0,0,0,0,0,0
850,1765903431846,509,0,0,0,0,0,0,0
851,1765903431880,522,0,0,0,0,0,0,0
852,1765903432698,507,0,0,0,0,0,0,0
853,1765903434128,504,0,0,0,0,0,0,0
854,1765903438261,494,0,0,0,0,0,0,0
855,1765903439308,512,0,0,0,0,0,0,0
856,1765903440207,516,0,0,0,0,0,0,0
857,1765903440458,504,0,0,0,0,0,0,0
858,1765903440507,518,0,0,0,0,0,0,0
859,1765903441457,509,0,0,0,0,0,0,0
860,1765903442941,514,0,0,0,0,0,0,0
861,1765903443439,526,0,0,0,0,0,0,0
862,1765903443689,522,0,0,0,0,0,0,0
863,1765903445036,514,0,0,0,0,0,0,0
864,1765903445169,516,0,0,0,0,0,0,0
865,1765903446052,518,0,0,0,0,0,0,0
866,1765903446286,516,0,0,0,0,0,0,0
867,1765903446370,516,0,0,0,0,0,0,0
868,1765903448517,518,0,0,0,0,0,0,0
869,1765903448834,524,0,0,0,0,0,0,0
870,1765903449101,507,0,0,0,0,0,0,0
871,1765903451098,518,0,0,0,0,0,0,0
872,1765903451865,520,0,0,0,0,0,0,0
873,1765903452015,524,0,0,0,0,0,0,0
874,1765903452315,526,0,0,0,0,0,0,0
875,1765903452447,526,0,0,0,0,0,0,0
876,1765903452731,516,0,0,0,0,0,0,0
877,1765903452781,528,0,0,0,0,0,0,0
878,1765903453130,526,0,0,0,0,0,0,0
879,1765903453330,518,0,0,0,0,0,0,0
880,1765903454147,524,0,0,0,0,0,0,0
881,1765903454910,526,0,0,0,0,0,0,0
882,1765903455677,524,0,0,0,0,0,0,0
883,1765903455876,526,0,0,0,0,0,0,0
884,1765903456160,524,0,0,0,0,0,0,0
885,1765903456277,524,0,0,0,0,0,0,0
886,1765903456511,524,0,0,0,0,0,0,0
887,1765903457077,524,0,0,0,0,0,0,0
888,1765903458058,516,0,0,0,0,0,0,0
889,1765903459159,522,0,0,0,0,0,0,0
890,1765903460224,522,0,0,0,0,0,0,0
891,1765903460324,528,0,0,0,0,0,0,0
892,1765903460792,534,0,0,0,0,0,0,0
893,1765903460891,528,0,0,0,0,0,0,0
894,1765903461140,528,0,0,0,0,0,0,0
895,1765903462773,526,0,0,0,0,0,0,0
896,1765903463621,518,0,0,0,0,0,0,0
897,1765903463654,528,0,0,0,0,0,0,0
898,1765903463705,528,0,0,0,0,0,0,0
899,1765903463937,526,0,0,0,0,0,0,0
900,1765903464438,524,0,0,0,0,0,0,0
901,1765903466235,534,0,0,0,0,0,0,0
902,1765903468800,534,0,0,0,0,0,0,0
903,1765903469283,529,0,0,0,0,0,0,0
904,1765903469616,534,0,0,0,0,0,0,0
905,1765903469666,532,0,0,0,0,0,0,0
906,1765903469786,528,0,0,0,0,0,0,0
907,1765903470615,534,0,0,0,0,0,0,0
908,1765903470832,532,0,0,0,0,0,0,0
909,1765903471232,532,0,0,0,0,0,0,0
910,1765903471498,534,0,0,0,0,0,0,0
911,1765903471747,8729,0,0,0,0,0,0,0
912,1765903471881,535,0,0,0,0,0,0,0
913,1765903474528,532,0,0,0,0,0,0,0
914,1765903475561,532,0,0,0,0,0,0,0
915,1765903476327,526,0,0,0,0,0,0,0
916,1765903477276,534,0,0,0,0,0,0,0
917,1765903477492,534,0,0,0,0,0,0,0
918,1765903478554,536,0,0,0,0,0,0,0
919,1765903478575,532,0,0,0,0,0,0,0
920,1765903478576,536,0,0,0,0,0,0,0
921,1765903478591,536,0,0,0,0,0,0,0
922,1765903478858,536,0,0,0,0,0,0,0
923,1765903479174,532,0,0,0,0,0,0,0
924,1765903479357,536,0,0,0,0,0,0,0
925,1765903479589,531,0,0,0,0,0,0,0
926,1765903479707,535,0,0,0,0,0,0,0
927,1765903480006,530,0,0,0,0,0,0,0
928,1765903481255,533,0,0,0,0,0,0,0
929,1765903481523,536,0,0,0,0,0,0,0
930,1765903482054,530,0,0,0,0,0,0,0
931,1765903482388,539,0,0,0,0,0,0,0
932,1765903482538,528,0,0,0,0,0,0,0
933,1765903482905,536,0,0,0,0,0,0,0
934,1765903483187,530,0,0,0,0,0,0,0
935,1765903483221,524,0,0,0,0,0,0,0
936,1765903483704,533,0,0,0,0,0,0,0
937,1765903484020,534,0,0,0,0,0,0,0
938,1765903484519,541,0,0,0,0,0,0,0
939,1765903484753,534,0,0,0,0,0,0,0
940,1765903484869,531,0,0,0,0,0,0,0
941,1765903489550,551,0,0,0,0,0,0,0
942,1765903489584,547,0,0,0,0,0,0,0
943,1765903489849,545,0,0,0,0,0,0,0
944,1765903490681,536,0,0,0,0,0,0,0
945,1765903494245,536,0,0,0,0,0,0,0
946,1765903497110,545,0,0,0,0,0,0,0
947,1765903498142,536,0,0,0,0,0,0,0
948,1765903498325,542,0,0,0,0,0,0,0
949,1765903504686,547,0,0,0,0,0,0,0
950,1765903504937,553,0,0,0,0,0,0,0
951,1765903505070,551,0,0,0,0,0,0,0
952,1765903505488,551,0,0,0,0,0,0,0
953,1765903505836,559,0,0,0,0,0,0,0
954,1765903506103,561,0,0,0,0,0,0,0
955,1765903506636,557,0,0,0,0,0,0,0
956,1765903506868,547,0,0,0,0,0,0,0
957,1765903507035,555,0,0,0,0,0,0,0
958,1765903507533,545,0,0,0,0,0,0,0
959,1765903508084,557,0,0,0,0,0,0,0
960,1765903509000,551,0,0,0,0,0,0,0
961,1765903510798,553,0,0,0,0,0,0,0
962,1765903511098,542,0,0,0,0,0,0,0
963,1765903511281,551,0,0,0,0,0,0,0
964,1765903512013,541,0,0,0,0,0,0,0
965,1765903512047,559,0,0,0,0,0,0,0
966,1765903512213,553,0,0,0,0,0,0,0
967,1765903512464,545,0,0,0,0,0,0,0
968,1765903512630,540,0,0,0,0,0,0,0
969,1765903513312,557,0,0,0,0,0,0,0
970,1765903513578,542,0,0,0,0,0,0,0
971,1765903513944,542,0,0,0,0,0,0,0
972,1765903514277,545,0,0,0,0,0,0,0
973,1765903514428,549,0,0,0,0,0,0,0
974,1765903515810,536,0,0,0,0,0,0,0
975,1765903518075,538,0,0,0,0,0,0,0
976,1765903518358,553,0,0,0,0,0,0,0
977,1765903519157,549,0,0,0,0,0,0,0
978,1765903520639,542,0,0,0,0,0,0,0
979,1765903521822,545,0,0,0,0,0,0,0
980,1765903522122,551,0,0,0,0,0,0,0
981,1765903524520,542,0,0,0,0,0,0,0
982,1765903524536,553,0,0,0,0,0,0,0
983,1765903524620,545,0,0,0,0,0,0,0
984,1765903525037,555,0,0,0,0,0,0,0
985,1765903525219,542,0,0,0,0,0,0,0
986,1765903525918,553,0,0,0,0,0,0,0
987,1765903526368,538,0,0,0,0,0,0,0
988,1765903526751,542,0,0,0,0,0,0,0
989,1765903527267,545,0,0,0,0,0,0,0
990,1765903527617,540,0,0,0,0,0,0,0
991,1765903528533,551,0,0,0,0,0,0,0
992,1765903528766,540,0,0,0,0,0,0,0
993,1765903529315,557,0,0,0,0,0,0,0
994,1765903529648,547,0,0,0,0,0,0,0
995,1765903529899,547,0,0,0,0,0,0,0
996,1765903530898,535,0,0,0,0,0,0,0
997,1765903531231,551,0,0,0,0,0,0,0
998,1765903531514,542,0,0,0,0,0,0,0
999,1765903534444,538,0,0,0,0,0,0,0
1000,1765903535727,545,0,0,0,0,0,0,0
1001,1765903536341,561,0,0,0,0,0,0,0
1002,1765903537108,549,0,0,0,0,0,0,0
1003,1765903538041,553,0,0,0,0,0,0,0
1004,1765903538224,551,0,0,0,0,0,0,0
1005,1765903538724,547,0,0,0,0,0,0,0
1006,1765903539340,559,0,0,0,0,0,0,0
1007,1765903539590,549,0,0,0,0,0,0,0
1008,1765903540207,555,0,0,0,0,0,0,0
1009,1765903540523,555,0,0,0,0,0,0,0
1010,1765903541588,557,0,0,0,0,0,0,0
1011,1765903541888,555,0,0,0,0,0,0,0
1012,1765903542604,536,0,0,0,0,0,0,0
1013,1765903543753,549,0,0,0,0,0,0,0
1014,1765903545902,553,0,0,0,0,0,0,0
1015,1765903546085,567,0,0,0,0,0,0,0
1016,1765903546902,551,0,0,0,0,0,0,0
1017,1765903552978,561,0,0,0,0,0,0,0
1018,1765903553545,559,0,0,0,0,0,0,0
1019,1765903554178,566,0,0,0,0,0,0,0
1020,1765903555660,560,0,0,0,0,0,0,0
1021,1765903556010,568,0,0,0,0,0,0,0
1022,1765903556309,573,0,0,0,0,0,0,0
1023,1765903556676,557,0,0,0,0,0,0,0
1024,1765903557108,559,0,0,0,0,0,0,0
1025,1765903558456,559,0,0,0,0,0,0,0
1026,1765903558490,559,0,0,0,0,0,0,0
1027,1765903558790,545,0,0,0,0,0,0,0
1028,1765903559640,555,0,0,0,0,0,0,0
1029,1765903559906,565,0,0,0,0,0,0,0
1030,1765903560238,559,0,0,0,0,0,0,0
1031,1765903560555,559,0,0,0,0,0,0,0
1032,1765903561872,557,0,0,0,0,0,0,0
1033,1765903562787,561,0,0,0,0,0,0,0
1034,1765903563137,559,0,0,0,0,0,0,0
1035,1765903563404,551,0,0,0,0,0,0,0
1036,1765903563770,538,0,0,0,0,0,0,0
1037,1765903564652,547,0,0,0,0,0,0,0
1038,1765903566268,555,0,0,0,0,0,0,0
1039,1765903567633,551,0,0,0,0,0,0,0
1040,1765903567800,555,0,0,0,0,0,0,0
1041,1765903571131,567,0,0,0,0,0,0,0
1042,1765903572029,572,0,0,0,0,0,0,0
1043,1765903572162,553,0,0,0,0,0,0,0
1044,1765903572511,563,0,0,0,0,0,0,0
1045,1765903573278,566,0,0,0,0,0,0,0
1046,1765903576042,563,0,0,0,0,0,0,0
1047,1765903577907,563,0,0,0,0,0,0,0
1048,1765903579989,580,0,0,0,0,0,0,0
1049,1765903581205,575,0,0,0,0,0,0,0
1050,1765903581221,584,0,0,0,0,0,0,0
1051,1765903582902,576,0,0,0,0,0,0,0
1052,1765903584402,582,0,0,0,0,0,0,0
1053,1765904394402,458,0,0,0,0,0,0,0
1054,1765904394806,462,0,0,0,0,0,0,0
1055,1765904396297,466,0,0,0,0,0,0,0
1056,1765904396936,464,0,0,0,0,0,0,0
1057,1765904397128,460,0,0,0,0,0,0,0
1058,1765904397529,464,0,0,0,0,0,0,0
1059,1765904397768,468,0,0,0,0,0,0,0
1060,1765904400414,466,0,0,0,0,0,0,0
1061,1765904400964,464,0,0,0,0,0,0,0
1062,1765904401147,462,0,0,0,0,0,0,0
1063,1765904401413,462,0,0,0,0,0,0,0
1064,1765904401813,462,0,0,0,0,0,0,0
1065,1765904405877,471,0,0,0,0,0,0,0
1066,1765904406708,479,0,0,0,0,0,0,0
1067,1765904406858,474,0,0,0,0,0,0,0
1068,1765904407174,485,0,0,0,0,0,0,0
1069,1765904407575,485,0,0,0,0,0,0,0
1070,1765904408141,481,0,0,0,0,0,0,0
1071,1765904408341,485,0,0,0,0,0,0,0
1072,1765904408640,472,0,0,0,0,0,0,0
1073,1765904410671,476,0,0,0,0,0,0,0
1074,1765904411837,483,0,0,0,0,0,0,0
1075,1765904412121,483,0,0,0,0,0,0,0
1076,1765904412554,481,0,0,0,0,0,0,0
1077,1765904413452,491,0,0,0,0,0,0,0
1078,1765904414135,495,0,0,0,0,0,0,0
1079,1765904415617,491,0,0,0,0,0,0,0
1080,1765904416433,503,0,0,0,0,0,0,0
1081,1765904416850,497,0,0,0,0,0,0,0
1082,1765904417533,504,0,0,0,0,0,0,0
1083,1765904419464,497,0,0,0,0,0,0,0
1084,1765904419797,499,0,0,0,0,0,0,0
1085,1765904420081,497,0,0,0,0,0,0,0
1086,1765904420147,501,0,0,0,0,0,0,0
1087,1765904421464,504,0,0,0,0,0,0,0
1088,1765904423112,504,0,0,0,0,0,0,0
1089,1765904424093,507,0,0,0,0,0,0,0
1090,1765904426176,509,0,0,0,0,0,0,0
1091,1765904429190,516,0,0,0,0,0,0,0
1092,1765904430405,516,0,0,0,0,0,0,0
1093,1765904431888,524,0,0,0,0,0,0,0
1094,1765904432171,524,0,0,0,0,0,0,0
1095,1765904432254,524,0,0,0,0,0,0,0
1096,1765904432504,520,0,0,0,0,0,0,0
1097,1765904434537,528,0,0,0,0,0,0,0
1098,1765904435034,524,0,0,0,0,0,0,0
1099,1765904435818,528,0,0,0,0,0,0,0
1100,1765904438499,524,0,0,0,0,0,0,0
1101,1765904439781,524,0,0,0,0,0,0,0
1102,1765904439981,528,0,0,0,0,0,0,0
1103,1765904440946,522,0,0,0,0,0,0,0
1104,1765904441945,534,0,0,0,0,0,0,0
1105,1765904443378,526,0,0,0,0,0,0,0
1106,1765904443511,530,0,0,0,0,0,0,0
1107,1765904443761,526,0,0,0,0,0,0,0
1108,1765904444434,540,0,0,0,0,0,0,0
1109,1765904444444,528,0,0,0,0,0,0,0
1110,1765904445693,532,0,0,0,0,0,0,0
1111,1765904446325,524,0,0,0,0,0,0,0
1112,1765904447491,530,0,0,0,0,0,0,0
1113,1765904447774,526,0,0,0,0,0,0,0
1114,1765904448107,532,0,0,0,0,0,0,0
1115,1765904450954,547,0,0,0,0,0,0,0
1116,1765904454168,540,0,0,0,0,0,0,0
1117,1765904456518,553,0,0,0,0,0,0,0
1118,1765904457416,551,0,0,0,0,0,0,0
1119,1765904457467,549,0,0,0,0,0,0,0
1120,1765904457749,540,0,0,0,0,0,0,0
1121,1765904459347,547,0,0,0,0,0,0,0
1122,1765904459747,549,0,0,0,0,0,0,0
1123,1765904460763,545,0,0,0,0,0,0,0
1124,1765904461046,559,0,0,0,0,0,0,0
1125,1765904461479,555,0,0,0,0,0,0,0
1126,1765904463660,563,0,0,0,0,0,0,0
1127,1765904463760,567,0,0,0,0,0,0,0
1128,1765904464010,563,0,0,0,0,0,0,0
1129,1765904464426,559,0,0,0,0,0,0,0
1130,1765904466442,567,0,0,0,0,0,0,0
1131,1765904466741,563,0,0,0,0,0,0,0
1132,1765904466841,555,0,0,0,0,0,0,0
1133,1765904467573,574,0,0,0,0,0,0,0
