index,date,CONTROL_EVENT_FLAG_1,CONTROL_EVENT_FLAG_2,TORQUE_REF_RIGHT_MOTOR,TORQUE_REF_LEFT_MOTOR,1,2,3,4
0,1765902279472,0,5,281,281,0,0,0,0
1,1765902279708,0,5,282,282,0,0,0,0
2,1765902279772,0,5,280,280,0,0,0,0
3,1765902280053,0,5,259,259,0,0,0,0
4,1765902280335,0,5,0,0,0,0,0,0
5,1765902280559,0,5,0,48,0,0,0,0
6,1765902280991,0,5,0,0,0,0,0,0
7,1765902281679,0,5,0,0,0,0,0,0
8,1765902282207,0,5,0,0,0,0,0,0
9,1765902282786,0,5,0,0,0,0,0,0
10,1765902284530,0,5,461,461,0,0,0,0
11,1765902285164,0,5,583,583,0,0,0,0
12,1765902286146,0,5,488,488,0,0,0,0
13,1765902287312,0,5,425,425,0,0,0,0
14,1765902287446,0,5,535,535,0,0,0,0
15,1765902288095,0,5,444,444,0,0,0,0
16,1765902288178,0,5,345,345,0,0,0,0
17,1765902288361,0,5,378,378,0,0,0,0
18,1765902289077,0,5,378,378,0,0,0,0
19,1765902289194,0,5,321,321,0,0,0,0
20,1765902291843,0,5,0,0,0,0,0,0
21,1765902291959,0,5,0,0,0,0,0,0
22,1765902293307,2,5,838,838,0,0,0,0
23,1765902293857,0,5,712,712,0,0,0,0
24,1765902294056,0,5,712,712,0,0,0,0
25,1765902295755,0,5,559,559,0,0,0,0
26,1765902297321,0,5,379,379,0,0,0,0
27,1765902297437,0,5,388,388,0,0,0,0
28,1765902297654,0,5,389,389,0,0,0,0
29,1765902297954,0,5,376,376,0,0,0,0
30,1765902298169,0,5,372,372,0,0,0,0
31,1765902298287,0,5,375,375,0,0,0,0
32,1765902299803,0,5,450,450,0,0,0,0
33,1765902299936,0,5,448,448,0,0,0,0
34,1765902300784,0,5,0,0,0,0,0,0
35,1765902301384,0,5,0,0,0,0,0,0
36,1765902301650,0,5,0,0,0,0,0,0
37,1765902301783,0,5,0,0,0,0,0,0
38,1765902302183,0,5,0,0,0,0,0,0
39,1765902302449,0,5,0,0,0,0,0,0
40,1765902302733,0,5,0,0,0,0,0,0
41,1765902302983,0,5,0,0,0,0,0,0
42,1765902303516,0,5,0,0,0,0,0,0
43,1765902304099,0,5,0,0,0,0,0,0
44,1765902304665,0,5,0,0,0,0,0,0
45,1765902305097,0,5,0,0,0,0,0,0
46,1765902305864,0,5,0,0,0,0,0,0
47,1765902306630,0,5,0,0,0,0,0,0
48,1765902306929,0,5,0,0,0,0,0,0
49,1765902307446,0,5,0,0,0,0,0,0
50,1765902307995,0,5,0,0,0,0,0,0
51,1765902308111,0,5,0,0,0,0,0,0
52,1765902308795,0,5,0,0,0,0,0,0
53,1765902309927,0,5,0,0,0,0,0,0
54,1765902310626,0,5,0,0,0,0,0,0
55,1765902310759,0,5,0,0,0,0,0,0
56,1765902312574,0,5,0,0,0,0,0,0
57,1765902313258,0,5,0,0,0,0,0,0
58,1765902313374,0,5,0,0,0,0,0,0
59,1765902314040,0,5,0,0,0,0,0,0
60,1765902316039,0,5,337,337,0,0,0,0
61,1765902316671,0,5,846,846,0,0,0,0
62,1765902316972,2,5,846,846,0,0,0,0
63,1765902317787,0,5,847,847,0,0,0,0
64,1765902319303,0,5,614,614,0,0,0,0
65,1765902319470,0,5,516,516,0,0,0,0
66,1765902319602,0,5,433,433,0,0,0,0
67,1765902319819,0,5,498,498,0,0,0,0
68,1765902320102,0,5,516,516,0,0,0,0
69,1765902320384,0,5,443,443,0,0,0,0
70,1765902320601,0,5,174,174,0,0,0,0
71,1765902321068,0,5,123,123,0,0,0,0
72,1765902321967,0,5,0,0,0,0,0,0
73,1765902322366,0,5,221,221,0,0,0,0
74,1765902322500,0,5,435,435,0,0,0,0
75,1765902323199,0,5,699,699,0,0,0,0
76,1765902323999,2,5,846,846,0,0,0,0
77,1765902325098,0,5,1000,1000,0,0,0,0
78,1765902325465,2,5,846,846,0,0,0,0
79,1765902325632,2,5,846,846,0,0,0,0
80,1765902327213,0,15,560,560,0,0,0,0
81,1765902327995,0,5,523,523,0,0,0,0
82,1765902329045,0,5,330,330,0,0,0,0
83,1765902329643,0,5,390,390,0,0,0,0
84,1765902330610,0,5,367,367,0,0,0,0
85,1765902331143,0,5,471,471,0,0,0,0
86,1765902331426,0,5,463,463,0,0,0,0
87,1765902332192,0,28933,50034,21510,0,0,0,0
88,1765902332991,0,5,590,590,0,0,0,0
89,1765902333158,0,5,577,577,0,0,0,0
90,1765902333608,0,5,512,512,0,0,0,0
91,1765902334174,0,5,430,430,0,0,0,0
92,1765902334307,0,5,402,402,0,0,0,0
93,1765902336688,0,5,381,381,0,0,0,0
94,1765902336772,0,5,381,381,0,0,0,0
95,1765902337921,0,5,372,372,0,0,0,0
96,1765902338037,0,5,364,364,0,0,0,0
97,1765902338204,0,5,357,357,0,0,0,0
98,1765902338470,0,5,327,327,0,0,0,0
99,1765902338736,0,5,261,261,0,0,0,0
100,1765902341518,0,5,0,0,0,0,0,0
101,1765902343266,0,5,1000,1000,0,0,0,0
102,1765902343782,2,5,847,847,0,0,0,0
103,1765902344581,2,5,846,8558,0,0,0,0
104,1765902346014,0,5,846,846,0,0,0,0
105,1765902349212,0,5,2711,663,0,0,0,0
106,1765902350743,0,5,0,0,0,0,0,0
107,1765902350860,0,5,0,0,0,0,0,0
108,1765902351760,0,5,0,0,0,0,0,0
109,1765902353141,0,5,102,102,0,0,0,0
110,1765902354323,0,5,844,844,0,0,0,0
111,1765902355090,2,5,846,846,0,0,0,0
112,1765902355939,2,5,845,845,0,0,0,0
113,1765902356039,2,5,845,845,0,0,0,0
114,1765902356838,2,5,847,847,0,0,0,0
115,1765902358986,0,5,150,150,0,0,0,0
116,1765902360352,0,5,246,246,0,0,0,0
117,1765902360452,0,5,355,355,0,0,0,0
118,1765902361085,0,5,578,578,0,0,0,0
119,1765902361735,0,5,473,473,0,0,0,0
120,1765902362467,0,5,0,0,0,0,0,0
121,1765902362616,0,5,182,182,0,0,0,0
122,1765902363333,0,5,0,0,0,0,0,0
123,1765902363400,0,5,0,0,0,0,0,0
124,1765902363833,0,5,236,236,0,0,0,0
125,1765902364099,0,5,293,293,0,0,0,0
126,1765902364898,0,5,426,426,0,0,0,0
127,1765902365098,0,5,474,474,0,0,0,0
128,1765902365381,0,5,457,457,0,0,0,0
129,1765902366846,0,5,0,0,0,0,0,0
130,1765902368213,0,5,298,298,0,0,0,0
131,1765902369395,0,5,0,0,0,0,0,0
132,1765902370580,0,5,0,0,0,0,0,0
133,1765902371927,0,5,323,323,0,0,0,0
134,1765902372793,0,5,699,699,0,0,0,0
135,1765902374041,0,5,123,123,0,0,0,0
136,1765902375373,0,5,393,393,0,0,0,0
137,1765902375473,0,5,589,589,0,0,0,0
138,1765902376157,2,5,847,847,0,0,0,0
139,1765902376806,0,5,847,847,0,0,0,0
140,1765902376923,0,5,846,846,0,0,0,0
141,1765902380802,2,5,846,846,0,0,0,0
142,1765902380919,2,5,847,847,0,0,0,0
143,1765902382484,2,5,846,846,0,0,0,0
144,1765902384049,0,5,1000,1000,0,0,0,0
145,1765902384716,0,5,608,608,0,0,0,0
146,1765902384832,0,5,579,579,0,0,0,0
147,1765902385582,0,5,539,539,0,0,0,0
148,1765902388579,0,5,0,0,0,0,0,0
149,1765902388913,0,5,0,0,0,0,0,0
150,1765902389595,0,5,473,473,0,0,0,0
151,1765902390277,2,5,846,4590,0,0,0,0
152,1765902397655,0,5,140,28,0,0,0,0
153,1765902399488,0,5,216,216,0,0,0,0
154,1765902399870,0,5,294,294,0,0,0,0
155,1765902400119,0,5,399,399,0,0,0,0
156,1765902402084,0,5,423,423,0,0,0,0
157,1765902403616,0,5,373,373,0,0,0,0
158,1765902404456,0,5,356,356,0,0,0,0
159,1765902404466,0,5,217,217,0,0,0,0
160,1765902407280,0,5,516,516,0,0,0,0
161,1765902407397,0,5,512,512,0,0,0,0
162,1765902407996,0,5,555,555,0,0,0,0
163,1765902408296,0,5,473,473,0,0,0,0
164,1765902408662,0,5,464,464,0,0,0,0
165,1765902410361,0,5,415,415,0,0,0,0
166,1765902410444,0,5,411,411,0,0,0,0
167,1765902411343,0,5,0,0,0,0,0,0
168,1765902411859,0,5,0,0,0,0,0,0
169,1765902412060,0,5,0,0,0,0,0,0
170,1765902412892,0,5,194,194,0,0,0,0
171,1765902413158,0,5,403,403,0,0,0,0
172,1765902413291,0,5,338,338,0,0,0,0
173,1765902413924,0,5,449,449,0,0,0,0
174,1765902414040,0,5,469,469,0,0,0,0
175,1765902414873,0,5,424,424,0,0,0,0
176,1765902415606,0,5,433,433,0,0,0,0
177,1765902416322,0,5,200,200,0,0,0,0
178,1765902416605,0,5,0,0,0,0,0,0
179,1765902416871,0,5,0,0,0,0,0,0
180,1765902417155,0,5,123,123,0,0,0,0
181,1765902417670,0,5,0,0,0,0,0,0
182,1765902417787,0,5,0,0,0,0,0,0
183,1765902417971,0,5,0,0,0,0,0,0
184,1765902418286,0,5,0,0,0,0,0,0
185,1765902418536,0,5,0,0,0,0,0,0
186,1765902418670,0,5,268,268,0,0,0,0
187,1765902419086,0,5,839,839,0,0,0,0
188,1765902419503,2,5,846,846,0,0,0,0
189,1765902419636,2,5,846,846,0,0,0,0
190,1765902421184,0,5,846,846,0,0,0,0
191,1765902421318,2,5,846,846,0,0,0,0
192,1765902421469,2,5,847,847,0,0,0,0
193,1765902422017,2,5,846,846,0,0,0,0
194,1765902422566,2,5,846,846,0,0,0,0
195,1765902423083,2,5,846,846,0,0,0,0
196,1765902426014,2,5,846,846,0,0,0,0
197,1765902426547,0,5,845,845,0,0,0,0
198,1765902427263,2,5,846,846,0,0,0,0
199,1765902427379,2,5,847,847,0,0,0,0
200,1765902427879,2,5,847,847,0,0,0,0
201,1765902428276,0,5,1000,1000,0,0,0,0
202,1765902429727,2,5,845,845,0,0,0,0
203,1765902433391,0,5,1000,1000,0,0,0,0
204,1765902433675,2,5,845,845,0,0,0,0
205,1765902433924,0,8197,8969,26409,0,0,0,0
206,1765902434024,0,5,206,206,0,0,0,0
207,1765902435522,0,5,556,556,0,0,0,0
208,1765902436556,2,5,847,847,0,0,0,0
209,1765902438120,0,5,845,845,0,0,0,0
210,1765902438237,2,5,847,847,0,0,0,0
211,1765902438703,2,5,846,846,0,0,0,0
212,1765902439036,0,5,847,847,0,0,0,0
213,1765902439086,2,5,846,846,0,0,0,0
214,1765902439802,2,4101,846,846,0,0,0,0
215,1765902439869,2,5,845,845,0,0,0,0
216,1765902441217,0,2053,3048,992,0,0,0,0
217,1765902442150,0,5,846,846,0,0,0,0
218,1765902443100,0,5,847,847,0,0,0,0
219,1765902444282,0,5,577,577,0,0,0,0
220,1765902444398,0,5,418,754,0,0,0,0
221,1765902444549,0,5,299,299,0,0,0,0
222,1765902445380,0,5,0,0,0,0,0,0
223,1765902445914,0,5,0,0,0,0,0,0
224,1765902446447,0,5,157,157,0,0,0,0
225,1765902446547,0,5,395,395,0,0,0,0
226,1765902448312,0,5,847,847,0,0,0,0
227,1765902448828,0,5,584,584,0,0,0,0
228,1765902448944,0,5,583,583,0,0,0,0
229,1765902449378,0,5,583,583,0,0,0,0
230,1765902449677,0,5,588,588,0,0,0,0
231,1765902450893,32832,20485,14556,13038,0,0,0,0
232,1765902451010,0,5,507,507,0,0,0,0
233,1765902451160,0,5,518,518,0,0,0,0
234,1765902451376,0,5,528,528,0,0,0,0
235,1765902451642,0,5,504,504,0,0,0,0
236,1765902451809,0,5,443,443,0,0,0,0
237,1765902452458,0,5,423,423,0,0,0,0
238,1765902452626,0,5,425,425,0,0,0,0
239,1765902454308,0,5,197,197,0,0,0,0
240,1765902454540,0,5,0,0,0,0,0,0
241,1765902455439,0,5,364,364,0,0,0,0
242,1765902456088,0,5,636,636,0,0,0,0
243,1765902457571,0,5,577,577,0,0,0,0
244,1765902457688,0,5,582,582,0,0,0,0
245,1765902459019,0,5,367,367,0,0,0,0
246,1765902459137,0,5,266,266,0,0,0,0
247,1765902459971,0,5,0,0,0,0,0,0
248,1765902460068,0,5,0,0,0,0,0,0
249,1765902460801,0,5,0,0,0,0,0,0
250,1765902460902,0,5,155,155,0,0,0,0
251,1765902461101,0,5,139,139,0,0,0,0
252,1765902461367,0,5,152,152,0,0,0,0
253,1765902461634,0,5,182,182,0,0,0,0
254,1765902463299,0,5,220,220,0,0,0,0
255,1765902463432,0,5,243,243,0,0,0,0
256,1765902464215,0,5,291,291,0,0,0,0
257,1765902464898,0,5,0,0,0,0,0,0
258,1765902465830,0,5,632,632,0,0,0,0
259,1765902465913,0,5,588,588,0,0,0,0
260,1765902466763,0,5,847,847,0,0,0,0
261,1765902466912,2,5,846,846,0,0,0,0
262,1765902467197,2,5,846,846,0,0,0,0
263,1765902467447,0,5,620,620,0,0,0,0
264,1765902470310,2,5,846,846,0,0,0,0
265,1765902470443,2,5,846,846,0,0,0,0
266,1765902472708,0,5,1000,1000,0,0,0,0
267,1765902473356,2,5,1000,1000,0,0,0,0
268,1765902474424,0,5,1000,1000,0,0,0,0
269,1765902475372,0,5,847,847,0,0,0,0
270,1765902476138,0,5,0,0,0,0,0,0
271,1765902477054,0,5,0,0,0,0,0,0
272,1765902477286,0,5,212,212,0,0,0,0
273,1765902477537,0,5,261,261,0,0,0,0
274,1765902477687,0,5,289,289,0,0,0,0
275,1765902479302,2,5,847,23439,0,0,0,0
276,1765902479352,0,5,1000,1000,0,0,0,0
277,1765902480685,2,5,847,847,0,0,0,0
278,1765902480786,2,5,847,847,0,0,0,0
279,1765902483099,0,5,847,847,0,0,0,0
280,1765902483549,0,2565,839,847,0,0,0,0
281,1765902483648,0,5,1000,1000,0,0,0,0
282,1765902485014,0,5,641,641,0,0,0,0
283,1765902485697,0,5,271,271,0,0,0,0
284,1765902486563,0,5,0,0,0,0,0,0
285,1765902487146,0,5,0,0,0,0,0,0
286,1765902487529,0,5,0,0,0,0,0,0
287,1765902487846,0,5,0,0,0,0,0,0
288,1765902488678,0,5,0,0,0,0,0,0
289,1765902488811,0,5,0,0,0,0,0,0
290,1765902489011,0,5,0,0,0,0,0,0
291,1765902489278,0,5,0,0,0,0,0,0
292,1765902489527,0,5,0,0,0,0,0,0
293,1765902489643,0,5,0,0,0,0,0,0
294,1765902492141,0,5,0,0,0,0,0,0
295,1765902492893,0,5,0,0,0,0,0,0
296,1765902495272,0,5,0,0,0,0,0,0
297,1765902495405,0,5,0,0,0,0,0,0
298,1765902495890,0,5,0,0,0,0,0,0
299,1765902496021,0,5,0,0,0,0,0,0
300,1765902497437,0,5,0,0,0,0,0,0
301,1765902497570,0,5,0,0,0,0,0,0
302,1765902500002,0,5,0,0,0,0,0,0
303,1765902501367,0,5,0,0,0,0,0,0
304,1765902501650,0,5,0,0,0,0,0,0
305,1765902502466,0,5,0,0,0,0,0,0
306,1765902504963,0,5,0,0,0,0,0,0
307,1765902505512,0,5,0,0,0,0,0,0
308,1765902505630,0,5,0,0,0,0,0,0
309,1765902506529,0,5,0,0,0,0,0,0
310,1765902506779,0,5,0,0,0,0,0,0
311,1765902507496,0,5,0,0,0,0,0,0
312,1765902507778,0,5,0,0,0,0,0,0
313,1765902508079,0,5,0,0,0,0,0,0
314,1765902508743,0,5,0,0,0,0,0,0
315,1765902509061,0,5,0,0,0,0,0,0
316,1765902509593,0,5,0,0,0,0,0,0
317,1765902509727,0,5,0,0,0,0,0,0
318,1765902511058,0,5,0,0,0,0,0,0
319,1765902512408,0,5,0,0,0,0,0,0
320,1765902512591,0,5,0,0,0,0,0,0
321,1765902512890,0,5,0,0,0,0,0,0
322,1765902513307,0,5,0,0,0,0,0,0
323,1765902513407,0,5,0,0,0,0,0,0
324,1765902514773,0,5,0,0,0,0,0,0
325,1765902514856,0,5,0,0,0,0,0,0
326,1765902515056,0,5,0,0,0,0,0,0
327,1765902516603,0,5,0,0,0,0,0,0
328,1765902517253,0,5,0,0,0,0,0,0
329,1765902517387,0,5,0,0,0,0,0,0
330,1765902518202,0,5,0,0,0,0,0,0
331,1765902518703,0,5,0,0,0,0,0,0
332,1765902518802,0,5,0,0,0,0,0,0
333,1765902520351,0,5,0,0,0,0,0,0
334,1765902522632,0,5,0,0,0,0,0,0
335,1765902522783,0,5,0,0,0,0,0,0
336,1765902524530,0,5,0,0,0,0,0,0
337,1765902524764,0,5,0,0,0,0,0,0
338,1765902524947,0,5,0,0,0,0,0,0
339,1765902525230,0,5,0,0,0,0,0,0
340,1765902525664,0,5,0,0,0,0,0,0
341,1765902525681,0,5,0,0,0,0,0,0
342,1765902527047,0,5,0,0,0,0,0,0
343,1765902527162,0,5,0,0,0,0,0,0
344,1765902528960,0,5,0,0,0,0,0,0
345,1765902529627,0,5,0,0,0,0,0,0
346,1765902531458,0,5,0,0,0,0,0,0
347,1765902531625,0,5,0,0,0,0,0,0
348,1765902531891,0,5,0,0,0,0,0,0
349,1765902532124,0,5,0,0,0,0,0,0
350,1765902532241,0,5,0,0,0,0,0,0
351,1765902533722,0,5,0,0,0,0,0,0
352,1765902533873,0,5,0,0,0,0,0,0
353,1765902535141,0,5,0,0,0,0,0,0
354,1765902535405,0,5,0,0,0,0,0,0
355,1765902535688,0,5,0,0,0,0,0,0
356,1765902535855,0,5,0,0,0,0,0,0
357,1765902535954,0,5,0,0,0,0,0,0
358,1765902538985,0,5,0,0,0,0,0,0
359,1765902539085,0,5,0,0,0,0,0,0
360,1765902539302,0,5,0,0,0,0,0,0
361,1765902539601,0,5,0,0,0,0,0,0
362,1765902539851,0,5,0,0,0,0,0,0
363,1765902540001,0,5,0,0,0,0,0,0
364,1765902541384,0,5,0,0,0,0,0,0
365,1765902542699,0,5,0,0,0,0,0,0
366,1765902542832,0,5,0,0,0,0,0,0
367,1765902544315,0,5,0,0,0,0,0,0
368,1765902544497,0,5,0,0,0,0,0,0
369,1765902544780,0,5,0,0,0,0,0,0
370,1765902544981,0,5,0,0,0,0,0,0
371,1765902546412,0,5,0,0,0,0,0,0
372,1765902546529,0,5,0,0,0,0,0,0
373,1765902547978,0,5,0,0,0,0,0,0
374,1765902549525,0,5,0,0,0,0,0,0
375,1765902549709,0,5,0,0,0,0,0,0
376,1765902549976,0,5,0,0,0,0,0,0
377,1765902550176,0,5,0,0,0,0,0,0
378,1765902550342,0,5,0,0,0,0,0,0
379,1765902552223,0,5,0,0,0,0,0,0
380,1765902552424,0,5,0,0,0,0,0,0
381,1765902552723,0,5,0,0,0,0,0,0
382,1765902552957,0,5,0,0,0,0,0,0
383,1765902553072,0,5,0,0,0,0,0,0
384,1765902553723,0,5,0,0,0,0,0,0
385,1765902553857,0,5,0,0,0,0,0,0
386,1765902555555,0,5,0,0,0,0,0,0
387,1765902555671,0,5,0,0,0,0,0,0
388,1765902555871,0,5,0,0,0,0,0,0
389,1765902556171,0,5,0,0,0,0,0,0
390,1765902557004,0,5,0,0,0,0,0,0
391,1765902560432,0,5,0,0,0,0,0,0
392,1765902560567,0,5,0,0,0,0,0,0
393,1765902562066,0,5,0,0,0,0,0,0
394,1765902562282,0,5,0,0,0,0,0,0
395,1765902562582,0,5,0,0,0,0,0,0
396,1765902562832,0,5,0,0,0,0,0,0
397,1765902563132,0,5,0,0,0,0,0,0
398,1765902563398,0,5,0,0,0,0,0,0
399,1765902564264,0,5,0,0,0,0,0,0
400,1765902564796,0,5,0,0,0,0,0,0
401,1765902565780,0,5,0,0,0,0,0,0
402,1765902565979,0,5,0,0,0,0,0,0
403,1765902566112,0,5,0,0,0,0,0,0
404,1765902566330,0,5,0,0,0,0,0,0
405,1765902566611,0,5,0,0,0,0,0,0
406,1765902566861,0,5,0,0,0,0,0,0
407,1765902567145,0,5,0,0,0,0,0,0
408,1765902567545,0,5,0,0,0,0,0,0
409,1765902567710,0,5,0,0,0,0,0,0
410,1765902568310,0,5,0,0,0,0,0,0
411,1765902568810,0,5,309,309,0,0,0,0
412,1765902569637,0,5,588,588,0,0,0,0
413,1765902569942,2,5,847,847,0,0,0,0
414,1765902570108,2,5,846,846,0,0,0,0
415,1765902571608,2,5,847,847,0,0,0,0
416,1765902571873,2,5,847,847,0,0,0,0
417,1765902572174,2,5,847,847,0,0,0,0
418,1765902572408,2,5,846,846,0,0,0,0
419,1765902573173,0,5,846,846,0,0,0,0
420,1765902573789,2,5,842,842,0,0,0,0
421,1765902575455,0,5,696,696,0,0,0,0
422,1765902575754,0,5,649,649,0,0,0,0
423,1765902576720,0,5,522,522,0,0,0,0
424,1765902577036,0,5,521,521,0,0,0,0
425,1765902577136,0,5,430,430,0,0,0,0
426,1765902580916,0,5,382,382,0,0,0,0
427,1765902581083,0,5,437,437,0,0,0,0
428,1765902581500,0,5,633,633,0,0,0,0
429,1765902581965,0,5,645,645,0,0,0,0
430,1765902582134,0,5,641,641,0,0,0,0
431,1765902582265,0,5,641,641,0,0,0,0
432,1765902582914,0,5,629,629,0,0,0,0
433,1765902583714,0,5,466,466,0,0,0,0
434,1765902584380,0,5,265,265,0,0,0,0
435,1765902584530,0,5,228,228,0,0,0,0
436,1765902586012,0,5,212,212,0,0,0,0
437,1765902586611,0,5,376,376,0,0,0,0
438,1765902587128,0,5,312,312,0,0,0,0
439,1765902587611,0,5,644,644,0,0,0,0
440,1765902588111,0,5,680,680,0,0,0,0
441,1765902588243,0,5,672,672,0,0,0,0
442,1765902589525,2,5,847,847,0,0,0,0
443,1765902589692,0,5,1000,1000,0,0,0,0
444,1765902590359,2,5,847,847,0,0,0,0
445,1765902591564,2,5,846,846,0,0,0,0
446,1765902591891,2,5,845,845,0,0,0,0
447,1765902592024,2,5,839,839,0,0,0,0
448,1765902592889,0,5,694,694,0,0,0,0
449,1765902592989,0,5,689,689,0,0,0,0
450,1765902594338,0,5,710,710,0,0,0,0
451,1765902594438,2,5,845,845,0,0,0,0
452,1765902595271,0,5,175,175,0,0,0,0
453,1765902597685,0,5,183,183,0,0,0,0
454,1765902599717,2,5,846,846,0,0,0,0
455,1765902599817,2,5,845,845,0,0,0,0
456,1765902601300,2,5,845,845,0,0,0,0
457,1765902602032,0,5,846,846,0,0,0,0
458,1765902602748,0,5,845,845,0,0,0,0
459,1765902603282,0,5,696,696,0,0,0,0
460,1765902603397,0,5,596,596,0,0,0,0
461,1765902604711,0,5,0,0,0,0,0,0
462,1765902604846,0,5,0,0,0,0,0,0
463,1765902605712,0,5,0,0,0,0,0,0
464,1765902608460,0,5,600,600,0,0,0,0
465,1765902608560,0,5,576,576,0,0,0,0
466,1765902609009,0,5,846,846,0,0,0,0
467,1765902609293,0,5,846,846,0,0,0,0
468,1765902610858,0,5,527,527,0,0,0,0
469,1765902611091,0,5,620,620,0,0,0,0
470,1765902611674,0,5,575,575,0,0,0,0
471,1765902612323,0,5,583,583,0,0,0,0
472,1765902612972,0,5,533,533,0,0,0,0
473,1765902613639,0,5,361,361,0,0,0,0
474,1765902614954,0,5,212,212,0,0,0,0
475,1765902615122,0,5,366,366,0,0,0,0
476,1765902615737,0,5,456,456,0,0,0,0
477,1765902615836,0,5,445,445,0,0,0,0
478,1765902618118,0,5,401,401,0,0,0,0
479,1765902619850,0,5,0,0,0,0,0,0
480,1765902620816,0,5,0,0,0,0,0,0
481,1765902622464,2,5,846,846,0,0,0,0
482,1765902622581,2,5,847,847,0,0,0,0
483,1765902623197,0,5,399,399,0,0,0,0
484,1765902624047,0,5,412,412,0,0,0,0
485,1765902624130,0,5,404,404,0,0,0,0
486,1765902624779,0,5,315,315,0,0,0,0
487,1765902624880,0,5,397,397,0,0,0,0
488,1765902625279,0,5,447,447,0,0,0,0
489,1765902625562,0,5,379,379,0,0,0,0
490,1765902627344,0,5,487,487,0,0,0,0
491,1765902628126,0,5,846,846,0,0,0,0
492,1765902628909,0,5,1000,1000,0,0,0,0
493,1765902630342,0,5,847,847,0,0,0,0
494,1765902630492,2,5,847,847,0,0,0,0
495,1765902631274,0,5,847,847,0,0,0,0
496,1765902631440,0,5,846,846,0,0,0,0
497,1765902632123,2,5,847,847,0,0,0,0
498,1765902633538,0,5,581,581,0,0,0,0
499,1765902634339,0,5,372,372,0,0,0,0
500,1765902635371,0,5,109,109,0,0,0,0
501,1765902635851,0,5,0,0,0,0,0,0
502,1765902635871,0,5,0,0,0,0,0,0
503,1765902635938,0,5,0,0,0,0,0,0
504,1765902636270,0,5,0,0,0,0,0,0
505,1765902636437,0,5,0,0,0,0,0,0
506,1765902638417,0,5,256,256,0,0,0,0
507,1765902638550,0,5,487,487,0,0,0,0
508,1765902639465,2,5,846,846,0,0,0,0
509,1765902641016,0,5,657,657,0,0,0,0
510,1765902641216,0,5,684,684,0,0,0,0
511,1765902641549,2,5,845,845,0,0,0,0
512,1765902642113,2,5,847,847,0,0,0,0
513,1765902643213,2562,13,846,846,0,0,0,0
514,1765902643479,2,5,847,847,0,0,0,0
515,1765902643762,0,5,707,707,0,0,0,0
516,1765902644013,0,5,707,707,0,0,0,0
517,1765902644795,0,5,613,613,0,0,0,0
518,1765902646162,0,5,0,0,0,0,0,0
519,1765902646312,0,5,0,0,0,0,0,0
520,1765902647212,0,5,0,0,0,0,0,0
521,1765902647212,0,5,0,0,0,0,0,0
522,1765902647827,0,5,200,200,0,0,0,0
523,1765902648175,0,5,243,243,0,0,0,0
524,1765902648859,0,5,464,464,0,0,0,0
525,1765902649592,2,5,845,845,0,0,0,0
526,1765902650807,0,5,532,532,0,0,0,0
527,1765902652056,0,5,596,596,0,0,0,0
528,1765902652206,0,5,581,581,0,0,0,0
529,1765902652339,0,5,582,582,0,0,0,0
530,1765902652556,0,5,558,558,0,0,0,0
531,1765902652822,0,5,532,532,0,0,0,0
532,1765902653606,0,5,344,344,0,0,0,0
533,1765902653872,0,5,0,0,0,0,0,0
534,1765902654155,0,5,0,0,0,0,0,0
535,1765902654405,0,5,0,0,0,0,0,0
536,1765902655487,0,5,0,0,0,0,0,0
537,1765902656519,0,5,604,604,0,0,0,0
538,1765902657186,2,5,847,847,0,0,0,0
539,1765902657319,0,5,845,845,0,0,0,0
540,1765902657518,0,5,847,847,0,0,0,0
541,1765902658175,2,5,845,845,0,0,0,0
542,1765902658202,0,5,686,686,0,0,0,0
543,1765902658351,0,5,696,696,0,0,0,0
544,1765902658584,0,5,698,698,0,0,0,0
545,1765902658933,0,5,695,695,0,0,0,0
546,1765902659168,0,5,697,697,0,0,0,0
547,1765902659635,0,5,683,683,0,0,0,0
548,1765902661832,0,5,0,0,0,0,0,0
549,1765902661982,0,5,0,0,0,0,0,0
550,1765902663497,0,5,241,241,0,0,0,0
551,1765902663596,0,5,298,298,0,0,0,0
552,1765902664112,0,5,385,385,0,0,0,0
553,1765902664264,0,5,524,524,0,0,0,0
554,1765902664913,0,5,426,426,0,0,0,0
555,1765902665145,0,5,308,308,0,0,0,0
556,1765902665612,0,5,310,310,0,0,0,0
557,1765902666262,0,5,0,0,0,0,0,0
558,1765902667560,0,5,326,326,0,0,0,0
559,1765902668277,0,5,686,686,0,0,0,0
560,1765902668410,0,5,669,669,0,0,0,0
561,1765902671440,0,5,576,576,0,0,0,0
562,1765902671574,0,5,650,650,0,0,0,0
563,1765902671757,0,5,689,689,0,0,0,0
564,1765902672807,2,5,838,838,0,0,0,0
565,1765902673006,2,5,840,840,0,0,0,0
566,1765902673305,2,5,840,840,0,0,0,0
567,1765902673638,2,5,839,839,0,0,0,0
568,1765902676220,2,5,843,843,0,0,0,0
569,1765902676469,0,5,844,844,0,0,0,0
570,1765902676903,2,5,845,845,0,0,0,0
571,1765902676985,2,5,846,846,0,0,0,0
572,1765902677485,0,5,692,692,0,0,0,0
573,1765902678151,0,5,0,0,0,0,0,0
574,1765902678501,0,5,0,0,0,0,0,0
575,1765902684712,2,5,846,846,0,0,0,0
576,1765902684845,2,5,1000,1000,0,0,0,0
577,1765902685478,0,5,847,847,0,0,0,0
578,1765902685645,0,5,847,847,0,0,0,0
579,1765902685794,2,5,846,846,0,0,0,0
580,1765902686478,2,5,845,845,0,0,0,0
581,1765902686561,0,5,1000,1000,0,0,0,0
582,1765902687410,0,5,847,847,0,0,0,0
583,1765902687992,0,5,847,847,0,0,0,0
584,1765902688109,2,5,846,846,0,0,0,0
585,1765902690173,0,5,0,0,0,0,0,0
586,1765902693371,0,5,0,0,0,0,0,0
587,1765902693655,0,5,133,133,0,0,0,0
588,1765902693987,0,5,163,163,0,0,0,0
589,1765902695021,0,5,430,430,0,0,0,0
590,1765902695220,0,5,399,399,0,0,0,0
591,1765902695503,0,5,380,380,0,0,0,0
592,1765902696485,0,5,343,343,0,0,0,0
593,1765902696936,0,5,257,257,0,0,0,0
594,1765902697102,0,5,260,260,0,0,0,0
595,1765902697251,0,5,232,232,0,0,0,0
596,1765902698117,0,5,0,0,0,0,0,0
597,1765902699083,0,5,0,0,0,0,0,0
598,1765902699683,0,5,0,0,0,0,0,0
599,1765902699817,0,5,0,0,0,0,0,0
600,1765902701365,0,5,0,0,0,0,0,0
601,1765902701898,0,5,0,0,0,0,0,0
602,1765902701998,0,5,0,0,0,0,0,0
603,1765902703446,0,5,0,0,0,0,0,0
604,1765902704512,0,5,0,0,0,0,0,0
605,1765902704695,0,5,0,0,0,0,0,0
606,1765902705062,0,5,0,0,0,0,0,0
607,1765902705496,0,5,0,0,0,0,0,0
608,1765902705611,0,5,0,0,0,0,0,0
609,1765902706227,0,5,0,0,0,0,0,0
610,1765902706909,0,5,0,0,0,0,0,0
611,1765902708026,0,5,181,181,0,0,0,0
612,1765902708225,0,5,121,121,0,0,0,0
613,1765902708558,0,5,0,0,0,0,0,0
614,1765902708842,0,5,0,0,0,0,0,0
615,1765902709174,0,5,0,0,0,0,0,0
616,1765902709408,0,5,0,0,0,0,0,0
617,1765902710074,0,5,194,194,0,0,0,0
618,1765902710708,0,5,108,108,0,0,0,0
619,1765902711057,0,5,107,107,0,0,0,0
620,1765902713188,0,5,0,0,0,0,0,0
621,1765902713820,0,5,0,0,0,0,0,0
622,1765902714554,0,5,0,0,0,0,0,0
623,1765902716118,192,1,0,0,0,0,0,0
624,1765902716252,192,1,0,0,0,0,0,0
625,1765902717801,192,0,0,0,0,0,0,0
626,1765902717918,192,0,0,0,0,0,0,0
627,1765902718567,192,0,0,0,0,0,0,0
628,1765902753254,192,0,0,0,0,0,0,0
629,1765902753471,192,0,0,0,0,0,0,0
630,1765902753704,192,0,0,0,0,0,0,0
631,1765902753937,192,0,0,0,0,0,0,0
632,1765902754754,192,0,0,0,0,0,0,0
633,1765902756518,192,0,0,0,0,0,0,0
634,1765902757267,192,0,0,0,0,0,0,0
635,1765902757967,192,0,0,0,0,0,0,0
636,1765902758950,192,0,0,0,0,0,0,0
637,1765902759566,192,0,0,0,0,0,0,0
638,1765902759782,192,0,0,0,0,0,0,0
639,1765902760714,192,0,0,0,0,0,0,0
640,1765902761413,192,0,0,0,0,0,0,0
641,1765902761548,192,0,0,0,0,0,0,0
642,1765902762364,192,0,0,0,0,0,0,0
643,1765902762647,192,0,0,0,0,0,0,0
644,1765902762963,192,0,0,0,0,0,0,0
645,1765902763796,192,0,0,0,0,0,0,0
646,1765902763929,192,0,0,0,0,0,0,0
647,1765902765228,192,0,0,0,0,0,0,0
648,1765902765377,192,0,0,0,0,0,0,0
649,1765902766394,192,0,0,0,0,0,0,0
650,1765902766611,192,0,0,0,0,0,0,0
651,1765902767508,192,0,0,0,0,0,0,0
652,1765902767557,192,0,0,0,0,0,0,0
653,1765902768875,192,0,0,0,0,0,0,0
654,1765902769009,192,0,0,0,0,0,0,0
655,1765903179961,192,0,0,0,0,0,0,0
656,1765903180194,192,0,0,0,0,0,0,0
657,1765903180411,192,0,0,0,0,0,0,0
658,1765903180644,192,0,0,0,0,0,0,0
659,1765903181443,192,0,0,0,0,0,0,0
660,1765903182158,192,0,0,0,0,0,0,0
661,1765903182293,192,0,0,0,0,0,0,0
662,1765903182926,192,0,0,0,0,0,0,0
663,1765903183592,192,0,0,0,0,0,0,0
664,1765903183974,0,0,0,0,0,0,0,0
665,1765903184323,0,0,0,0,0,0,0,0
666,1765903184624,0,0,0,0,0,0,0,0
667,1765903185505,0,0,0,0,0,0,0,0
668,1765903186672,0,0,0,0,0,0,0,0
669,1765903187622,0,0,0,0,0,0,0,0
670,1765903188704,0,0,0,0,0,0,0,0
671,1765903189752,0,0,0,0,0,0,0,0
672,1765903189936,0,0,0,0,0,0,0,0
673,1765903190286,0,0,0,0,0,0,0,0
674,1765903190818,0,0,0,0,0,0,0,0
675,1765903191134,0,0,0,0,0,0,0,0
676,1765903191950,0,0,0,0,0,0,0,0
677,1765903193033,0,0,0,0,0,0,0,0
678,1765903193165,0,0,0,0,0,0,0,0
679,1765903194765,0,0,0,0,0,0,0,0
680,1765903194898,0,0,0,0,0,0,0,0
681,1765903195564,0,0,0,0,0,0,0,0
682,1765903196063,0,0,0,0,0,0,0,0
683,1765903196447,0,0,0,0,0,0,0,0
684,1765903196663,0,4,0,0,0,0,0,0
685,1765903196979,0,5,0,0,0,0,0,0
686,1765903196997,0,5,0,0,0,0,0,0
687,1765903197696,0,5,0,0,0,0,0,0
688,1765903197828,0,5,0,0,0,0,0,0
689,1765903198911,0,5,0,0,0,0,0,0
690,1765903199995,0,5,0,0,0,0,0,0
691,1765903200693,0,5,0,0,0,0,0,0
692,1765903201692,0,5,0,0,0,0,0,0
693,1765903201876,0,5,0,0,0,0,0,0
694,1765903202191,0,5,0,0,0,0,0,0
695,1765903202758,0,5,0,0,0,0,0,0
696,1765903203041,0,5,0,0,0,0,0,0
697,1765903203657,0,5,0,0,0,0,0,0
698,1765903204339,0,5,0,0,0,0,0,0
699,1765903204690,0,5,0,0,0,0,0,0
700,1765903205339,0,5,0,0,0,0,0,0
701,1765903205672,0,5,0,0,0,0,0,0
702,1765903205989,0,5,0,0,0,0,0,0
703,1765903206306,0,5,0,0,0,0,0,0
704,1765903207088,0,5,0,0,0,0,0,0
705,1765903207322,0,5,0,0,0,0,0,0
706,1765903207953,0,5,0,0,0,0,0,0
707,1765903209019,0,5,0,0,0,0,0,0
708,1765903209568,0,5,0,0,0,0,0,0
709,1765903210552,0,5,0,0,0,0,0,0
710,1765903210834,0,5,0,0,0,0,0,0
711,1765903211101,0,5,0,0,0,0,0,0
712,1765903211717,0,5,0,0,0,0,0,0
713,1765903212066,0,5,0,0,0,0,0,0
714,1765903213982,0,5,0,0,0,0,0,0
715,1765903215097,0,5,282,282,0,0,0,0
716,1765903215364,0,5,607,607,0,0,0,0
717,1765903215647,0,5,1000,1000,0,0,0,0
718,1765903216164,0,5,1000,1000,0,0,0,0
719,1765903216496,0,5,1000,1000,0,0,0,0
720,1765903217046,0,5,1000,1000,0,0,0,0
721,1765903217196,0,5,1000,1000,0,0,0,0
722,1765903217828,0,5,1000,1000,0,0,0,0
723,1765903218045,0,5,693,693,0,0,0,0
724,1765903219577,0,5,537,537,0,0,0,0
725,1765903219693,0,5,633,633,0,0,0,0
726,1765903221191,0,5,1000,1000,0,0,0,0
727,1765903221457,0,5,1000,1000,0,0,0,0
728,1765903221975,0,5,1000,1000,0,0,0,0
729,1765903222590,0,5,1000,1000,0,0,0,0
730,1765903223107,0,5,1000,1000,0,0,0,0
731,1765903223674,0,5,0,0,0,0,0,0
732,1765903223808,0,5,0,0,0,0,0,0
733,1765903223974,0,5,0,0,0,0,0,0
734,1765903224390,0,5,0,0,0,0,0,0
735,1765903224689,0,5,0,0,0,0,0,0
736,1765903224740,0,5,0,0,0,0,0,0
737,1765903224924,0,5,0,0,0,0,0,0
738,1765903225639,0,5,0,0,0,0,0,0
739,1765903226322,0,5,391,391,0,0,0,0
740,1765903227604,0,5,847,847,0,0,0,0
741,1765903227738,0,5,687,687,0,0,0,0
742,1765903230002,0,5,297,297,0,0,0,0
743,1765903231203,0,5,347,347,0,0,0,0
744,1765903232351,0,5,847,847,0,0,0,0
745,1765903233031,0,5,4072,1000,0,0,0,0
746,1765903236047,0,5,1000,1000,0,0,0,0
747,1765903236181,0,5,1000,1000,0,0,0,0
748,1765903237530,0,5,1000,1000,0,0,0,0
749,1765903238479,0,5,1000,1000,0,0,0,0
750,1765903240144,0,5,1000,1000,0,0,0,0
751,1765903240277,0,5,1000,1000,0,0,0,0
752,1765903241095,0,5,0,0,0,0,0,0
753,1765903241227,0,5,0,0,0,0,0,0
754,1765903244240,0,5,1000,1000,0,0,0,0
755,1765903244523,0,5,1000,1000,0,0,0,0
756,1765903246787,0,5,1000,1000,0,0,0,0
757,1765903246838,0,5,1000,1000,0,0,0,0
758,1765903247487,0,5,1000,1000,0,0,0,0
759,1765903248769,0,5,1000,1000,0,0,0,0
760,1765903249701,0,5,154,154,0,0,0,0
761,1765903250335,0,5,0,0,0,0,0,0
762,1765903250484,0,5,0,0,0,0,0,0
763,1765903250767,0,5,0,0,0,0,0,0
764,1765903251335,0,5,0,0,0,0,0,0
765,1765903251599,0,5,0,0,0,0,0,0
766,1765903251867,0,5,0,0,0,0,0,0
767,1765903252365,0,5,0,0,0,0,0,0
768,1765903252782,0,5,189,189,0,0,0,0
769,1765903252949,0,5,182,182,0,0,0,0
770,1765903253915,0,5,1000,1000,0,0,0,0
771,1765903254831,0,5,1000,1000,0,0,0,0
772,1765903255096,0,5,661,661,0,0,0,0
773,1765903256996,0,5,375,375,0,0,0,0
774,1765903257162,0,5,387,387,0,0,0,0
775,1765903257812,0,5,303,303,0,0,0,0
776,1765903257961,0,5,341,341,0,0,0,0
777,1765903259793,0,5,0,0,0,0,0,0
778,1765903259910,0,5,123,123,0,0,0,0
779,1765903261474,0,5,1000,1000,0,0,0,0
780,1765903262542,0,5,1000,1000,0,0,0,0
781,1765903262890,0,5,1000,1000,0,0,0,0
782,1765903263191,0,5,846,846,0,0,0,0
783,1765903263324,0,5,1000,1000,0,0,0,0
784,1765903266021,0,5,843,843,0,0,0,0
785,1765903266337,0,5,1000,1000,0,0,0,0
786,1765903266504,0,5,847,847,0,0,0,0
787,1765903266636,0,5,847,847,0,0,0,0
788,1765903268018,0,5,667,667,0,0,0,0
789,1765903270151,0,5,0,0,0,0,0,0
790,1765903270851,0,5,0,0,0,0,0,0
791,1765903273582,0,5,1000,1000,0,0,0,0
792,1765903273731,0,5,1000,1000,0,0,0,0
793,1765903274365,0,5,1000,1000,0,0,0,0
794,1765903274514,0,5,1000,1000,0,0,0,0
795,1765903275580,0,5,1000,1000,0,0,0,0
796,1765903275697,0,5,1000,1000,0,0,0,0
797,1765903276379,0,5,1000,1000,0,0,0,0
798,1765903277378,0,5,1000,1000,0,0,0,0
799,1765903277827,0,5,1000,1000,0,0,0,0
800,1765903278143,0,5,1000,1000,0,0,0,0
801,1765903279210,0,5,1000,1000,0,0,0,0
802,1765903283440,0,5,845,845,0,0,0,0
803,1765903284572,0,5,1000,1000,0,0,0,0
804,1765903285571,0,5,1000,1000,0,0,0,0
805,1765903286104,0,5,1000,1000,0,0,0,0
806,1765903286455,0,5,1000,1000,0,0,0,0
807,1765903287020,0,5,1000,1000,0,0,0,0
808,1765903287270,0,5,1000,1000,0,0,0,0
809,1765903287637,0,5,1000,1000,0,0,0,0
810,1765903287904,0,5,1000,1000,0,0,0,0
811,1765903288169,0,5,1000,1000,0,0,0,0
812,1765903288519,0,5,847,847,0,0,0,0
813,1765903289101,0,5,1000,1000,0,0,0,0
814,1765903290067,0,5,0,0,0,0,0,0
815,1765903290750,0,5,0,0,0,0,0,0
816,1765903290866,0,5,0,0,0,0,0,0
817,1765903291500,0,10501,16384,24656,0,0,0,0
818,1765903291649,0,5,0,0,0,0,0,0
819,1765903293365,0,5,1000,1000,0,0,0,0
820,1765903295180,0,5,1000,1000,0,0,0,0
821,1765903295246,0,5,1000,1000,0,0,0,0
822,1765903295497,0,5,1000,1000,0,0,0,0
823,1765903295780,0,5,1000,1000,0,0,0,0
824,1765903295963,0,5,1000,1000,0,0,0,0
825,1765903296878,0,5,1000,1000,0,0,0,0
826,1765903297878,0,5,1000,1000,0,0,0,0
827,1765903298577,0,5,0,0,0,0,0,0
828,1765903298743,0,5,0,0,0,0,0,0
829,1765903300559,0,5,1000,1000,0,0,0,0
830,1765903300707,0,5,1000,1000,0,0,0,0
831,1765903301357,0,5,847,847,0,0,0,0
832,1765903301508,0,5,1000,1000,0,0,0,0
833,1765903302322,2,5,845,845,0,0,0,0
834,1765903303506,192,0,0,0,0,0,0,0
835,1765903303939,192,0,0,0,0,0,0,0
836,1765903304190,192,0,0,0,0,0,0,0
837,1765903304389,192,0,0,0,0,0,0,0
838,1765903304589,192,0,0,0,0,0,0,0
839,1765903304805,192,0,0,0,0,0,0,0
840,1765903304989,192,0,0,0,0,0,0,0
841,1765903305255,192,0,0,0,0,0,0,0
842,1765903305471,192,0,0,0,0,0,0,0
843,1765903305670,2762,0,0,43616,0,0,0,0
844,1765903305871,192,0,0,0,0,0,0,0
845,1765903306354,192,0,0,0,0,0,0,0
846,1765903306570,192,0,0,0,0,0,0,0
847,1765903307004,192,0,0,0,0,0,0,0
848,1765903307220,192,0,0,0,0,0,0,0
849,1765903307419,192,0,0,0,0,0,0,0
850,1765903307653,194,0,0,0,0,0,0,0
851,1765903307836,192,0,0,0,0,0,0,0
852,1765903308019,192,0,0,0,0,0,0,0
853,1765903308485,192,0,0,0,0,0,0,0
854,1765903308919,192,0,0,0,0,0,0,0
855,1765903309152,192,0,0,0,0,0,0,0
856,1765903309451,192,0,0,0,0,0,0,0
857,1765903309618,192,0,0,0,0,0,0,0
858,1765903310068,192,0,0,0,0,0,0,0
859,1765903310251,192,0,0,0,0,0,0,0
860,1765903310516,192,0,0,0,0,0,0,0
861,1765903310684,192,0,0,0,0,0,0,0
862,1765903311507,192,0,0,0,0,0,0,0
863,1765903311516,192,0,0,0,0,0,0,0
864,1765903311533,192,0,0,0,0,0,0,0
865,1765903311582,192,0,0,0,0,0,0,0
866,1765903311783,192,0,0,0,0,0,0,0
867,1765903311966,192,0,0,0,0,0,0,0
868,1765903312264,192,0,0,0,0,0,0,0
869,1765903312464,192,0,0,0,0,0,0,0
870,1765903312631,192,0,0,0,0,0,0,0
871,1765903312881,192,0,0,0,0,0,0,0
872,1765903313113,192,0,0,0,0,0,0,0
873,1765903313314,192,0,0,0,0,0,0,0
874,1765903313531,192,0,0,0,0,0,0,0
875,1765903313813,192,0,0,0,0,0,0,0
876,1765903313981,192,0,0,0,0,0,0,0
877,1765903314182,192,0,0,0,0,0,0,0
878,1765903321009,192,0,0,0,0,0,0,0
879,1765903321225,192,0,0,0,0,0,0,0
880,1765903321425,192,0,0,0,0,0,0,0
881,1765903321658,192,0,0,0,0,0,0,0
882,1765903322488,192,0,0,0,0,0,0,0
883,1765903322522,192,0,0,0,0,0,0,0
884,1765903322522,192,0,0,0,0,0,0,0
885,1765903322756,192,0,0,0,0,0,0,0
886,1765903322955,192,0,0,0,0,0,0,0
887,1765903323189,192,0,0,0,0,0,0,0
888,1765903323338,192,0,0,0,0,0,0,0
889,1765903323639,192,0,0,0,0,0,0,0
890,1765903324105,192,0,0,0,0,0,0,0
891,1765903330684,192,0,0,0,0,0,0,0
892,1765903330916,192,0,0,0,0,0,0,0
893,1765903331049,192,0,0,0,0,0,0,0
894,1765903331333,192,0,0,0,0,0,0,0
895,1765903331550,192,0,0,0,0,0,0,0
896,1765903331750,192,0,0,0,0,0,0,0
897,1765903332200,192,0,0,0,0,0,0,0
898,1765903332416,192,0,0,0,0,0,0,0
899,1765903332599,192,0,0,0,0,0,0,0
900,1765903332832,192,0,0,0,0,0,0,0
901,1765903333544,192,0,0,0,0,0,0,0
902,1765903333564,192,0,0,0,0,0,0,0
903,1765903333564,192,0,0,0,0,0,0,0
904,1765903333646,192,0,0,0,0,0,0,0
905,1765903333832,192,0,0,0,0,0,0,0
906,1765903334063,192,0,0,0,0,0,0,0
907,1765903334296,192,0,0,0,0,0,0,0
908,1765903334545,192,0,0,0,0,0,0,0
909,1765903334814,192,0,0,0,0,0,0,0
910,1765903334996,192,0,0,0,0,0,0,0
911,1765903335261,192,0,0,0,0,0,0,0
912,1765903335445,192,0,0,0,0,0,0,0
913,1765903335711,192,0,0,0,0,0,0,0
914,1765903335928,192,0,0,0,0,0,0,0
915,1765903336211,192,0,0,0,0,0,0,0
916,1765903336345,192,0,0,0,0,0,0,0
917,1765903336662,192,0,0,0,0,0,0,0
918,1765903336845,192,0,0,0,0,0,0,0
919,1765903337078,192,0,0,0,0,0,0,0
920,1765903337511,192,0,0,0,0,0,0,0
921,1765903337944,192,0,0,0,0,0,0,0
922,1765903338244,192,0,0,0,0,0,0,0
923,1765903338460,192,0,0,0,0,0,0,0
924,1765903338726,192,0,0,0,0,0,0,0
925,1765903338943,192,0,0,0,0,0,0,0
926,1765903339792,192,0,0,0,0,0,0,0
927,1765903340876,192,0,0,0,0,0,0,0
928,1765903341092,192,0,0,0,0,0,0,0
929,1765903341326,192,0,0,0,0,0,0,0
930,1765903341559,192,0,0,0,0,0,0,0
931,1765903342242,192,0,0,0,0,0,0,0
932,1765903342407,192,0,0,0,0,0,0,0
933,1765903343306,0,0,0,0,0,0,0,0
934,1765903345120,0,0,0,0,0,0,0,0
935,1765903345138,0,0,0,0,0,0,0,0
936,1765903345438,0,0,0,0,0,0,0,0
937,1765903345538,0,0,0,0,0,0,0,0
938,1765903345705,0,0,0,0,0,0,0,0
939,1765903346220,0,0,0,0,0,0,0,0
940,1765903346319,0,0,0,0,0,0,0,0
941,1765903346718,0,0,0,0,0,0,0,0
942,1765903346985,0,0,0,0,0,0,0,0
943,1765903347102,0,0,0,0,0,0,0,0
944,1765903347252,0,0,0,0,0,0,0,0
945,1765903347936,0,0,0,0,0,0,0,0
946,1765903348085,0,0,0,0,0,0,0,0
947,1765903348935,0,0,0,0,0,0,0,0
948,1765903349068,0,0,0,0,0,0,0,0
949,1765903349269,0,0,0,0,0,0,0,0
950,1765903350150,0,0,0,0,0,0,0,0
951,1765903351233,0,0,0,0,0,0,0,0
952,1765903351865,0,0,0,0,0,0,0,0
953,1765903352166,0,0,0,0,0,0,0,0
954,1765903352300,0,0,0,0,0,0,0,0
955,1765903352965,0,0,0,0,0,0,0,0
956,1765903353615,0,0,0,0,0,0,0,0
957,1765903354730,0,0,0,0,0,0,0,0
958,1765903355413,0,0,0,0,0,0,0,0
959,1765903355496,0,0,0,0,0,0,0,0
960,1765903356197,0,4,0,0,0,0,0,0
961,1765903356295,0,4,0,0,0,0,0,0
962,1765903357310,0,5,0,0,0,0,0,0
963,1765903360542,0,5,0,0,0,0,0,0
964,1765903360708,0,5,0,0,0,0,0,0
965,1765903361524,0,5,847,847,0,0,0,0
966,1765903363189,0,5,1000,1000,0,0,0,0
967,1765903363322,0,5,846,846,0,0,0,0
968,1765903363990,0,5,521,521,0,0,0,0
969,1765903364154,0,5,537,537,0,0,0,0
970,1765903365604,0,5,1000,1000,0,0,0,0
971,1765903365720,0,5,1000,1000,0,0,0,0
972,1765903367254,0,5,1000,1000,0,0,0,0
973,1765903367584,0,5,1000,1000,0,0,0,0
974,1765903367718,0,5,847,847,0,0,0,0
975,1765903368467,0,5,1000,1000,0,0,0,0
976,1765903368852,0,5,847,847,0,0,0,0
977,1765903368983,0,5,1000,1000,0,0,0,0
978,1765903370268,0,5,1000,1000,0,0,0,0
979,1765903370400,0,5,1000,1000,0,0,0,0
980,1765903371016,0,5,1000,1000,0,0,0,0
981,1765903371315,0,5,1000,1000,0,0,0,0
982,1765903372698,3072,5,17224,232,0,0,0,0
983,1765903373047,0,5,1000,1000,0,0,0,0
984,1765903373147,0,5,1000,1000,0,0,0,0
985,1765903379209,192,0,0,0,0,0,0,0
986,1765903379408,192,0,0,0,0,0,0,0
987,1765903379590,192,0,0,0,0,0,0,0
988,1765903379708,192,0,0,0,0,0,0,0
989,1765903379991,192,0,0,0,0,0,0,0
990,1765903380142,192,0,0,0,0,0,0,0
991,1765903380407,192,0,0,0,0,0,0,0
992,1765903380708,192,0,0,0,0,0,0,0
993,1765903380857,192,0,0,0,0,0,0,0
994,1765903381123,192,0,0,0,0,0,0,0
995,1765903381307,192,0,0,0,0,0,0,0
996,1765903381474,192,0,0,0,0,0,0,0
997,1765903388285,192,0,0,0,0,0,0,0
998,1765903388518,192,0,0,0,0,0,0,0
999,1765903388918,192,0,0,0,0,0,0,0
1000,1765903389151,192,0,0,0,0,0,0,0
1001,1765903389367,192,0,0,0,0,0,0,0
1002,1765903390699,192,0,0,0,0,0,0,0
1003,1765903390917,192,0,0,0,0,0,0,0
1004,1765903391147,192,0,0,0,0,0,0,0
1005,1765903391565,192,0,0,0,0,0,0,0
1006,1765903423223,192,0,0,0,0,0,0,0
1007,1765903423455,192,0,0,0,0,0,0,0
1008,1765903423688,192,0,0,0,0,0,0,0
1009,1765903423922,192,0,0,0,0,0,0,0
1010,1765903424737,192,0,0,0,0,0,0,0
1011,1765903425520,192,0,0,0,0,0,0,0
1012,1765903427202,192,0,0,0,0,0,0,0
1013,1765903427352,192,0,0,0,0,0,0,0
1014,1765903428300,192,0,0,0,0,0,0,0
1015,1765903429284,192,0,0,0,0,0,0,0
1016,1765903430782,192,0,0,0,0,0,0,0
1017,1765903431832,192,0,0,0,0,0,0,0
1018,1765903431846,192,0,0,0,0,0,0,0
1019,1765903433012,192,0,0,0,0,0,0,0
1020,1765903433811,192,0,0,0,0,0,0,0
1021,1765903433945,192,0,0,0,0,0,0,0
1022,1765903435361,192,0,0,0,0,0,0,0
1023,1765903436127,192,0,0,0,0,0,0,0
1024,1765903436228,192,0,0,0,0,0,0,0
1025,1765903437059,192,0,0,0,0,0,0,0
1026,1765903437909,192,0,0,0,0,0,0,0
1027,1765903438843,192,0,0,0,0,0,0,0
1028,1765903439660,192,0,0,0,0,0,0,0
1029,1765903439792,192,0,0,0,0,0,0,0
1030,1765903439924,192,0,0,0,0,0,0,0
1031,1765903440641,192,0,0,0,0,0,0,0
1032,1765903440774,192,0,0,0,0,0,0,0
1033,1765903441591,192,0,0,0,0,0,0,0
1034,1765903441740,192,0,0,0,0,0,0,0
1035,1765903442924,192,0,0,0,0,0,0,0
1036,1765903443488,192,0,0,0,0,0,0,0
1037,1765903443671,192,0,0,0,0,0,0,0
1038,1765903445220,192,0,0,0,0,0,0,0
1039,1765903445570,192,0,0,0,0,0,0,0
1040,1765903446536,192,0,0,0,0,0,0,0
1041,1765903446669,192,0,0,0,0,0,0,0
1042,1765903447952,192,0,0,0,0,0,0,0
1043,1765903448102,192,0,0,0,0,0,0,0
1044,1765903448884,192,0,0,0,0,0,0,0
1045,1765903449067,192,0,0,0,0,0,0,0
1046,1765903450615,0,0,0,0,0,0,0,0
1047,1765903451965,0,0,0,0,0,0,0,0
1048,1765903452231,0,0,0,0,0,0,0,0
1049,1765903452480,0,0,0,0,0,0,0,0
1050,1765903453113,0,0,0,0,0,0,0,0
1051,1765903454128,0,0,0,0,0,0,0,0
1052,1765903454164,0,0,0,0,0,0,0,0
1053,1765903455027,0,0,0,0,0,0,0,0
1054,1765903455693,0,0,0,0,0,0,0,0
1055,1765903456210,0,0,0,0,0,0,0,0
1056,1765903456528,0,0,0,0,0,0,0,0
1057,1765903457060,0,0,0,0,0,0,0,0
1058,1765903457693,0,0,0,0,0,0,0,0
1059,1765903458792,0,0,0,0,0,0,0,0
1060,1765903459841,0,0,0,0,0,0,0,0
1061,1765903459958,0,0,0,0,0,0,0,0
1062,1765903460374,0,0,0,0,0,0,0,0
1063,1765903460674,0,0,0,0,0,0,0,0
1064,1765903461190,0,0,0,0,0,0,0,0
1065,1765903461557,0,0,0,0,0,0,0,0
1066,1765903461742,0,0,0,0,0,0,0,0
1067,1765903462256,0,0,0,0,0,0,0,0
1068,1765903463222,0,0,0,0,0,0,0,0
1069,1765903463688,0,5,0,0,0,0,0,0
1070,1765903466568,0,5,0,0,0,0,0,0
1071,1765903468834,0,5,1000,1000,0,0,0,0
1072,1765903470982,0,5,669,669,0,0,0,0
1073,1765903471565,0,5,635,635,0,0,0,0
1074,1765903472080,0,5,643,643,0,0,0,0
1075,1765903472430,0,5,644,644,0,0,0,0
1076,1765903476376,0,5,274,274,0,0,0,0
1077,1765903477426,0,5,109,109,0,0,0,0
1078,1765903478576,0,5,166,166,0,0,0,0
1079,1765903478725,0,5,160,160,0,0,0,0
1080,1765903479225,0,5,162,162,0,0,0,0
1081,1765903479839,0,5,261,261,0,0,0,0
1082,1765903480155,0,5,339,339,0,0,0,0
1083,1765903480257,0,5,365,365,0,0,0,0
1084,1765903480842,0,5,442,442,0,0,0,0
1085,1765903481106,0,5,427,427,0,0,0,0
1086,1765903481905,0,5,412,412,0,0,0,0
1087,1765903482189,0,5,409,409,0,0,0,0
1088,1765903482439,0,5,414,414,0,0,0,0
1089,1765903482871,0,5,452,452,0,0,0,0
1090,1765903482955,0,5,441,441,0,0,0,0
1091,1765903483754,0,5,369,369,0,0,0,0
1092,1765903484637,0,5,375,375,0,0,0,0
1093,1765903484804,0,5,361,361,0,0,0,0
1094,1765903485353,0,5,374,374,0,0,0,0
1095,1765903486418,0,5,222,222,0,0,0,0
1096,1765903487251,0,5,149,149,0,0,0,0
1097,1765903487400,0,5,142,142,0,0,0,0
1098,1765903488835,0,5,270,270,0,0,0,0
1099,1765903489583,0,5,485,485,0,0,0,0
1100,1765903489867,0,5,1000,1000,0,0,0,0
1101,1765903490849,0,5,373,373,0,0,0,0
1102,1765903491463,0,5,254,254,0,0,0,0
1103,1765903492279,0,5,367,367,0,0,0,0
1104,1765903492413,0,5,356,356,0,0,0,0
1105,1765903493580,0,5,427,427,0,0,0,0
1106,1765903495194,0,5,0,0,0,0,0,0
1107,1765903495377,0,5,1536,6,0,0,0,0
1108,1765903496210,0,5,0,0,0,0,0,0
1109,1765903497159,0,5,387,387,0,0,0,0
1110,1765903498625,0,5,424,424,0,0,0,0
1111,1765903499007,0,5,116,116,0,0,0,0
1112,1765903499324,0,5,0,0,0,0,0,0
1113,1765903499474,0,5,179,179,0,0,0,0
1114,1765903500739,0,5,0,0,0,0,0,0
1115,1765903500740,0,5,137,137,0,0,0,0
1116,1765903500757,0,5,181,181,0,0,0,0
1117,1765903500891,0,5,180,180,0,0,0,0
1118,1765903501156,0,5,0,0,0,0,0,0
1119,1765903501240,0,5,183,183,0,0,0,0
1120,1765903501704,0,5,321,321,0,0,0,0
1121,1765903501923,0,5,295,295,0,0,0,0
1122,1765903503589,0,5,1000,1000,0,0,0,0
1123,1765903503721,0,5,1000,1000,0,0,0,0
1124,1765903504520,0,5,1000,1000,0,0,0,0
1125,1765903505054,0,5,1000,1000,0,0,0,0
1126,1765903505336,0,5,1000,1000,0,0,0,0
1127,1765903505602,0,5,1000,1000,0,0,0,0
1128,1765903505853,0,5,1000,1000,0,0,0,0
1129,1765903506302,0,5,1000,1000,0,0,0,0
1130,1765903506669,0,5,1000,1000,0,0,0,0
1131,1765903507052,0,5,1000,1000,0,0,0,0
1132,1765903507583,0,5,1000,1000,0,0,0,0
1133,1765903508367,0,5,1000,1000,0,0,0,0
1134,1765903509016,0,5,1000,1000,0,0,0,0
1135,1765903509615,0,5,1000,1000,0,0,0,0
1136,1765903511131,0,5,1000,1000,0,0,0,0
1137,1765903512263,2,5,975,847,0,0,0,0
1138,1765903512647,0,5,1000,1000,0,0,0,0
1139,1765903513877,0,5,847,847,0,0,0,0
1140,1765903514011,0,5,846,846,0,0,0,0
1141,1765903514527,2,5,846,846,0,0,0,0
1142,1765903515428,0,5,0,0,0,0,0,0
1143,1765903515543,0,5,0,0,0,0,0,0
1144,1765903516061,0,5,0,0,0,0,0,0
1145,1765903517093,0,5,166,166,0,0,0,0
1146,1765903519474,0,5,1000,1000,0,0,0,0
1147,1765903519591,0,5,1000,1000,0,0,0,0
1148,1765903520639,0,5,1000,1000,0,0,0,0
1149,1765903523137,0,5,1000,17896,0,0,0,0
1150,1765903524653,0,5,847,847,0,0,0,0
1151,1765903525185,2,5,846,846,0,0,0,0
1152,1765903525984,0,5,216,216,0,0,0,0
1153,1765903526801,0,5,124,124,0,0,0,0
1154,1765903526851,0,5,109,2557,0,0,0,0
1155,1765903528351,0,5,213,213,0,0,0,0
1156,1765903528417,0,5,221,221,0,0,0,0
1157,1765903529283,0,5,196,196,0,0,0,0
1158,1765903529432,0,5,300,300,0,0,0,0
1159,1765903529682,0,5,208,208,0,0,0,0
1160,1765903529932,0,5,0,0,0,0,0,0
1161,1765903530065,0,5,223,223,0,0,0,0
1162,1765903530747,0,5,589,589,0,0,0,0
1163,1765903530997,0,5,440,440,0,0,0,0
1164,1765903531247,0,5,589,589,0,0,0,0
1165,1765903531514,0,5,846,846,0,0,0,0
1166,1765903531714,0,5,846,846,0,0,0,0
1167,1765903531863,2,5,847,847,0,0,0,0
1168,1765903534761,0,5,0,0,0,0,0,0
1169,1765903535577,0,5,0,0,0,0,0,0
1170,1765903535592,0,5,0,0,0,0,0,0
1171,1765903536375,0,5,0,0,0,0,0,0
1172,1765903537175,0,5,0,0,0,0,0,0
1173,1765903537291,0,5,0,0,0,0,0,0
1174,1765903538224,0,5,369,369,0,0,0,0
1175,1765903538774,2,5,847,847,0,0,0,0
1176,1765903539026,2,5,846,846,0,0,0,0
1177,1765903539340,0,5,847,847,0,0,0,0
1178,1765903539639,2,5,846,846,0,0,0,0
1179,1765903540007,0,5,847,847,0,0,0,0
1180,1765903541854,0,5,622,622,0,0,0,0
1181,1765903542654,0,5,313,33209,0,0,0,0
1182,1765903543171,0,5,0,0,0,0,0,0
1183,1765903543288,0,5,0,0,0,0,0,0
1184,1765903543454,0,5,0,0,0,0,0,0
1185,1765903544152,0,5,0,0,0,0,0,0
1186,1765903544452,0,5,0,0,0,0,0,0
1187,1765903546902,0,5,207,207,0,0,0,0
1188,1765903547250,0,5,326,326,0,0,0,0
1189,1765903548848,0,5,263,263,0,0,0,0
1190,1765903548999,0,5,263,263,0,0,0,0
1191,1765903549981,0,5,163,163,0,0,0,0
1192,1765903550781,0,5,0,0,0,0,0,0
1193,1765903551763,0,5,253,253,0,0,0,0
1194,1765903551930,0,5,844,844,0,0,0,0
1195,1765903552579,0,5,1000,1000,0,0,0,0
1196,1765903553895,99,12805,903,21327,0,0,0,0
1197,1765903554062,0,5,846,846,0,0,0,0
1198,1765903555592,0,5,847,847,0,0,0,0
1199,1765903556210,2,5,847,847,0,0,0,0
1200,1765903556359,2,5,847,847,0,0,0,0
1201,1765903556642,0,5,1000,1000,0,0,0,0
1202,1765903556876,0,5,847,847,0,0,0,0
1203,1765903557143,0,5,846,846,0,0,0,0
1204,1765903558440,0,5,846,846,0,0,0,0
1205,1765903558573,0,5,1000,1000,0,0,0,0
1206,1765903558840,0,5,1000,1000,0,0,0,0
1207,1765903559122,0,5,846,846,0,0,0,0
1208,1765903559257,0,5,1000,1000,0,0,0,0
1209,1765903559690,0,5,1000,1000,0,0,0,0
1210,1765903560039,0,5,1000,1000,0,0,0,0
1211,1765903560289,0,5,1000,1000,0,0,0,0
1212,1765903561005,0,5,847,847,0,0,0,0
1213,1765903561189,0,5,847,847,0,0,0,0
1214,1765903562820,192,0,0,0,0,0,0,0
1215,1765903563270,192,0,0,0,0,0,0,0
1216,1765903569198,192,0,0,0,0,0,0,0
1217,1765903569415,192,0,0,0,0,0,0,0
1218,1765903570199,192,0,0,0,0,0,0,0
1219,1765903570199,192,0,0,0,0,0,0,0
1220,1765903570215,192,0,0,0,0,0,0,0
1221,1765903570247,192,0,0,0,0,0,0,0
1222,1765903570447,192,0,0,0,0,0,0,0
1223,1765903570663,192,0,0,0,0,0,0,0
1224,1765903570881,192,0,0,0,0,0,0,0
1225,1765903571097,192,0,0,0,0,0,0,0
1226,1765903571297,192,0,0,0,0,0,0,0
1227,1765903571529,192,0,0,0,0,0,0,0
1228,1765903571763,192,0,0,0,0,0,0,0
1229,1765903572644,192,0,0,0,0,0,0,0
1230,1765903573061,192,0,0,0,0,0,0,0
1231,1765903573245,192,0,0,0,0,0,0,0
1232,1765903575010,192,0,0,0,0,0,0,0
1233,1765903576358,192,0,0,0,0,0,0,0
1234,1765903576575,192,0,0,0,0,0,0,0
1235,1765903577208,192,0,0,0,0,0,0,0
1236,1765903577441,192,0,0,0,0,0,0,0
1237,1765903577875,192,0,0,0,0,0,0,0
1238,1765903578324,192,0,0,0,0,0,0,0
1239,1765903579855,192,0,0,0,0,0,0,0
1240,1765904394259,0,5,384,384,0,0,0,0
1241,1765904394507,0,5,384,384,0,0,0,0
1242,1765904394771,0,5,388,388,0,0,0,0
1243,1765904395005,0,5,391,391,0,0,0,0
1244,1765904395204,0,5,408,408,0,0,0,0
1245,1765904396889,0,5,485,485,0,0,0,0
1246,1765904397016,0,5,475,475,0,0,0,0
1247,1765904397208,0,5,476,476,0,0,0,0
1248,1765904397497,0,5,475,475,0,0,0,0
1249,1765904397752,0,5,3546,25050,0,0,0,0
1250,1765904397881,0,5,480,480,0,0,0,0
1251,1765904399648,0,5,272,272,0,0,0,0
1252,1765904399765,0,5,121,121,0,0,0,0
1253,1765904401263,0,5,0,0,0,0,0,0
1254,1765904401464,0,5,0,0,0,0,0,0
1255,1765904401945,0,5,169,169,0,0,0,0
1256,1765904402078,0,5,203,203,0,0,0,0
1257,1765904403395,0,5,256,256,0,0,0,0
1258,1765904403528,0,5,263,263,0,0,0,0
1259,1765904404743,0,5,343,343,0,0,0,0
1260,1765904404877,0,5,347,347,0,0,0,0
1261,1765904405094,0,5,347,347,0,0,0,0
1262,1765904405410,0,5,346,346,0,0,0,0
1263,1765904405560,0,5,347,347,0,0,0,0
1264,1765904405926,0,5,351,351,0,0,0,0
1265,1765904406226,0,5,373,373,0,0,0,0
1266,1765904407225,0,5,392,392,0,0,0,0
1267,1765904409156,0,5,418,418,0,0,0,0
1268,1765904409406,0,5,422,422,0,0,0,0
1269,1765904411404,0,5,266,266,0,0,0,0
1270,1765904411404,0,5,282,282,0,0,0,0
1271,1765904411687,0,5,345,345,0,0,0,0
1272,1765904411970,0,5,349,349,0,0,0,0
1273,1765904412154,0,5,356,356,0,0,0,0
1274,1765904412571,0,5,360,360,0,0,0,0
1275,1765904412821,0,5,369,369,0,0,0,0
1276,1765904412986,0,5,374,374,0,0,0,0
1277,1765904414435,0,5,378,378,0,0,0,0
1278,1765904414551,0,5,376,376,0,0,0,0
1279,1765904415900,0,5,341,341,0,0,0,0
1280,1765904416000,0,5,390,390,0,0,0,0
1281,1765904416417,0,5,401,401,0,0,0,0
1282,1765904416650,0,5,403,403,0,0,0,0
1283,1765904418184,0,5,372,372,0,0,0,0
1284,1765904418282,0,5,375,375,0,0,0,0
1285,1765904420665,0,5,303,303,0,0,0,0
1286,1765904422360,0,5,303,303,0,0,0,0
1287,1765904422379,0,5,256,256,0,0,0,0
1288,1765904423611,0,5,329,329,0,0,0,0
1289,1765904423744,0,5,337,337,0,0,0,0
1290,1765904424143,0,5,343,343,0,0,0,0
1291,1765904424426,0,5,355,355,0,0,0,0
1292,1765904424559,0,5,362,362,0,0,0,0
1293,1765904425377,0,5,386,386,0,0,0,0
1294,1765904426842,0,5,423,423,0,0,0,0
1295,1765904426992,0,5,423,423,0,0,0,0
1296,1765904428358,0,5,334,334,0,0,0,0
1297,1765904428524,0,5,345,345,0,0,0,0
1298,1765904428624,0,5,337,337,0,0,0,0
1299,1765904428857,0,5,286,286,0,0,0,0
1300,1765904429124,0,5,273,273,0,0,0,0
1301,1765904430838,0,5,154,154,0,0,0,0
1302,1765904430972,0,5,142,142,0,0,0,0
1303,1765904433404,0,5,0,0,0,0,0,0
1304,1765904433503,0,5,0,0,0,0,0,0
1305,1765904434968,0,5,167,167,0,0,0,0
1306,1765904435168,0,5,175,175,0,0,0,0
1307,1765904435834,0,5,232,232,0,0,0,0
1308,1765904436084,0,5,240,240,0,0,0,0
1309,1765904436217,0,5,239,239,0,0,0,0
1310,1765904437600,0,5,312,312,0,0,0,0
1311,1765904437699,0,5,316,316,0,0,0,0
1312,1765904439048,0,5,351,351,0,0,0,0
1313,1765904439199,0,5,360,360,0,0,0,0
1314,1765904439332,0,5,362,362,0,0,0,0
1315,1765904440014,0,5,383,383,0,0,0,0
1316,1765904440131,0,5,382,382,0,0,0,0
1317,1765904440780,0,5,387,387,0,0,0,0
1318,1765904442328,0,5,393,393,0,0,0,0
1319,1765904442479,0,5,393,393,0,0,0,0
1320,1765904442629,0,5,388,388,0,0,0,0
1321,1765904444444,0,5,395,395,0,0,0,0
1322,1765904444460,0,5,401,401,0,0,0,0
1323,1765904444793,0,5,401,401,0,0,0,0
1324,1765904444910,0,5,348,348,0,0,0,0
1325,1765904446475,0,5,293,293,0,0,0,0
1326,1765904446625,0,5,293,293,0,0,0,0
1327,1765904448123,0,5,265,265,0,0,0,0
1328,1765904448623,0,5,0,0,0,0,0,0
1329,1765904448773,0,5,0,0,0,0,0,0
1330,1765904448873,0,5,0,0,0,0,0,0
1331,1765904450238,0,5,0,0,0,0,0,0
1332,1765904451621,0,5,0,0,0,0,0,0
1333,1765904451787,0,5,0,0,0,0,0,0
1334,1765904452420,0,5,0,0,0,0,0,0
1335,1765904453086,0,5,0,0,0,0,0,0
1336,1765904453969,0,5,0,0,0,0,0,0
1337,1765904454469,0,5,0,0,0,0,0,0
1338,1765904455917,0,5,0,0,0,0,0,0
1339,1765904456017,0,5,0,0,0,0,0,0
1340,1765904457549,0,5,0,0,0,0,0,0
1341,1765904457799,0,5,0,0,0,0,0,0
1342,1765904458232,0,5,0,0,0,0,0,0
1343,1765904458382,0,5,0,0,0,0,0,0
1344,1765904459713,0,5,0,0,0,0,0,0
1345,1765904459863,0,5,0,0,0,0,0,0
1346,1765904459997,0,5,0,0,0,0,0,0
1347,1765904462212,0,5,0,0,0,0,0,0
1348,1765904462411,0,5,0,0,0,0,0,0
1349,1765904462511,0,5,0,0,0,0,0,0
1350,1765904464077,0,5,0,0,0,0,0,0
1351,1765904464776,0,5,0,0,0,0,0,0
1352,1765904464942,0,5,0,0,0,0,0,0
1353,1765904465143,0,5,0,0,0,0,0,0
1354,1765904466808,0,5,0,0,0,0,0,0
1355,1765904468257,0,5,0,0,0,0,0,0
1356,1765904468556,0,5,0,0,0,0,0,0
