index,date,LOST_MESSAGE,BUS_OFF,CAN_STATE,1,2,3,4,5
0,1765820036872,0,0,0,0,0,0,0,0
1,1765820037070,0,0,0,0,0,0,0,0
2,1765820037372,0,0,0,0,0,0,0,0
3,1765820037621,0,0,0,0,0,0,0,0
4,1765820037922,0,0,0,0,0,0,0,0
5,1765820038088,0,0,0,0,0,0,0,0
6,1765820038456,0,0,0,0,0,0,0,0
7,1765820038922,0,0,0,0,0,0,0,0
8,1765820039472,0,0,0,0,0,0,0,0
9,1765820039755,0,0,0,0,0,0,0,0
10,1765820039956,0,0,0,0,0,0,0,0
11,1765820040238,0,0,0,0,0,0,0,0
12,1765820040439,0,0,0,0,0,0,0,0
13,1765820040806,0,0,0,0,0,0,0,0
14,1765820040989,0,0,0,0,0,0,0,0
15,1765820041272,0,0,0,0,0,0,0,0
16,1765820041789,0,0,0,0,0,0,0,0
17,1765820042322,0,0,0,0,0,0,0,0
18,1765820042605,0,0,0,0,0,0,0,0
19,1765820042804,0,0,0,0,0,0,0,0
20,1765820043155,0,0,0,0,0,0,0,0
21,1765820043355,0,0,0,0,0,0,0,0
22,1765820043638,0,0,0,0,0,0,0,0
23,1765820043838,0,0,0,0,0,0,0,0
24,1765820044121,0,0,0,0,0,0,0,0
25,1765820044654,0,0,0,0,0,0,0,0
26,1765820044954,0,0,0,0,0,0,0,0
27,1765820045139,0,0,0,0,0,0,0,0
28,1765820045489,0,0,0,0,0,0,0,0
29,1765820045605,0,0,0,0,0,0,0,0
30,1765820045939,0,0,0,0,0,0,0,0
31,1765820046405,0,0,0,0,0,0,0,0
32,1765820046972,0,0,0,0,0,0,0,0
33,1765820047256,0,0,0,0,0,0,0,0
34,1765820047422,0,0,0,0,0,0,0,0
35,1765820047756,0,0,0,0,0,0,0,0
36,1765820047905,0,0,0,0,0,0,0,0
37,1765820048255,0,0,0,0,0,0,0,0
38,1765820048455,0,0,0,0,0,0,0,0
39,1765820048738,0,0,0,0,0,0,0,0
40,1765820049288,0,0,0,0,0,0,0,0
41,1765820049572,0,0,0,0,0,0,0,0
42,1765820049755,0,0,0,0,0,0,0,0
43,1765820050039,0,0,0,0,0,0,0,0
44,1765820050238,0,0,0,0,0,0,0,0
45,1765820050606,0,0,0,0,0,0,0,0
46,1765820050772,0,0,0,0,0,0,0,0
47,1765820051073,0,0,0,0,0,0,0,0
48,1765820051589,0,0,0,0,0,0,0,0
49,1765820052104,0,0,0,0,0,0,0,0
50,1765820052389,0,0,0,0,0,0,0,0
51,1765820052605,0,0,0,0,0,0,0,0
52,1765820052955,0,0,0,0,0,0,0,0
53,1765820053155,0,0,0,0,0,0,0,0
54,1765820053421,0,0,0,0,0,0,0,0
55,1765820053605,0,0,0,0,0,0,0,0
56,1765820053905,0,0,0,0,0,0,0,0
57,1765820054472,0,0,0,0,0,0,0,0
58,1765820054738,0,0,0,0,0,0,0,0
59,1765820054939,0,0,0,0,0,0,0,0
60,1765820055305,0,0,0,0,0,0,0,0
61,1765820055438,0,0,0,0,0,0,0,0
62,1765820055773,0,0,0,0,0,0,0,0
63,1765820055971,0,0,0,0,0,0,0,0
64,1765820056255,0,0,0,0,0,0,0,0
65,1765820056805,0,0,0,0,0,0,0,0
66,1765820057255,0,0,0,0,0,0,0,0
67,1765820057621,0,0,0,0,0,0,0,0
68,1765820057738,0,0,0,0,0,0,0,0
69,1765820058105,0,0,0,0,0,0,0,0
70,1765820058305,0,0,0,0,0,0,0,0
71,1765820058588,0,0,0,0,0,0,0,0
72,1765820058772,0,0,0,0,0,0,0,0
73,1765820059138,0,0,0,0,0,0,0,0
74,1765820059605,0,0,0,0,0,0,0,0
75,1765820059905,0,0,0,0,0,0,0,0
76,1765820060073,0,0,0,0,0,0,0,0
77,1765820060438,0,0,0,0,0,0,0,0
78,1765820060639,0,0,0,0,0,0,0,0
79,1765820060921,0,0,0,0,0,0,0,0
80,1765820061088,0,0,0,0,0,0,0,0
81,1765820061472,0,0,0,0,0,0,0,0
82,1765820061974,0,0,0,0,0,0,0,0
83,1765820062189,0,0,0,0,0,0,0,0
84,1765820062472,0,0,0,0,0,0,0,0
85,1765820063022,0,0,0,0,0,0,0,0
86,1765820063305,0,0,0,0,0,0,0,0
87,1765820063505,0,0,0,0,0,0,0,0
88,1765820063805,0,0,0,0,0,0,0,0
89,1765820064005,0,0,0,0,0,0,0,0
90,1765820064372,0,0,0,0,0,0,0,0
91,1765820064588,0,0,0,0,0,0,0,0
92,1765820064872,0,0,0,0,0,0,0,0
93,1765820065088,0,0,0,0,0,0,0,0
94,1765820216421,0,0,0,0,0,0,0,0
95,1765820216987,0,0,0,0,0,0,0,0
96,1765820217286,0,0,0,0,0,0,0,0
97,1765820217471,0,0,0,0,0,0,0,0
98,1765820217770,0,0,0,0,0,0,0,0
99,1765820217952,0,0,0,0,0,0,0,0
100,1765820218320,0,0,0,0,0,0,0,0
101,1765820218520,0,0,0,0,0,0,0,0
102,1765820218803,0,0,0,0,0,0,0,0
103,1765820219320,0,0,0,0,0,0,0,0
104,1765820219603,0,0,0,0,0,0,0,0
105,1765820219819,0,0,0,0,0,0,0,0
106,1765820220103,0,0,0,0,0,0,0,0
107,1765820220328,0,0,0,0,0,0,0,0
108,1765820220653,0,0,0,0,0,0,0,0
109,1765820220853,0,0,0,0,0,0,0,0
110,1765820221120,0,0,0,0,0,0,0,0
111,1765820221587,0,0,0,0,0,0,0,0
112,1765820221936,0,0,0,0,0,0,0,0
113,1765820222152,0,0,0,0,0,0,0,0
114,1765820222420,0,0,0,0,0,0,0,0
115,1765820222619,0,0,0,0,0,0,0,0
116,1765820222969,0,0,0,0,0,0,0,0
117,1765820223119,0,0,0,0,0,0,0,0
118,1765820223453,0,0,0,0,0,0,0,0
119,1765820223918,0,0,0,0,0,0,0,0
120,1765820224270,0,0,0,0,0,0,0,0
121,1765820224452,0,0,0,0,0,0,0,0
122,1765820224736,0,0,0,0,0,0,0,0
123,1765820224920,0,0,0,0,0,0,0,0
124,1765820225253,0,0,0,0,0,0,0,0
125,1765820225769,0,0,0,0,0,0,0,0
126,1765820226219,0,0,0,0,0,0,0,0
127,1765820226553,0,0,0,0,0,0,0,0
128,1765820226753,0,0,0,0,0,0,0,0
129,1765820227036,0,0,0,0,0,0,0,0
130,1765820227220,0,0,0,0,0,0,0,0
131,1765820227503,0,0,0,0,0,0,0,0
132,1765820228053,0,0,0,0,0,0,0,0
133,1765820228519,0,0,0,0,0,0,0,0
134,1765820228903,0,0,0,0,0,0,0,0
135,1765820229053,0,0,0,0,0,0,0,0
136,1765820229353,0,0,0,0,0,0,0,0
137,1765820229569,0,0,0,0,0,0,0,0
138,1765820229836,0,0,0,0,0,0,0,0
139,1765820230403,0,0,0,0,0,0,0,0
140,1765820230612,0,0,0,0,0,0,0,0
141,1765820230874,0,0,0,0,0,0,0,0
142,1765820231353,0,0,0,0,0,0,0,0
143,1765820231721,0,0,0,0,0,0,0,0
144,1765820231935,0,0,0,0,0,0,0,0
145,1765820232218,0,0,0,0,0,0,0,0
146,1765820232402,0,0,0,0,0,0,0,0
147,1765820232751,0,0,0,0,0,0,0,0
148,1765820232918,0,0,0,0,0,0,0,0
149,1765820233234,0,0,0,0,0,0,0,0
150,1765820233718,0,0,0,0,0,0,0,0
151,1765820234285,0,0,0,0,0,0,0,0
152,1765820234568,0,0,0,0,0,0,0,0
153,1765820234768,0,0,0,0,0,0,0,0
154,1765820235135,0,0,0,0,0,0,0,0
155,1765820235268,0,0,0,0,0,0,0,0
156,1765820235651,0,0,0,0,0,0,0,0
157,1765820235851,0,0,0,0,0,0,0,0
158,1765820236135,0,0,0,0,0,0,0,0
159,1765820236352,0,0,0,0,0,0,0,0
160,1765820236701,0,0,0,0,0,0,0,0
161,1765820236884,0,0,0,0,0,0,0,0
162,1765820237184,0,0,0,0,0,0,0,0
163,1765820237417,0,0,0,0,0,0,0,0
164,1765820237700,0,0,0,0,0,0,0,0
165,1765820238268,0,0,0,0,0,0,0,0
166,1765820238785,0,0,0,0,0,0,0,0
167,1765820239302,0,0,0,0,0,0,0,0
168,1765820239652,0,0,0,0,0,0,0,0
169,1765820239885,0,0,0,0,0,0,0,0
170,1765820240168,0,0,0,0,0,0,0,0
171,1765820240384,0,0,0,0,0,0,0,0
172,1765820240735,0,0,0,0,0,0,0,0
173,1765820240901,0,0,0,0,0,0,0,0
174,1765820241226,0,0,0,0,0,0,0,0
175,1765820241434,0,0,0,0,0,0,0,0
176,1765820241735,0,0,0,0,0,0,0,0
177,1765820241970,0,0,0,0,0,0,0,0
178,1765820242336,0,0,0,0,0,0,0,0
179,1765820242536,0,0,0,0,0,0,0,0
180,1765820242818,0,0,0,0,0,0,0,0
181,1765820243036,0,0,0,0,0,0,0,0
182,1765820243336,0,0,0,0,0,0,0,0
183,1765820243892,0,0,0,0,0,0,0,0
184,1765820244122,0,0,0,0,0,0,0,0
185,1765820244387,0,0,0,0,0,0,0,0
186,1765820244886,0,0,0,0,0,0,0,0
187,1765820372134,0,0,0,0,0,0,0,0
188,1765820372651,0,0,0,0,0,0,0,0
189,1765820373201,0,0,0,0,0,0,0,0
190,1765820373484,0,0,0,0,0,0,0,0
191,1765820373718,0,0,0,0,0,0,0,0
192,1765820374067,0,0,0,0,0,0,0,0
193,1765820374218,0,0,0,0,0,0,0,0
194,1765820374551,0,0,0,0,0,0,0,0
195,1765820374752,0,0,0,0,0,0,0,0
196,1765820375051,0,0,0,0,0,0,0,0
197,1765820375251,0,0,0,0,0,0,0,0
198,1765820375618,0,0,0,0,0,0,0,0
199,1765820375818,0,0,0,0,0,0,0,0
200,1765820376101,0,0,0,0,0,0,0,0
201,1765820376601,0,0,0,0,0,0,0,0
202,1765820377184,0,0,0,0,0,0,0,0
203,1765820377466,0,0,0,0,0,0,0,0
204,1765820377684,0,0,0,0,0,0,0,0
205,1765820378034,0,0,0,0,0,0,0,0
206,1765820378216,0,0,0,0,0,0,0,0
207,1765820378533,0,0,0,0,0,0,0,0
208,1765820378751,0,0,0,0,0,0,0,0
209,1765820379051,0,0,0,0,0,0,0,0
210,1765820379252,0,0,0,0,0,0,0,0
211,1765820379601,0,0,0,0,0,0,0,0
212,1765820379817,0,0,0,0,0,0,0,0
213,1765820380099,0,0,0,0,0,0,0,0
214,1765820380316,0,0,0,0,0,0,0,0
215,1765820380617,0,0,0,0,0,0,0,0
216,1765820381167,0,0,0,0,0,0,0,0
217,1765820381651,0,0,0,0,0,0,0,0
218,1765820382017,0,0,0,0,0,0,0,0
219,1765820382134,0,0,0,0,0,0,0,0
220,1765820382484,0,0,0,0,0,0,0,0
221,1765820382667,0,0,0,0,0,0,0,0
222,1765820382934,0,0,0,0,0,0,0,0
223,1765820383484,0,0,0,0,0,0,0,0
224,1765820383934,0,0,0,0,0,0,0,0
225,1765820384234,0,0,0,0,0,0,0,0
226,1765820384401,0,0,0,0,0,0,0,0
227,1765820384767,0,0,0,0,0,0,0,0
228,1765820384933,0,0,0,0,0,0,0,0
229,1765820385234,0,0,0,0,0,0,0,0
230,1765820385732,0,0,0,0,0,0,0,0
231,1765820386034,0,0,0,0,0,0,0,0
232,1765820386218,0,0,0,0,0,0,0,0
233,1765820386501,0,0,0,0,0,0,0,0
234,1765820386683,0,0,0,0,0,0,0,0
235,1765820387017,0,0,0,0,0,0,0,0
236,1765820387501,0,0,0,0,0,0,0,0
237,1765820387834,0,0,0,0,0,0,0,0
238,1765820387967,0,0,0,0,0,0,0,0
239,1765820388317,0,0,0,0,0,0,0,0
240,1765820388500,0,0,0,0,0,0,0,0
241,1765820388784,0,0,0,0,0,0,0,0
242,1765820389334,0,0,0,0,0,0,0,0
243,1765820389801,0,0,0,0,0,0,0,0
244,1765820390083,0,0,0,0,0,0,0,0
245,1765820390267,0,0,0,0,0,0,0,0
246,1765820390617,0,0,0,0,0,0,0,0
247,1765820390800,0,0,0,0,0,0,0,0
248,1765820391084,0,0,0,0,0,0,0,0
249,1765820391584,0,0,0,0,0,0,0,0
250,1765820392101,0,0,0,0,0,0,0,0
251,1765820392384,0,0,0,0,0,0,0,0
252,1765820392550,0,0,0,0,0,0,0,0
253,1765820392901,0,0,0,0,0,0,0,0
254,1765820393101,0,0,0,0,0,0,0,0
255,1765820393384,0,0,0,0,0,0,0,0
256,1765820393834,0,0,0,0,0,0,0,0
257,1765820394184,0,0,0,0,0,0,0,0
258,1765820394366,0,0,0,0,0,0,0,0
259,1765820394667,0,0,0,0,0,0,0,0
260,1765820394851,0,0,0,0,0,0,0,0
261,1765820395202,0,0,0,0,0,0,0,0
262,1765820395651,0,0,0,0,0,0,0,0
263,1765820395951,0,0,0,0,0,0,0,0
264,1765820396121,0,0,0,0,0,0,0,0
265,1765820396468,0,0,0,0,0,0,0,0
266,1765820396668,0,0,0,0,0,0,0,0
267,1765820396967,0,0,0,0,0,0,0,0
268,1765820397134,0,0,0,0,0,0,0,0
269,1765820397434,0,0,0,0,0,0,0,0
270,1765820502550,0,0,0,0,0,0,0,0
271,1765820502865,0,0,0,0,0,0,0,0
272,1765820503032,0,0,0,0,0,0,0,0
273,1765820503416,0,0,0,0,0,0,0,0
274,1765820503599,0,0,0,0,0,0,0,0
275,1765820503865,0,0,0,0,0,0,0,0
276,1765820504081,0,0,0,0,0,0,0,0
277,1765820504433,0,0,0,0,0,0,0,0
278,1765820504932,0,0,0,0,0,0,0,0
279,1765820505416,0,0,0,0,0,0,0,0
280,1765820505966,0,0,0,0,0,0,0,0
281,1765820506266,0,0,0,0,0,0,0,0
282,1765820506449,0,0,0,0,0,0,0,0
283,1765820506781,0,0,0,0,0,0,0,0
284,1765820506965,0,0,0,0,0,0,0,0
285,1765820507316,0,0,0,0,0,0,0,0
286,1765820507515,0,0,0,0,0,0,0,0
287,1765820507816,0,0,0,0,0,0,0,0
288,1765820508015,0,0,0,0,0,0,0,0
289,1765820508382,0,0,0,0,0,0,0,0
290,1765820508866,0,0,0,0,0,0,0,0
291,1765820509365,0,0,0,0,0,0,0,0
292,1765820509934,0,0,0,0,0,0,0,0
293,1765820510216,0,0,0,0,0,0,0,0
294,1765820510432,0,0,0,0,0,0,0,0
295,1765820510933,0,0,0,0,0,0,0,0
296,1765820511298,0,0,0,0,0,0,0,0
297,1765820511516,0,0,0,0,0,0,0,0
298,1765820511799,0,0,0,0,0,0,0,0
299,1765820512015,0,0,0,0,0,0,0,0
300,1765820512349,0,0,0,0,0,0,0,0
301,1765820512882,0,0,0,0,0,0,0,0
302,1765820513099,0,0,0,0,0,0,0,0
303,1765820513399,0,0,0,0,0,0,0,0
304,1765820513982,0,0,0,0,0,0,0,0
305,1765820514183,0,0,0,0,0,0,0,0
306,1765820514499,0,0,0,0,0,0,0,0
307,1765820514714,0,0,0,0,0,0,0,0
308,1765820515015,0,0,0,0,0,0,0,0
309,1765820515599,0,0,0,0,0,0,0,0
310,1765820515815,0,0,0,0,0,0,0,0
311,1765820516099,0,0,0,0,0,0,0,0
312,1765820516616,0,0,0,0,0,0,0,0
313,1765820517199,0,0,0,0,0,0,0,0
314,1765820517481,0,0,0,0,0,0,0,0
315,1765820517732,0,0,0,0,0,0,0,0
316,1765820518064,0,0,0,0,0,0,0,0
317,1765820518214,0,0,0,0,0,0,0,0
318,1765820518532,0,0,0,0,0,0,0,0
319,1765820518731,0,0,0,0,0,0,0,0
320,1765820519031,0,0,0,0,0,0,0,0
321,1765820519582,0,0,0,0,0,0,0,0
322,1765820519782,0,0,0,0,0,0,0,0
323,1765820520048,0,0,0,0,0,0,0,0
324,1765820520381,0,0,0,0,0,0,0,0
325,1765820520548,0,0,0,0,0,0,0,0
326,1765820520882,0,0,0,0,0,0,0,0
327,1765820521083,0,0,0,0,0,0,0,0
328,1765820521366,0,0,0,0,0,0,0,0
329,1765820521532,0,0,0,0,0,0,0,0
330,1765820521899,0,0,0,0,0,0,0,0
331,1765820522382,0,0,0,0,0,0,0,0
332,1765820522666,0,0,0,0,0,0,0,0
333,1765820522833,0,0,0,0,0,0,0,0
334,1765820523198,0,0,0,0,0,0,0,0
335,1765820523381,0,0,0,0,0,0,0,0
336,1765820523665,0,0,0,0,0,0,0,0
337,1765820523848,0,0,0,0,0,0,0,0
338,1765820524182,0,0,0,0,0,0,0,0
339,1765820524933,0,0,0,0,0,0,0,0
340,1765820525116,0,0,0,0,0,0,0,0
341,1765820525482,0,0,0,0,0,0,0,0
342,1765820525683,0,0,0,0,0,0,0,0
343,1765820525967,0,0,0,0,0,0,0,0
344,1765820526449,0,0,0,0,0,0,0,0
345,1765820526998,0,0,0,0,0,0,0,0
346,1765820527282,0,0,0,0,0,0,0,0
347,1765820527432,0,0,0,0,0,0,0,0
348,1765820527782,0,0,0,0,0,0,0,0
349,1765820527982,0,0,0,0,0,0,0,0
350,1765820528249,0,0,0,0,0,0,0,0
351,1765820528466,0,0,0,0,0,0,0,0
352,1765820581747,0,0,0,0,0,0,0,0
353,1765820582098,0,0,0,0,0,0,0,0
354,1765820582316,0,0,0,0,0,0,0,0
355,1765820582598,0,0,0,0,0,0,0,0
356,1765820583182,0,0,0,0,0,0,0,0
357,1765820583665,0,0,0,0,0,0,0,0
358,1765820584165,0,0,0,0,0,0,0,0
359,1765820584732,0,0,0,0,0,0,0,0
360,1765820585016,0,0,0,0,0,0,0,0
361,1765820585231,0,0,0,0,0,0,0,0
362,1765820585531,0,0,0,0,0,0,0,0
363,1765820585714,0,0,0,0,0,0,0,0
364,1765820586065,0,0,0,0,0,0,0,0
365,1765820586298,0,0,0,0,0,0,0,0
366,1765820586581,0,0,0,0,0,0,0,0
367,1765820586765,0,0,0,0,0,0,0,0
368,1765820587581,0,0,0,0,0,0,0,0
369,1765820587847,0,0,0,0,0,0,0,0
370,1765820588047,0,0,0,0,0,0,0,0
371,1765820588383,0,0,0,0,0,0,0,0
372,1765820588565,0,0,0,0,0,0,0,0
373,1765820588864,0,0,0,0,0,0,0,0
374,1765820589331,0,0,0,0,0,0,0,0
375,1765820589848,0,0,0,0,0,0,0,0
376,1765820590148,0,0,0,0,0,0,0,0
377,1765820590314,0,0,0,0,0,0,0,0
378,1765820590681,0,0,0,0,0,0,0,0
379,1765820591115,0,0,0,0,0,0,0,0
380,1765820591415,0,0,0,0,0,0,0,0
381,1765820591582,0,0,0,0,0,0,0,0
382,1765820591915,0,0,0,0,0,0,0,0
383,1765820592082,0,0,0,0,0,0,0,0
384,1765820592349,0,0,0,0,0,0,0,0
385,1765820593198,0,0,0,0,0,0,0,0
386,1765820593348,0,0,0,0,0,0,0,0
387,1765820593632,0,0,0,0,0,0,0,0
388,1765820593813,0,0,0,0,0,0,0,0
389,1765820594181,0,0,0,0,0,0,0,0
390,1765820594365,0,0,0,0,0,0,0,0
391,1765820594649,0,0,0,0,0,0,0,0
392,1765820595098,0,0,0,0,0,0,0,0
393,1765820595448,0,0,0,0,0,0,0,0
394,1765820595648,0,0,0,0,0,0,0,0
395,1765820595913,0,0,0,0,0,0,0,0
396,1765820596447,0,0,0,0,0,0,0,0
397,1765820596914,0,0,0,0,0,0,0,0
398,1765820597198,0,0,0,0,0,0,0,0
399,1765820597364,0,0,0,0,0,0,0,0
400,1765820597731,0,0,0,0,0,0,0,0
401,1765820597898,0,0,0,0,0,0,0,0
402,1765820598181,0,0,0,0,0,0,0,0
403,1765820598698,0,0,0,0,0,0,0,0
404,1765820598998,0,0,0,0,0,0,0,0
405,1765820599181,0,0,0,0,0,0,0,0
406,1765820599464,0,0,0,0,0,0,0,0
407,1765820599648,0,0,0,0,0,0,0,0
408,1765820599998,0,0,0,0,0,0,0,0
409,1765820600447,0,0,0,0,0,0,0,0
410,1765820600915,0,0,0,0,0,0,0,0
411,1765820601264,0,0,0,0,0,0,0,0
412,1765820601448,0,0,0,0,0,0,0,0
413,1765820601731,0,0,0,0,0,0,0,0
414,1765820602264,0,0,0,0,0,0,0,0
415,1765820602548,0,0,0,0,0,0,0,0
416,1765820602715,0,0,0,0,0,0,0,0
417,1765820602981,0,0,0,0,0,0,0,0
418,1765820603013,0,0,0,0,0,0,0,0
419,1765820603165,0,0,0,0,0,0,0,0
420,1765820603563,0,0,0,0,0,0,0,0
421,1765820603715,0,0,0,0,0,0,0,0
422,1765820603998,0,0,0,0,0,0,0,0
423,1765820604498,0,0,0,0,0,0,0,0
424,1765820604797,0,0,0,0,0,0,0,0
425,1765820604981,0,0,0,0,0,0,0,0
426,1765820605264,0,0,0,0,0,0,0,0
427,1765820605797,0,0,0,0,0,0,0,0
428,1765820606281,0,0,0,0,0,0,0,0
429,1765820606630,0,0,0,0,0,0,0,0
430,1765820606748,0,0,0,0,0,0,0,0
431,1765820607082,0,0,0,0,0,0,0,0
432,1765820607265,0,0,0,0,0,0,0,0
433,1765820607548,0,0,0,0,0,0,0,0
434,1765820608097,0,0,0,0,0,0,0,0
435,1765820608382,0,0,0,0,0,0,0,0
436,1765820608548,0,0,0,0,0,0,0,0
437,1765820663697,0,0,0,0,0,0,0,0
438,1765820663764,0,0,0,0,0,0,0,0
439,1765820664047,0,0,0,0,0,0,0,0
440,1765820664347,0,0,0,0,0,0,0,0
441,1765820664431,0,0,0,0,0,0,0,0
442,1765820664714,0,0,0,0,0,0,0,0
443,1765820664997,0,0,0,0,0,0,0,0
444,1765820665347,0,0,0,0,0,0,0,0
445,1765820665631,0,0,0,0,0,0,0,0
446,1765820666013,0,0,0,0,0,0,0,0
447,1765820666280,0,0,0,0,0,0,0,0
448,1765820666647,0,0,0,0,0,0,0,0
449,1765820666947,0,0,0,0,0,0,0,0
450,1765820667314,0,0,0,0,0,0,0,0
451,1765820667596,0,0,0,0,0,0,0,0
452,1765820667964,0,0,0,0,0,0,0,0
453,1765820668264,0,0,0,0,0,0,0,0
454,1765820668614,0,0,0,0,0,0,0,0
455,1765820668897,0,0,0,0,0,0,0,0
456,1765820669263,0,0,0,0,0,0,0,0
457,1765820669547,0,0,0,0,0,0,0,0
458,1765820669931,0,0,0,0,0,0,0,0
459,1765820670213,0,0,0,0,0,0,0,0
460,1765820670580,0,0,0,0,0,0,0,0
461,1765820670863,0,0,0,0,0,0,0,0
462,1765820671213,0,0,0,0,0,0,0,0
463,1765820671512,0,0,0,0,0,0,0,0
464,1765820671863,0,0,0,0,0,0,0,0
465,1765820672162,0,0,0,0,0,0,0,0
466,1765820672513,0,0,0,0,0,0,0,0
467,1765820672797,0,0,0,0,0,0,0,0
468,1765820673162,0,0,0,0,0,0,0,0
469,1765820673465,0,0,0,0,0,0,0,0
470,1765820673831,0,0,0,0,0,0,0,0
471,1765820674114,0,0,0,0,0,0,0,0
472,1765820674413,0,0,0,0,0,0,0,0
473,1765820674463,0,0,0,0,0,0,0,0
474,1765820674764,0,0,0,0,0,0,0,0
475,1765820675064,0,0,0,0,0,0,0,0
476,1765820675129,0,0,0,0,0,0,0,0
477,1765820675414,0,0,0,0,0,0,0,0
478,1765820675714,0,0,0,0,0,0,0,0
479,1765820675764,0,0,0,0,0,0,0,0
480,1765820676081,0,0,0,0,0,0,0,0
481,1765820676364,0,0,0,0,0,0,0,0
482,1765820676446,0,0,0,0,0,0,0,0
483,1765820676714,0,0,0,0,0,0,0,0
484,1765820677013,0,0,0,0,0,0,0,0
485,1765820677097,0,0,0,0,0,0,0,0
486,1765820677380,0,0,0,0,0,0,0,0
487,1765820677680,0,0,0,0,0,0,0,0
488,1765820677764,0,0,0,0,0,0,0,0
489,1765820678030,0,0,0,0,0,0,0,0
490,1765820678330,0,0,0,0,0,0,0,0
491,1765820678397,0,0,0,0,0,0,0,0
492,1765820678697,0,0,0,0,0,0,0,0
493,1765820678980,0,0,0,0,0,0,0,0
494,1765820679063,0,0,0,0,0,0,0,0
495,1765820679380,0,0,0,0,0,0,0,0
496,1765820679647,0,0,0,0,0,0,0,0
497,1765820679745,0,0,0,0,0,0,0,0
498,1765820680106,0,0,0,0,0,0,0,0
499,1765820680314,0,0,0,0,0,0,0,0
500,1765820680397,0,0,0,0,0,0,0,0
501,1765820680680,0,0,0,0,0,0,0,0
502,1765820680980,0,0,0,0,0,0,0,0
503,1765820681081,0,0,0,0,0,0,0,0
504,1765820681363,0,0,0,0,0,0,0,0
505,1765820681747,0,0,0,0,0,0,0,0
506,1765820682030,0,0,0,0,0,0,0,0
507,1765820682430,0,0,0,0,0,0,0,0
508,1765820682747,0,0,0,0,0,0,0,0
509,1765820683114,0,0,0,0,0,0,0,0
510,1765820683430,0,0,0,0,0,0,0,0
511,1765820683812,0,0,0,0,0,0,0,0
512,1765820684130,0,0,0,0,0,0,0,0
513,1765820684514,0,0,0,0,0,0,0,0
514,1765820684797,0,0,0,0,0,0,0,0
515,1765820684897,0,0,0,0,0,0,0,0
516,1765820685197,0,0,0,0,0,0,0,0
517,1765820685479,0,0,0,0,0,0,0,0
518,1765820685580,0,0,0,0,0,0,0,0
519,1765820685896,0,0,0,0,0,0,0,0
520,1765820686280,0,0,0,0,0,0,0,0
521,1765820686563,0,0,0,0,0,0,0,0
522,1765820686980,0,0,0,0,0,0,0,0
523,1765820687263,0,0,0,0,0,0,0,0
524,1765820687664,0,0,0,0,0,0,0,0
525,1765820687964,0,0,0,0,0,0,0,0
526,1765820688363,0,0,0,0,0,0,0,0
527,1765820688664,0,0,0,0,0,0,0,0
528,1765820688764,0,0,0,0,0,0,0,0
529,1765820689063,0,0,0,0,0,0,0,0
530,1765820689347,0,0,0,0,0,0,0,0
531,1765820689446,0,0,0,0,0,0,0,0
532,1765820689730,0,0,0,0,0,0,0,0
533,1765820690097,0,0,0,0,0,0,0,0
534,1765820690397,0,0,0,0,0,0,0,0
535,1765820690680,0,0,0,0,0,0,0,0
536,1765820690746,0,0,0,0,0,0,0,0
537,1765820691062,0,0,0,0,0,0,0,0
538,1765820691346,0,0,0,0,0,0,0,0
539,1765820691413,0,0,0,0,0,0,0,0
540,1765820691713,0,0,0,0,0,0,0,0
541,1765820691981,0,0,0,0,0,0,0,0
542,1765820692063,0,0,0,0,0,0,0,0
543,1765820692347,0,0,0,0,0,0,0,0
544,1765820692648,0,0,0,0,0,0,0,0
545,1765820692712,0,0,0,0,0,0,0,0
546,1765820692997,0,0,0,0,0,0,0,0
547,1765820693314,0,0,0,0,0,0,0,0
548,1765820693379,0,0,0,0,0,0,0,0
549,1765820693663,0,0,0,0,0,0,0,0
550,1765820693948,0,0,0,0,0,0,0,0
551,1765820694013,0,0,0,0,0,0,0,0
552,1765820797312,0,0,0,0,0,0,0,0
553,1765820797779,0,0,0,0,0,0,0,0
554,1765820798313,0,0,0,0,0,0,0,0
555,1765820798596,0,0,0,0,0,0,0,0
556,1765820798762,0,0,0,0,0,0,0,0
557,1765820799129,0,0,0,0,0,0,0,0
558,1765820799579,0,0,0,0,0,0,0,0
559,1765820799862,0,0,0,0,0,0,0,0
560,1765820800028,0,0,0,0,0,0,0,0
561,1765820800412,0,0,0,0,0,0,0,0
562,1765820800579,0,0,0,0,0,0,0,0
563,1765820800878,0,0,0,0,0,0,0,0
564,1765820801046,0,0,0,0,0,0,0,0
565,1765820801362,0,0,0,0,0,0,0,0
566,1765820801861,0,0,0,0,0,0,0,0
567,1765820802129,0,0,0,0,0,0,0,0
568,1765820802312,0,0,0,0,0,0,0,0
569,1765820802662,0,0,0,0,0,0,0,0
570,1765820802845,0,0,0,0,0,0,0,0
571,1765820803145,0,0,0,0,0,0,0,0
572,1765820803579,0,0,0,0,0,0,0,0
573,1765820803929,0,0,0,0,0,0,0,0
574,1765820804112,0,0,0,0,0,0,0,0
575,1765820804394,0,0,0,0,0,0,0,0
576,1765820804578,0,0,0,0,0,0,0,0
577,1765820804929,0,0,0,0,0,0,0,0
578,1765820805379,0,0,0,0,0,0,0,0
579,1765820805662,0,0,0,0,0,0,0,0
580,1765820805845,0,0,0,0,0,0,0,0
581,1765820806212,0,0,0,0,0,0,0,0
582,1765820806379,0,0,0,0,0,0,0,0
583,1765820806662,0,0,0,0,0,0,0,0
584,1765820807145,0,0,0,0,0,0,0,0
585,1765820807662,0,0,0,0,0,0,0,0
586,1765820807945,0,0,0,0,0,0,0,0
587,1765820808128,0,0,0,0,0,0,0,0
588,1765820808461,0,0,0,0,0,0,0,0
589,1765820808661,0,0,0,0,0,0,0,0
590,1765820808928,0,0,0,0,0,0,0,0
591,1765820809413,0,0,0,0,0,0,0,0
592,1765820809745,0,0,0,0,0,0,0,0
593,1765820809928,0,0,0,0,0,0,0,0
594,1765820810212,0,0,0,0,0,0,0,0
595,1765820810395,0,0,0,0,0,0,0,0
596,1765820810744,0,0,0,0,0,0,0,0
597,1765820811212,0,0,0,0,0,0,0,0
598,1765820811496,0,0,0,0,0,0,0,0
599,1765820811679,0,0,0,0,0,0,0,0
600,1765820812028,0,0,0,0,0,0,0,0
601,1765820812212,0,0,0,0,0,0,0,0
602,1765820812512,0,0,0,0,0,0,0,0
603,1765820812695,0,0,0,0,0,0,0,0
604,1765820813011,0,0,0,0,0,0,0,0
605,1765820813528,0,0,0,0,0,0,0,0
606,1765820813794,0,0,0,0,0,0,0,0
607,1765820813995,0,0,0,0,0,0,0,0
608,1765820814312,0,0,0,0,0,0,0,0
609,1765820814512,0,0,0,0,0,0,0,0
610,1765820814794,0,0,0,0,0,0,0,0
611,1765820815278,0,0,0,0,0,0,0,0
612,1765820815612,0,0,0,0,0,0,0,0
613,1765820815811,0,0,0,0,0,0,0,0
614,1765820816095,0,0,0,0,0,0,0,0
615,1765820816295,0,0,0,0,0,0,0,0
616,1765820816628,0,0,0,0,0,0,0,0
617,1765820817112,0,0,0,0,0,0,0,0
618,1765820817579,0,0,0,0,0,0,0,0
619,1765820818128,0,0,0,0,0,0,0,0
620,1765820818411,0,0,0,0,0,0,0,0
621,1765820818612,0,0,0,0,0,0,0,0
622,1765820818912,0,0,0,0,0,0,0,0
623,1765820819129,0,0,0,0,0,0,0,0
624,1765820819495,0,0,0,0,0,0,0,0
625,1765820819678,0,0,0,0,0,0,0,0
626,1765820819979,0,0,0,0,0,0,0,0
627,1765820820179,0,0,0,0,0,0,0,0
628,1765820820512,0,0,0,0,0,0,0,0
629,1765820821028,0,0,0,0,0,0,0,0
630,1765820821528,0,0,0,0,0,0,0,0
631,1765820986325,0,0,0,0,0,0,0,0
632,1765820986843,0,0,0,0,0,0,0,0
633,1765820987126,0,0,0,0,0,0,0,0
634,1765820987326,0,0,0,0,0,0,0,0
635,1765820987642,0,0,0,0,0,0,0,0
636,1765820988143,0,0,0,0,0,0,0,0
637,1765820988610,0,0,0,0,0,0,0,0
638,1765820988959,0,0,0,0,0,0,0,0
639,1765820989126,0,0,0,0,0,0,0,0
640,1765820989427,0,0,0,0,0,0,0,0
641,1765820989893,0,0,0,0,0,0,0,0
642,1765820990443,0,0,0,0,0,0,0,0
643,1765820990927,0,0,0,0,0,0,0,0
644,1765820991359,0,0,0,0,0,0,0,0
645,1765820991459,0,0,0,0,0,0,0,0
646,1765820991776,0,0,0,0,0,0,0,0
647,1765820991977,0,0,0,0,0,0,0,0
648,1765820992276,0,0,0,0,0,0,0,0
649,1765820992477,0,0,0,0,0,0,0,0
650,1765820992843,0,0,0,0,0,0,0,0
651,1765820993043,0,0,0,0,0,0,0,0
652,1765820993327,0,0,0,0,0,0,0,0
653,1765820993542,0,0,0,0,0,0,0,0
654,1765820993842,0,0,0,0,0,0,0,0
655,1765820994377,0,0,0,0,0,0,0,0
656,1765820994876,0,0,0,0,0,0,0,0
657,1765820995243,0,0,0,0,0,0,0,0
658,1765820995726,0,0,0,0,0,0,0,0
659,1765820995926,0,0,0,0,0,0,0,0
660,1765820996209,0,0,0,0,0,0,0,0
661,1765820996426,0,0,0,0,0,0,0,0
662,1765820996776,0,0,0,0,0,0,0,0
663,1765820996943,0,0,0,0,0,0,0,0
664,1765820997260,0,0,0,0,0,0,0,0
665,1765820997760,0,0,0,0,0,0,0,0
666,1765820998326,0,0,0,0,0,0,0,0
667,1765820998610,0,0,0,0,0,0,0,0
668,1765820998809,0,0,0,0,0,0,0,0
669,1765820999143,0,0,0,0,0,0,0,0
670,1765820999276,0,0,0,0,0,0,0,0
671,1765820999627,0,0,0,0,0,0,0,0
672,1765820999809,0,0,0,0,0,0,0,0
673,1765821000076,0,0,0,0,0,0,0,0
674,1765821000643,0,0,0,0,0,0,0,0
675,1765821000910,0,0,0,0,0,0,0,0
676,1765821001077,0,0,0,0,0,0,0,0
677,1765821001343,0,0,0,0,0,0,0,0
678,1765821001893,0,0,0,0,0,0,0,0
679,1765821002325,0,0,0,0,0,0,0,0
680,1765821002693,0,0,0,0,0,0,0,0
681,1765821002826,0,0,0,0,0,0,0,0
682,1765821003143,0,0,0,0,0,0,0,0
683,1765821003326,0,0,0,0,0,0,0,0
684,1765821003611,0,0,0,0,0,0,0,0
685,1765821004142,0,0,0,0,0,0,0,0
686,1765821004426,0,0,0,0,0,0,0,0
687,1765821004610,0,0,0,0,0,0,0,0
688,1765821004942,0,0,0,0,0,0,0,0
689,1765821005427,0,0,0,0,0,0,0,0
690,1765821005893,0,0,0,0,0,0,0,0
691,1765821006242,0,0,0,0,0,0,0,0
692,1765821006426,0,0,0,0,0,0,0,0
693,1765821006709,0,0,0,0,0,0,0,0
694,1765821006892,0,0,0,0,0,0,0,0
695,1765821007176,0,0,0,0,0,0,0,0
696,1765821007726,0,0,0,0,0,0,0,0
697,1765821007993,0,0,0,0,0,0,0,0
698,1765821008160,0,0,0,0,0,0,0,0
699,1765821008526,0,0,0,0,0,0,0,0
700,1765821008643,0,0,0,0,0,0,0,0
701,1765821008993,0,0,0,0,0,0,0,0
702,1765821009176,0,0,0,0,0,0,0,0
703,1765821009460,0,0,0,0,0,0,0,0
704,1765821009976,0,0,0,0,0,0,0,0
705,1765821010259,0,0,0,0,0,0,0,0
706,1765821010459,0,0,0,0,0,0,0,0
707,1765821010743,0,0,0,0,0,0,0,0
708,1765821010909,0,0,0,0,0,0,0,0
709,1765821011277,0,0,0,0,0,0,0,0
710,1765821011726,0,0,0,0,0,0,0,0
711,1765821012076,0,0,0,0,0,0,0,0
712,1765821012226,0,0,0,0,0,0,0,0
713,1765821012510,0,0,0,0,0,0,0,0
714,1765821012692,0,0,0,0,0,0,0,0
715,1765821012959,0,0,0,0,0,0,0,0
716,1765821013509,0,0,0,0,0,0,0,0
717,1765821013777,0,0,0,0,0,0,0,0
718,1765821013961,0,0,0,0,0,0,0,0
719,1765821014293,0,0,0,0,0,0,0,0
720,1765821014760,0,0,0,0,0,0,0,0
721,1765821015211,0,0,0,0,0,0,0,0
722,1765821015562,0,0,0,0,0,0,0,0
723,1765821015743,0,0,0,0,0,0,0,0
724,1765821016026,0,0,0,0,0,0,0,0
725,1765821284506,0,0,0,0,0,0,0,0
726,1765821284689,0,0,0,0,0,0,0,0
727,1765821284856,0,0,0,0,0,0,0,0
728,1765821285022,0,0,0,0,0,0,0,0
729,1765821286840,0,0,0,0,0,0,0,0
730,1765821287024,0,0,0,0,0,0,0,0
731,1765821287191,0,0,0,0,0,0,0,0
732,1765821287390,0,0,0,0,0,0,0,0
733,1765821287557,0,0,0,0,0,0,0,0
734,1765821289806,0,0,0,0,0,0,0,0
735,1765821290021,0,0,0,0,0,0,0,0
736,1765821290173,0,0,0,0,0,0,0,0
737,1765821290373,0,0,0,0,0,0,0,0
738,1765821290538,0,0,0,0,0,0,0,0
739,1765821290739,0,0,0,0,0,0,0,0
740,1765821292789,0,0,0,0,0,0,0,0
741,1765821292955,0,0,0,0,0,0,0,0
742,1765821293155,0,0,0,0,0,0,0,0
743,1765821293339,0,0,0,0,0,0,0,0
744,1765821293540,0,0,0,0,0,0,0,0
745,1765821295956,0,0,0,0,0,0,0,0
746,1765821296139,0,0,0,0,0,0,0,0
747,1765821296289,0,0,0,0,0,0,0,0
748,1765821296472,0,0,0,0,0,0,0,0
749,1765821298289,0,0,0,0,0,0,0,0
750,1765821298473,0,0,0,0,0,0,0,0
751,1765821298622,0,0,0,0,0,0,0,0
752,1765821298806,0,0,0,0,0,0,0,0
753,1765821300606,0,0,0,0,0,0,0,0
754,1765821300756,0,0,0,0,0,0,0,0
755,1765821300939,0,0,0,0,0,0,0,0
756,1765821303124,0,0,0,0,0,0,0,0
757,1765821303306,0,0,0,0,0,0,0,0
758,1765821303488,0,0,0,0,0,0,0,0
759,1765821303672,0,0,0,0,0,0,0,0
760,1765821303856,0,0,0,0,0,0,0,0
761,1765821306106,0,0,0,0,0,0,0,0
762,1765821306322,0,0,0,0,0,0,0,0
763,1765821306489,0,0,0,0,0,0,0,0
764,1765821306655,0,0,0,0,0,0,0,0
765,1765821306838,0,0,0,0,0,0,0,0
766,1765821309072,0,0,0,0,0,0,0,0
767,1765821309256,0,0,0,0,0,0,0,0
768,1765821309422,0,0,0,0,0,0,0,0
769,1765821309588,0,0,0,0,0,0,0,0
770,1765821309772,0,0,0,0,0,0,0,0
771,1765821446103,0,0,0,0,0,0,0,0
772,1765821446271,0,0,0,0,0,0,0,0
773,1765821446470,0,0,0,0,0,0,0,0
774,1765821446638,0,0,0,0,0,0,0,0
775,1765821449287,0,0,0,0,0,0,0,0
776,1765821449470,0,0,0,0,0,0,0,0
777,1765821449671,0,0,0,0,0,0,0,0
778,1765821449836,0,0,0,0,0,0,0,0
779,1765821453171,0,0,0,0,0,0,0,0
780,1765821453337,0,0,0,0,0,0,0,0
781,1765821453721,0,0,0,0,0,0,0,0
782,1765821453920,0,0,0,0,0,0,0,0
783,1765821454103,0,0,0,0,0,0,0,0
784,1765821454304,0,0,0,0,0,0,0,0
785,1765821457220,0,0,0,0,0,0,0,0
786,1765821457387,0,0,0,0,0,0,0,0
787,1765821457587,0,0,0,0,0,0,0,0
788,1765821457787,0,0,0,0,0,0,0,0
789,1765821457971,0,0,0,0,0,0,0,0
790,1765821460204,0,0,0,0,0,0,0,0
791,1765821460402,0,0,0,0,0,0,0,0
792,1765821460571,0,0,0,0,0,0,0,0
793,1765821460770,0,0,0,0,0,0,0,0
794,1765821463820,0,0,0,0,0,0,0,0
795,1765821464020,0,0,0,0,0,0,0,0
796,1765821464187,0,0,0,0,0,0,0,0
797,1765821464369,0,0,0,0,0,0,0,0
798,1765821464554,0,0,0,0,0,0,0,0
799,1765821464754,0,0,0,0,0,0,0,0
800,1765821872399,0,0,0,0,0,0,0,0
801,1765821872613,0,0,0,0,0,0,0,0
802,1765821872815,0,0,0,0,0,0,0,0
803,1765821873031,0,0,0,0,0,0,0,0
804,1765821873232,0,0,0,0,0,0,0,0
805,1765821873398,0,0,0,0,0,0,0,0
806,1765821873613,0,0,0,0,0,0,0,0
807,1765821873798,0,0,0,0,0,0,0,0
808,1765821873998,0,0,0,0,0,0,0,0
809,1765821877365,0,0,0,0,0,0,0,0
810,1765821877549,0,0,0,0,0,0,0,0
811,1765821877748,0,0,0,0,0,0,0,0
812,1765821877965,0,0,0,0,0,0,0,0
813,1765821878131,0,0,0,0,0,0,0,0
814,1765821878348,0,0,0,0,0,0,0,0
815,1765821878531,0,0,0,0,0,0,0,0
816,1765821878732,0,0,0,0,0,0,0,0
817,1765821881231,0,0,0,0,0,0,0,0
818,1765821881382,0,0,0,0,0,0,0,0
819,1765821881580,0,0,0,0,0,0,0,0
820,1765821881765,0,0,0,0,0,0,0,0
821,1765821881964,0,0,0,0,0,0,0,0
822,1765821882149,0,0,0,0,0,0,0,0
823,1765821884831,0,0,0,0,0,0,0,0
824,1765821885047,0,0,0,0,0,0,0,0
825,1765821885248,0,0,0,0,0,0,0,0
826,1765821885448,0,0,0,0,0,0,0,0
827,1765821885632,0,0,0,0,0,0,0,0
828,1765821885798,0,0,0,0,0,0,0,0
829,1765821885998,0,0,0,0,0,0,0,0
830,1765821886215,0,0,0,0,0,0,0,0
831,1765821890682,0,0,0,0,0,0,0,0
832,1765821890848,0,0,0,0,0,0,0,0
833,1765821891048,0,0,0,0,0,0,0,0
834,1765821891232,0,0,0,0,0,0,0,0
835,1765821891432,0,0,0,0,0,0,0,0
836,1765821891632,0,0,0,0,0,0,0,0
837,1765821891995,0,0,0,0,0,0,0,0
838,1765821894298,0,0,0,0,0,0,0,0
839,1765821894465,0,0,0,0,0,0,0,0
840,1765821894699,0,0,0,0,0,0,0,0
841,1765821894864,0,0,0,0,0,0,0,0
842,1765821987197,0,0,0,0,0,0,0,0
843,1765821987848,0,0,0,0,0,0,0,0
844,1765821988348,0,0,0,0,0,0,0,0
845,1765821988881,0,0,0,0,0,0,0,0
846,1765821989380,0,0,0,0,0,0,0,0
847,1765821992130,0,0,0,0,0,0,0,0
848,1765821992597,0,0,0,0,0,0,0,0
849,1765821993112,0,0,0,0,0,0,0,0
850,1765821994729,0,0,0,0,0,0,0,0
851,1765821996297,0,0,0,0,0,0,0,0
852,1765821997396,0,0,0,0,0,0,0,0
853,1765821997930,0,0,0,0,0,0,0,0
854,1765821998463,0,0,0,0,0,0,0,0
855,1765821999064,0,0,0,0,0,0,0,0
856,1765822000130,0,0,0,0,0,0,0,0
857,1765822001214,0,0,0,0,0,0,0,0
858,1765822001779,0,0,0,0,0,0,0,0
859,1765822002380,0,0,0,0,0,0,0,0
860,1765822002863,0,0,0,0,0,0,0,0
861,1765822003447,0,0,0,0,0,0,0,0
862,1765822004514,0,0,0,0,0,0,0,0
863,1765822005013,0,0,0,0,0,0,0,0
864,1765822005705,0,0,0,0,0,0,0,0
865,1765822006663,0,0,0,0,0,0,0,0
866,1765822007164,0,0,0,0,0,0,0,0
867,1765822007714,0,0,0,0,0,0,0,0
868,1765822009280,0,0,0,0,0,0,0,0
869,1765822009812,0,0,0,0,0,0,0,0
870,1765822010346,0,0,0,0,0,0,0,0
871,1765822010863,0,0,0,0,0,0,0,0
872,1765822011396,0,0,0,0,0,0,0,0
873,1765822013029,0,0,0,0,0,0,0,0
874,1765822013563,0,0,0,0,0,0,0,0
875,1765822014096,0,0,0,0,0,0,0,0
876,1765822014613,0,0,0,0,0,0,0,0
877,1765822015129,0,0,0,0,0,0,0,0
878,1765822015680,0,0,0,0,0,0,0,0
879,1765822017313,0,0,0,0,0,0,0,0
880,1765822017847,0,0,0,0,0,0,0,0
881,1765822018330,0,0,0,0,0,0,0,0
882,1765822018863,0,0,0,0,0,0,0,0
883,1765822019947,0,0,0,0,0,0,0,0
884,1765822020463,0,0,0,0,0,0,0,0
885,1765822020980,0,0,0,0,0,0,0,0
886,1765822021497,0,0,0,0,0,0,0,0
887,1765822022063,0,0,0,0,0,0,0,0
888,1765822121378,0,0,0,0,0,0,0,0
889,1765822123628,0,0,0,0,0,0,0,0
890,1765822124227,0,0,0,0,0,0,0,0
891,1765822125228,0,0,0,0,0,0,0,0
892,1765822126295,0,0,0,0,0,0,0,0
893,1765822127844,0,0,0,0,0,0,0,0
894,1765822129878,0,0,0,0,0,0,0,0
895,1765822131511,0,0,0,0,0,0,0,0
896,1765822132146,0,0,0,0,0,0,0,0
897,1765822133278,0,0,0,0,0,0,0,0
898,1765822133895,0,0,0,0,0,0,0,0
899,1765822135095,0,0,0,0,0,0,0,0
900,1765822136261,0,0,0,0,0,0,0,0
901,1765822136795,0,0,0,0,0,0,0,0
902,1765822137395,0,0,0,0,0,0,0,0
903,1765822139679,0,0,0,0,0,0,0,0
904,1765822140194,0,0,0,0,0,0,0,0
905,1765822141277,0,0,0,0,0,0,0,0
906,1765822142761,0,0,0,0,0,0,0,0
907,1765822144312,0,0,0,0,0,0,0,0
908,1765822144828,0,0,0,0,0,0,0,0
909,1765822147079,0,0,0,0,0,0,0,0
910,1765822148261,0,0,0,0,0,0,0,0
911,1765822149495,0,0,0,0,0,0,0,0
912,1765822252343,0,0,0,0,0,0,0,0
913,1765822252560,0,0,0,0,0,0,0,0
914,1765822252743,0,0,0,0,0,0,0,0
915,1765822252927,0,0,0,0,0,0,0,0
916,1765822253093,0,12288,0,0,0,0,0,0
917,1765822253260,0,0,0,0,0,0,0,0
918,1765822255527,0,0,0,0,0,0,0,0
919,1765822255693,0,0,0,0,0,0,0,0
920,1765822255910,0,0,0,0,0,0,0,0
921,1765822256093,0,0,0,0,0,0,0,0
922,1765822256277,0,0,0,0,0,0,0,0
923,1765822256460,0,0,0,0,0,0,0,0
924,1765822256676,0,0,0,0,0,0,0,0
925,1765822260260,0,0,0,0,0,0,0,0
926,1765822260442,0,0,0,0,0,0,0,0
927,1765822260642,0,0,0,0,0,0,0,0
928,1765822260844,0,0,0,0,0,0,0,0
929,1765822261142,0,0,0,0,0,0,0,0
930,1765822261209,0,0,0,0,0,0,0,0
931,1765822261425,0,0,0,0,0,0,0,0
932,1765822264527,0,0,0,0,0,0,0,0
933,1765822264743,0,0,0,0,0,0,0,0
934,1765822264911,0,0,0,0,0,0,0,0
935,1765822265110,0,0,0,0,0,0,0,0
936,1765822265277,0,0,0,0,0,0,0,0
937,1765822267744,0,0,0,0,0,0,0,0
938,1765822267926,0,0,0,0,0,0,0,0
939,1765822268110,0,0,0,0,0,0,0,0
940,1765822268293,0,0,0,0,0,0,0,0
941,1765822268460,0,0,0,0,0,0,0,0
942,1765822271377,0,0,0,0,0,0,0,0
943,1765822271560,0,0,0,0,0,0,0,0
944,1765822271776,0,0,0,0,0,0,0,0
945,1765822272119,0,0,0,0,0,0,0,0
946,1765822272159,0,0,0,0,0,0,0,0
947,1765822272343,0,0,0,0,0,0,0,0
948,1765822272527,0,0,0,0,0,0,0,0
949,1765822275627,0,0,0,0,0,0,0,0
950,1765822275810,0,0,0,0,0,0,0,0
951,1765822276010,0,0,0,0,0,0,0,0
952,1765822276193,0,0,0,0,0,0,0,0
953,1765822276394,0,0,0,0,0,0,0,0
954,1765822276577,0,0,0,0,0,0,0,0
955,1765822278844,0,0,0,0,0,0,0,0
956,1765822279027,0,0,0,0,0,0,0,0
957,1765822279211,0,0,0,0,0,0,0,0
958,1765822279393,0,0,0,0,0,0,0,0
959,1765822279594,0,0,0,0,0,0,0,0
960,1765822279776,0,0,0,0,0,0,0,0
961,1765822428174,0,0,0,0,0,0,0,0
962,1765822429258,0,0,0,0,0,0,0,0
963,1765822429924,0,0,0,0,0,0,0,0
964,1765822431074,0,0,0,0,0,0,0,0
965,1765822432792,0,0,0,0,0,0,0,0
966,1765822433407,0,0,0,0,0,0,0,0
967,1765822434541,0,0,0,0,0,0,0,0
968,1765822434991,0,0,0,0,0,0,0,0
969,1765822436524,0,0,0,0,0,0,0,0
970,1765822437991,0,0,0,0,0,0,0,0
971,1765822439162,0,0,0,0,0,0,0,0
972,1765822439507,0,0,0,0,0,0,0,0
973,1765822440091,0,0,0,0,0,0,0,0
974,1765822440674,0,0,0,0,0,0,0,0
975,1765822441808,0,0,0,0,0,0,0,0
976,1765822443024,0,0,0,0,0,0,0,0
977,1765822443657,0,0,0,0,0,0,0,0
978,1765822448007,0,0,0,0,0,0,0,0
979,1765822449041,0,0,0,0,0,0,0,0
980,1765822449541,0,0,0,0,0,0,0,0
981,1765822450190,0,0,0,0,0,0,0,0
982,1765822450607,0,0,0,0,0,0,0,0
983,1765822451691,0,0,0,0,0,0,0,0
984,1765822452257,0,0,0,0,0,0,0,0
985,1765822453424,0,0,0,0,0,0,0,0
986,1765822584256,0,0,0,0,0,0,0,0
987,1765822585323,0,0,0,0,0,0,0,0
988,1765822585839,0,0,0,0,0,0,0,0
989,1765822587989,0,0,0,0,0,0,0,0
990,1765822588539,0,0,0,0,0,0,0,0
991,1765822589022,0,0,0,0,0,0,0,0
992,1765822589605,0,0,0,0,0,0,0,0
993,1765822590738,0,0,0,0,0,0,0,0
994,1765822592989,0,0,0,0,0,0,0,0
995,1765822594154,0,0,0,0,0,0,0,0
996,1765822594638,0,0,0,0,0,0,0,0
997,1765822595804,0,0,0,0,0,0,0,0
998,1765822596905,0,0,0,0,0,0,0,0
999,1765822599105,0,0,0,0,0,0,0,0
1000,1765822599622,0,0,0,0,0,0,0,0
1001,1765822600172,0,0,0,0,0,0,0,0
1002,1765822601739,0,0,0,0,0,0,0,0
1003,1765822604022,0,0,0,0,0,0,0,0
1004,1765822605739,0,0,0,0,0,0,0,0
1005,1765822606289,0,0,0,0,0,0,0,0
1006,1765822607455,0,0,0,0,0,0,0,0
1007,1765822609722,0,0,0,0,0,0,0,0
1008,1765822612955,0,0,0,0,0,0,0,0
1009,1765822614056,0,0,0,0,0,0,0,0
1010,1765822615707,0,0,0,0,0,0,0,0
1011,1765822616338,0,0,0,0,0,0,0,0
1012,1765822616839,0,0,0,0,0,0,0,0
1013,1765822618006,0,0,0,0,0,0,0,0
1014,1765822783053,0,0,0,0,0,0,0,0
1015,1765822783637,0,0,0,0,0,0,0,0
1016,1765822785204,0,0,0,0,0,0,0,0
1017,1765822785653,0,0,0,0,0,0,0,0
1018,1765822786220,0,0,0,0,0,0,0,0
1019,1765822786787,0,0,0,0,0,0,0,0
1020,1765822787369,0,0,0,0,0,0,0,0
1021,1765822787903,0,0,0,0,0,0,0,0
1022,1765822788520,0,0,0,0,0,0,0,0
1023,1765822789069,0,0,0,0,0,0,0,0
1024,1765822790103,0,0,0,0,0,0,0,0
1025,1765822790687,0,0,0,0,0,0,0,0
1026,1765822793520,0,0,0,0,0,0,0,0
1027,1765822795636,0,0,0,0,0,0,0,0
1028,1765822796187,0,0,0,0,0,0,0,0
1029,1765822797203,0,0,0,0,0,0,0,0
1030,1765822798335,0,0,0,0,0,0,0,0
1031,1765822798854,0,0,0,0,0,0,0,0
1032,1765822800503,0,0,0,0,0,0,0,0
1033,1765822803220,0,0,0,0,0,0,0,0
1034,1765822803789,0,0,0,0,0,0,0,0
1035,1765822804321,0,0,0,0,0,0,0,0
1036,1765822804836,0,0,0,0,0,0,0,0
1037,1765822805402,0,0,0,0,0,0,0,0
1038,1765822805904,0,0,0,0,0,0,0,0
1039,1765822806453,0,0,0,0,0,0,0,0
1040,1765822808102,0,0,0,0,0,0,0,0
1041,1765822809119,0,0,0,0,0,0,0,0
1042,1765822813520,0,0,0,0,0,0,0,0
1043,1765822814636,0,0,0,0,0,0,0,0
1044,1765822815153,0,0,0,0,0,0,0,0
1045,1765822815719,0,0,0,0,0,0,0,0
1046,1765822816286,0,0,0,0,0,0,0,0
1047,1765822816820,0,0,0,0,0,0,0,0
1048,1765822817420,0,0,0,0,0,0,0,0
1049,1765822817886,0,0,0,0,0,0,0,0
1050,1765822820036,0,0,0,0,0,0,0,0
1051,1765822820519,0,0,0,0,0,0,0,0
1052,1765822821603,0,0,0,0,0,0,0,0
1053,1765822822669,0,0,0,0,0,0,0,0
1054,1765822823253,0,0,0,0,0,0,0,0
1055,1765822823803,0,0,0,0,0,0,0,0
1056,1765823207330,0,0,0,0,0,0,0,0
1057,1765823207615,0,0,0,0,0,0,0,0
1058,1765823207698,0,0,0,0,0,0,0,0
1059,1765823207982,0,0,0,0,0,0,0,0
1060,1765823208265,0,0,0,0,0,0,0,0
1061,1765823208581,0,0,0,0,0,0,0,0
1062,1765823208864,0,0,0,0,0,0,0,0
1063,1765823209181,0,0,0,0,0,0,0,0
1064,1765823209464,0,0,0,0,0,0,0,0
1065,1765823209746,0,0,0,0,0,0,0,0
1066,1765823209780,0,0,0,0,0,0,0,0
1067,1765823210064,0,0,0,0,0,0,0,0
1068,1765823210348,0,0,0,0,0,0,0,0
1069,1765823210665,0,0,0,0,0,0,0,0
1070,1765823210947,0,0,0,0,0,0,0,0
1071,1765823211265,0,0,0,0,0,0,0,0
1072,1765823211531,0,0,0,0,0,0,0,0
1073,1765823211831,0,0,0,0,0,0,0,0
1074,1765823211864,0,0,0,0,0,0,0,0
1075,1765823212148,0,0,0,0,0,0,0,0
1076,1765823212431,0,0,0,0,0,0,0,0
1077,1765823212730,0,0,0,0,0,0,0,0
1078,1765823213014,0,0,0,0,0,0,0,0
1079,1765823213330,0,0,0,0,0,0,0,0
1080,1765823213615,0,0,0,0,0,0,0,0
1081,1765823213897,0,0,0,0,0,0,0,0
1082,1765823214214,0,0,0,0,0,0,0,0
1083,1765823214513,0,0,0,0,0,0,0,0
1084,1765823214830,0,0,0,0,0,0,0,0
1085,1765823215097,0,0,0,0,0,0,0,0
1086,1765823215415,0,0,0,0,0,0,0,0
1087,1765823215715,0,0,0,0,0,0,0,0
1088,1765823215981,0,0,0,0,0,0,0,0
1089,1765823216314,0,0,0,0,0,0,0,0
1090,1765823216580,0,0,0,0,0,0,0,0
1091,1765823216881,0,0,0,0,0,0,0,0
1092,1765823217181,0,0,0,0,0,0,0,0
1093,1765823217497,0,0,0,0,0,0,0,0
1094,1765823217781,0,0,0,0,0,0,0,0
1095,1765823218065,0,0,0,0,0,0,0,0
1096,1765823218381,0,0,0,0,0,0,0,0
1097,1765823218665,0,0,0,0,0,0,0,0
1098,1765823218981,0,0,0,0,0,0,0,0
1099,1765823219263,0,0,0,0,0,0,0,0
1100,1765823219581,0,0,0,0,0,0,0,0
1101,1765823219847,0,0,0,0,0,0,0,0
1102,1765823220131,0,0,0,0,0,0,0,0
1103,1765823717659,0,0,0,0,0,0,0,0
1104,1765823717859,0,0,0,0,0,0,0,0
1105,1765823718041,0,0,0,0,0,0,0,0
1106,1765823718175,0,0,0,0,0,0,0,0
1107,1765823718175,0,0,0,0,0,0,0,0
1108,1765823720842,0,0,0,0,0,0,0,0
1109,1765823720974,0,0,0,0,0,0,0,0
1110,1765823721157,0,0,0,0,0,0,0,0
1111,1765823724708,0,0,0,0,0,0,0,0
1112,1765823725073,0,0,0,0,0,0,0,0
1113,1765823725390,0,0,0,0,0,0,0,0
1114,1765823725557,0,0,0,0,0,0,0,0
1115,1765823725824,0,0,0,0,0,0,0,0
1116,1765823725957,0,0,0,0,0,0,0,0
1117,1765823726124,0,0,0,0,0,0,0,0
1118,1765823726307,0,0,0,0,0,0,0,0
1119,1765823729442,0,0,0,0,0,0,0,0
1120,1765823729608,0,0,0,0,0,0,0,0
1121,1765823729740,0,0,0,0,0,0,0,0
1122,1765823732391,0,0,0,0,0,0,0,0
1123,1765823732575,0,0,0,0,0,0,0,0
1124,1765823733041,0,0,0,0,0,0,0,0
1125,1765823733456,0,0,0,0,0,0,0,0
1126,1765823733941,0,0,0,0,0,0,0,0
1127,1765823734142,0,0,0,0,0,0,0,0
1128,1765823734275,0,0,0,0,0,0,0,0
1129,1765823734457,0,0,0,0,0,0,0,0
1130,1765823737341,0,0,0,0,0,0,0,0
1131,1765823737509,0,0,0,0,0,0,0,0
1132,1765823737691,0,0,0,0,0,0,0,0
1133,1765823737908,0,0,0,0,0,0,0,0
1134,1765823740974,0,0,0,0,0,0,0,0
1135,1765823741391,0,0,0,0,0,0,0,0
1136,1765823741674,0,0,0,0,0,0,0,0
1137,1765823741842,0,0,0,0,0,0,0,0
1138,1765823742058,0,0,0,0,0,0,0,0
1139,1765823742190,0,0,0,0,0,0,0,0
1140,1765823742391,0,0,0,0,0,0,0,0
1141,1765823744841,0,0,0,0,0,0,0,0
1142,1765823745007,0,0,0,0,0,0,0,0
1143,1765823745192,0,0,0,0,0,0,0,0
1144,1765823745391,0,0,0,0,0,0,0,0
1145,1765823745592,0,0,0,0,0,0,0,0
1146,1765823750691,0,0,0,0,0,0,0,0
1147,1765823750857,0,0,0,0,0,0,0,0
1148,1765823751058,0,0,0,0,0,0,0,0
1149,1765823751241,0,0,0,0,0,0,0,0
1150,1765823751440,0,0,0,0,0,0,0,0
1151,1765823751625,0,0,0,0,0,0,0,0
1152,1765823754108,0,0,0,0,0,0,0,0
1153,1765823754291,0,0,0,0,0,0,0,0
1154,1765823754441,0,0,0,0,0,0,0,0
1155,1765823754607,0,0,0,0,0,0,0,0
1156,1765823755025,0,0,0,0,0,0,0,0
1157,1765823755492,0,0,0,0,0,0,0,0
1158,1765823757058,0,0,0,0,0,0,0,0
1159,1765823757224,0,0,0,0,0,0,0,0
1160,1765823865273,0,0,0,0,0,0,0,0
1161,1765823865423,0,0,0,0,0,0,0,0
1162,1765823865690,0,0,0,0,0,0,0,0
1163,1765823865889,0,0,0,0,0,0,0,0
1164,1765823866106,0,0,0,0,0,0,0,0
1165,1765823866323,0,0,0,0,0,0,0,0
1166,1765823866488,0,0,0,0,0,0,0,0
1167,1765823866740,0,0,0,0,0,0,0,0
1168,1765823866957,0,0,0,0,0,0,0,0
1169,1765823867172,0,0,0,0,0,0,0,0
1170,1765823867373,0,0,0,0,0,0,0,0
1171,1765823867589,0,0,0,0,0,0,0,0
1172,1765823868440,0,0,0,0,0,0,0,0
1173,1765823868673,0,0,0,0,0,0,0,0
1174,1765823868856,0,0,0,0,0,0,0,0
1175,1765823869089,0,0,0,0,0,0,0,0
1176,1765823869323,0,0,0,0,0,0,0,0
1177,1765823869756,0,0,0,0,0,0,0,0
1178,1765823870640,0,0,0,0,0,0,0,0
1179,1765823880822,0,0,0,0,0,0,0,0
1180,1765823880938,0,0,0,0,0,0,0,0
1181,1765823881171,0,0,0,0,0,0,0,0
1182,1765823881355,0,0,0,0,0,0,0,0
1183,1765823881588,0,0,0,0,0,0,0,0
1184,1765823881938,0,0,0,0,0,0,0,0
1185,1765823882022,0,0,0,0,0,0,0,0
1186,1765823882839,0,0,0,0,0,0,0,0
1187,1765823883289,0,0,0,0,0,0,0,0
1188,1765823883539,0,0,0,0,0,0,0,0
1189,1765823883738,0,0,0,0,0,0,0,0
1190,1765823883990,0,0,0,0,0,0,0,0
1191,1765823884222,0,0,0,0,0,0,0,0
1192,1765823884422,0,0,0,0,0,0,0,0
1193,1765823884673,0,0,0,0,0,0,0,0
1194,1765823884890,0,0,0,0,0,0,0,0
1195,1765823885139,0,0,0,0,0,0,0,0
1196,1765823885404,0,0,0,0,0,0,0,0
1197,1765823885572,0,0,0,0,0,0,0,0
1198,1765823885805,0,0,0,0,0,0,0,0
1199,1765823886056,0,0,0,0,0,0,0,0
1200,1765823886273,0,0,0,0,0,0,0,0
1201,1765823886506,0,0,0,0,0,0,0,0
1202,1765823886705,0,0,0,0,0,0,0,0
1203,1765823886956,0,0,0,0,0,0,0,0
1204,1765823887339,0,0,0,0,0,0,0,0
1205,1765823887589,0,0,0,0,0,0,0,0
1206,1765823887789,0,0,0,0,0,0,0,0
1207,1765823887956,0,0,0,0,0,0,0,0
1208,1765823888122,0,0,0,0,0,0,0,0
1209,1765823888573,0,0,0,0,0,0,0,0
1210,1765823970805,0,0,0,0,0,0,0,0
1211,1765823970987,0,0,0,0,0,0,0,0
1212,1765823971155,0,0,0,0,0,0,0,0
1213,1765823971405,0,0,0,0,0,0,0,0
1214,1765823971638,0,0,0,0,0,0,0,0
1215,1765823971789,0,0,0,0,0,0,0,0
1216,1765823972004,0,0,0,0,0,0,0,0
1217,1765823972771,0,0,0,0,0,0,0,0
1218,1765823972970,0,0,0,0,0,0,0,0
1219,1765823977371,0,0,0,0,0,0,0,0
1220,1765823977822,0,0,0,0,0,0,0,0
1221,1765823977972,0,0,0,0,0,0,0,0
1222,1765823978188,0,0,0,0,0,0,0,0
1223,1765823978438,0,0,0,0,0,0,0,0
1224,1765823978621,0,0,0,0,0,0,0,0
1225,1765823978771,0,0,0,0,0,0,0,0
1226,1765823979021,0,0,0,0,0,0,0,0
1227,1765823979237,0,0,0,0,0,0,0,0
1228,1765823979438,0,0,0,0,0,0,0,0
1229,1765823979655,0,0,0,0,0,0,0,0
1230,1765823980522,0,0,0,0,0,0,0,0
1231,1765823980754,0,0,0,0,0,0,0,0
1232,1765823980971,0,0,0,0,0,0,0,0
1233,1765823981254,0,0,0,0,0,0,0,0
1234,1765823981421,0,0,0,0,0,0,0,0
1235,1765823981654,0,0,0,0,0,0,0,0
1236,1765823981905,0,0,0,0,0,0,0,0
1237,1765823982105,0,0,0,0,0,0,0,0
1238,1765823982355,0,0,0,0,0,0,0,0
1239,1765823982604,0,0,0,0,0,0,0,0
1240,1765823982804,0,0,0,0,0,0,0,0
1241,1765823982970,0,0,0,0,0,0,0,0
1242,1765823983155,0,0,0,0,0,0,0,0
1243,1765823983388,0,0,0,0,0,0,0,0
1244,1765823993504,0,0,0,0,0,0,0,0
1245,1765823993722,0,0,0,0,0,0,0,0
1246,1765823993921,0,0,0,0,0,0,0,0
1247,1765823994271,0,0,0,0,0,0,0,0
1248,1765823994753,0,0,0,0,0,0,0,0
1249,1765823995588,0,0,0,0,0,0,0,0
1250,1765823996688,0,0,0,0,0,0,0,0
1251,1765823997571,0,0,0,0,0,0,0,0
1252,1765823997855,0,0,0,0,0,0,0,0
1253,1765823998038,0,0,0,0,0,0,0,0
1254,1765823998255,0,0,0,0,0,0,0,0
1255,1765823998470,0,0,0,0,0,0,0,0
1256,1765823998921,0,0,0,0,0,0,0,0
1257,1765824002687,0,0,0,0,0,0,0,0
1258,1765824002904,0,0,0,0,0,0,0,0
1259,1765824003088,0,0,0,0,0,0,0,0
1260,1765824003271,0,0,0,0,0,0,0,0
1261,1765824003488,0,0,0,0,0,0,0,0
1262,1765824003705,0,0,0,0,0,0,0,0
1263,1765824004072,0,0,0,0,0,0,0,0
1264,1765824004289,0,0,0,0,0,0,0,0
1265,1765824004538,0,0,0,0,0,0,0,0
1266,1765824006271,0,0,0,0,0,0,0,0
1267,1765824006487,0,0,0,0,0,0,0,0
1268,1765824164552,0,0,0,0,0,0,0,0
1269,1765824169685,0,0,0,0,0,0,0,0
1270,1765824170102,0,0,0,0,0,0,0,0
1271,1765824170335,0,0,0,0,0,0,0,0
1272,1765824172535,0,0,0,0,0,0,0,0
1273,1765824172968,0,0,0,0,0,0,0,0
1274,1765824173152,0,0,0,0,0,0,0,0
1275,1765824173268,0,0,0,0,0,0,0,0
1276,1765824173485,0,0,0,0,0,0,0,0
1277,1765824173685,0,0,0,0,0,0,0,0
1278,1765824173685,0,0,0,0,0,0,0,0
1279,1765824175002,0,0,0,0,0,0,0,0
1280,1765824175218,0,0,0,0,0,0,0,0
1281,1765824175485,0,0,0,0,0,0,0,0
1282,1765824175669,0,0,0,0,0,0,0,0
1283,1765824175935,0,0,0,0,0,0,0,0
1284,1765824176085,0,0,0,0,0,0,0,0
1285,1765824176352,0,0,0,0,0,0,0,0
1286,1765824176552,0,0,0,0,0,0,0,0
1287,1765824176751,0,0,0,0,0,0,0,0
1288,1765824177235,0,0,0,0,0,0,0,0
1289,1765824177468,0,0,0,0,0,0,0,0
1290,1765824177701,0,0,0,0,0,0,0,0
1291,1765824177901,0,0,0,0,0,0,0,0
1292,1765824178152,0,0,0,0,0,0,0,0
1293,1765824178418,0,0,0,0,0,0,0,0
1294,1765824178635,0,0,0,0,0,0,0,0
1295,1765824178835,0,0,0,0,0,0,0,0
1296,1765824179035,0,0,0,0,0,0,0,0
1297,1765824179318,0,0,0,0,0,0,0,0
1298,1765824179518,0,0,0,0,0,0,0,0
1299,1765824179752,0,0,0,0,0,0,0,0
1300,1765824179952,0,0,0,0,0,0,0,0
1301,1765824180169,0,0,0,0,0,0,0,0
1302,1765824180402,0,0,0,0,0,0,0,0
1303,1765824180518,0,0,0,0,0,0,0,0
1304,1765824180735,0,0,0,0,0,0,0,0
1305,1765824180935,0,0,0,0,0,0,0,0
1306,1765824181185,0,0,0,0,0,0,0,0
1307,1765824182702,0,0,0,0,0,0,0,0
1308,1765824182935,0,0,0,0,0,0,0,0
1309,1765824183168,0,0,0,0,0,0,0,0
1310,1765824183402,0,0,0,0,0,0,0,0
1311,1765824183602,0,0,0,0,0,0,0,0
1312,1765824184018,0,0,0,0,0,0,0,0
1313,1765824184285,0,0,0,0,0,0,0,0
1314,1765824184685,0,0,0,0,0,0,0,0
1315,1765824185052,0,0,0,0,0,0,0,0
1316,1765824185201,0,0,0,0,0,0,0,0
1317,1765824185468,0,0,0,0,0,0,0,0
1318,1765824185618,0,0,0,0,0,0,0,0
1319,1765824185852,0,0,0,0,0,0,0,0
1320,1765824186068,0,0,0,0,0,0,0,0
1321,1765824186335,0,0,0,0,0,0,0,0
1322,1765824186518,0,0,0,0,0,0,0,0
1323,1765824186735,0,0,0,0,0,0,0,0
1324,1765824186935,0,0,0,0,0,0,0,0
1325,1765824187168,0,0,0,0,0,0,0,0
1326,1765824193968,0,0,0,0,0,0,0,0
1327,1765824194151,0,0,0,0,0,0,0,0
1328,1765824194418,0,0,0,0,0,0,0,0
1329,1765824194701,0,0,0,0,0,0,0,0
1330,1765824194935,0,0,0,0,0,0,0,0
1331,1765824195102,0,0,0,0,0,0,0,0
1332,1765824195285,0,0,0,0,0,0,0,0
1333,1765824195519,0,0,0,0,0,0,0,0
1334,1765824195752,0,0,0,0,0,0,0,0
1335,1765824199203,0,0,0,0,0,0,0,0
1336,1765824392932,0,0,0,0,0,0,0,0
1337,1765824393117,0,0,0,0,0,0,0,0
1338,1765824393349,0,0,0,0,0,0,0,0
1339,1765824393583,0,0,0,0,0,0,0,0
1340,1765824393833,0,0,0,0,0,0,0,0
1341,1765824394049,0,0,0,0,0,0,0,0
1342,1765824394249,0,0,0,0,0,0,0,0
1343,1765824395366,0,0,0,0,0,0,0,0
1344,1765824397732,0,0,0,0,0,0,0,0
1345,1765824398066,0,0,0,0,0,0,0,0
1346,1765824398199,0,0,0,0,0,0,0,0
1347,1765824398449,0,0,0,0,0,0,0,0
1348,1765824399749,0,0,0,0,0,0,0,0
1349,1765824400165,0,0,0,0,0,0,0,0
1350,1765824400215,0,0,0,0,0,0,0,0
1351,1765824400465,0,0,0,0,0,0,0,0
1352,1765824401732,0,0,0,0,0,0,0,0
1353,1765824401983,0,0,0,0,0,0,0,0
1354,1765824402199,0,0,0,0,0,0,0,0
1355,1765824402399,0,0,0,0,0,0,0,0
1356,1765824402632,0,0,0,0,0,0,0,0
1357,1765824405015,0,0,0,0,0,0,0,0
1358,1765824405232,0,0,0,0,0,0,0,0
1359,1765824405432,0,0,0,0,0,0,0,0
1360,1765824407449,0,0,0,0,0,0,0,0
1361,1765824407631,0,0,0,0,0,0,0,0
1362,1765824407865,0,0,0,0,0,0,0,0
1363,1765824409781,0,0,0,0,0,0,0,0
1364,1765824410015,0,0,0,0,0,0,0,0
1365,1765824410232,0,0,0,0,0,0,0,0
1366,1765824410432,0,0,0,0,0,0,0,0
1367,1765824411148,0,0,0,0,0,0,0,0
1368,1765824411299,0,0,0,0,0,0,0,0
1369,1765824411499,0,0,0,0,0,0,0,0
1370,1765824411965,0,0,0,0,0,0,0,0
1371,1765824415781,0,0,0,0,0,0,0,0
1372,1765824415999,0,0,0,0,0,0,0,0
1373,1765824416215,0,0,0,0,0,0,0,0
1374,1765824420849,0,0,0,0,0,0,0,0
1375,1765824422482,0,0,0,0,0,0,0,0
1376,1765824641530,0,0,0,0,0,0,0,0
1377,1765824641680,0,0,0,0,0,0,0,0
1378,1765824641946,0,0,0,0,0,0,0,0
1379,1765824643912,0,0,0,0,0,0,0,0
1380,1765824644996,0,0,0,0,0,0,0,0
1381,1765824648529,0,0,0,0,0,0,0,0
1382,1765824648795,0,0,0,0,0,0,0,0
1383,1765824649128,0,0,0,0,0,0,0,0
1384,1765824651397,0,0,0,0,0,0,0,0
1385,1765824651528,0,0,0,0,0,0,0,0
1386,1765824651995,0,0,0,0,0,0,0,0
1387,1765824652196,0,0,0,0,0,0,0,0
1388,1765824652413,0,0,0,0,0,0,0,0
1389,1765824652579,0,0,0,0,0,0,0,0
1390,1765824652862,0,0,0,0,0,0,0,0
1391,1765824654095,0,0,0,0,0,0,0,0
1392,1765824654296,0,0,0,0,0,0,0,0
1393,1765824654496,0,0,0,0,0,0,0,0
1394,1765824656348,0,0,0,0,0,0,0,0
1395,1765824656563,0,0,0,0,0,0,0,0
1396,1765824656797,0,0,0,0,0,0,0,0
1397,1765824657546,0,0,0,0,0,0,0,0
1398,1765824658446,0,0,2,0,0,0,0,0
1399,1765824660929,0,0,2,0,0,0,0,0
1400,1765824661346,0,0,2,0,0,0,0,0
1401,1765824663429,0,0,2,0,0,0,0,0
1402,1765824663613,0,0,2,0,0,0,0,0
1403,1765824663829,0,0,2,0,0,0,0,0
1404,1765824664696,0,0,2,0,0,0,0,0
1405,1765824665029,0,0,2,0,0,0,0,0
1406,1765824665279,0,0,2,0,0,0,0,0
1407,1765824666096,0,0,2,0,0,0,0,0
1408,1765824666346,0,0,2,0,0,0,0,0
1409,1765824667179,0,0,2,0,0,0,0,0
1410,1765824667346,0,0,2,0,0,0,0,0
1411,1765824667612,0,0,2,0,0,0,0,0
1412,1765824667746,0,0,2,0,0,0,0,0
1413,1765824667979,0,0,2,0,0,0,0,0
1414,1765824668229,0,0,2,0,0,0,0,0
1415,1765824668629,0,0,2,0,0,0,0,0
1416,1765824668862,0,0,2,0,0,0,0,0
1417,1765824669379,0,0,2,0,0,0,0,0
1418,1765824669662,0,0,2,0,0,0,0,0
1419,1765824669746,0,0,2,0,0,0,0,0
1420,1765824670662,0,0,2,0,0,0,0,0
1421,1765824670929,0,0,2,0,0,0,0,0
1422,1765824671079,0,0,2,0,0,0,0,0
1423,1765824671296,0,0,2,0,0,0,0,0
1424,1765824672096,0,0,2,0,0,0,0,0
1425,1765824672362,0,0,2,0,0,0,0,0
1426,1765824673246,0,0,2,0,0,0,0,0
1427,1765824673595,0,0,2,0,0,0,0,0
1428,1765824673629,0,0,2,0,0,0,0,0
1429,1765824674229,0,0,2,0,0,0,0,0
1430,1765824676012,0,0,2,0,0,0,0,0
1431,1765824676562,0,0,2,0,0,0,0,0
1432,1765824676912,0,0,2,0,0,0,0,0
1433,1765824677894,0,0,2,0,0,0,0,0
1434,1765824678162,0,0,2,0,0,0,0,0
1435,1765824678346,0,0,2,0,0,0,0,0
1436,1765824678979,0,0,2,0,0,0,0,0
1437,1765824679429,0,0,2,0,0,0,0,0
1438,1765824679762,0,0,2,0,0,0,0,0
1439,1765824680862,0,0,2,0,0,0,0,0
1440,1765824681112,0,0,2,0,0,0,0,0
1441,1765824681662,0,0,2,0,0,0,0,0
1442,1765824681896,0,0,2,0,0,0,0,0
1443,1765824682546,0,0,2,0,0,0,0,0
1444,1765824682812,0,0,2,0,0,0,0,0
1445,1765824683812,0,0,2,0,0,0,0,0
1446,1765824684995,0,0,2,0,0,0,0,0
1447,1765824685362,0,0,2,0,0,0,0,0
1448,1765824686395,0,0,2,0,0,0,0,0
1449,1765824688695,0,0,2,0,0,0,0,0
1450,1765824689045,0,0,2,0,0,0,0,0
1451,1765824690111,0,0,2,0,0,0,0,0
1452,1765824691129,0,0,2,0,0,0,0,0
1453,1765824692429,0,0,2,0,0,0,0,0
1454,1765824695261,0,0,2,0,0,0,0,0
1455,1765824696846,0,0,2,0,0,0,0,0
1456,1765824697062,0,0,2,0,0,0,0,0
1457,1765824697262,0,0,2,0,0,0,0,0
1458,1765824697779,0,0,2,0,0,0,0,0
1459,1765824697912,0,0,2,0,0,0,0,0
1460,1765824698529,0,0,2,0,0,0,0,0
1461,1765824698745,0,0,2,0,0,0,0,0
1462,1765824698996,0,0,2,0,0,0,0,0
1463,1765824699196,0,0,2,0,0,0,0,0
1464,1765824699395,0,0,2,0,0,0,0,0
1465,1765824699812,0,0,2,0,0,0,0,0
1466,1765824700745,0,0,2,0,0,0,0,0
1467,1765824700962,0,0,2,0,0,0,0,0
1468,1765824701145,0,0,2,0,0,0,0,0
1469,1765824701379,0,0,2,0,0,0,0,0
1470,1765824701612,0,0,2,0,0,0,0,0
1471,1765824702062,0,0,2,0,0,0,0,0
1472,1765824702195,0,0,2,0,0,0,0,0
