index,date,SLACE_1,SLAVE_2,SLAVE_3,SLAVE_4,1,2,3,4
0,1765902320885,0,0,0,0,0,0,0,0
1,1765902321335,0,0,0,0,0,0,0,0
2,1765902322202,0,0,0,0,0,0,0,0
3,1765902322469,0,0,0,0,0,0,0,0
4,1765902322652,0,0,0,0,0,0,0,0
5,1765902322785,0,0,0,0,0,0,0,0
6,1765902322986,0,0,0,0,0,0,0,0
7,1765902323286,0,0,0,0,0,0,0,0
8,1765902323487,0,0,0,0,0,0,0,0
9,1765902324118,0,0,0,0,0,0,0,0
10,1765902324403,0,0,0,0,0,0,0,0
11,1765902324901,0,0,0,0,0,0,0,0
12,1765902325551,0,0,0,0,0,0,0,0
13,1765902325902,0,0,0,0,0,0,0,0
14,1765902326202,0,0,0,0,0,0,0,0
15,1765902326385,0,0,0,0,0,0,0,0
16,1765902326619,0,0,0,0,0,0,0,0
17,1765902326835,0,0,0,0,0,0,0,0
18,1765902327002,0,0,0,0,0,0,0,0
19,1765902327352,0,0,0,0,0,0,0,0
20,1765902327585,0,0,0,0,0,0,0,0
21,1765902327835,0,0,0,0,0,0,0,0
22,1765902328035,0,0,0,0,0,0,0,0
23,1765902328635,0,0,0,0,0,0,0,0
24,1765902329002,0,0,0,0,0,0,0,0
25,1765902329152,0,0,0,0,0,0,0,0
26,1765902329451,0,0,0,0,0,0,0,0
27,1765902331051,0,0,0,0,0,0,0,0
28,1765902331818,0,0,0,0,0,0,0,0
29,1765902332202,0,0,0,0,0,0,0,0
30,1765902332752,0,0,0,0,0,0,0,0
31,1765902333502,0,0,0,0,0,0,0,0
32,1765902333785,0,0,0,0,0,0,0,0
33,1765902334285,0,0,0,0,0,0,0,0
34,1765902334785,0,0,0,0,0,0,0,0
35,1765902335068,0,0,0,0,0,0,0,0
36,1765902335352,0,0,0,0,0,0,0,0
37,1765902335451,0,0,0,0,0,0,0,0
38,1765902335685,0,0,0,0,0,0,0,0
39,1765902336417,0,0,0,0,0,0,0,0
40,1765902336852,0,0,0,0,0,0,0,0
41,1765902337218,0,0,0,0,0,0,0,0
42,1765902337518,0,0,0,0,0,0,0,0
43,1765902338051,0,0,0,0,0,0,0,0
44,1765902338368,0,0,0,0,0,0,0,0
45,1765902338718,0,0,0,0,0,0,0,0
46,1765902339085,0,0,0,0,0,0,0,0
47,1765902339635,0,0,0,0,0,0,0,0
48,1765902339935,0,0,0,0,0,0,0,0
49,1765902340518,0,0,0,0,0,0,0,0
50,1765902341001,0,0,0,0,0,0,0,0
51,1765902341818,0,0,0,0,0,0,0,0
52,1765902341951,0,0,0,0,0,0,0,0
53,1765902342718,0,0,0,0,0,0,0,0
54,1765902342968,0,0,0,0,0,0,0,0
55,1765902344468,0,0,0,0,0,0,0,0
56,1765902344785,0,0,0,0,0,0,0,0
57,1765902345352,0,0,0,0,0,0,0,0
58,1765902345668,3072,2304,25088,24576,0,0,0,0
59,1765902345968,0,0,0,0,0,0,0,0
60,1765902346084,0,0,0,0,0,0,0,0
61,1765902346300,0,0,0,0,0,0,0,0
62,1765902346918,0,0,0,0,0,0,0,0
63,1765902347035,0,0,0,0,0,0,0,0
64,1765902348368,0,0,0,0,0,0,0,0
65,1765902348735,0,0,0,0,0,0,0,0
66,1765902349318,0,0,0,0,0,0,0,0
67,1765902349552,0,0,0,0,0,0,0,0
68,1765902349801,0,0,0,0,0,0,0,0
69,1765902350267,0,0,0,0,0,0,0,0
70,1765902350868,0,0,0,0,0,0,0,0
71,1765902351525,0,0,0,0,0,0,0,0
72,1765902351868,0,0,0,0,0,0,0,0
73,1765902352101,0,0,0,0,0,0,0,0
74,1765902352318,0,0,0,0,0,0,0,0
75,1765902352618,0,0,0,0,0,0,0,0
76,1765902352920,0,0,0,0,0,0,0,0
77,1765902353151,0,0,0,0,0,0,0,0
78,1765902353336,0,0,0,0,0,0,0,0
79,1765902353385,0,0,0,0,0,0,0,0
80,1765902353601,0,0,0,0,0,0,0,0
81,1765902354118,0,0,0,0,0,0,0,0
82,1765902354302,0,0,0,0,0,0,0,0
83,1765902354885,0,0,0,0,0,0,0,0
84,1765902355351,0,0,0,0,0,0,0,0
85,1765902355451,0,0,0,0,0,0,0,0
86,1765902356054,0,0,0,0,0,0,0,0
87,1765902356152,0,0,0,0,0,0,0,0
88,1765902356936,0,0,0,0,0,0,0,0
89,1765902357701,0,0,0,0,0,0,0,0
90,1765902358770,0,0,0,0,0,0,0,0
91,1765902358901,0,0,0,0,0,0,0,0
92,1765902359568,0,0,0,0,0,0,0,0
93,1765902359752,0,0,0,0,0,0,0,0
94,1765902361184,0,0,0,0,0,0,0,0
95,1765902361867,0,0,0,0,0,0,0,0
96,1765902362052,0,0,0,0,0,0,0,0
97,1765902362435,0,0,0,0,0,0,0,0
98,1765902362901,0,0,0,0,0,0,0,0
99,1765902363236,0,0,0,0,0,0,0,0
100,1765902363719,0,0,0,0,0,0,0,0
101,1765902364102,0,0,0,0,0,0,0,0
102,1765902364301,0,0,0,0,0,0,0,0
103,1765902364668,0,0,0,0,0,0,0,0
104,1765902365269,0,0,0,0,0,0,0,0
105,1765902366118,0,0,0,0,0,0,0,0
106,1765902366752,0,0,0,0,0,0,0,0
107,1765902366870,0,0,0,0,0,0,0,0
108,1765902367551,0,0,0,0,0,0,0,0
109,1765902368319,0,0,0,0,0,0,0,0
110,1765902369052,0,0,0,0,0,0,0,0
111,1765902369802,0,0,0,0,0,0,0,0
112,1765902370269,0,0,0,0,0,0,0,0
113,1765902370851,0,0,0,0,0,0,0,0
114,1765902371185,0,0,0,0,0,0,0,0
115,1765902371385,0,0,0,0,0,0,0,0
116,1765902371633,0,0,0,0,0,0,0,0
117,1765902371685,0,0,0,0,0,0,0,0
118,1765902371902,0,0,0,0,0,0,0,0
119,1765902372168,0,0,0,0,0,0,0,0
120,1765902372466,0,0,0,0,0,0,0,0
121,1765902372918,0,0,0,0,0,0,0,0
122,1765902373035,0,0,0,0,0,0,0,0
123,1765902373368,0,0,0,24576,0,0,0,0
124,1765902374017,0,0,0,0,0,0,0,0
125,1765902374450,0,0,0,0,0,0,0,0
126,1765902375368,0,0,0,0,0,0,0,0
127,1765902375585,0,0,0,0,0,0,0,0
128,1765902375938,0,0,0,0,0,0,0,0
129,1765902376235,0,0,0,0,0,0,0,0
130,1765902376435,0,0,0,0,0,0,0,0
131,1765902377601,0,0,0,0,0,0,0,0
132,1765902378135,0,0,0,0,0,0,0,0
133,1765902378552,0,0,0,0,0,0,0,0
134,1765902379234,0,0,0,0,0,0,0,0
135,1765902379584,0,0,0,0,0,0,0,0
136,1765902379918,0,0,0,0,0,0,0,0
137,1765902380201,0,0,0,0,0,0,0,0
138,1765902380402,0,0,0,0,0,0,0,0
139,1765902381017,0,0,0,0,0,0,0,0
140,1765902381135,0,0,0,0,0,0,0,0
141,1765902381685,0,0,0,0,0,0,0,0
142,1765902382750,0,0,0,0,0,0,0,0
143,1765902383668,0,0,0,0,0,0,0,0
144,1765902384135,0,0,0,0,0,0,0,0
145,1765902385151,0,0,0,0,0,0,0,0
146,1765902386135,0,0,0,0,0,0,0,0
147,1765902387017,0,0,0,0,0,0,0,0
148,1765902390052,0,0,0,0,0,0,0,0
149,1765902392269,0,0,0,0,0,0,0,0
150,1765902393504,0,0,0,0,0,0,0,0
151,1765902393934,0,0,0,0,0,0,0,0
152,1765902394919,0,0,0,0,0,0,0,0
153,1765902395668,0,0,0,0,0,0,0,0
154,1765902396535,0,0,0,0,0,0,0,0
155,1765902396635,0,0,0,0,0,0,0,0
156,1765902396836,0,0,0,0,0,0,0,0
157,1765902397018,0,0,0,0,0,0,0,0
158,1765902398019,0,0,0,0,0,0,0,0
159,1765902398302,0,0,0,0,0,0,0,0
160,1765902398902,0,0,0,0,0,0,0,0
161,1765902399119,0,0,0,0,0,0,0,0
162,1765902399467,0,0,0,0,0,0,0,0
163,1765902399667,0,0,0,0,0,0,0,0
164,1765902399787,0,0,0,0,0,0,0,0
165,1765902400235,0,0,0,0,0,0,0,0
166,1765902400553,0,0,0,0,0,0,0,0
167,1765902400886,0,0,0,0,0,0,0,0
168,1765902400918,0,0,0,0,0,0,0,0
169,1765902401669,0,0,0,0,0,0,0,0
170,1765902403703,0,0,0,0,0,0,0,0
171,1765902404319,0,0,0,0,0,0,0,0
172,1765902404536,0,0,0,0,0,0,0,0
173,1765902405318,0,0,0,0,0,0,0,0
174,1765902406103,0,0,0,0,0,0,0,0
175,1765902406652,0,0,0,0,0,0,0,0
176,1765902407185,0,0,0,0,0,0,0,0
177,1765902408085,0,0,0,0,0,0,0,0
178,1765902408434,0,0,0,0,0,0,0,0
179,1765902408636,0,0,0,0,0,0,0,0
180,1765902409435,0,0,0,0,0,0,0,0
181,1765902409735,0,0,0,0,0,0,0,0
182,1765902409986,0,0,0,0,0,0,0,0
183,1765902410786,0,0,0,0,0,0,0,0
184,1765902410918,0,0,0,0,0,0,0,0
185,1765902411135,0,0,0,0,0,0,0,0
186,1765902411902,0,0,0,0,0,0,0,0
187,1765902413219,0,0,0,0,0,0,0,0
188,1765902413886,0,0,0,0,0,0,0,0
189,1765902414019,0,0,0,0,0,0,0,0
190,1765902414102,0,0,0,0,0,0,0,0
191,1765902415185,0,0,0,0,0,0,0,0
192,1765902415569,0,0,0,0,0,0,0,0
193,1765902415885,0,0,0,0,0,0,0,0
194,1765902416135,0,0,0,0,0,0,0,0
195,1765902416785,0,0,0,0,0,0,0,0
196,1765902417302,0,0,0,0,0,0,0,0
197,1765902417385,0,0,0,0,0,0,0,0
198,1765902418302,0,0,0,0,0,0,0,0
199,1765902418785,0,0,0,0,0,0,0,0
200,1765902419502,0,0,0,0,0,0,0,0
201,1765902419902,0,0,0,0,0,0,0,0
202,1765902420101,0,0,0,0,0,0,0,0
203,1765902420701,0,0,0,0,0,0,0,0
204,1765902420919,0,0,0,0,0,0,0,0
205,1765902421285,0,0,0,0,0,0,0,0
206,1765902421819,0,0,0,0,0,0,0,0
207,1765902422619,0,0,0,0,0,0,0,0
208,1765902423585,0,0,0,0,0,0,0,0
209,1765902424467,0,0,0,0,0,0,0,0
210,1765902424853,0,0,0,0,0,0,0,0
211,1765902425268,0,0,0,0,0,0,0,0
212,1765902425702,0,0,0,0,0,0,0,0
213,1765902426118,0,0,0,0,0,0,0,0
214,1765902427285,0,0,0,0,0,0,0,0
215,1765902427736,0,0,0,0,0,0,0,0
216,1765902428052,0,0,0,0,0,0,0,0
217,1765902428218,0,0,0,0,0,0,0,0
218,1765902429168,0,0,0,0,0,0,0,0
219,1765902430117,0,0,0,0,0,0,0,0
220,1765902430350,0,0,0,0,0,0,0,0
221,1765902430533,0,0,0,0,0,0,0,0
222,1765902430952,0,0,0,0,0,0,0,0
223,1765902431402,0,0,0,0,0,0,0,0
224,1765902431919,0,0,0,0,0,0,0,0
225,1765902432036,0,0,0,0,0,0,0,0
226,1765902432618,0,0,0,0,0,0,0,0
227,1765902432802,0,0,0,0,0,0,0,0
228,1765902433169,0,0,0,0,0,0,0,0
229,1765902434484,0,0,0,0,0,0,0,0
230,1765902434785,0,0,0,0,0,0,0,0
231,1765902435251,0,0,0,0,0,0,0,0
232,1765902435468,0,0,0,0,0,0,0,0
233,1765902435768,0,0,0,0,0,0,0,0
234,1765902435868,0,0,0,0,0,0,0,0
235,1765902436086,0,0,0,0,0,0,0,0
236,1765902436417,0,0,0,0,0,0,0,0
237,1765902436819,0,0,0,0,0,0,0,0
238,1765902437019,0,0,0,0,0,0,0,0
239,1765902437318,0,0,0,0,0,0,0,0
240,1765902438219,0,0,0,0,0,0,0,0
241,1765902438536,0,0,0,0,0,0,0,0
242,1765902438885,0,0,0,0,0,0,0,0
243,1765902439085,0,0,0,0,0,0,0,0
244,1765902439302,0,0,0,0,0,0,0,0
245,1765902439502,0,0,0,0,0,0,0,0
246,1765902440485,0,0,0,0,0,0,0,0
247,1765902440668,0,0,0,0,0,0,0,0
248,1765902441002,0,0,0,0,0,0,0,0
249,1765902441366,0,0,0,0,0,0,0,0
250,1765902441485,0,0,0,0,0,0,0,0
251,1765902442469,0,0,0,0,0,0,0,0
252,1765902443218,0,0,0,0,0,0,0,0
253,1765902443668,0,0,0,0,0,0,0,0
254,1765902443768,0,0,0,0,0,0,0,0
255,1765902444086,0,0,0,0,0,0,0,0
256,1765902444768,0,0,0,0,0,0,0,0
257,1765902445836,0,0,0,0,0,0,0,0
258,1765902446819,0,0,0,0,0,0,0,0
259,1765902447517,0,0,0,0,0,0,0,0
260,1765902447752,0,0,0,0,0,0,0,0
261,1765902448285,0,0,0,0,0,0,0,0
262,1765902449034,0,0,0,0,0,0,0,0
263,1765902449718,0,0,0,0,0,0,0,0
264,1765902450035,0,0,0,0,0,0,0,0
265,1765902450585,0,0,0,0,0,0,0,0
266,1765902450719,0,0,0,0,0,0,0,0
267,1765902451618,0,0,0,0,0,0,0,0
268,1765902453267,0,0,0,0,0,0,0,0
269,1765902453851,0,0,0,0,0,0,0,0
270,1765902454151,0,0,0,0,0,0,0,0
271,1765902455635,0,0,0,0,0,0,0,0
272,1765902456534,0,0,0,0,0,0,0,0
273,1765902456817,0,0,0,0,0,0,0,0
274,1765902457068,0,0,0,0,0,0,0,0
275,1765902457918,0,0,0,0,0,0,0,0
276,1765902458018,0,0,0,0,0,0,0,0
277,1765902458218,0,0,0,0,0,0,0,0
278,1765902458652,0,0,0,0,0,0,0,0
279,1765902459001,0,0,0,0,0,0,0,0
280,1765902459985,0,0,0,0,0,0,0,0
281,1765902460085,0,0,0,0,0,0,0,0
282,1765902461268,0,0,0,0,0,0,0,0
283,1765902462102,0,0,0,0,0,0,0,0
284,1765902462302,0,0,0,0,0,0,0,0
285,1765902462618,0,0,0,0,0,0,0,0
286,1765902462917,0,0,0,0,0,0,0,0
287,1765902464201,0,0,0,0,0,0,0,0
288,1765902464702,0,0,0,0,0,0,0,0
289,1765902465002,0,0,0,0,0,0,0,0
290,1765902465535,0,0,0,0,0,0,0,0
291,1765902465818,0,0,0,0,0,0,0,0
292,1765902466468,0,0,0,0,0,0,0,0
293,1765902466751,0,0,0,0,0,0,0,0
294,1765902467068,0,0,0,0,0,0,0,0
295,1765902467501,0,0,0,0,0,0,0,0
296,1765902469433,0,0,0,0,0,0,0,0
297,1765902469635,0,0,0,0,0,0,0,0
298,1765902469703,0,0,0,0,0,0,0,0
299,1765902469867,0,0,0,0,0,0,0,0
300,1765902470400,0,0,0,0,0,0,0,0
301,1765902471950,0,0,0,0,0,0,0,0
302,1765902472118,0,0,0,0,0,0,0,0
303,1765902472333,0,0,0,0,0,0,0,0
304,1765902472400,0,0,0,0,0,0,0,0
305,1765902473484,0,0,0,0,0,0,0,0
306,1765902474618,0,0,0,0,0,0,0,0
307,1765902475118,0,0,0,0,0,0,0,0
308,1765902476368,0,0,0,0,0,0,0,0
309,1765902476868,0,0,0,0,0,0,0,0
310,1765902477152,0,0,0,0,0,0,0,0
311,1765902478652,0,0,0,0,0,0,0,0
312,1765902478968,0,0,0,0,0,0,0,0
313,1765902479335,0,0,0,0,0,0,0,0
314,1765902479451,0,0,0,0,0,0,0,0
315,1765902479785,32693,65461,212,0,0,0,0,0
316,1765902480101,0,0,0,0,0,0,0,0
317,1765902480569,0,0,0,0,0,0,0,0
318,1765902481434,0,0,0,0,0,0,0,0
319,1765902481568,0,0,0,0,0,0,0,0
320,1765902482052,0,0,0,0,0,0,0,0
321,1765902482418,0,0,0,0,0,0,0,0
322,1765902482619,0,0,0,0,0,0,0,0
323,1765902483017,0,0,0,0,0,0,0,0
324,1765902483333,0,0,0,0,0,0,0,0
325,1765902483485,0,0,0,0,0,0,0,0
326,1765902483884,0,0,0,0,0,0,0,0
327,1765902484433,0,43272,12,0,0,0,0,0
328,1765902484667,0,0,0,0,0,0,0,0
329,1765902484866,0,0,0,0,0,0,0,0
330,1765902485000,0,0,0,0,0,0,0,0
331,1765902485351,0,0,0,0,0,0,0,0
332,1765902485868,0,0,0,0,0,0,0,0
333,1765902486084,0,0,0,0,0,0,0,0
334,1765902486435,0,0,0,0,0,0,0,0
335,1765902486635,0,0,0,0,0,0,0,0
336,1765902486749,0,0,0,0,0,0,0,0
337,1765902486918,0,0,0,0,0,0,0,0
338,1765902487085,0,0,0,0,0,0,0,0
339,1765902487234,0,0,0,0,0,0,0,0
340,1765902488067,0,0,0,0,0,0,0,0
341,1765902488301,0,0,0,0,0,0,0,0
342,1765902488852,0,0,0,0,0,0,0,0
343,1765902489919,0,0,0,0,0,0,0,0
344,1765902490135,0,0,0,0,0,0,0,0
345,1765902490935,0,0,0,0,0,0,0,0
346,1765902491451,0,0,0,0,0,0,0,0
347,1765902491918,0,0,0,0,0,0,0,0
348,1765902492068,0,0,0,0,0,0,0,0
349,1765902492418,0,0,0,0,0,0,0,0
350,1765902492635,0,0,0,0,0,0,0,0
351,1765902492734,0,0,0,0,0,0,0,0
352,1765902493151,0,0,0,0,0,0,0,0
353,1765902493268,0,0,0,0,0,0,0,0
354,1765902493517,0,0,0,0,0,0,0,0
355,1765902494350,0,0,0,0,0,0,0,0
356,1765902494535,0,0,0,0,0,0,0,0
357,1765902495202,0,0,0,0,0,0,0,0
358,1765902495852,0,0,0,0,0,0,0,0
359,1765902496518,0,0,0,0,0,0,0,0
360,1765902496702,0,0,0,0,0,0,0,0
361,1765902497218,0,0,0,0,0,0,0,0
362,1765902497918,0,0,0,0,0,0,0,0
363,1765902498502,0,0,0,0,0,0,0,0
364,1765902499001,0,0,0,0,0,0,0,0
365,1765902500167,0,0,0,0,0,0,0,0
366,1765902500417,0,0,0,0,0,0,0,0
367,1765902501068,0,0,0,0,0,0,0,0
368,1765902501235,0,0,0,0,0,0,0,0
369,1765902501535,0,0,0,0,0,0,0,0
370,1765902501886,0,0,0,0,0,0,0,0
371,1765902502353,0,0,0,0,0,0,0,0
372,1765902502917,0,0,0,0,0,0,0,0
373,1765902503217,0,0,0,0,0,0,0,0
374,1765902503718,0,0,0,0,0,0,0,0
375,1765902504018,0,0,0,0,0,0,0,0
376,1765902504501,0,0,0,0,0,0,0,0
377,1765902504734,0,0,0,0,0,0,0,0
378,1765902504901,0,0,0,0,0,0,0,0
379,1765902505016,0,0,0,0,0,0,0,0
380,1765902505035,0,0,0,0,0,0,0,0
381,1765902505602,0,0,0,0,0,0,0,0
382,1765902506133,0,0,0,0,0,0,0,0
383,1765902506635,0,0,0,0,0,0,0,0
384,1765902508835,0,0,0,0,0,0,0,0
385,1765902509585,0,0,0,0,0,0,0,0
386,1765902509800,0,0,0,0,0,0,0,0
387,1765902510185,0,0,0,0,0,0,0,0
388,1765902510468,0,0,0,0,0,0,0,0
389,1765902510584,0,0,0,0,0,0,0,0
390,1765902513151,0,0,0,0,0,0,0,0
391,1765902514701,0,0,0,0,0,0,0,0
392,1765902515383,0,0,0,0,0,0,0,0
393,1765902515700,0,0,0,0,0,0,0,0
394,1765902516367,0,0,0,0,0,0,0,0
395,1765902516568,0,0,0,0,0,0,0,0
396,1765902517586,0,0,0,0,0,0,0,0
397,1765902517818,0,0,0,0,0,0,0,0
398,1765902518000,0,0,0,0,0,0,0,0
399,1765902518232,0,0,0,0,0,0,0,0
400,1765902518684,0,0,0,0,0,0,0,0
401,1765902518768,0,0,0,0,0,0,0,0
402,1765902518884,0,0,0,0,0,0,0,0
403,1765902519335,0,0,0,0,0,0,0,0
404,1765902519552,0,0,0,0,0,0,0,0
405,1765902520218,0,0,0,0,0,0,0,0
406,1765902520568,0,0,0,0,0,0,0,0
407,1765902521052,0,0,0,0,0,0,0,0
408,1765902521732,0,0,0,0,0,0,0,0
409,1765902522051,0,0,0,0,0,0,0,0
410,1765902522768,0,0,0,0,0,0,0,0
411,1765902523118,0,0,0,0,0,0,0,0
412,1765902523585,0,0,0,0,0,0,0,0
413,1765902523785,0,0,0,0,0,0,0,0
414,1765902523817,0,0,0,0,0,0,0,0
415,1765902524534,0,0,0,0,0,0,0,0
416,1765902525200,0,0,0,0,0,0,0,0
417,1765902525419,0,0,0,0,0,0,0,0
418,1765902525966,0,0,0,0,0,0,0,0
419,1765902526151,0,0,0,0,0,0,0,0
420,1765902526450,0,0,0,0,0,0,0,0
421,1765902526567,0,0,0,0,0,0,0,0
422,1765902527668,0,0,0,0,0,0,0,0
423,1765902527885,0,0,0,0,0,0,0,0
424,1765902528517,0,0,0,0,0,0,0,0
425,1765902528818,0,0,0,0,0,0,0,0
426,1765902529218,0,0,0,0,0,0,0,0
427,1765902529801,0,0,0,0,0,0,0,0
428,1765902530450,0,0,0,0,0,0,0,0
429,1765902530768,0,0,0,0,0,0,0,0
430,1765902530884,0,0,0,0,0,0,0,0
431,1765902531084,0,0,0,0,0,0,0,0
432,1765902531483,0,0,0,0,0,0,0,0
433,1765902532552,0,0,0,0,0,0,0,0
434,1765902533301,0,0,0,0,0,0,0,0
435,1765902533518,0,0,0,0,0,0,0,0
436,1765902534349,0,0,0,0,0,0,0,0
437,1765902535184,0,0,0,0,0,0,0,0
438,1765902535535,0,0,0,0,0,0,0,0
439,1765902535735,0,0,0,0,0,0,0,0
440,1765902536185,0,0,0,0,0,0,0,0
441,1765902536717,0,0,0,0,0,0,0,0
442,1765902536934,0,0,0,0,0,0,0,0
443,1765902537485,0,0,0,0,0,0,0,0
444,1765902537618,0,0,0,0,0,0,0,0
445,1765902537965,0,0,0,0,0,0,0,0
446,1765902538167,0,0,0,0,0,0,0,0
447,1765902538500,0,0,0,0,0,0,0,0
448,1765902539417,0,0,0,0,0,0,0,0
449,1765902539636,0,0,0,0,0,0,0,0
450,1765902540049,0,0,0,0,0,0,0,0
451,1765902540616,0,0,0,0,0,0,0,0
452,1765902541016,0,0,0,0,0,0,0,0
453,1765902541782,0,0,0,0,0,0,0,0
454,1765902543735,0,0,0,0,0,0,0,0
455,1765902543935,0,0,0,0,0,0,0,0
456,1765902544285,0,0,0,0,0,0,0,0
457,1765902544567,0,0,0,0,0,0,0,0
458,1765902545067,0,0,0,0,0,0,0,0
459,1765902545916,0,0,0,0,0,0,0,0
460,1765902547082,0,0,0,0,0,0,0,0
461,1765902547266,0,0,0,0,0,0,0,0
462,1765902547600,0,0,0,0,0,0,0,0
463,1765902547849,0,0,0,0,0,0,0,0
464,1765902548217,0,0,0,0,0,0,0,0
465,1765902548433,0,0,0,0,0,0,0,0
466,1765902549568,0,0,0,0,0,0,0,0
467,1765902549916,0,0,0,0,0,0,0,0
468,1765902550282,0,0,0,0,0,0,0,0
469,1765902552217,0,0,0,0,0,0,0,0
470,1765902552567,0,0,0,0,0,0,0,0
471,1765902553333,0,0,0,0,0,0,0,0
472,1765902553549,0,0,0,0,0,0,0,0
473,1765902553983,0,0,0,0,0,0,0,0
474,1765902554232,0,0,0,0,0,0,0,0
475,1765902554551,0,0,0,0,0,0,0,0
476,1765902554751,0,0,0,0,0,0,0,0
477,1765902556732,0,0,0,0,0,0,0,0
478,1765902557184,0,0,0,0,0,0,0,0
479,1765902557202,0,0,0,0,0,0,0,0
480,1765902557734,0,0,0,0,0,0,0,0
481,1765902558050,0,0,0,0,0,0,0,0
482,1765902558367,0,0,0,0,0,0,0,0
483,1765902558651,0,0,0,0,0,0,0,0
484,1765902558651,0,0,0,0,0,0,0,0
485,1765902558851,0,0,0,0,0,0,0,0
486,1765902559169,0,0,0,0,0,0,0,0
487,1765902559366,0,0,0,0,0,0,0,0
488,1765902560633,0,0,0,0,0,0,0,0
489,1765902561500,0,0,0,0,0,0,0,0
490,1765902561750,0,0,0,0,0,0,0,0
491,1765902561849,0,0,0,0,0,0,0,0
492,1765902562166,0,0,0,0,0,0,0,0
493,1765902564218,0,0,0,0,0,0,0,0
494,1765902565586,0,0,0,0,0,0,0,0
495,1765902565917,0,0,0,0,0,0,0,0
496,1765902566234,0,0,0,0,0,0,0,0
497,1765902567033,0,0,0,0,0,0,0,0
498,1765902567103,0,0,0,0,0,0,0,0
499,1765902567585,0,0,0,0,0,0,0,0
500,1765902568200,0,0,0,0,0,0,0,0
501,1765902568866,0,0,0,0,0,0,0,0
502,1765902569499,0,0,0,0,0,0,0,0
503,1765902570401,0,0,0,0,0,0,0,0
504,1765902570699,0,0,0,0,0,0,0,0
505,1765902571351,0,0,0,0,0,0,0,0
506,1765902572766,0,0,0,0,0,0,0,0
507,1765902573183,0,0,0,0,0,0,0,0
508,1765902574199,0,0,0,0,0,0,0,0
509,1765902574565,0,0,0,0,0,0,0,0
510,1765902576649,0,0,0,0,0,0,0,0
511,1765902576782,0,0,0,0,0,0,0,0
512,1765902577651,0,0,0,0,0,0,0,0
513,1765902578335,0,0,0,0,0,0,0,0
514,1765902578633,0,0,0,0,0,0,0,0
515,1765902578716,0,0,0,0,0,0,0,0
516,1765902579234,0,0,0,0,0,0,0,0
517,1765902579500,0,0,0,0,0,0,0,0
518,1765902579950,0,0,0,0,0,0,0,0
519,1765902581666,0,0,0,0,0,0,0,0
520,1765902581765,0,0,0,0,0,0,0,0
521,1765902582150,0,0,0,0,0,0,0,0
522,1765902582717,0,0,0,0,0,0,0,0
523,1765902583266,0,0,0,0,0,0,0,0
524,1765902583949,0,0,0,0,0,0,0,0
525,1765902584649,0,0,0,0,0,0,0,0
526,1765902584851,0,0,0,0,0,0,0,0
527,1765902585168,0,0,0,0,0,0,0,0
528,1765902586517,0,0,0,0,0,0,0,0
529,1765902586951,0,0,0,0,0,0,0,0
530,1765902587832,0,0,0,0,0,0,0,0
531,1765902587934,0,0,0,0,0,0,0,0
532,1765902588616,0,0,0,0,0,0,0,0
533,1765902588934,0,0,0,0,0,0,0,0
534,1765902589534,0,0,0,0,0,0,0,0
535,1765902590735,0,0,0,0,0,0,0,0
536,1765902591417,0,0,0,0,0,0,0,0
537,1765902591768,0,0,0,0,0,0,0,0
538,1765902592999,0,0,0,0,0,0,0,0
539,1765902593385,0,0,0,0,0,0,0,0
540,1765902593933,0,0,0,0,0,0,0,0
541,1765902594351,0,0,0,0,0,0,0,0
542,1765902594667,0,0,0,0,0,0,0,0
543,1765902595317,0,0,0,0,0,0,0,0
544,1765902595515,0,0,0,0,0,0,0,0
545,1765902596119,0,0,0,0,0,0,0,0
546,1765902596316,0,0,0,0,0,0,0,0
547,1765902596601,0,0,0,0,0,0,0,0
548,1765902596918,0,0,0,0,0,0,0,0
549,1765902597133,0,0,0,0,0,0,0,0
550,1765902597783,0,0,0,0,0,0,0,0
551,1765902598134,0,0,0,0,0,0,0,0
552,1765902598732,0,0,0,0,0,0,0,0
553,1765902599015,0,0,0,0,0,0,0,0
554,1765902600065,0,0,0,0,0,0,0,0
555,1765902600600,0,0,0,0,0,0,0,0
556,1765902600933,0,0,0,0,0,0,0,0
557,1765902601216,0,0,0,0,0,0,0,0
558,1765902601651,0,0,0,0,0,0,0,0
559,1765902601999,0,0,0,0,0,0,0,0
560,1765902602434,0,0,0,0,0,0,0,0
561,1765902602865,0,0,0,0,0,0,0,0
562,1765902603083,0,0,0,0,0,0,0,0
563,1765902603383,0,0,0,0,0,0,0,0
564,1765902603582,0,0,0,0,0,0,0,0
565,1765902604132,0,0,0,0,0,0,0,0
566,1765902604349,0,0,0,0,0,0,0,0
567,1765902605734,0,0,0,0,0,0,0,0
568,1765902606466,0,0,0,0,0,0,0,0
569,1765902607466,0,0,0,0,0,0,0,0
570,1765902607665,0,0,0,0,0,0,0,0
571,1765902607949,0,0,0,0,0,0,0,0
572,1765902608917,0,0,0,0,0,0,0,0
573,1765902609799,0,0,0,0,0,0,0,0
574,1765902610000,0,0,0,0,0,0,0,0
575,1765902610133,0,0,0,0,0,0,0,0
576,1765902610432,0,0,0,0,0,0,0,0
577,1765902611018,0,0,0,0,0,0,0,0
578,1765902611268,0,0,0,0,0,0,0,0
579,1765902611833,0,0,0,0,0,0,0,0
580,1765902612283,0,0,0,0,0,0,0,0
581,1765902612482,0,0,0,0,0,0,0,0
582,1765902612600,0,0,0,0,0,0,0,0
583,1765902613335,0,0,0,0,0,0,0,0
584,1765902613632,0,0,0,0,0,0,0,0
585,1765902614266,0,0,0,0,0,0,0,0
586,1765902614333,0,0,0,0,0,0,0,0
587,1765902615099,0,0,0,0,0,0,0,0
588,1765902615235,0,0,0,0,0,0,0,0
589,1765902615432,0,0,0,0,0,0,0,0
590,1765902615666,0,0,0,0,0,0,0,0
591,1765902616815,0,0,0,0,0,0,0,0
592,1765902617152,0,0,0,0,0,0,0,0
593,1765902617268,0,0,0,0,0,0,0,0
594,1765902617600,0,0,0,0,0,0,0,0
595,1765902618034,0,0,0,0,0,0,0,0
596,1765902618333,0,0,0,0,0,0,0,0
597,1765902618535,0,0,0,0,0,0,0,0
598,1765902619349,0,0,0,0,0,0,0,0
599,1765902620132,0,0,0,0,0,0,0,0
600,1765902620433,0,0,0,0,0,0,0,0
601,1765902620567,0,0,0,0,0,0,0,0
602,1765902620949,0,0,0,0,0,0,0,0
603,1765902621283,0,0,0,0,0,0,0,0
604,1765902621584,0,0,0,0,0,0,0,0
605,1765902623100,0,0,0,0,0,0,0,0
606,1765902623216,0,0,0,0,0,0,0,0
607,1765902623801,0,0,0,0,0,0,0,0
608,1765902625183,0,0,0,0,0,0,0,0
609,1765902625899,0,0,0,0,0,0,0,0
610,1765902626248,0,0,0,0,0,0,0,0
611,1765902627733,0,0,0,0,0,0,0,0
612,1765902627884,0,0,0,0,0,0,0,0
613,1765902628101,0,0,0,0,0,0,0,0
614,1765902629268,0,0,0,0,0,0,0,0
615,1765902629582,0,0,0,0,0,0,0,0
616,1765902629732,0,0,0,0,0,0,0,0
617,1765902630816,0,0,0,0,0,0,0,0
618,1765902631166,0,0,0,0,0,0,0,0
619,1765902631734,0,0,0,0,0,0,0,0
620,1765902632052,0,0,0,0,0,0,0,0
621,1765902632298,0,0,0,0,0,0,0,0
622,1765902632451,0,0,0,0,0,0,0,0
623,1765902632785,0,0,0,0,0,0,0,0
624,1765902632785,0,0,0,0,0,0,0,0
625,1765902633752,0,0,0,0,0,0,0,0
626,1765902634482,0,0,0,0,0,0,0,0
627,1765902634583,0,0,0,0,0,0,0,0
628,1765902634783,0,0,0,0,0,0,0,0
629,1765902635451,0,0,0,0,0,0,0,0
630,1765902636017,0,0,0,0,0,0,0,0
631,1765902637383,0,0,0,0,0,0,0,0
632,1765902637482,0,0,0,0,0,0,0,0
633,1765902638348,0,0,0,0,0,0,0,0
634,1765902638432,0,0,0,0,0,0,0,0
635,1765902638817,0,0,0,0,0,0,0,0
636,1765902639011,0,0,0,0,0,0,0,0
637,1765902639234,0,0,0,0,0,0,0,0
638,1765902639932,0,0,0,0,0,0,0,0
639,1765902640231,0,0,0,0,0,0,0,0
640,1765902640365,0,0,0,0,0,0,0,0
641,1765902642433,0,0,0,0,0,0,0,0
642,1765902642583,0,0,0,0,0,0,0,0
643,1765902643567,0,0,0,0,0,0,0,0
644,1765902643883,0,0,0,0,0,0,0,0
645,1765902644184,0,0,0,0,0,0,0,0
646,1765902644267,0,0,0,0,0,0,0,0
647,1765902644434,0,0,0,0,0,0,0,0
648,1765902644682,0,0,0,0,0,0,0,0
649,1765902645832,0,0,0,0,0,0,0,0
650,1765902646632,0,0,0,0,0,0,0,0
651,1765902646982,0,0,0,0,0,0,0,0
652,1765902647315,0,0,0,0,0,0,0,0
653,1765902647715,0,0,0,0,0,0,0,0
654,1765902648365,0,0,0,0,0,0,0,0
655,1765902649449,0,0,0,0,0,0,0,0
656,1765902650298,0,0,0,0,0,0,0,0
657,1765902651583,0,0,0,0,0,0,0,0
658,1765902652668,0,0,0,0,0,0,0,0
659,1765902652899,0,0,0,0,0,0,0,0
660,1765902653982,0,0,0,0,0,0,0,0
661,1765902655683,0,0,0,0,0,0,0,0
662,1765902656065,0,0,0,0,0,0,0,0
663,1765902656816,0,0,0,0,0,0,0,0
664,1765902657365,0,0,0,0,0,0,0,0
665,1765902658615,0,0,0,0,0,0,0,0
666,1765902658950,0,0,0,0,0,0,0,0
667,1765902659315,0,0,0,0,0,0,0,0
668,1765902659950,0,0,0,0,0,0,0,0
669,1765902660383,0,0,0,0,0,0,0,0
670,1765902660616,0,0,0,0,0,0,0,0
671,1765902661966,0,0,0,0,0,0,0,0
672,1765902662184,0,0,0,0,0,0,0,0
673,1765902663133,0,0,0,0,0,0,0,0
674,1765902664200,0,0,0,0,0,0,0,0
675,1765902664432,0,0,0,0,0,0,0,0
676,1765902664717,0,0,0,0,0,0,0,0
677,1765902665165,0,0,0,0,0,0,0,0
678,1765902665866,0,0,0,0,0,0,0,0
679,1765902666051,0,0,0,0,0,0,0,0
680,1765902666749,0,0,0,0,0,0,0,0
681,1765902667081,0,0,0,0,0,0,0,0
682,1765902667515,0,0,0,0,0,0,0,0
683,1765902668365,0,0,0,0,0,0,0,0
684,1765902669466,0,0,0,0,0,0,0,0
685,1765902669832,0,0,0,0,0,0,0,0
686,1765902670451,0,0,0,0,0,0,0,0
687,1765902670632,0,0,0,0,0,0,0,0
688,1765902670749,0,0,0,0,0,0,0,0
689,1765902673549,0,0,0,0,0,0,0,0
690,1765902673881,0,0,0,0,0,0,0,0
691,1765902674616,1024,10,0,0,0,0,0,0
692,1765902674665,0,0,0,0,0,0,0,0
693,1765902675034,0,0,0,0,0,0,0,0
694,1765902675365,0,0,0,0,0,0,0,0
695,1765902675783,0,0,0,0,0,0,0,0
696,1765902676166,0,0,0,0,0,0,0,0
697,1765902677166,0,0,0,0,0,0,0,0
698,1765902677633,0,0,0,0,0,0,0,0
699,1765902677701,0,0,0,0,0,0,0,0
700,1765902678432,0,0,0,0,0,0,0,0
701,1765902679632,0,0,0,0,0,0,0,0
702,1765902680366,0,0,0,0,0,0,0,0
703,1765902680966,0,0,0,0,0,0,0,0
704,1765902681183,0,0,0,0,0,0,0,0
705,1765902681534,0,0,0,0,0,0,0,0
706,1765902681664,0,0,0,0,0,0,0,0
707,1765902682016,0,0,0,0,0,0,0,0
708,1765902682903,0,0,0,0,0,0,0,0
709,1765902683333,0,0,0,0,0,0,0,0
710,1765902683884,0,0,0,0,0,0,0,0
711,1765902683999,0,0,0,0,0,0,0,0
712,1765902684202,0,0,0,0,0,0,0,0
713,1765902684284,0,0,0,0,0,0,0,0
714,1765902684665,0,0,0,0,0,0,0,0
715,1765902684798,0,0,0,0,0,0,0,0
716,1765902685215,0,0,0,0,0,0,0,0
717,1765902685732,0,0,0,0,0,0,0,0
718,1765902686850,0,0,0,0,0,0,0,0
719,1765902688199,0,0,0,0,0,0,0,0
720,1765902688416,0,0,0,0,0,0,0,0
721,1765902688515,0,0,0,0,0,0,0,0
722,1765902689098,0,0,0,0,0,0,0,0
723,1765902691132,0,0,0,0,0,0,0,0
724,1765902691667,0,0,0,0,0,0,0,0
725,1765902692133,0,0,0,0,0,0,0,0
726,1765902692349,0,0,0,0,0,0,0,0
727,1765902693132,0,0,0,0,0,0,0,0
728,1765902695316,0,0,0,0,0,0,0,0
729,1765902695731,0,0,0,0,0,0,0,0
730,1765902697101,0,0,0,0,0,0,0,0
731,1765902697998,0,0,0,0,0,0,0,0
732,1765902698898,0,0,0,0,0,0,0,0
733,1765902699382,0,0,0,0,0,0,0,0
734,1765902700281,0,0,0,0,0,0,0,0
735,1765902700633,0,0,0,0,0,0,0,0
736,1765902700915,0,0,0,0,0,0,0,0
737,1765902701265,0,0,0,0,0,0,0,0
738,1765902701832,0,0,0,0,0,0,0,0
739,1765902702397,0,0,0,0,0,0,0,0
740,1765902703015,0,0,0,0,0,0,0,0
741,1765902704866,0,0,0,0,0,0,0,0
742,1765902705415,0,0,0,0,0,0,0,0
743,1765902705533,0,0,0,0,0,0,0,0
744,1765902705717,0,0,0,0,0,0,0,0
745,1765902706115,0,0,0,0,0,0,0,0
746,1765902706415,0,0,0,0,0,0,0,0
747,1765902707182,0,0,0,0,0,0,0,0
748,1765902707998,0,0,0,0,0,0,0,0
749,1765902708865,0,0,0,0,0,0,0,0
750,1765902709298,0,0,0,0,0,0,0,0
751,1765902710634,0,0,0,0,0,0,0,0
752,1765902710999,0,0,0,0,0,0,0,0
753,1765902711765,0,0,0,0,0,0,0,0
754,1765902712181,0,0,0,0,0,0,0,0
755,1765902712283,0,0,0,0,0,0,0,0
756,1765902713048,0,0,0,0,0,0,0,0
757,1765902713632,0,0,0,0,0,0,0,0
758,1765902713782,0,0,0,0,0,0,0,0
759,1765902714082,0,0,0,0,0,0,0,0
760,1765902714216,0,0,0,0,0,0,0,0
761,1765902714566,0,0,0,0,0,0,0,0
762,1765902715315,0,0,0,0,0,0,0,0
763,1765902716214,0,0,0,0,0,0,0,0
764,1765902716667,0,0,0,0,0,0,0,0
765,1765902716965,0,0,0,0,0,0,0,0
766,1765902717648,0,0,0,0,0,0,0,0
767,1765902754314,0,0,0,0,0,0,0,0
768,1765902754747,0,0,0,0,0,0,0,0
769,1765902755082,0,0,0,0,0,0,0,0
770,1765902755498,0,0,0,0,0,0,0,0
771,1765902755696,0,0,0,0,0,0,0,0
772,1765902756648,0,0,0,0,0,0,0,0
773,1765902757598,0,0,0,0,0,0,0,0
774,1765902758114,0,0,0,0,0,0,0,0
775,1765902758548,0,0,0,0,0,0,0,0
776,1765902758697,0,0,0,0,0,0,0,0
777,1765902759564,0,0,0,0,0,0,0,0
778,1765902759815,0,0,0,0,0,0,0,0
779,1765902760166,0,0,0,0,0,0,0,0
780,1765902761093,0,0,0,0,0,0,0,0
781,1765902761150,0,0,0,0,0,0,0,0
782,1765902761647,0,0,0,0,0,0,0,0
783,1765902762115,0,0,0,0,0,0,0,0
784,1765902762501,0,0,0,0,0,0,0,0
785,1765902762982,0,0,0,0,0,0,0,0
786,1765902763280,0,0,0,0,0,0,0,0
787,1765902763882,0,0,0,0,0,0,0,0
788,1765902764131,0,0,0,0,0,0,0,0
789,1765902765764,0,0,0,0,0,0,0,0
790,1765902766796,0,0,0,0,0,0,0,0
791,1765902767249,0,0,0,0,0,0,0,0
792,1765902767599,0,0,0,0,0,0,0,0
793,1765902768164,0,0,0,0,0,0,0,0
794,1765902768483,0,0,0,0,0,0,0,0
795,1765903181277,0,0,0,0,0,0,0,0
796,1765903182761,0,0,0,0,0,0,0,0
797,1765903183410,0,0,0,0,0,0,0,0
798,1765903183843,0,0,0,0,0,0,0,0
799,1765903184542,0,0,0,0,0,0,0,0
800,1765903184759,0,0,0,0,0,0,0,0
801,1765903184909,0,0,0,0,0,0,0,0
802,1765903185124,0,0,0,0,0,0,0,0
803,1765903185426,0,0,0,0,0,0,0,0
804,1765903185927,0,0,0,0,0,0,0,0
805,1765903186127,0,0,0,0,0,0,0,0
806,1765903186346,0,0,0,0,0,0,0,0
807,1765903187276,0,0,0,0,0,0,0,0
808,1765903187541,0,0,0,0,0,0,0,0
809,1765903188109,0,0,0,0,0,0,0,0
810,1765903188209,0,0,0,0,0,0,0,0
811,1765903188943,0,0,0,0,0,0,0,0
812,1765903191145,0,0,0,0,0,0,0,0
813,1765903191375,0,0,0,0,0,0,0,0
814,1765903191495,0,0,0,0,0,0,0,0
815,1765903191958,0,0,0,0,0,0,0,0
816,1765903191976,0,0,0,0,0,0,0,0
817,1765903192175,0,0,0,0,0,0,0,0
818,1765903192528,0,0,0,0,0,0,0,0
819,1765903193326,0,0,0,0,0,0,0,0
820,1765903194492,0,0,0,0,0,0,0,0
821,1765903194959,0,0,0,0,0,0,0,0
822,1765903195161,0,0,0,0,0,0,0,0
823,1765903196026,0,0,0,0,0,0,0,0
824,1765903196626,0,0,0,0,0,0,0,0
825,1765903196978,0,0,0,0,0,0,0,0
826,1765903197691,0,0,0,0,0,0,0,0
827,1765903198624,0,0,0,0,0,0,0,0
828,1765903198776,0,0,0,0,0,0,0,0
829,1765903199509,0,0,0,0,0,0,0,0
830,1765903199992,0,0,0,0,0,0,0,0
831,1765903200612,0,0,0,0,0,0,0,0
832,1765903200808,0,0,0,0,0,0,0,0
833,1765903200943,0,0,0,0,0,0,0,0
834,1765903201092,0,0,0,0,0,0,0,0
835,1765903201625,0,0,0,0,0,0,0,0
836,1765903202826,0,0,0,0,0,0,0,0
837,1765903204410,0,0,0,0,0,0,0,0
838,1765903205092,0,0,0,0,0,0,0,0
839,1765903205226,0,0,0,0,0,0,0,0
840,1765903205691,0,0,0,0,0,0,0,0
841,1765903206175,0,0,0,0,0,0,0,0
842,1765903206375,0,0,0,0,0,0,0,0
843,1765903206475,0,0,0,0,0,0,0,0
844,1765903207292,0,0,0,0,0,0,0,0
845,1765903207625,0,0,0,0,0,0,0,0
846,1765903208075,0,0,0,0,0,0,0,0
847,1765903208228,0,0,0,0,0,0,0,0
848,1765903208924,0,0,0,0,0,0,0,0
849,1765903211892,0,0,0,0,0,0,0,0
850,1765903212258,0,0,0,0,0,0,0,0
851,1765903212442,0,0,0,0,0,0,0,0
852,1765903212758,0,0,0,0,0,0,0,0
853,1765903213242,0,0,0,0,0,0,0,0
854,1765903214092,0,0,0,0,0,0,0,0
855,1765903216044,0,0,0,0,0,0,0,0
856,1765903216728,0,0,0,0,0,0,0,0
857,1765903217061,0,0,0,0,0,0,0,0
858,1765903217292,0,0,0,0,0,0,0,0
859,1765903218409,0,0,0,0,0,0,0,0
860,1765903218525,0,0,0,0,0,0,0,0
861,1765903219476,0,0,0,0,0,0,0,0
862,1765903219562,0,0,0,0,0,0,0,0
863,1765903219677,0,0,0,0,0,0,0,0
864,1765903219810,0,0,0,0,0,0,0,0
865,1765903220926,0,0,0,0,0,0,0,0
866,1765903221858,0,0,0,0,0,0,0,0
867,1765903222311,0,0,0,0,0,0,0,0
868,1765903223025,0,0,0,0,0,0,0,0
869,1765903225108,0,0,0,0,0,0,0,0
870,1765903226247,0,0,0,0,0,0,0,0
871,1765903226427,0,0,0,0,0,0,0,0
872,1765903226691,0,0,0,0,0,0,0,0
873,1765903227143,0,0,0,0,0,0,0,0
874,1765903227358,0,0,0,0,0,0,0,0
875,1765903227510,0,0,0,0,0,0,0,0
876,1765903227725,0,0,0,0,0,0,0,0
877,1765903228075,0,0,0,0,0,0,0,0
878,1765903228276,0,0,0,0,0,0,0,0
879,1765903229842,0,0,0,0,0,0,0,0
880,1765903231775,0,0,0,0,0,0,0,0
881,1765903232226,0,0,0,0,0,0,0,0
882,1765903233058,0,0,0,0,0,0,0,0
883,1765903233257,0,0,0,0,0,0,0,0
884,1765903233544,0,0,0,0,0,0,0,0
885,1765903233775,0,0,0,0,0,0,0,0
886,1765903233959,0,0,0,0,0,0,0,0
887,1765903234410,0,0,0,0,0,0,0,0
888,1765903234625,0,0,0,0,0,0,0,0
889,1765903235058,0,0,0,0,0,0,0,0
890,1765903235461,0,0,0,0,0,0,0,0
891,1765903235645,0,0,0,0,0,0,0,0
892,1765903236141,0,0,0,0,0,0,0,0
893,1765903236410,0,0,0,0,0,0,0,0
894,1765903236691,0,0,0,0,0,0,0,0
895,1765903237028,0,0,0,0,0,0,0,0
896,1765903237625,0,0,0,0,0,0,0,0
897,1765903238508,0,0,0,0,0,0,0,0
898,1765903238674,0,0,0,0,0,0,0,0
899,1765903239127,0,0,0,0,0,0,0,0
900,1765903239260,0,0,0,0,0,0,0,0
901,1765903239875,0,0,0,0,0,0,0,0
902,1765903240510,0,0,0,0,0,0,0,0
903,1765903241328,0,0,0,0,0,0,0,0
904,1765903243291,0,0,0,0,0,0,0,0
905,1765903243808,0,0,0,0,0,0,0,0
906,1765903244374,0,0,0,0,0,0,0,0
907,1765903245361,0,0,0,0,0,0,0,0
908,1765903246024,0,0,0,0,0,0,0,0
909,1765903246041,0,0,0,0,0,0,0,0
910,1765903247091,0,0,0,0,0,0,0,0
911,1765903247359,0,0,0,0,0,0,0,0
912,1765903247557,0,0,0,0,0,0,0,0
913,1765903247875,0,0,0,0,0,0,0,0
914,1765903247974,0,0,0,0,0,0,0,0
915,1765903248376,0,0,0,0,0,0,0,0
916,1765903248625,0,0,0,0,0,0,0,0
917,1765903251060,0,0,0,0,0,0,0,0
918,1765903251442,0,0,0,0,0,0,0,0
919,1765903251591,0,0,0,0,0,0,0,0
920,1765903252225,0,0,0,0,0,0,0,0
921,1765903252576,0,0,0,0,0,0,0,0
922,1765903252778,0,0,0,0,0,0,0,0
923,1765903253591,0,0,0,0,0,0,0,0
924,1765903253791,0,0,0,0,0,0,0,0
925,1765903254141,0,0,0,0,0,0,0,0
926,1765903254257,0,0,0,0,0,0,0,0
927,1765903254875,0,0,0,0,0,0,0,0
928,1765903255324,0,0,0,0,0,0,0,0
929,1765903255474,0,0,0,0,0,0,0,0
930,1765903256591,0,0,0,0,0,0,0,0
931,1765903257094,0,0,0,0,0,0,0,0
932,1765903258608,0,0,0,0,0,0,0,0
933,1765903259292,0,0,0,0,0,0,0,0
934,1765903259725,0,0,0,0,0,0,0,0
935,1765903259859,0,0,0,0,0,0,0,0
936,1765903260093,0,0,0,0,0,0,0,0
937,1765903260992,0,0,0,0,0,0,0,0
938,1765903261360,0,0,0,0,0,0,0,0
939,1765903262457,0,0,0,0,0,0,0,0
940,1765903263642,0,0,0,0,0,0,0,0
941,1765903264109,0,0,0,0,0,0,0,0
942,1765903265127,0,0,0,0,0,0,0,0
943,1765903265240,0,0,0,0,0,0,0,0
944,1765903265493,0,0,0,0,0,0,0,0
945,1765903265808,0,0,0,0,0,0,0,0
946,1765903266026,0,0,0,0,0,0,0,0
947,1765903266958,0,0,0,0,0,0,0,0
948,1765903267274,0,0,0,0,0,0,0,0
949,1765903267891,0,0,0,0,0,0,0,0
950,1765903268343,0,0,0,0,0,0,0,0
951,1765903269724,0,0,0,0,0,0,0,0
952,1765903270293,0,0,0,0,0,0,0,0
953,1765903270342,0,0,0,0,0,0,0,0
954,1765903271026,0,0,0,0,0,0,0,0
955,1765903271460,0,0,0,0,0,0,0,0
956,1765903271991,0,0,0,0,0,0,0,0
957,1765903272074,0,0,0,0,0,0,0,0
958,1765903272309,0,0,0,0,0,0,0,0
959,1765903272791,0,0,0,0,0,0,0,0
960,1765903272974,0,0,0,0,0,0,0,0
961,1765903273275,0,0,0,0,0,0,0,0
962,1765903273608,0,0,0,0,0,0,0,0
963,1765903274042,0,0,0,0,0,0,0,0
964,1765903274993,0,0,0,0,0,0,0,0
965,1765903275075,0,0,0,0,0,0,0,0
966,1765903275292,0,0,0,0,0,0,0,0
967,1765903275576,0,0,0,0,0,0,0,0
968,1765903275775,0,0,0,0,0,0,0,0
969,1765903275974,0,0,0,0,0,0,0,0
970,1765903276258,0,0,0,0,0,0,0,0
971,1765903276440,0,0,0,0,0,0,0,0
972,1765903277508,0,0,0,0,0,0,0,0
973,1765903278125,0,0,0,0,0,0,0,0
974,1765903278392,0,0,0,0,0,0,0,0
975,1765903278957,0,0,0,0,0,0,0,0
976,1765903279191,0,0,0,0,0,0,0,0
977,1765903279375,0,0,0,0,0,0,0,0
978,1765903279710,0,0,0,0,0,0,0,0
979,1765903279908,0,0,0,0,0,0,0,0
980,1765903280892,0,0,0,0,0,0,0,0
981,1765903281270,0,0,0,0,0,0,0,0
982,1765903281375,0,0,0,0,0,0,0,0
983,1765903282807,0,0,0,0,0,0,0,0
984,1765903283026,0,0,0,0,0,0,0,0
985,1765903283177,0,0,0,0,0,0,0,0
986,1765903283743,0,0,0,0,0,0,0,0
987,1765903283942,0,0,0,0,0,0,0,0
988,1765903284443,0,0,0,0,0,0,0,0
989,1765903285141,0,0,0,0,0,0,0,0
990,1765903285257,0,0,0,0,0,0,0,0
991,1765903285526,0,0,0,0,0,0,0,0
992,1765903286142,0,0,0,0,0,0,0,0
993,1765903287941,0,0,0,0,0,0,0,0
994,1765903288091,0,0,0,0,0,0,0,0
995,1765903289909,0,0,0,0,0,0,0,0
996,1765903290324,0,0,0,0,0,0,0,0
997,1765903291160,0,0,0,0,0,0,0,0
998,1765903291875,0,0,0,0,0,0,0,0
999,1765903292235,0,0,0,0,0,0,0,0
1000,1765903292391,0,0,0,0,0,0,0,0
1001,1765903293144,0,0,0,0,0,0,0,0
1002,1765903294024,0,0,0,0,0,0,0,0
1003,1765903294224,0,0,0,0,0,0,0,0
1004,1765903294710,0,0,0,0,0,0,0,0
1005,1765903295841,0,0,0,0,0,0,0,0
1006,1765903296176,0,0,0,0,0,0,0,0
1007,1765903296644,0,0,0,0,0,0,0,0
1008,1765903297342,0,0,0,0,0,0,0,0
1009,1765903297825,0,0,0,0,0,0,0,0
1010,1765903298290,0,0,0,0,0,0,0,0
1011,1765903298958,0,0,0,0,0,0,0,0
1012,1765903299325,0,0,0,0,0,0,0,0
1013,1765903299542,0,0,0,0,0,0,0,0
1014,1765903299841,0,0,0,0,0,0,0,0
1015,1765903300393,0,0,0,0,0,0,0,0
1016,1765903300826,0,0,0,0,0,0,0,0
1017,1765903301040,0,0,0,0,0,0,0,0
1018,1765903301560,0,0,0,0,0,0,0,0
1019,1765903301807,0,0,0,0,0,0,0,0
1020,1765903302058,0,0,0,0,0,0,0,0
1021,1765903302227,0,0,0,0,0,0,0,0
1022,1765903302307,0,0,0,0,0,0,0,0
1023,1765903302591,0,0,0,0,0,0,0,0
1024,1765903303231,0,0,0,0,0,0,0,0
1025,1765903304076,0,0,0,0,0,0,0,0
1026,1765903304177,0,0,0,0,0,0,0,0
1027,1765903304591,0,0,0,0,0,0,0,0
1028,1765903304773,0,0,0,0,0,0,0,0
1029,1765903305706,0,0,0,0,0,0,0,0
1030,1765903306094,0,0,0,0,0,0,0,0
1031,1765903306241,0,0,0,0,0,0,0,0
1032,1765903306957,0,0,0,0,0,0,0,0
1033,1765903307109,0,0,0,0,0,0,0,0
1034,1765903307592,0,0,0,0,0,0,0,0
1035,1765903307941,0,0,0,0,0,0,0,0
1036,1765903309057,0,0,0,0,0,0,0,0
1037,1765903309491,0,0,0,0,0,0,0,0
1038,1765903309675,0,0,0,0,0,0,0,0
1039,1765903310624,0,0,0,0,0,0,0,0
1040,1765903311191,0,0,0,0,0,0,0,0
1041,1765903311346,0,0,0,0,0,0,0,0
1042,1765903311374,0,0,0,0,0,0,0,0
1043,1765903311542,0,0,0,0,0,0,0,0
1044,1765903312058,0,0,0,0,0,0,0,0
1045,1765903312207,0,0,0,0,0,0,0,0
1046,1765903313091,0,0,0,0,0,0,0,0
1047,1765903313107,0,0,0,0,0,0,0,0
1048,1765903313274,0,0,0,0,0,0,0,0
1049,1765903313441,0,0,0,0,0,0,0,0
1050,1765903313924,0,0,0,0,0,0,0,0
1051,1765903314841,0,0,0,0,0,0,0,0
1052,1765903315473,0,0,0,0,0,0,0,0
1053,1765903316424,0,0,0,0,0,0,0,0
1054,1765903317157,0,0,0,0,0,0,0,0
1055,1765903317258,0,0,0,0,0,0,0,0
1056,1765903317457,0,0,0,0,0,0,0,0
1057,1765903317757,0,0,0,0,0,0,0,0
1058,1765903317924,0,0,0,0,0,0,0,0
1059,1765903319224,0,0,0,0,0,0,0,0
1060,1765903319523,0,0,0,0,0,0,0,0
1061,1765903319991,0,0,0,0,0,0,0,0
1062,1765903320240,0,0,0,0,0,0,0,0
1063,1765903320924,0,0,0,0,0,0,0,0
1064,1765903321208,0,0,0,0,0,0,0,0
1065,1765903321423,0,0,0,0,0,0,0,0
1066,1765903321608,0,0,0,0,0,0,0,0
1067,1765903321907,0,0,0,0,0,0,0,0
1068,1765903322006,0,0,0,0,0,0,0,0
1069,1765903322143,0,0,0,0,0,0,0,0
1070,1765903322307,0,0,0,0,0,0,0,0
1071,1765903323174,0,0,0,0,0,0,0,0
1072,1765903323391,0,0,0,0,0,0,0,0
1073,1765903325197,0,0,0,0,0,0,0,0
1074,1765903325841,0,0,0,0,0,0,0,0
1075,1765903326092,0,0,0,0,0,0,0,0
1076,1765903326290,0,0,0,0,0,0,0,0
1077,1765903326475,0,0,0,0,0,0,0,0
1078,1765903326723,0,0,0,0,0,0,0,0
1079,1765903327275,0,0,0,0,0,0,0,0
1080,1765903328191,0,0,0,0,0,0,0,0
1081,1765903329108,0,0,0,0,0,0,0,0
1082,1765903329724,0,0,0,0,0,0,0,0
1083,1765903329908,0,0,0,0,0,0,0,0
1084,1765903330841,0,0,0,0,0,0,0,0
1085,1765903333373,0,0,0,0,0,0,0,0
1086,1765903333739,0,0,0,0,0,0,0,0
1087,1765903334058,0,0,0,0,0,0,0,0
1088,1765903335542,0,0,0,0,0,0,0,0
1089,1765903336289,0,0,0,0,0,0,0,0
1090,1765903336456,0,0,0,0,0,0,0,0
1091,1765903336506,0,0,0,0,0,0,0,0
1092,1765903336606,0,0,0,0,0,0,0,0
1093,1765903336823,0,0,0,0,0,0,0,0
1094,1765903336922,0,0,0,0,0,0,0,0
1095,1765903337274,0,0,0,0,0,0,0,0
1096,1765903337690,0,0,0,0,0,0,0,0
1097,1765903339023,0,0,0,0,0,0,0,0
1098,1765903339608,0,0,0,0,0,0,0,0
1099,1765903339742,0,0,0,0,0,0,0,0
1100,1765903342608,0,0,0,0,0,0,0,0
1101,1765903345355,0,0,0,0,0,0,0,0
1102,1765903345355,0,0,0,0,0,0,0,0
1103,1765903345355,0,0,0,0,0,0,0,0
1104,1765903345356,0,0,0,0,0,0,0,0
1105,1765903345356,0,0,0,0,0,0,0,0
1106,1765903345626,0,0,0,0,0,0,0,0
1107,1765903347776,0,0,0,0,0,0,0,0
1108,1765903348274,0,0,0,0,0,0,0,0
1109,1765903348472,0,0,0,0,0,0,0,0
1110,1765903348841,0,0,0,0,0,0,0,0
1111,1765903348857,0,0,0,0,0,0,0,0
1112,1765903349257,0,0,0,0,0,0,0,0
1113,1765903350557,0,0,0,0,0,0,0,0
1114,1765903350692,0,0,0,0,0,0,0,0
1115,1765903350973,0,0,0,0,0,0,0,0
1116,1765903351123,0,0,0,0,0,0,0,0
1117,1765903352756,0,0,0,0,0,0,0,0
1118,1765903352958,0,0,0,0,0,0,0,0
1119,1765903353442,0,0,0,0,0,0,0,0
1120,1765903354225,0,0,0,0,0,0,0,0
1121,1765903354475,0,0,0,0,0,0,0,0
1122,1765903354906,0,0,0,0,0,0,0,0
1123,1765903355707,0,0,0,0,0,0,0,0
1124,1765903355893,0,0,0,0,0,0,0,0
1125,1765903356057,0,0,0,0,0,0,0,0
1126,1765903356224,0,0,0,0,0,0,0,0
1127,1765903356542,0,0,0,0,0,0,0,0
1128,1765903356941,0,0,0,0,0,0,0,0
1129,1765903357325,0,0,0,0,0,0,0,0
1130,1765903357806,0,0,0,0,0,0,0,0
1131,1765903358023,0,0,0,0,0,0,0,0
1132,1765903358208,0,0,0,0,0,0,0,0
1133,1765903359041,0,0,0,0,0,0,0,0
1134,1765903359474,0,0,0,0,0,0,0,0
1135,1765903359726,0,0,0,0,0,0,0,0
1136,1765903359825,0,0,0,0,0,0,0,0
1137,1765903360139,0,0,0,0,0,0,0,0
1138,1765903360406,0,0,0,0,0,0,0,0
1139,1765903361225,0,0,0,0,0,0,0,0
1140,1765903362274,0,0,0,0,0,0,0,0
1141,1765903362726,0,0,0,0,0,0,0,0
1142,1765903364060,0,0,0,0,0,0,0,0
1143,1765903364326,0,0,0,0,0,0,0,0
1144,1765903364640,0,0,0,0,0,0,0,0
1145,1765903364924,0,0,0,0,0,0,0,0
1146,1765903366242,0,0,0,0,0,0,0,0
1147,1765903366857,0,0,0,0,0,0,0,0
1148,1765903367141,0,0,0,0,0,0,0,0
1149,1765903367977,0,0,0,0,0,0,0,0
1150,1765903368341,0,0,0,0,0,0,0,0
1151,1765903368956,0,0,0,0,0,0,0,0
1152,1765903369192,0,0,0,0,0,0,0,0
1153,1765903369306,0,0,0,0,0,0,0,0
1154,1765903369665,0,0,0,0,0,0,0,0
1155,1765903370307,0,0,0,0,0,0,0,0
1156,1765903371507,0,0,0,0,0,0,0,0
1157,1765903372140,0,0,0,0,0,0,0,0
1158,1765903373091,0,0,0,0,0,0,0,0
1159,1765903373525,0,0,0,0,0,0,0,0
1160,1765903373690,0,0,0,0,0,0,0,0
1161,1765903374223,0,0,0,0,0,0,0,0
1162,1765903374542,0,0,0,0,0,0,0,0
1163,1765903374791,0,0,0,0,0,0,0,0
1164,1765903375207,0,0,0,0,0,0,0,0
1165,1765903375389,0,0,0,0,0,0,0,0
1166,1765903376341,0,0,0,0,0,0,0,0
1167,1765903377043,0,0,0,0,0,0,0,0
1168,1765903377274,0,0,0,0,0,0,0,0
1169,1765903378107,0,0,0,0,0,0,0,0
1170,1765903378173,0,0,0,0,0,0,0,0
1171,1765903378456,0,0,0,0,0,0,0,0
1172,1765903378723,0,0,0,0,0,0,0,0
1173,1765903379640,0,0,0,0,0,0,0,0
1174,1765903380615,0,0,0,0,0,0,0,0
1175,1765903381206,0,0,0,0,0,0,0,0
1176,1765903381873,0,0,0,0,0,0,0,0
1177,1765903382142,0,0,0,0,0,0,0,0
1178,1765903383175,0,0,0,0,0,0,0,0
1179,1765903383823,0,0,0,0,0,0,0,0
1180,1765903383973,0,0,0,0,0,0,0,0
1181,1765903384425,0,0,0,0,0,0,0,0
1182,1765903384590,0,0,0,0,0,0,0,0
1183,1765903385106,0,0,0,0,0,0,0,0
1184,1765903385292,0,0,0,0,0,0,0,0
1185,1765903385622,0,0,0,0,0,0,0,0
1186,1765903385824,0,0,0,0,0,0,0,0
1187,1765903386143,0,0,0,0,0,0,0,0
1188,1765903386823,0,0,0,0,0,0,0,0
1189,1765903387790,0,0,0,0,0,0,0,0
1190,1765903389490,0,0,0,0,0,0,0,0
1191,1765903390073,0,0,0,0,0,0,0,0
1192,1765903390674,0,0,0,0,0,0,0,0
1193,1765903390825,0,0,0,0,0,0,0,0
1194,1765903391274,0,0,0,0,0,0,0,0
1195,1765903391598,0,0,0,0,0,0,0,0
1196,1765903392123,0,0,0,0,0,0,0,0
1197,1765903424557,0,0,0,0,0,0,0,0
1198,1765903424874,0,0,0,0,0,0,0,0
1199,1765903425009,0,0,0,0,0,0,0,0
1200,1765903425508,0,0,0,0,0,0,0,0
1201,1765903426439,0,0,0,0,0,0,0,0
1202,1765903426641,0,0,0,0,0,0,0,0
1203,1765903427124,0,0,0,0,0,0,0,0
1204,1765903427656,0,0,0,0,0,0,0,0
1205,1765903428494,0,0,0,0,0,0,0,0
1206,1765903428822,0,0,0,0,0,0,0,0
1207,1765903429322,0,0,0,0,0,0,0,0
1208,1765903429789,0,0,0,0,0,0,0,0
1209,1765903430225,0,0,0,0,0,0,0,0
1210,1765903430422,0,0,0,0,0,0,0,0
1211,1765903430923,0,0,0,0,0,0,0,0
1212,1765903431741,0,0,0,0,0,0,0,0
1213,1765903432274,0,0,0,0,0,0,0,0
1214,1765903432488,0,0,0,0,0,0,0,0
1215,1765903433122,0,0,0,0,0,0,0,0
1216,1765903433256,0,0,0,0,0,0,0,0
1217,1765903433622,0,0,0,0,0,0,0,0
1218,1765903434209,0,0,0,0,0,0,0,0
1219,1765903434822,0,0,0,0,0,0,0,0
1220,1765903435072,0,0,0,0,0,0,0,0
1221,1765903435592,0,0,0,0,0,0,0,0
1222,1765903437390,0,0,0,0,0,0,0,0
1223,1765903438191,0,0,0,0,0,0,0,0
1224,1765903438555,0,0,0,0,0,0,0,0
1225,1765903439022,0,0,0,0,0,0,0,0
1226,1765903439141,0,0,0,0,0,0,0,0
1227,1765903439273,0,0,0,0,0,0,0,0
1228,1765903439655,0,0,0,0,0,0,0,0
1229,1765903440240,0,0,0,0,0,0,0,0
1230,1765903440590,0,0,0,0,0,0,0,0
1231,1765903441575,0,0,0,0,0,0,0,0
1232,1765903441806,0,0,0,0,0,0,0,0
1233,1765903444107,0,0,0,0,0,0,0,0
1234,1765903444206,0,0,0,0,0,0,0,0
1235,1765903444756,0,0,0,0,0,0,0,0
1236,1765903445157,0,0,0,0,0,0,0,0
1237,1765903445876,0,0,0,0,0,0,0,0
1238,1765903446307,0,0,0,0,0,0,0,0
1239,1765903446789,0,0,0,0,0,0,0,0
1240,1765903447625,0,0,0,0,0,0,0,0
1241,1765903448423,0,0,0,0,0,0,0,0
1242,1765903448891,0,0,0,0,0,0,0,0
1243,1765903449324,0,0,0,0,0,0,0,0
1244,1765903449938,0,0,0,0,0,0,0,0
1245,1765903450572,0,0,0,0,0,0,0,0
1246,1765903450856,0,0,0,0,0,0,0,0
1247,1765903451023,0,0,0,0,0,0,0,0
1248,1765903451222,0,0,0,0,0,0,0,0
1249,1765903451239,0,0,0,0,0,0,0,0
1250,1765903451807,0,0,0,0,0,0,0,0
1251,1765903453706,0,0,0,0,0,0,0,0
1252,1765903453855,0,0,0,0,0,0,0,0
1253,1765903454392,0,0,0,0,0,0,0,0
1254,1765903454522,0,0,0,0,0,0,0,0
1255,1765903455109,0,0,0,0,0,0,0,0
1256,1765903455256,0,0,0,0,0,0,0,0
1257,1765903455755,0,0,0,0,0,0,0,0
1258,1765903456841,0,0,0,0,0,0,0,0
1259,1765903456955,0,0,0,0,0,0,0,0
1260,1765903458056,0,0,0,0,0,0,0,0
1261,1765903460556,0,0,0,0,0,0,0,0
1262,1765903461273,0,0,0,0,0,0,0,0
1263,1765903462091,0,0,0,0,0,0,0,0
1264,1765903462755,0,0,0,0,0,0,0,0
1265,1765903463157,0,0,0,0,0,0,0,0
1266,1765903463708,0,0,0,0,0,0,0,0
1267,1765903465173,0,0,0,0,0,0,0,0
1268,1765903465355,0,0,0,0,0,0,0,0
1269,1765903465588,0,0,0,0,0,0,0,0
1270,1765903466322,0,0,0,0,0,0,0,0
1271,1765903468275,0,0,0,0,0,0,0,0
1272,1765903468839,0,0,0,0,0,0,0,0
1273,1765903469755,0,0,0,0,0,0,0,0
1274,1765903470055,0,0,0,0,0,0,0,0
1275,1765903470907,0,0,0,0,0,0,0,0
1276,1765903471355,0,0,0,0,0,0,0,0
1277,1765903471922,0,0,0,0,0,0,0,0
1278,1765903472122,0,0,0,0,0,0,0,0
1279,1765903472373,0,0,0,0,0,0,0,0
1280,1765903472624,0,0,0,0,0,0,0,0
1281,1765903472955,0,0,0,0,0,0,0,0
1282,1765903474309,0,0,0,0,0,0,0,0
1283,1765903474656,0,0,0,0,0,0,0,0
1284,1765903475093,0,0,0,0,0,0,0,0
1285,1765903475706,0,0,0,0,0,0,0,0
1286,1765903475906,0,0,0,0,0,0,0,0
1287,1765903476274,0,0,0,0,0,0,0,0
1288,1765903477045,0,0,0,0,0,0,0,0
1289,1765903477508,0,0,0,0,0,0,0,0
1290,1765903478273,0,0,0,0,0,0,0,0
1291,1765903479755,0,0,0,0,0,0,0,0
1292,1765903480105,0,0,0,0,0,0,0,0
1293,1765903480705,0,0,0,0,0,0,0,0
1294,1765903481421,0,0,0,0,0,0,0,0
1295,1765903481772,0,0,0,0,0,0,0,0
1296,1765903483240,0,0,0,0,0,0,0,0
1297,1765903483622,0,0,0,0,0,0,0,0
1298,1765903483923,0,0,0,0,0,0,0,0
1299,1765903484339,0,0,0,0,0,0,0,0
1300,1765903485905,0,0,0,0,0,0,0,0
1301,1765903486255,0,0,0,0,0,0,0,0
1302,1765903486488,0,0,0,0,0,0,0,0
1303,1765903487539,0,0,0,0,0,0,0,0
1304,1765903487708,0,0,0,0,0,0,0,0
1305,1765903488047,0,0,0,0,0,0,0,0
1306,1765903488406,0,0,0,0,0,0,0,0
1307,1765903490090,0,0,0,0,0,0,0,0
1308,1765903490291,0,0,0,0,0,0,0,0
1309,1765903490489,0,0,0,0,0,0,0,0
1310,1765903490739,0,0,0,0,0,0,0,0
1311,1765903491240,0,0,0,0,0,0,0,0
1312,1765903491439,0,0,0,0,0,0,0,0
1313,1765903491889,0,0,0,0,0,0,0,0
1314,1765903492372,0,0,0,0,0,0,0,0
1315,1765903492758,0,0,0,0,0,0,0,0
1316,1765903493306,0,0,0,0,0,0,0,0
1317,1765903493622,0,0,0,0,0,0,0,0
1318,1765903494875,0,0,0,0,0,0,0,0
1319,1765903497255,0,0,0,0,0,0,0,0
1320,1765903497490,0,0,0,0,0,0,0,0
1321,1765903497841,0,0,0,0,0,0,0,0
1322,1765903499156,0,0,0,0,0,0,0,0
1323,1765903499355,0,0,0,0,0,0,0,0
1324,1765903500038,0,0,0,0,0,0,0,0
1325,1765903500157,0,0,0,0,0,0,0,0
1326,1765903501055,0,0,0,0,0,0,0,0
1327,1765903501488,0,0,0,0,0,0,0,0
1328,1765903502038,0,0,0,0,0,0,0,0
1329,1765903502592,0,0,0,0,0,0,0,0
1330,1765903502872,0,0,0,0,0,0,0,0
1331,1765903503490,0,0,0,0,0,0,0,0
1332,1765903503723,0,0,0,0,0,0,0,0
1333,1765903504474,0,0,0,0,0,0,0,0
1334,1765903504906,0,0,0,0,0,0,0,0
1335,1765903505856,0,0,0,0,0,0,0,0
1336,1765903506873,0,0,0,0,0,0,0,0
1337,1765903508038,0,0,0,0,0,0,0,0
1338,1765903508138,0,0,0,0,0,0,0,0
1339,1765903509091,0,0,0,0,0,0,0,0
1340,1765903509505,0,0,0,0,0,0,0,0
1341,1765903509973,0,0,0,0,0,0,0,0
1342,1765903510088,0,0,0,0,0,0,0,0
1343,1765903511039,0,0,0,0,0,0,0,0
1344,1765903511521,0,0,0,0,0,0,0,0
1345,1765903512191,0,0,0,0,0,0,0,0
1346,1765903512554,0,0,0,0,0,0,0,0
1347,1765903512804,0,0,0,0,0,0,0,0
1348,1765903513024,0,0,0,0,0,0,0,0
1349,1765903513121,0,0,0,0,0,0,0,0
1350,1765903513455,0,0,0,0,0,0,0,0
1351,1765903514523,0,0,0,0,0,0,0,0
1352,1765903515357,0,0,0,0,0,0,0,0
1353,1765903515923,0,0,0,0,0,0,0,0
1354,1765903516855,0,0,0,0,0,0,0,0
1355,1765903518223,0,0,0,0,0,0,0,0
1356,1765903518588,0,0,0,0,0,0,0,0
1357,1765903518872,0,0,0,0,0,0,0,0
1358,1765903519439,0,0,0,0,0,0,0,0
1359,1765903520038,0,0,0,0,0,0,0,0
1360,1765903520188,0,0,0,0,0,0,0,0
1361,1765903520505,0,0,0,0,0,0,0,0
1362,1765903521206,0,0,0,0,0,0,0,0
1363,1765903521888,0,0,0,0,0,0,0,0
1364,1765903522089,0,0,0,0,0,0,0,0
1365,1765903522372,0,0,0,0,0,0,0,0
1366,1765903523107,0,0,0,0,0,0,0,0
1367,1765903523325,0,0,0,0,0,0,0,0
1368,1765903524007,0,0,0,0,0,0,0,0
1369,1765903525954,0,0,0,0,0,0,0,0
1370,1765903526121,0,0,0,0,0,0,0,0
1371,1765903526338,0,0,0,0,0,0,0,0
1372,1765903526788,0,0,0,0,0,0,0,0
1373,1765903527273,0,0,0,0,0,0,0,0
1374,1765903527589,0,0,0,0,0,0,0,0
1375,1765903528872,0,0,0,0,0,0,0,0
1376,1765903529092,0,0,0,0,0,0,0,0
1377,1765903529871,0,0,0,0,0,0,0,0
1378,1765903530305,0,0,0,0,0,0,0,0
1379,1765903530471,0,0,0,0,0,0,0,0
1380,1765903530788,0,0,0,0,0,0,0,0
1381,1765903531088,0,0,0,0,0,0,0,0
1382,1765903531438,0,0,0,0,0,0,0,0
1383,1765903531942,0,0,0,0,0,0,0,0
1384,1765903532690,0,0,0,0,0,0,0,0
1385,1765903533954,0,0,0,0,0,0,0,0
1386,1765903534271,0,0,0,0,0,0,0,0
1387,1765903534671,0,0,0,0,0,0,0,0
1388,1765903534857,0,0,0,0,0,0,0,0
1389,1765903535404,0,0,0,0,0,0,0,0
1390,1765903535557,0,0,0,0,0,0,0,0
1391,1765903536123,0,0,0,0,0,0,0,0
1392,1765903537574,0,0,0,0,0,0,0,0
1393,1765903538004,0,0,0,0,0,0,0,0
1394,1765903538571,0,0,0,0,0,0,0,0
1395,1765903539405,0,0,0,0,0,0,0,0
1396,1765903539621,0,0,0,0,0,0,0,0
1397,1765903539921,0,0,0,0,0,0,0,0
1398,1765903540239,0,0,0,0,0,0,0,0
1399,1765903540788,0,0,0,0,0,0,0,0
1400,1765903541455,0,0,0,0,0,0,0,0
1401,1765903542038,0,0,0,0,0,0,0,0
1402,1765903542388,0,0,0,0,0,0,0,0
1403,1765903545506,0,0,0,0,0,0,0,0
1404,1765903546256,0,0,0,0,0,0,0,0
1405,1765903547188,0,0,0,0,0,0,0,0
1406,1765903548004,0,0,0,0,0,0,0,0
1407,1765903548406,0,0,0,0,0,0,0,0
1408,1765903548905,0,0,0,0,0,0,0,0
1409,1765903549121,0,0,0,0,0,0,0,0
1410,1765903549575,0,0,0,0,0,0,0,0
1411,1765903550172,0,0,0,0,0,0,0,0
1412,1765903552856,0,0,0,0,0,0,0,0
1413,1765903553040,0,0,0,0,0,0,0,0
1414,1765903553455,0,0,0,0,0,0,0,0
1415,1765903553938,0,0,0,0,0,0,0,0
1416,1765903554276,0,0,0,0,0,0,0,0
1417,1765903554473,0,0,0,0,0,0,0,0
1418,1765903554688,0,0,0,0,0,0,0,0
1419,1765903555021,0,0,0,0,0,0,0,0
1420,1765903555422,0,0,0,0,0,0,0,0
1421,1765903555890,0,0,0,0,0,0,0,0
1422,1765903556191,0,0,0,0,0,0,0,0
1423,1765903556688,0,0,0,0,0,0,0,0
1424,1765903557304,0,0,0,0,0,0,0,0
1425,1765903557954,0,0,0,0,0,0,0,0
1426,1765903558388,0,0,0,0,0,0,0,0
1427,1765903558737,0,0,0,0,0,0,0,0
1428,1765903559137,0,0,0,0,0,0,0,0
1429,1765903560154,0,0,0,0,0,0,0,0
1430,1765903560440,0,0,0,0,0,0,0,0
1431,1765903561271,0,0,0,0,0,0,0,0
1432,1765903561470,0,0,0,0,0,0,0,0
1433,1765903561855,0,0,0,0,0,0,0,0
1434,1765903562558,0,0,0,0,0,0,0,0
1435,1765903562688,0,0,0,0,0,0,0,0
1436,1765903562739,0,0,0,0,0,0,0,0
1437,1765903563004,0,0,0,0,0,0,0,0
1438,1765903564155,0,0,0,0,0,0,0,0
1439,1765903564855,0,0,0,0,0,0,0,0
1440,1765903565307,0,0,0,0,0,0,0,0
1441,1765903565671,0,0,0,0,0,0,0,0
1442,1765903566237,0,0,0,0,0,0,0,0
1443,1765903566539,0,0,0,0,0,0,0,0
1444,1765903566804,0,0,0,0,0,0,0,0
1445,1765903567406,0,0,0,0,0,0,0,0
1446,1765903567754,0,0,0,0,0,0,0,0
1447,1765903568121,0,0,0,0,0,0,0,0
1448,1765903568271,0,0,0,0,0,0,0,0
1449,1765903568554,0,0,0,0,0,0,0,0
1450,1765903569490,0,0,0,0,0,0,0,0
1451,1765903569773,0,0,0,0,0,0,0,0
1452,1765903571053,0,0,0,0,0,0,0,0
1453,1765903571390,0,0,0,0,0,0,0,0
1454,1765903572086,0,0,0,0,0,0,0,0
1455,1765903573654,0,0,0,0,0,0,0,0
1456,1765903574270,0,0,0,0,0,0,0,0
1457,1765903576487,0,0,0,0,0,0,0,0
1458,1765903576804,0,0,0,0,0,0,0,0
1459,1765903576973,0,0,0,0,0,0,0,0
1460,1765903577121,0,0,0,0,0,0,0,0
1461,1765903577486,0,0,0,0,0,0,0,0
1462,1765903577987,0,0,0,0,0,0,0,0
1463,1765903578421,0,0,0,0,0,0,0,0
1464,1765903578971,0,0,0,0,0,0,0,0
1465,1765903579105,0,0,0,0,0,0,0,0
1466,1765903579257,0,0,0,0,0,0,0,0
1467,1765903580054,0,0,0,0,0,0,0,0
1468,1765903580771,0,0,0,0,0,0,0,0
1469,1765903581038,0,0,0,0,0,0,0,0
1470,1765903581088,0,0,0,0,0,0,0,0
1471,1765903581237,0,0,0,0,0,0,0,0
1472,1765903581557,0,0,0,0,0,0,0,0
1473,1765903582139,0,0,0,0,0,0,0,0
1474,1765903582704,0,0,0,0,0,0,0,0
1475,1765903582888,0,0,0,0,0,0,0,0
1476,1765903582988,0,0,0,0,0,0,0,0
1477,1765903583137,0,0,0,0,0,0,0,0
1478,1765903583238,0,0,0,0,0,0,0,0
1479,1765903583406,0,0,0,0,0,0,0,0
1480,1765903583520,0,0,0,0,0,0,0,0
1481,1765903583804,0,0,0,0,0,0,0,0
1482,1765903583921,0,0,0,0,0,0,0,0
1483,1765903584121,0,0,0,0,0,0,0,0
1484,1765904351927,0,0,0,0,0,0,0,0
1485,1765904352028,0,0,0,0,0,0,0,0
1486,1765904352144,0,0,0,0,0,0,0,0
1487,1765904352211,0,0,0,0,0,0,0,0
1488,1765904353478,0,0,0,0,0,0,0,0
1489,1765904354327,0,0,0,0,0,0,0,0
1490,1765904354744,0,0,0,0,0,0,0,0
1491,1765904354911,0,0,0,0,0,0,0,0
1492,1765904355194,0,0,0,0,0,0,0,0
1493,1765904356527,0,0,0,0,0,0,0,0
1494,1765904358078,0,0,0,0,0,0,0,0
1495,1765904358361,0,0,0,0,0,0,0,0
1496,1765904358477,0,0,0,0,0,0,0,0
1497,1765904358594,0,0,0,0,0,0,0,0
1498,1765904358978,0,0,0,0,0,0,0,0
1499,1765904359295,0,0,0,0,0,0,0,0
1500,1765904360044,0,0,0,0,0,0,0,0
1501,1765904360894,0,0,0,0,0,0,0,0
1502,1765904361444,0,0,0,0,0,0,0,0
1503,1765904362894,0,0,0,0,0,0,0,0
1504,1765904363094,0,0,0,0,0,0,0,0
1505,1765904363427,0,0,0,0,0,0,0,0
1506,1765904363611,0,0,0,0,0,0,0,0
1507,1765904364510,0,0,0,0,0,0,0,0
1508,1765904364526,0,0,0,0,0,0,0,0
1509,1765904364643,0,0,0,0,0,0,0,0
1510,1765904365044,0,0,0,0,0,0,0,0
1511,1765904365260,0,0,0,0,0,0,0,0
1512,1765904366327,0,0,0,0,0,0,0,0
1513,1765904366528,0,0,0,0,0,0,0,0
1514,1765904366644,0,0,0,0,0,0,0,0
1515,1765904367260,0,0,0,0,0,0,0,0
1516,1765904367944,0,0,0,0,0,0,0,0
1517,1765904368394,0,0,0,0,0,0,0,0
1518,1765904369377,0,0,0,0,0,0,0,0
1519,1765904369511,0,0,0,0,0,0,0,0
1520,1765904370010,0,0,0,0,0,0,0,0
1521,1765904370227,0,0,0,0,0,0,0,0
1522,1765904371077,0,0,0,0,0,0,0,0
1523,1765904371644,0,0,0,0,0,0,0,0
1524,1765904371961,0,0,0,0,0,0,0,0
1525,1765904372711,0,0,0,0,0,0,0,0
1526,1765904372778,0,0,0,0,0,0,0,0
1527,1765904373177,0,0,0,0,0,0,0,0
1528,1765904374061,0,0,0,0,0,0,0,0
1529,1765904375493,0,0,0,0,0,0,0,0
1530,1765904376243,0,0,0,0,0,0,0,0
1531,1765904376444,0,0,0,0,0,0,0,0
1532,1765904376544,0,0,0,0,0,0,0,0
1533,1765904376726,0,0,0,0,0,0,0,0
1534,1765904377160,0,0,0,0,0,0,0,0
1535,1765904377510,0,0,0,0,0,0,0,0
1536,1765904377844,0,0,0,0,0,0,0,0
1537,1765904378044,0,0,0,0,0,0,0,0
1538,1765904378394,0,0,0,0,0,0,0,0
1539,1765904378777,0,0,0,0,0,0,0,0
1540,1765904379010,0,0,0,0,0,0,0,0
1541,1765904380411,0,0,0,0,0,0,0,0
1542,1765904380611,0,0,0,0,0,0,0,0
1543,1765904381094,0,0,0,0,0,0,0,0
1544,1765904382111,0,0,0,0,0,0,0,0
1545,1765904382310,0,0,0,0,0,0,0,0
1546,1765904382878,0,0,0,0,0,0,0,0
1547,1765904384144,0,0,0,0,0,0,0,0
1548,1765904384994,0,0,0,0,0,0,0,0
1549,1765904385211,0,0,0,0,0,0,0,0
1550,1765904386510,0,0,0,0,0,0,0,0
1551,1765904386526,0,0,0,0,0,0,0,0
1552,1765904386644,0,0,0,0,0,0,0,0
1553,1765904386978,0,0,0,0,0,0,0,0
1554,1765904387761,0,0,0,0,0,0,0,0
1555,1765904388128,0,0,0,0,0,0,0,0
1556,1765904388427,0,0,0,0,0,0,0,0
1557,1765904388644,0,0,0,0,0,0,0,0
1558,1765904389327,0,0,0,0,0,0,0,0
1559,1765904391044,0,0,0,0,0,0,0,0
1560,1765904391410,0,0,0,0,0,0,0,0
1561,1765904391727,0,0,0,0,0,0,0,0
1562,1765904391927,0,0,0,0,0,0,0,0
1563,1765904392011,0,0,0,0,0,0,0,0
1564,1765904392394,0,0,0,0,0,0,0,0
1565,1765904392761,0,0,0,0,0,0,0,0
1566,1765904393111,0,0,0,0,0,0,0,0
1567,1765904393361,0,0,0,0,0,0,0,0
1568,1765904393680,0,0,0,0,0,0,0,0
1569,1765904393778,0,0,0,0,0,0,0,0
1570,1765904394011,0,0,0,0,0,0,0,0
1571,1765904394215,0,0,0,0,0,0,0,0
1572,1765904395875,0,0,0,0,0,0,0,0
1573,1765904396111,0,0,0,0,0,0,0,0
1574,1765904398427,0,0,0,0,0,0,0,0
1575,1765904398661,0,0,0,0,0,0,0,0
1576,1765904398975,0,0,0,0,0,0,0,0
1577,1765904399294,0,0,0,0,0,0,0,0
1578,1765904399310,0,0,0,0,0,0,0,0
1579,1765904400127,0,0,0,0,0,0,0,0
1580,1765904400458,0,0,0,0,0,0,0,0
1581,1765904400493,0,0,0,0,0,0,0,0
1582,1765904400675,0,0,0,0,0,0,0,0
1583,1765904402544,0,0,0,0,0,0,0,0
1584,1765904402727,0,0,0,0,0,0,0,0
1585,1765904402825,0,0,0,0,0,0,0,0
1586,1765904403027,0,0,0,0,0,0,0,0
1587,1765904403959,0,0,0,0,0,0,0,0
1588,1765904405210,0,0,0,0,0,0,0,0
1589,1765904405710,0,0,0,0,0,0,0,0
1590,1765904406193,0,0,0,0,0,0,0,0
1591,1765904406843,0,0,0,0,0,0,0,0
1592,1765904408043,0,0,0,0,0,0,0,0
1593,1765904408126,0,0,0,0,0,0,0,0
1594,1765904408760,0,0,0,0,0,0,0,0
1595,1765904409960,0,0,0,0,0,0,0,0
1596,1765904410193,0,0,0,0,0,0,0,0
1597,1765904410493,0,0,0,0,0,0,0,0
1598,1765904411176,0,0,0,0,0,0,0,0
1599,1765904411410,0,0,0,0,0,0,0,0
1600,1765904412344,0,0,0,0,0,0,0,0
1601,1765904412711,0,0,0,0,0,0,0,0
1602,1765904413293,0,0,0,0,0,0,0,0
1603,1765904413677,0,0,0,0,0,0,0,0
1604,1765904413960,0,0,0,0,0,0,0,0
1605,1765904414276,0,0,0,0,0,0,0,0
1606,1765904414960,0,0,0,0,0,0,0,0
1607,1765904415160,0,0,0,0,0,0,0,0
1608,1765904415342,0,0,0,0,0,0,0,0
1609,1765904417157,0,0,0,0,0,0,0,0
1610,1765904417659,0,0,0,0,0,0,0,0
1611,1765904417959,0,0,0,0,0,0,0,0
1612,1765904418326,0,0,0,0,0,0,0,0
1613,1765904418543,0,0,0,0,0,0,0,0
1614,1765904419009,0,0,0,0,0,0,0,0
1615,1765904419193,0,0,0,0,0,0,0,0
1616,1765904419393,0,0,0,0,0,0,0,0
1617,1765904420093,0,0,0,0,0,0,0,0
1618,1765904420276,0,0,0,0,0,0,0,0
1619,1765904420410,0,0,0,0,0,0,0,0
1620,1765904420726,0,0,0,0,0,0,0,0
1621,1765904421393,0,0,0,0,0,0,0,0
1622,1765904421692,0,0,0,0,0,0,0,0
1623,1765904422044,0,0,0,0,0,0,0,0
1624,1765904422744,0,0,0,0,0,0,0,0
1625,1765904422943,0,0,0,0,0,0,0,0
1626,1765904423243,0,0,0,0,0,0,0,0
1627,1765904423594,0,0,0,0,0,0,0,0
1628,1765904424459,0,0,0,0,0,0,0,0
1629,1765904424677,0,0,0,0,0,0,0,0
1630,1765904425510,0,0,0,0,0,0,0,0
1631,1765904425775,0,0,0,0,0,0,0,0
1632,1765904426326,0,0,0,0,0,0,0,0
1633,1765904427627,0,0,0,0,0,0,0,0
1634,1765904427824,0,0,0,0,0,0,0,0
1635,1765904428126,0,0,0,0,0,0,0,0
1636,1765904428476,0,0,0,0,0,0,0,0
1637,1765904430044,0,0,0,0,0,0,0,0
1638,1765904430224,0,0,0,0,0,0,0,0
1639,1765904431226,0,0,0,0,0,0,0,0
1640,1765904431326,0,0,0,0,0,0,0,0
1641,1765904431526,0,0,0,0,0,0,0,0
1642,1765904431658,0,0,0,0,0,0,0,0
1643,1765904431876,0,0,0,0,0,0,0,0
1644,1765904432192,0,0,0,0,0,0,0,0
1645,1765904432527,0,0,0,0,0,0,0,0
1646,1765904432742,0,0,0,0,0,0,0,0
1647,1765904432842,0,0,0,0,0,0,0,0
1648,1765904433059,0,0,0,0,0,0,0,0
1649,1765904433160,0,0,0,0,0,0,0,0
1650,1765904434026,0,0,0,0,0,0,0,0
1651,1765904435527,0,0,0,0,0,0,0,0
1652,1765904436358,0,0,0,0,0,0,0,0
1653,1765904436558,0,0,0,0,0,0,0,0
1654,1765904437192,0,0,0,0,0,0,0,0
1655,1765904437526,0,0,0,0,0,0,0,0
1656,1765904437843,0,0,0,0,0,0,0,0
1657,1765904438060,0,0,0,0,0,0,0,0
1658,1765904438209,0,0,0,0,0,0,0,0
1659,1765904438492,0,0,0,0,0,0,0,0
1660,1765904438792,0,0,0,0,0,0,0,0
1661,1765904439926,0,0,0,0,0,0,0,0
1662,1765904440525,0,0,0,0,0,0,0,0
1663,1765904440991,0,0,0,0,0,0,0,0
1664,1765904441176,0,0,0,0,0,0,0,0
1665,1765904441359,0,0,0,0,0,0,0,0
1666,1765904441643,0,0,0,0,0,0,0,0
1667,1765904441976,0,0,0,0,0,0,0,0
1668,1765904441993,0,0,0,0,0,0,0,0
1669,1765904442357,0,0,0,0,0,0,0,0
1670,1765904442692,0,0,0,0,0,0,0,0
1671,1765904443876,0,0,0,0,0,0,0,0
1672,1765904444160,0,0,0,0,0,0,0,0
1673,1765904444810,0,0,0,0,0,0,0,0
1674,1765904445825,0,0,0,0,0,0,0,0
1675,1765904446026,0,0,0,0,0,0,0,0
1676,1765904446693,0,0,0,0,0,0,0,0
1677,1765904449726,0,0,0,0,0,0,0,0
1678,1765904450040,0,0,0,0,0,0,0,0
1679,1765904450361,0,0,0,0,0,0,0,0
1680,1765904450509,0,0,0,0,0,0,0,0
1681,1765904450975,0,0,0,0,0,0,0,0
1682,1765904451242,0,0,0,0,0,0,0,0
1683,1765904451393,0,0,0,0,0,0,0,0
1684,1765904452057,0,0,0,0,0,0,0,0
1685,1765904452477,0,0,0,0,0,0,0,0
1686,1765904452959,0,0,0,0,0,0,0,0
1687,1765904453310,0,0,0,0,0,0,0,0
1688,1765904454309,0,0,0,0,0,0,0,0
1689,1765904454676,0,0,0,0,0,0,0,0
1690,1765904455326,0,0,0,0,0,0,0,0
1691,1765904455842,0,0,0,0,0,0,0,0
1692,1765904456260,0,0,0,0,0,0,0,0
1693,1765904456576,0,0,0,0,0,0,0,0
1694,1765904456776,0,0,0,0,0,0,0,0
1695,1765904457093,0,0,0,0,0,0,0,0
1696,1765904457776,0,0,0,0,0,0,0,0
1697,1765904458111,0,0,0,0,0,0,0,0
1698,1765904458343,0,0,0,0,0,0,0,0
1699,1765904458426,0,0,0,0,0,0,0,0
1700,1765904458759,0,0,0,0,0,0,0,0
1701,1765904459926,0,0,0,0,0,0,0,0
1702,1765904461408,0,0,0,0,0,0,0,0
1703,1765904461875,0,0,0,0,0,0,0,0
