index,date,SPEED_R_MOTOR,TORQUE_R_MOTOR,POWER_R_MOTOR,CURRENT_R_MOTOR,1,2,3,4
0,1762969984726,0,0,0,0,0,0,0,0
1,1762969984893,0,0,0,0,0,0,0,0
2,1762969984992,0,0,0,0,0,0,0,0
3,1762969985125,0,0,0,0,0,0,0,0
4,1762969985242,0,0,0,0,0,0,0,0
5,1762969985341,0,0,0,0,0,0,0,0
6,1762969985675,0,0,0,0,0,0,0,0
7,1762969985841,0,0,0,0,0,0,0,0
8,1762969985941,0,0,0,0,0,0,0,0
9,1762969986025,0,0,0,0,0,0,0,0
10,1762969986109,0,0,0,0,0,0,0,0
11,1762969986224,0,0,0,0,0,0,0,0
12,1762969986340,0,0,0,0,0,0,0,0
13,1762969986457,0,0,0,0,0,0,0,0
14,1762969986673,0,0,0,0,0,0,0,0
15,1762969986775,0,0,0,0,0,0,0,0
16,1762969986957,0,0,0,0,0,0,0,0
17,1762969987141,0,0,0,0,0,0,0,0
18,1762969987325,0,0,0,0,0,0,0,0
19,1762969987473,0,0,0,0,0,0,0,0
20,1762969987674,0,0,0,0,0,0,0,0
21,1762969987823,0,0,0,0,0,0,0,0
22,1762969987991,0,0,0,0,0,0,0,0
23,1762969988223,0,0,0,0,0,0,0,0
24,1762969988240,0,0,0,0,0,0,0,0
25,1762969988306,0,0,0,0,0,0,0,0
26,1762969988422,0,0,0,0,0,0,0,0
27,1762969988542,0,0,0,0,0,0,0,0
28,1762969988806,0,0,0,0,0,0,0,0
29,1762969989006,0,0,0,0,0,0,0,0
30,1762969989205,0,0,0,0,0,0,0,0
31,1762969989307,0,0,0,0,0,0,0,0
32,1762969989405,0,0,0,0,0,0,0,0
33,1762969989522,0,0,0,0,0,0,0,0
34,1762969989639,0,0,0,0,0,0,0,0
35,1762969989872,0,0,0,0,0,0,0,0
36,1762969989973,0,0,0,0,0,0,0,0
37,1762969990138,0,0,0,0,0,0,0,0
38,1762969990188,0,0,0,0,0,0,0,0
39,1762969990287,0,0,0,0,0,0,0,0
40,1762969990405,0,0,0,0,0,0,0,0
41,1762969990554,0,0,0,0,0,0,0,0
42,1762969990671,0,0,0,0,0,0,0,0
43,1762969990854,0,0,0,0,0,0,0,0
44,1762969991187,0,0,0,0,0,0,0,0
45,1762969991255,0,0,0,0,0,0,0,0
46,1762969991407,0,0,0,0,0,0,0,0
47,1762969991505,0,0,0,0,0,0,0,0
48,1762969991755,0,0,0,0,0,0,0,0
49,1762969991888,0,0,0,0,0,0,0,0
50,1762969992171,0,0,0,0,0,0,0,0
51,1762969992288,0,0,0,0,0,0,0,0
52,1762969992387,0,0,0,0,0,0,0,0
53,1762969992504,0,0,0,0,0,0,0,0
54,1762969992619,0,0,0,0,0,0,0,0
55,1762969992837,0,0,0,0,0,0,0,0
56,1762969992986,0,0,0,0,0,0,0,0
57,1762969993103,0,0,0,0,0,0,0,0
58,1762969993187,0,0,0,0,0,0,0,0
59,1762969993302,0,0,0,0,0,0,0,0
60,1762969993518,0,0,0,0,0,0,0,0
61,1762969993602,0,0,0,0,0,0,0,0
62,1762969993702,0,0,0,0,0,0,0,0
63,1762969993836,0,0,0,0,0,0,0,0
64,1762969993953,0,0,0,0,0,0,0,0
65,1762969994052,0,0,0,0,0,0,0,0
66,1762969994251,0,0,0,0,0,0,0,0
67,1762969994370,0,0,0,0,0,0,0,0
68,1762969994469,0,0,0,0,0,0,0,0
69,1762969994687,0,0,0,0,0,0,0,0
70,1762969994885,0,0,0,0,0,0,0,0
71,1762969994985,0,0,0,0,0,0,0,0
72,1762969995153,0,0,0,0,0,0,0,0
73,1762969995220,0,0,0,0,0,0,0,0
74,1762969995253,0,0,0,0,0,0,0,0
75,1762969995352,0,0,0,0,0,0,0,0
76,1762969995469,0,0,0,0,0,0,0,0
77,1762969995585,0,0,0,0,0,0,0,0
78,1762969995685,0,0,0,0,0,0,0,0
79,1762969995850,0,0,0,0,0,0,0,0
80,1762969995967,0,0,0,0,0,0,0,0
81,1762969996101,0,0,0,0,0,0,0,0
82,1762969996252,0,0,0,0,0,0,0,0
83,1762969996334,0,0,0,0,0,0,0,0
84,1762969996449,0,0,0,0,0,0,0,0
85,1762969996567,0,0,0,0,0,0,0,0
86,1762969996684,0,0,0,0,0,0,0,0
87,1762969996817,0,0,0,0,0,0,0,0
88,1762969997000,0,0,0,0,0,0,0,0
89,1762969997050,0,0,0,0,0,0,0,0
90,1762969997332,0,0,0,0,0,0,0,0
91,1762969997450,0,0,0,0,0,0,0,0
92,1762969997548,0,0,0,0,0,0,0,0
93,1762969997665,0,0,0,0,0,0,0,0
94,1762969997867,0,0,0,0,0,0,0,0
95,1762969998033,0,0,0,0,0,0,0,0
96,1762969998332,0,0,0,0,0,0,0,0
97,1762969998432,0,0,0,0,0,0,0,0
98,1762969998548,0,0,0,0,0,0,0,0
99,1762969998766,0,0,0,0,0,0,0,0
100,1762969998932,0,0,0,0,0,0,0,0
101,1762969999049,0,0,0,0,0,0,0,0
102,1762969999132,0,0,0,0,0,0,0,0
103,1762969999432,0,0,0,0,0,0,0,0
104,1762969999531,0,0,0,0,0,0,0,0
105,1762969999648,0,0,0,0,0,0,0,0
106,1762969999782,0,0,0,0,0,0,0,0
107,1762969999998,0,0,0,0,0,0,0,0
108,1762970000064,0,0,0,0,0,0,0,0
109,1762970000165,0,0,0,0,0,0,0,0
110,1762970000231,0,0,0,0,0,0,0,0
111,1762970000319,0,0,0,0,0,0,0,0
112,1762970000414,0,0,0,0,0,0,0,0
113,1762970000630,0,0,0,0,0,0,0,0
114,1762970000815,0,0,0,0,0,0,0,0
115,1762970000947,0,0,0,0,0,0,0,0
116,1762970001098,0,0,0,0,0,0,0,0
117,1762970001134,0,0,0,0,0,0,0,0
118,1762970001297,0,0,0,0,0,0,0,0
119,1762970001780,0,0,0,0,0,0,0,0
120,1762970001997,0,0,0,0,0,0,0,0
121,1762970002081,0,0,0,0,0,0,0,0
122,1762970002147,0,0,0,0,0,0,0,0
123,1762970002197,0,0,0,0,0,0,0,0
124,1762970002396,0,0,0,0,0,0,0,0
125,1762970002613,0,0,0,0,0,0,0,0
126,1762970002713,0,0,0,0,0,0,0,0
127,1762970002981,0,0,0,0,0,0,0,0
128,1762970003082,0,0,0,0,0,0,0,0
129,1762970003197,0,0,0,0,0,0,0,0
130,1762970003280,0,0,0,0,0,0,0,0
131,1762970003397,0,0,0,0,0,0,0,0
132,1762970003496,0,0,0,0,0,0,0,0
133,1762970003611,0,0,0,0,0,0,0,0
134,1762970003712,0,0,0,0,0,0,0,0
135,1762970003878,0,0,0,0,0,0,0,0
136,1762970004012,0,0,0,0,0,0,0,0
137,1762970004114,0,0,0,0,0,0,0,0
138,1762970004245,0,0,0,0,0,0,0,0
139,1762970004413,0,0,0,0,0,0,0,0
140,1762970004494,0,0,0,0,0,0,0,0
141,1762970004627,0,0,0,0,0,0,0,0
142,1762970004711,0,0,0,0,0,0,0,0
143,1762970005077,0,0,0,0,0,0,0,0
144,1762970005160,0,0,0,0,0,0,0,0
145,1762970005243,0,0,0,0,0,0,0,0
146,1762970005311,0,0,0,0,0,0,0,0
147,1762970005377,0,0,0,0,0,0,0,0
148,1762970005476,0,0,0,0,0,0,0,0
149,1762970005576,0,0,0,0,0,0,0,0
150,1762970005727,0,0,0,0,0,0,0,0
151,1762970005877,0,0,0,0,0,0,0,0
152,1762970006010,0,0,0,0,0,0,0,0
153,1762970006094,0,0,0,0,0,0,0,0
154,1762970006194,0,0,0,0,0,0,0,0
155,1762970006360,0,0,0,0,0,0,0,0
156,1762970006477,0,0,0,0,0,0,0,0
157,1762970006576,0,0,0,0,0,0,0,0
158,1762970006691,0,0,0,0,0,0,0,0
159,1762970006826,0,0,0,0,0,0,0,0
160,1762970007042,0,0,0,0,0,0,0,0
161,1762970007241,0,0,0,0,0,0,0,0
162,1762970007458,0,0,0,0,0,0,0,0
163,1762970007592,0,0,0,0,0,0,0,0
164,1762970007974,0,0,0,0,0,0,0,0
165,1762970008075,0,0,0,0,0,0,0,0
166,1762970008191,0,0,0,0,0,0,0,0
167,1762970008340,0,0,0,0,0,0,0,0
168,1762970008457,0,0,0,0,0,0,0,0
169,1762970008557,0,0,0,0,0,0,0,0
170,1762970008657,0,0,0,0,0,0,0,0
171,1762970008824,0,0,0,0,0,0,0,0
172,1762970008957,0,0,0,0,0,0,0,0
173,1762970009092,0,0,0,0,0,0,0,0
174,1762970009241,0,0,0,0,0,0,0,0
175,1762970009326,0,0,0,0,0,0,0,0
176,1762970009441,0,0,0,0,0,0,0,0
177,1762970009541,0,0,0,0,0,0,0,0
178,1762970009657,0,0,0,0,0,0,0,0
179,1762970009807,0,0,0,0,0,0,0,0
180,1762970009973,0,0,0,0,0,0,0,0
181,1762970010142,0,0,0,0,0,0,0,0
182,1762970010223,0,0,0,0,0,0,0,0
183,1762970010307,0,0,0,0,0,0,0,0
184,1762970010441,0,0,0,0,0,0,0,0
185,1762970010539,0,0,0,0,0,0,0,0
186,1762970010758,0,0,0,0,0,0,0,0
187,1762970010941,0,0,0,0,0,0,0,0
188,1762970011140,0,0,0,0,0,0,0,0
189,1762970011305,0,0,0,0,0,0,0,0
190,1762970011439,0,0,0,0,0,0,0,0
191,1762970011639,0,0,0,0,0,0,0,0
192,1762970011772,0,0,0,0,0,0,0,0
193,1762970011937,0,0,0,0,0,0,0,0
194,1762970012138,0,0,0,0,0,0,0,0
195,1762970012238,0,0,0,0,0,0,0,0
196,1762970012304,0,0,0,0,0,0,0,0
197,1762970012405,0,0,0,0,0,0,0,0
198,1762970012520,0,0,0,0,0,0,0,0
199,1762970012737,0,0,0,0,0,0,0,0
200,1762970012954,0,0,0,0,0,0,0,0
201,1762970013087,0,0,0,0,0,0,0,0
202,1762970013203,0,0,0,0,0,0,0,0
203,1762970013323,0,0,0,0,0,0,0,0
204,1762970013422,0,0,0,0,0,0,0,0
205,1762970013553,0,0,0,0,0,0,0,0
206,1762970013640,0,0,0,0,0,0,0,0
207,1762970013720,0,0,0,0,0,0,0,0
208,1762970013903,0,0,0,0,0,0,0,0
209,1762970014019,0,0,0,0,0,0,0,0
210,1762970014169,0,0,0,0,0,0,0,0
211,1762970014369,0,0,0,0,0,0,0,0
212,1762970014420,0,0,0,0,0,0,0,0
213,1762970014502,0,0,0,0,0,0,0,0
214,1762970014619,0,0,0,0,0,0,0,0
215,1762970014719,0,0,0,0,0,0,0,0
216,1762970014888,0,0,0,0,0,0,0,0
217,1762970014987,0,0,0,0,0,0,0,0
218,1762970015136,0,0,0,0,0,0,0,0
219,1762970015272,0,0,0,0,0,0,0,0
220,1762970015385,0,0,0,0,0,0,0,0
221,1762970015485,0,0,0,0,0,0,0,0
222,1762970015602,0,0,0,0,0,0,0,0
223,1762970015701,0,0,0,0,0,0,0,0
224,1762970015835,0,0,0,0,0,0,0,0
225,1762970015984,0,0,0,0,0,0,0,0
226,1762970016069,0,0,0,0,0,0,0,0
227,1762970016484,0,0,0,0,0,0,0,0
228,1762970016585,0,0,0,0,0,0,0,0
229,1762970016704,0,0,0,0,0,0,0,0
230,1762970016834,0,0,0,0,0,0,0,0
231,1762970017101,0,0,0,0,0,0,0,0
232,1762970017366,0,0,0,0,0,0,0,0
233,1762970017483,0,0,0,0,0,0,0,0
234,1762970017584,0,0,0,0,0,0,0,0
235,1762970017867,0,0,0,0,0,0,0,0
236,1762970017968,0,0,0,0,0,0,0,0
237,1762970018099,0,0,0,0,0,0,0,0
238,1762970018217,0,0,0,0,0,0,0,0
239,1762970018350,0,0,0,0,0,0,0,0
240,1762970018567,0,0,0,0,0,0,0,0
241,1762970018667,0,0,0,0,0,0,0,0
242,1762970019001,0,0,0,0,0,0,0,0
243,1762970019118,0,0,0,0,0,0,0,0
244,1762970019182,0,0,0,0,0,0,0,0
245,1762970019465,0,0,0,0,0,0,0,0
246,1762970019550,0,0,0,0,0,0,0,0
247,1762970019666,0,0,0,0,0,0,0,0
248,1762970019799,0,0,0,0,0,0,0,0
249,1762970019999,0,0,0,0,0,0,0,0
250,1762970020150,0,0,0,0,0,0,0,0
251,1762970020283,0,0,0,0,0,0,0,0
252,1762970020333,0,0,0,0,0,0,0,0
253,1762970020431,0,0,0,0,0,0,0,0
254,1762970020580,0,0,0,0,0,0,0,0
255,1762970020647,0,0,0,0,0,0,0,0
256,1762970020764,0,0,0,0,0,0,0,0
257,1762970020900,0,0,0,0,0,0,0,0
258,1762970021065,0,0,0,0,0,0,0,0
259,1762970021115,0,0,0,0,0,0,0,0
260,1762970021232,0,0,0,0,0,0,0,0
261,1762970021332,0,0,0,0,0,0,0,0
262,1762970021417,0,0,0,0,0,0,0,0
263,1762970021519,0,0,0,0,0,0,0,0
264,1762970021648,0,0,0,0,0,0,0,0
265,1762970021780,0,0,0,0,0,0,0,0
266,1762970022099,0,0,0,0,0,0,0,0
267,1762970022165,0,0,0,0,0,0,0,0
268,1762970022281,0,0,0,0,0,0,0,0
269,1762970022347,0,0,0,0,0,0,0,0
270,1762970024345,0,0,0,0,0,0,0,0
271,1762970024712,0,0,0,0,0,0,0,0
272,1762970024928,0,0,0,0,0,0,0,0
273,1762970025063,0,0,0,0,0,0,0,0
274,1762970025112,0,0,0,0,0,0,0,0
275,1762970025212,0,0,0,0,0,0,0,0
276,1762970025312,0,0,0,0,0,0,0,0
277,1762970025428,0,0,0,0,0,0,0,0
278,1762970025627,0,0,0,0,0,0,0,0
279,1762970025744,0,0,0,0,0,0,0,0
280,1762970025977,0,0,0,0,0,0,0,0
281,1762970026161,0,0,0,0,0,0,0,0
282,1762970026228,0,0,0,0,0,0,0,0
283,1762970026328,0,0,0,0,0,0,0,0
284,1762970026494,0,0,0,0,0,0,0,0
285,1762970026593,0,0,0,0,0,0,0,0
286,1762970026826,0,0,0,0,0,0,0,0
287,1762970027260,0,0,0,0,0,0,0,0
288,1762970027592,0,0,0,0,0,0,0,0
289,1762970027692,0,0,0,0,0,0,0,0
290,1762970027842,0,0,0,0,0,0,0,0
291,1762970028211,0,0,0,0,0,0,0,0
292,1762970028325,0,0,0,0,0,0,0,0
293,1762970028478,0,0,0,0,0,0,0,0
294,1762970028592,0,0,0,0,0,0,0,0
295,1762970028859,0,0,0,0,0,0,0,0
296,1762970029042,0,0,0,0,0,0,0,0
297,1762970029125,0,0,0,0,0,0,0,0
298,1762970029195,0,0,0,0,0,0,0,0
299,1762970029341,0,0,0,0,0,0,0,0
300,1762970029458,0,0,0,0,0,0,0,0
301,1762970029811,0,0,0,0,0,0,0,0
302,1762970029910,0,0,0,0,0,0,0,0
303,1762970030041,0,0,0,0,0,0,0,0
304,1762970030124,0,0,0,0,0,0,0,0
305,1762970030224,0,0,0,0,0,0,0,0
306,1762970030340,0,0,0,0,0,0,0,0
307,1762970030557,0,0,0,0,0,0,0,0
308,1762970030690,0,0,0,0,0,0,0,0
309,1762970030791,0,0,0,0,0,0,0,0
310,1762970031023,0,0,0,0,0,0,0,0
311,1762970031190,0,0,0,0,0,0,0,0
312,1762970031323,0,0,0,0,0,0,0,0
313,1762970031689,0,0,0,0,0,0,0,0
314,1762970031773,0,0,0,0,0,0,0,0
315,1762970031906,0,0,0,0,0,0,0,0
316,1762970032023,0,0,0,0,0,0,0,0
317,1762970032222,0,0,0,0,0,0,0,0
318,1762970032373,0,0,0,0,0,0,0,0
319,1762970033005,0,0,0,0,0,0,0,0
320,1762970033089,0,0,0,0,0,0,0,0
321,1762970033256,0,0,0,0,0,0,0,0
322,1762970033405,0,0,0,0,0,0,0,0
323,1762970033521,0,0,0,0,0,0,0,0
324,1762970033638,0,0,0,0,0,0,0,0
325,1762970033755,0,0,0,0,0,0,0,0
326,1762970033888,0,0,0,0,0,0,0,0
327,1762970033972,0,0,0,0,0,0,0,0
328,1762970034187,0,0,0,0,0,0,0,0
329,1762970034288,0,0,0,0,0,0,0,0
330,1762970034404,0,0,0,0,0,0,0,0
331,1762970034505,0,0,0,0,0,0,0,0
332,1762970034622,0,0,0,0,0,0,0,0
333,1762970034737,0,0,0,0,0,0,0,0
334,1762970034887,0,0,0,0,0,0,0,0
335,1762970035037,0,0,0,0,0,0,0,0
336,1762970035137,0,0,0,0,0,0,0,0
337,1762970035253,0,0,0,0,0,0,0,0
338,1762970035339,0,0,0,0,0,0,0,0
339,1762970035387,0,0,0,0,0,0,0,0
340,1762970035503,0,0,0,0,0,0,0,0
341,1762970035653,0,0,0,0,0,0,0,0
342,1762970035736,0,0,0,0,0,0,0,0
343,1762970035869,0,0,0,0,0,0,0,0
344,1762970035970,0,0,0,0,0,0,0,0
345,1762970036055,0,0,0,0,0,0,0,0
346,1762970036186,0,0,0,0,0,0,0,0
347,1762970036302,0,0,0,0,0,0,0,0
348,1762970036502,0,0,0,0,0,0,0,0
349,1762970036603,0,0,0,0,0,0,0,0
350,1762970036703,0,0,0,0,0,0,0,0
351,1762970036852,0,0,0,0,0,0,0,0
352,1762970037051,0,0,0,0,0,0,0,0
353,1762970037169,0,0,0,0,0,0,0,0
354,1762970037268,0,0,0,0,0,0,0,0
355,1762970037369,0,0,0,0,0,0,0,0
356,1762970037485,0,0,0,0,0,0,0,0
357,1762970037600,0,0,0,0,0,0,0,0
358,1762970037702,0,0,0,0,0,0,0,0
359,1762970037817,0,0,0,0,0,0,0,0
360,1762970037935,0,0,0,0,0,0,0,0
361,1762970038034,0,0,0,0,0,0,0,0
362,1762970038285,0,0,0,0,0,0,0,0
363,1762970038401,0,0,0,0,0,0,0,0
364,1762970038467,0,0,0,0,0,0,0,0
365,1762970038919,0,0,0,0,0,0,0,0
366,1762970039050,0,0,0,0,0,0,0,0
367,1762970039134,0,0,0,0,0,0,0,0
368,1762970039252,0,0,0,0,0,0,0,0
369,1762970039350,0,0,0,0,0,0,0,0
370,1762970039467,0,0,0,0,0,0,0,0
371,1762970039585,0,0,0,0,0,0,0,0
372,1762970039798,0,0,0,0,0,0,0,0
373,1762970040016,0,0,0,0,0,0,0,0
374,1762970040365,0,0,0,0,0,0,0,0
375,1762970040566,0,0,0,0,0,0,0,0
376,1762970040666,0,0,0,0,0,0,0,0
377,1762970040816,0,0,0,0,0,0,0,0
378,1762970040915,0,0,0,0,0,0,0,0
379,1762970041049,0,0,0,0,0,0,0,0
380,1762970041231,0,0,0,0,0,0,0,0
381,1762970041365,0,0,0,0,0,0,0,0
382,1762970041448,0,0,0,0,0,0,0,0
383,1762970041782,0,0,0,0,0,0,0,0
384,1762970041881,0,0,0,0,0,0,0,0
385,1762970041999,0,0,0,0,0,0,0,0
386,1762970042098,0,0,0,0,0,0,0,0
387,1762970042398,0,0,0,0,0,0,0,0
388,1762970042531,0,0,0,0,0,0,0,0
389,1762970042647,0,0,0,0,0,0,0,0
390,1762970042897,0,0,0,0,0,0,0,0
391,1762970042997,0,0,0,0,0,0,0,0
392,1762970043247,0,0,0,0,0,0,0,0
393,1762970043414,0,0,0,0,0,0,0,0
394,1762970043534,0,0,0,0,0,0,0,0
395,1762970043630,0,0,0,0,0,0,0,0
396,1762970043763,0,0,0,0,0,0,0,0
397,1762970043897,0,0,0,0,0,0,0,0
398,1762970044147,0,0,0,0,0,0,0,0
399,1762970044363,0,0,0,0,0,0,0,0
400,1762970044429,0,0,0,0,0,0,0,0
401,1762970044746,0,0,0,0,0,0,0,0
402,1762970045029,0,0,0,0,0,0,0,0
403,1762970045079,0,0,0,0,0,0,0,0
404,1762970045229,0,0,0,0,0,0,0,0
405,1762970045381,0,0,0,0,0,0,0,0
406,1762970046611,0,0,0,0,0,0,0,0
407,1762970046727,0,0,0,0,0,0,0,0
408,1762970046894,0,0,0,0,0,0,0,0
409,1762970046960,0,0,0,0,0,0,0,0
410,1762970047094,0,0,0,0,0,0,0,0
411,1762970047310,0,0,0,0,0,0,0,0
412,1762970047460,0,0,0,0,0,0,0,0
413,1762970047860,0,0,0,0,0,0,0,0
414,1762970048077,0,0,0,0,0,0,0,0
415,1762970048176,0,0,0,0,0,0,0,0
416,1762970048277,0,0,0,0,0,0,0,0
417,1762970048393,0,0,0,0,0,0,0,0
418,1762970048492,0,0,0,0,0,0,0,0
419,1762970048709,0,0,0,0,0,0,0,0
420,1762970048908,0,0,0,0,0,0,0,0
421,1762970048963,0,0,0,0,0,0,0,0
422,1762970049078,0,0,0,0,0,0,0,0
423,1762970049191,0,0,0,0,0,0,0,0
424,1762970049274,0,0,0,0,0,0,0,0
425,1762970049592,0,0,0,0,0,0,0,0
426,1762970049690,0,0,0,0,0,0,0,0
427,1762970049807,0,0,0,0,0,0,0,0
428,1762970049940,0,0,0,0,0,0,0,0
429,1762970050024,0,0,0,0,0,0,0,0
430,1762970050156,0,0,0,0,0,0,0,0
431,1762970050374,0,0,0,0,0,0,0,0
432,1762970050457,0,0,0,0,0,0,0,0
433,1762970050573,0,0,0,0,0,0,0,0
434,1762970050690,0,0,0,0,0,0,0,0
435,1762970050790,0,0,0,0,0,0,0,0
436,1762970050907,0,0,0,0,0,0,0,0
437,1762970051023,0,0,0,0,0,0,0,0
438,1762970051122,0,0,0,0,0,0,0,0
439,1762970051257,0,0,0,0,0,0,0,0
440,1762970051357,0,0,0,0,0,0,0,0
441,1762970051457,0,0,0,0,0,0,0,0
442,1762970051572,0,0,0,0,0,0,0,0
443,1762970051688,0,0,0,0,0,0,0,0
444,1762970051806,0,0,0,0,0,0,0,0
445,1762970051925,0,0,0,0,0,0,0,0
446,1762970052123,0,0,0,0,0,0,0,0
447,1762970052222,0,0,0,0,0,0,0,0
448,1762970052389,0,0,0,0,0,0,0,0
449,1762970052472,0,0,0,0,0,0,0,0
450,1762970052673,0,0,0,0,0,0,0,0
451,1762970052805,0,0,0,0,0,0,0,0
452,1762970052922,0,0,0,0,0,0,0,0
453,1762970053005,0,0,0,0,0,0,0,0
454,1762970053121,0,0,0,0,0,0,0,0
455,1762970053354,0,0,0,0,0,0,0,0
456,1762970053454,0,0,0,0,0,0,0,0
457,1762970053654,0,0,0,0,0,0,0,0
458,1762970053821,0,0,0,0,0,0,0,0
459,1762970053954,0,0,0,0,0,0,0,0
460,1762970054204,0,0,0,0,0,0,0,0
461,1762970054436,0,0,0,0,0,0,0,0
462,1762970054654,0,0,0,0,0,0,0,0
463,1762970054769,0,0,0,0,0,0,0,0
464,1762970054969,0,0,0,0,0,0,0,0
465,1762970055086,0,0,0,0,0,0,0,0
466,1762970055303,0,0,0,0,0,0,0,0
467,1762970055570,0,0,0,0,0,0,0,0
468,1762970055768,0,0,0,0,0,0,0,0
469,1762970055919,0,0,0,0,0,0,0,0
470,1762970056002,0,0,0,0,0,0,0,0
471,1762970056152,0,0,0,0,0,0,0,0
472,1762970056285,0,0,0,0,0,0,0,0
473,1762970056401,0,0,0,0,0,0,0,0
474,1762970056468,0,0,0,0,0,0,0,0
475,1762970056552,0,0,0,0,0,0,0,0
476,1762970056618,0,0,0,0,0,0,0,0
477,1762970056736,0,0,0,0,0,0,0,0
478,1762970056837,0,0,0,0,0,0,0,0
479,1762970056951,0,0,0,0,0,0,0,0
480,1762970057103,0,0,0,0,0,0,0,0
481,1762970057201,0,0,0,0,0,0,0,0
482,1762970057417,0,0,0,0,0,0,0,0
483,1762970057467,0,0,0,0,0,0,0,0
484,1762970057534,0,0,0,0,0,0,0,0
485,1762970057618,0,0,0,0,0,0,0,0
486,1762970057735,0,0,0,0,0,0,0,0
487,1762970057852,0,0,0,0,0,0,0,0
488,1762970057985,0,0,0,0,0,0,0,0
489,1762970058184,0,0,0,0,0,0,0,0
490,1762970058267,0,0,0,0,0,0,0,0
491,1762970058400,0,0,0,0,0,0,0,0
492,1762970058517,0,0,0,0,0,0,0,0
493,1762970058616,0,0,0,0,0,0,0,0
494,1762970058717,0,0,0,0,0,0,0,0
495,1762970058866,0,0,0,0,0,0,0,0
496,1762970058934,0,0,0,0,0,0,0,0
497,1762970059049,0,0,0,0,0,0,0,0
498,1762970059167,0,0,0,0,0,0,0,0
499,1762970059266,0,0,0,0,0,0,0,0
500,1762970059416,0,0,0,0,0,0,0,0
501,1762970059532,0,0,0,0,0,0,0,0
502,1762970059616,0,0,0,0,0,0,0,0
503,1762970059700,0,0,0,0,0,0,0,0
504,1762970059832,0,0,0,0,0,0,0,0
505,1762970059917,0,0,0,0,0,0,0,0
506,1762970060148,0,0,0,0,0,0,0,0
507,1762970060299,0,0,0,0,0,0,0,0
508,1762970060399,0,0,0,0,0,0,0,0
509,1762970060498,0,0,0,0,0,0,0,0
510,1762970060698,0,0,0,0,0,0,0,0
511,1762970060814,0,0,0,0,0,0,0,0
512,1762970060931,0,0,0,0,0,0,0,0
513,1762970061181,0,0,0,0,0,0,0,0
514,1762970061415,0,0,0,0,0,0,0,0
515,1762970061581,0,0,0,0,0,0,0,0
516,1762970061680,0,0,0,0,0,0,0,0
517,1762970061814,0,0,0,0,0,0,0,0
518,1762970061948,0,0,0,0,0,0,0,0
519,1762970062247,0,0,0,0,0,0,0,0
520,1762970062463,0,0,0,0,0,0,0,0
521,1762970062563,0,0,0,0,0,0,0,0
522,1762970062681,0,0,0,0,0,0,0,0
523,1762970062797,0,0,0,0,0,0,0,0
524,1762970062899,0,0,0,0,0,0,0,0
525,1762970062996,0,0,0,0,0,0,0,0
526,1762970063130,0,0,0,0,0,0,0,0
527,1762970063246,0,0,0,0,0,0,0,0
528,1762970063346,0,0,0,0,0,0,0,0
529,1762970063446,0,0,0,0,0,0,0,0
530,1762970063879,0,0,0,0,0,0,0,0
531,1762970063995,0,0,0,0,0,0,0,0
532,1762970064096,0,0,0,0,0,0,0,0
533,1762970064245,0,0,0,0,0,0,0,0
534,1762970064329,0,0,0,0,0,0,0,0
535,1762970064763,0,0,0,0,0,0,0,0
536,1762970064929,0,0,0,0,0,0,0,0
537,1762970065211,0,0,0,0,0,0,0,0
538,1762970065311,0,0,0,0,0,0,0,0
539,1762970065411,0,0,0,0,0,0,0,0
540,1762970065646,0,0,0,0,0,0,0,0
541,1762970065744,0,0,0,0,0,0,0,0
542,1762970065977,0,0,0,0,0,0,0,0
543,1762970066180,0,0,0,0,0,0,0,0
544,1762970066528,0,0,0,0,0,0,0,0
545,1762970066879,0,0,0,0,0,0,0,0
546,1762970066994,0,0,0,0,0,0,0,0
547,1762970067076,0,0,0,0,0,0,0,0
548,1762970067177,0,0,0,0,0,0,0,0
549,1762970067294,0,0,0,0,0,0,0,0
550,1762970067396,0,0,0,0,0,0,0,0
551,1762970067559,0,0,0,0,0,0,0,0
552,1762970067743,0,0,0,0,0,0,0,0
553,1762970067943,0,0,0,0,0,0,0,0
554,1762970068026,0,0,0,0,0,0,0,0
555,1762970068059,0,0,0,0,0,0,0,0
556,1762970068292,0,0,0,0,0,0,0,0
557,1762970068408,0,0,0,0,0,0,0,0
558,1762970068509,0,0,0,0,0,0,0,0
559,1762970068608,0,0,0,0,0,0,0,0
560,1762970068727,0,0,0,0,0,0,0,0
561,1762970069174,0,0,0,0,0,0,0,0
562,1762970069291,0,0,0,0,0,0,0,0
563,1762970069409,0,0,0,0,0,0,0,0
564,1762970069526,0,0,0,0,0,0,0,0
565,1762970069625,0,0,0,0,0,0,0,0
566,1762970069873,0,0,0,0,0,0,0,0
567,1762970070058,0,0,0,0,0,0,0,0
568,1762970070158,0,0,0,0,0,0,0,0
569,1762970070259,0,0,0,0,0,0,0,0
570,1762970070375,0,0,0,0,0,0,0,0
571,1762970070491,0,0,0,0,0,0,0,0
572,1762970070708,0,0,0,0,0,0,0,0
573,1762970070823,0,0,0,0,0,0,0,0
574,1762970070924,0,0,0,0,0,0,0,0
575,1762970071172,0,0,0,0,0,0,0,0
576,1762970071473,0,0,0,0,0,0,0,0
577,1762970071689,0,0,0,0,0,0,0,0
578,1762970071824,0,0,0,0,0,0,0,0
579,1762970072172,0,0,0,0,0,0,0,0
580,1762970072289,0,0,0,0,0,0,0,0
581,1762970072407,0,0,0,0,0,0,0,0
582,1762970072489,0,0,0,0,0,0,0,0
583,1762970072689,0,0,0,0,0,0,0,0
584,1762970072905,0,0,0,0,0,0,0,0
585,1762970073023,0,0,0,0,0,0,0,0
586,1762970073121,0,0,0,0,0,0,0,0
587,1762970073240,0,0,0,0,0,0,0,0
588,1762970073340,0,0,0,0,0,0,0,0
589,1762970073470,0,0,0,0,0,0,0,0
590,1762970073571,0,0,0,0,0,0,0,0
591,1762970073671,0,0,0,0,0,0,0,0
592,1762970073787,0,0,0,0,0,0,0,0
593,1762970073971,0,0,0,0,0,0,0,0
594,1762970074120,0,0,0,0,0,0,0,0
595,1762970074436,0,0,0,0,0,0,0,0
596,1762970074670,0,0,0,0,0,0,0,0
597,1762970074836,0,0,0,0,0,0,0,0
598,1762970074953,0,0,0,0,0,0,0,0
599,1762970075004,0,0,0,0,0,0,0,0
600,1762970075102,0,0,0,0,0,0,0,0
601,1762970075235,0,0,0,0,0,0,0,0
602,1762970075335,0,0,0,0,0,0,0,0
603,1762970075435,0,0,0,0,0,0,0,0
604,1762970075535,0,0,0,0,0,0,0,0
605,1762970075653,0,0,0,0,0,0,0,0
606,1762970075787,0,0,0,0,0,0,0,0
607,1762970075954,0,0,0,0,0,0,0,0
608,1762970076102,0,0,0,0,0,0,0,0
609,1762970076203,0,0,0,0,0,0,0,0
610,1762970076319,0,0,0,0,0,0,0,0
611,1762970076419,0,0,0,0,0,0,0,0
612,1762970076535,0,0,0,0,0,0,0,0
613,1762970076652,0,0,0,0,0,0,0,0
614,1762970076752,0,0,0,0,0,0,0,0
615,1762970077084,0,0,0,0,0,0,0,0
616,1762970077234,0,0,0,0,0,0,0,0
617,1762970077301,0,0,0,0,0,0,0,0
618,1762970077418,0,0,0,0,0,0,0,0
619,1762970077536,0,65535,0,1,0,0,0,0
620,1762970077634,0,65535,0,1,0,0,0,0
621,1762970077751,0,65535,0,1,0,0,0,0
622,1762970077967,0,65535,0,1,0,0,0,0
623,1762970078185,0,65534,0,1,0,0,0,0
624,1762970078301,0,65534,0,1,0,0,0,0
625,1762970078516,582,65523,0,626,0,0,0,0
626,1762970078733,1641,65531,0,921,0,0,0,0
627,1762970078917,1694,0,0,0,0,0,0,0
628,1762970079199,966,43,0,64752,0,0,0,0
629,1762970079300,700,63,0,64724,0,0,0,0
630,1762970079400,0,0,0,0,0,0,0,0
631,1762970079500,0,0,0,0,0,0,0,0
632,1762970079617,0,0,0,0,0,0,0,0
633,1762970079733,0,0,0,0,0,0,0,0
634,1762970079999,195,19,0,1,0,0,0,0
635,1762970080066,159,14,0,1,0,0,0,0
636,1762970080165,131,12,0,1,0,0,0,0
637,1762970080283,107,10,0,1,0,0,0,0
638,1762970080382,77,9,0,2,0,0,0,0
639,1762970080549,64,6,0,1,0,0,0,0
640,1762970080601,52,6,0,1,0,0,0,0
641,1762970080715,43,4,0,1,0,0,0,0
642,1762970080865,159,65530,0,464,0,0,0,0
643,1762970081165,1659,65532,0,0,0,0,0,0
644,1762970081498,1059,15,0,696,0,0,0,0
645,1762970081598,859,53,0,794,0,0,0,0
646,1762970081714,700,72,0,827,0,0,0,0
647,1762970081865,573,88,0,849,0,0,0,0
648,1762970081980,472,100,0,856,0,0,0,0
649,1762970082147,303,117,0,808,0,0,0,0
650,1762970082264,251,125,0,739,0,0,0,0
651,1762970082364,208,132,0,660,0,0,0,0
652,1762970082480,172,137,0,64936,0,0,0,0
653,1762970082581,127,141,0,64969,0,0,0,0
654,1762970082697,106,146,0,64993,0,0,0,0
655,1762970082830,87,148,0,65003,0,0,0,0
656,1762970082964,72,151,0,518,0,0,0,0
657,1762970083029,60,136,0,487,0,0,0,0
658,1762970083130,46,141,0,481,0,0,0,0
659,1762970083246,38,146,0,452,0,0,0,0
660,1762970083364,32,149,0,424,0,0,0,0
661,1762970083462,26,152,0,402,0,0,0,0
662,1762970083863,13,157,0,351,0,0,0,0
663,1762970084346,3,169,0,294,0,0,0,0
664,1762970085113,1,165,0,271,0,0,0,0
665,1762970085245,2,165,0,271,0,0,0,0
666,1762970085429,3,166,0,257,0,0,0,0
667,1762970085545,4,167,0,262,0,0,0,0
668,1762970085778,4,168,0,65274,0,0,0,0
669,1762970085878,5,168,0,65287,0,0,0,0
670,1762970086112,4,168,0,65296,0,0,0,0
671,1762970086211,4,169,0,231,0,0,0,0
672,1762970086327,4,169,0,65317,0,0,0,0
673,1762970086428,4,169,0,65318,0,0,0,0
674,1762970086528,4,170,0,65315,0,0,0,0
675,1762970086777,4,170,0,65322,0,0,0,0
676,1762970086927,4,171,0,65332,0,0,0,0
677,1762970087093,5,170,0,65324,0,0,0,0
678,1762970087327,5,170,0,65321,0,0,0,0
679,1762970087543,5,170,0,65332,0,0,0,0
680,1762970087626,5,171,0,65334,0,0,0,0
681,1762970087744,5,171,0,65328,0,0,0,0
682,1762970087944,5,171,0,65322,0,0,0,0
683,1762970088959,4,171,0,65328,0,0,0,0
684,1762970089093,5,172,0,65338,0,0,0,0
685,1762970089191,5,172,0,65339,0,0,0,0
686,1762970089293,5,172,0,65330,0,0,0,0
687,1762970089525,5,172,0,65328,0,0,0,0
688,1762970089643,5,172,0,65336,0,0,0,0
689,1762970089725,6,172,0,65333,0,0,0,0
690,1762970089974,6,172,0,65326,0,0,0,0
691,1762970090074,6,172,0,65329,0,0,0,0
692,1762970090508,5,173,0,65330,0,0,0,0
693,1762970090607,5,173,0,65325,0,0,0,0
694,1762970090875,5,174,0,65330,0,0,0,0
695,1762970090957,5,174,0,65340,0,0,0,0
696,1762970091172,5,174,0,65330,0,0,0,0
697,1762970091306,5,174,0,65322,0,0,0,0
698,1762970091422,5,174,0,65321,0,0,0,0
699,1762970091505,5,174,0,204,0,0,0,0
700,1762970091605,5,175,0,65329,0,0,0,0
701,1762970091722,5,175,0,65323,0,0,0,0
702,1762970091856,5,175,0,65323,0,0,0,0
703,1762970091939,5,175,0,65331,0,0,0,0
704,1762970092054,5,175,0,65331,0,0,0,0
705,1762970092155,5,174,0,65331,0,0,0,0
706,1762970092274,0,0,0,0,0,0,0,0
707,1762970092371,0,0,0,0,0,0,0,0
708,1762970092588,0,0,0,0,0,0,0,0
709,1762970092704,0,0,0,0,0,0,0,0
710,1762970092838,0,0,0,0,0,0,0,0
711,1762970093055,0,0,0,0,0,0,0,0
712,1762970093370,0,0,0,0,0,0,0,0
713,1762970093472,0,0,0,0,0,0,0,0
714,1762970093586,0,0,0,0,0,0,0,0
715,1762970093704,0,0,0,0,0,0,0,0
716,1762970093837,0,0,0,0,0,0,0,0
717,1762970093921,0,0,0,0,0,0,0,0
718,1762970094137,0,0,0,0,0,0,0,0
719,1762970094236,0,0,0,0,0,0,0,0
720,1762970094469,0,0,0,0,0,0,0,0
721,1762970094587,0,0,0,0,0,0,0,0
722,1762970094687,0,0,0,0,0,0,0,0
723,1762970094803,0,0,0,0,0,0,0,0
724,1762970094937,0,0,0,0,0,0,0,0
725,1762970095021,0,0,0,0,0,0,0,0
726,1762970095121,0,0,0,0,0,0,0,0
727,1762970095236,0,0,0,0,0,0,0,0
728,1762970095336,0,0,0,0,0,0,0,0
729,1762970095453,0,0,0,0,0,0,0,0
730,1762970095555,0,0,0,0,0,0,0,0
731,1762970095787,0,0,0,0,0,0,0,0
732,1762970095936,0,0,0,0,0,0,0,0
733,1762970096042,0,0,0,0,0,0,0,0
734,1762970096220,0,0,0,0,0,0,0,0
735,1762970096353,0,0,0,0,0,0,0,0
736,1762970096554,0,0,0,0,0,0,0,0
737,1762970096670,0,0,0,0,0,0,0,0
738,1762970096815,0,0,0,0,0,0,0,0
739,1762970096936,0,0,0,0,0,0,0,0
740,1762970097103,0,0,0,0,0,0,0,0
741,1762970097221,0,0,0,0,0,0,0,0
742,1762970097319,0,0,0,0,0,0,0,0
743,1762970097435,0,0,0,0,0,0,0,0
744,1762970097551,0,0,0,0,0,0,0,0
745,1762970097667,0,0,0,0,0,0,0,0
746,1762970097767,0,0,0,0,0,0,0,0
747,1762970097902,0,0,0,0,0,0,0,0
748,1762970098102,0,0,0,0,0,0,0,0
749,1762970098201,0,0,0,0,0,0,0,0
750,1762970098320,0,0,0,0,0,0,0,0
751,1762970098435,0,0,0,0,0,0,0,0
752,1762970098533,0,0,0,0,0,0,0,0
753,1762970098650,0,0,0,0,0,0,0,0
754,1762970098908,0,0,0,0,0,0,0,0
755,1762970098984,0,0,0,0,0,0,0,0
756,1762970099084,0,0,0,0,0,0,0,0
757,1762970099306,0,0,0,0,0,0,0,0
758,1762970099400,0,0,0,0,0,0,0,0
759,1762970099752,0,0,0,0,0,0,0,0
760,1762970099883,0,0,0,0,0,0,0,0
761,1762970100184,0,0,0,0,0,0,0,0
762,1762970100418,0,0,0,0,0,0,0,0
763,1762970100518,0,0,0,0,0,0,0,0
764,1762970100617,0,0,0,0,0,0,0,0
765,1762970100733,0,0,0,0,0,0,0,0
766,1762970100851,0,0,0,0,0,0,0,0
767,1762970100965,0,0,0,0,0,0,0,0
768,1762970101065,0,0,0,0,0,0,0,0
769,1762970101182,0,0,0,0,0,0,0,0
770,1762970101285,0,0,0,0,0,0,0,0
771,1762970101398,0,0,0,0,0,0,0,0
772,1762970101500,0,0,0,0,0,0,0,0
773,1762970101616,0,0,0,0,0,0,0,0
774,1762970101732,0,0,0,0,0,0,0,0
775,1762970101849,0,0,0,0,0,0,0,0
776,1762970101948,0,0,0,0,0,0,0,0
777,1762970102083,0,0,0,0,0,0,0,0
778,1762970102167,0,0,0,0,0,0,0,0
779,1762970102280,0,0,0,0,0,0,0,0
780,1762970102381,0,0,0,0,0,0,0,0
781,1762970102498,0,0,0,0,0,0,0,0
782,1762970102598,0,0,0,0,0,0,0,0
783,1762970102715,0,0,0,0,0,0,0,0
784,1762970102865,0,0,0,0,0,0,0,0
785,1762970103164,0,0,0,0,0,0,0,0
786,1762970103264,0,0,0,0,0,0,0,0
787,1762970103382,0,0,0,0,0,0,0,0
788,1762970103481,0,0,0,0,0,0,0,0
789,1762970103596,0,0,0,0,0,0,0,0
790,1762970103697,0,0,0,0,0,0,0,0
791,1762970103829,0,0,0,0,0,0,0,0
792,1762970103930,0,0,0,0,0,0,0,0
793,1762970104146,0,0,0,0,0,0,0,0
794,1762970104246,0,0,0,0,0,0,0,0
795,1762970104364,0,0,0,0,0,0,0,0
796,1762970104481,0,0,0,0,0,0,0,0
797,1762970104696,0,0,0,0,0,0,0,0
798,1762970104861,0,0,0,0,0,0,0,0
799,1762970104963,0,0,0,0,0,0,0,0
800,1762970105047,0,0,0,0,0,0,0,0
801,1762970105129,0,0,0,0,0,0,0,0
802,1762970105345,0,0,0,0,0,0,0,0
803,1762970105478,0,0,0,0,0,0,0,0
804,1762970105678,0,0,0,0,0,0,0,0
805,1762970105783,0,0,0,0,0,0,0,0
806,1762970105945,0,0,0,0,0,0,0,0
807,1762970106112,0,0,0,0,0,0,0,0
808,1762970106228,0,0,0,0,0,0,0,0
809,1762970106328,0,0,0,0,0,0,0,0
810,1762970106444,0,0,0,0,0,0,0,0
811,1762970106561,0,0,0,0,0,0,0,0
812,1762970106677,0,0,0,0,0,0,0,0
813,1762970106995,0,0,0,0,0,0,0,0
814,1762970107110,0,0,0,0,0,0,0,0
815,1762970107312,0,0,0,0,0,0,0,0
816,1762970107778,0,0,0,0,0,0,0,0
817,1762970107893,0,0,0,0,0,0,0,0
818,1762970107978,0,0,0,0,0,0,0,0
819,1762970108093,0,0,0,0,0,0,0,0
820,1762970108426,0,0,0,0,0,0,0,0
821,1762970109627,0,0,0,0,0,0,0,0
822,1762970109745,0,0,0,0,0,0,0,0
823,1762970110291,0,0,0,0,0,0,0,0
824,1762970110408,0,0,0,0,0,0,0,0
825,1762970110524,0,0,0,0,0,0,0,0
826,1762970110641,0,0,0,0,0,0,0,0
827,1762970110742,0,0,0,0,0,0,0,0
828,1762970110890,0,0,0,0,0,0,0,0
829,1762970111106,0,0,0,0,0,0,0,0
830,1762970111173,0,0,0,0,0,0,0,0
831,1762970111290,0,0,0,0,0,0,0,0
832,1762970111406,0,0,0,0,0,0,0,0
833,1762970111521,0,0,0,0,0,0,0,0
834,1762970111738,0,0,0,0,0,0,0,0
835,1762970111939,0,0,0,0,0,0,0,0
836,1762970112124,0,0,0,0,0,0,0,0
837,1762970112174,0,0,0,0,0,0,0,0
838,1762970112322,0,0,0,0,0,0,0,0
839,1762970112521,0,0,0,0,0,0,0,0
840,1762970112621,0,0,0,0,0,0,0,0
841,1762970112738,0,0,0,0,0,0,0,0
842,1762970112837,0,0,0,0,0,0,0,0
843,1762970112987,0,0,0,0,0,0,0,0
844,1762970113055,0,0,0,0,0,0,0,0
845,1762970113170,0,0,0,0,0,0,0,0
846,1762970113271,0,0,0,0,0,0,0,0
847,1762970113387,0,0,0,0,0,0,0,0
848,1762970113536,0,0,0,0,0,0,0,0
849,1762970113604,0,0,0,0,0,0,0,0
850,1762970113721,0,0,0,0,0,0,0,0
851,1762970113837,0,0,0,0,0,0,0,0
852,1762970113970,0,0,0,0,0,0,0,0
853,1762970114053,0,0,0,0,0,0,0,0
854,1762970114154,0,0,0,0,0,0,0,0
855,1762970114269,0,0,0,0,0,0,0,0
856,1762970114487,0,0,0,0,0,0,0,0
857,1762970114603,0,0,0,0,0,0,0,0
858,1762970114704,0,0,0,0,0,0,0,0
859,1762970114935,0,0,0,0,0,0,0,0
860,1762970115036,0,0,0,0,0,0,0,0
861,1762970115136,0,0,0,0,0,0,0,0
862,1762970115252,0,0,0,0,0,0,0,0
863,1762970115385,0,0,0,0,0,0,0,0
864,1762970115485,0,0,0,0,0,0,0,0
865,1762970115585,0,0,0,0,0,0,0,0
866,1762970115701,0,0,0,0,0,0,0,0
867,1762970115819,0,0,0,0,0,0,0,0
868,1762970115985,0,0,0,0,0,0,0,0
869,1762970116020,0,0,0,0,0,0,0,0
870,1762970116137,0,0,0,0,0,0,0,0
871,1762970116236,0,0,0,0,0,0,0,0
872,1762970116356,0,0,0,0,0,0,0,0
873,1762970116469,0,0,0,0,0,0,0,0
874,1762970116568,0,0,0,0,0,0,0,0
875,1762970116686,0,0,0,0,0,0,0,0
876,1762970116802,0,0,0,0,0,0,0,0
877,1762970117018,0,0,0,0,0,0,0,0
878,1762970117137,0,0,0,0,0,0,0,0
879,1762970117235,0,0,0,0,0,0,0,0
880,1762970117351,0,0,0,0,0,0,0,0
881,1762970117469,0,0,0,0,0,0,0,0
882,1762970117569,0,0,0,0,0,0,0,0
883,1762970117818,0,0,0,0,0,0,0,0
884,1762970117967,0,0,0,0,0,0,0,0
885,1762970118118,0,0,0,0,0,0,0,0
886,1762970118234,0,0,0,0,0,0,0,0
887,1762970118351,0,0,0,0,0,0,0,0
888,1762970118567,0,0,0,0,0,0,0,0
889,1762970118766,0,0,0,0,0,0,0,0
890,1762970118916,0,0,0,0,0,0,0,0
891,1762970119117,0,0,0,0,0,0,0,0
892,1762970119217,0,0,0,0,0,0,0,0
893,1762970119366,0,0,0,0,0,0,0,0
894,1762970119449,0,0,0,0,0,0,0,0
895,1762970119550,0,0,0,0,0,0,0,0
896,1762970119666,0,0,0,0,0,0,0,0
897,1762970119882,0,0,0,0,0,0,0,0
898,1762970119982,0,0,0,0,0,0,0,0
899,1762970120102,0,0,0,0,0,0,0,0
900,1762970120215,0,0,0,0,0,0,0,0
901,1762970120315,0,0,0,0,0,0,0,0
902,1762970120432,0,0,0,0,0,0,0,0
903,1762970120534,0,0,0,0,0,0,0,0
904,1762970120765,0,0,0,0,0,0,0,0
905,1762970120931,0,0,0,0,0,0,0,0
906,1762970121098,0,0,0,0,0,0,0,0
907,1762970121199,0,0,0,0,0,0,0,0
908,1762970121530,0,0,0,0,0,0,0,0
909,1762970121648,0,0,0,0,0,0,0,0
910,1762970121748,0,0,0,0,0,0,0,0
911,1762970121915,0,0,0,0,0,0,0,0
912,1762970122180,0,0,0,0,0,0,0,0
913,1762970122397,0,0,0,0,0,0,0,0
914,1762970122631,0,0,0,0,0,0,0,0
915,1762970122730,0,0,0,0,0,0,0,0
916,1762970122863,0,0,0,0,0,0,0,0
917,1762970123080,0,0,0,0,0,0,0,0
918,1762970123179,0,0,0,0,0,0,0,0
919,1762970123280,0,0,0,0,0,0,0,0
920,1762970123396,0,0,0,0,0,0,0,0
921,1762970123514,0,0,0,0,0,0,0,0
922,1762970123613,0,0,0,0,0,0,0,0
923,1762970123730,0,0,0,0,0,0,0,0
924,1762970123863,0,0,0,0,0,0,0,0
925,1762970123963,0,0,0,0,0,0,0,0
926,1762970124062,0,0,0,0,0,0,0,0
927,1762970124163,0,0,0,0,0,0,0,0
928,1762970124278,0,0,0,0,0,0,0,0
929,1762970124379,0,0,0,0,0,0,0,0
930,1762970124512,0,0,0,0,0,0,0,0
931,1762970124612,0,0,0,0,0,0,0,0
932,1762970124712,0,0,0,0,0,0,0,0
933,1762970124863,0,0,0,0,0,0,0,0
934,1762970124994,0,0,0,0,0,0,0,0
935,1762970125062,0,0,0,0,0,0,0,0
936,1762970125161,0,0,0,0,0,0,0,0
937,1762970125261,0,0,0,0,0,0,0,0
938,1762970125378,0,0,0,0,0,0,0,0
939,1762970125494,0,0,0,0,0,0,0,0
940,1762970125594,0,0,0,0,0,0,0,0
941,1762970125694,0,0,0,0,0,0,0,0
942,1762970125827,0,0,0,0,0,0,0,0
943,1762970125944,0,0,0,0,0,0,0,0
944,1762970126044,0,0,0,0,0,0,0,0
945,1762970126144,0,0,0,0,0,0,0,0
946,1762970126261,0,0,0,0,0,0,0,0
947,1762970126360,0,0,0,0,0,0,0,0
948,1762970126480,0,0,0,0,0,0,0,0
949,1762970126679,0,0,0,0,0,0,0,0
950,1762970126811,0,0,0,0,0,0,0,0
951,1762970126927,0,0,0,0,0,0,0,0
952,1762970127126,0,0,0,0,0,0,0,0
953,1762970127358,0,0,0,0,0,0,0,0
954,1762970127576,0,0,0,0,0,0,0,0
955,1762970127692,0,0,0,0,0,0,0,0
956,1762970127824,0,0,0,0,0,0,0,0
957,1762970127943,0,0,0,0,0,0,0,0
958,1762970128109,0,0,0,0,0,0,0,0
959,1762970128225,0,0,0,0,0,0,0,0
960,1762970128342,0,0,0,0,0,0,0,0
961,1762970128458,0,0,0,0,0,0,0,0
962,1762970128777,0,0,0,0,0,0,0,0
963,1762970129007,0,0,0,0,0,0,0,0
964,1762970129441,0,0,0,0,0,0,0,0
965,1762970129541,0,0,0,0,0,0,0,0
966,1762970129658,0,0,0,0,0,0,0,0
967,1762970131089,0,0,0,0,0,0,0,0
968,1762970131207,0,0,0,0,0,0,0,0
969,1762970131356,0,0,0,0,0,0,0,0
970,1762970131655,0,0,0,0,0,0,0,0
971,1762970131873,0,0,0,0,0,0,0,0
972,1762970131973,0,0,0,0,0,0,0,0
973,1762970132089,0,0,0,0,0,0,0,0
974,1762970132205,0,0,0,0,0,0,0,0
975,1762970132305,0,0,0,0,0,0,0,0
976,1762970132422,0,0,0,0,0,0,0,0
977,1762970132521,0,0,0,0,0,0,0,0
978,1762970132639,0,0,0,0,0,0,0,0
979,1762970132871,8,0,0,1,0,0,0,0
980,1762970133005,8,0,0,2,0,0,0,0
981,1762970133104,7,0,0,3,0,0,0,0
982,1762970133205,5,65535,0,2,0,0,0,0
983,1762970133304,5,65535,0,3,0,0,0,0
984,1762970133422,4,65535,0,3,0,0,0,0
985,1762970133855,280,65527,0,562,0,0,0,0
986,1762970133956,280,65527,0,562,0,0,0,0
987,1762970134171,280,65527,0,562,0,0,0,0
988,1762970134287,280,65527,0,562,0,0,0,0
989,1762970134436,280,65527,0,562,0,0,0,0
990,1762970134603,280,65527,0,562,0,0,0,0
991,1762970134720,280,65527,0,562,0,0,0,0
992,1762970134955,280,65527,0,562,0,0,0,0
993,1762970135069,280,65527,0,562,0,0,0,0
994,1762970135172,280,65527,0,562,0,0,0,0
995,1762970135286,280,65527,0,562,0,0,0,0
996,1762970135386,280,65527,0,562,0,0,0,0
997,1762970135519,280,65527,0,562,0,0,0,0
998,1762970135635,280,65527,0,562,0,0,0,0
999,1762970135803,280,65527,0,562,0,0,0,0
1000,1762970135936,280,65527,0,562,0,0,0,0
1001,1762970136269,280,65527,0,562,0,0,0,0
1002,1762970136385,280,65527,0,562,0,0,0,0
1003,1762970136785,280,65527,0,562,0,0,0,0
1004,1762970136902,280,65527,0,562,0,0,0,0
1005,1762970137051,280,65527,0,562,0,0,0,0
1006,1762970137152,280,65527,0,562,0,0,0,0
1007,1762970137401,280,65527,0,562,0,0,0,0
1008,1762970137519,280,65527,0,562,0,0,0,0
1009,1762970137701,280,65527,0,562,0,0,0,0
1010,1762970137818,280,65527,0,562,0,0,0,0
1011,1762970137933,280,65527,0,562,0,0,0,0
1012,1762970138034,280,65527,0,562,0,0,0,0
1013,1762970138134,280,65527,0,562,0,0,0,0
1014,1762970138234,280,65527,0,562,0,0,0,0
1015,1762970138350,280,65527,0,562,0,0,0,0
1016,1762970138468,280,65527,0,562,0,0,0,0
1017,1762970138570,280,65527,0,562,0,0,0,0
1018,1762970138683,280,65527,0,562,0,0,0,0
1019,1762970138799,280,65527,0,562,0,0,0,0
1020,1762970138985,280,65527,0,562,0,0,0,0
1021,1762970139050,280,65527,0,562,0,0,0,0
1022,1762970139132,280,65527,0,562,0,0,0,0
1023,1762970139248,280,65527,0,562,0,0,0,0
1024,1762970139348,280,65527,0,562,0,0,0,0
1025,1762970139465,280,65527,0,562,0,0,0,0
1026,1762970139681,280,65527,0,562,0,0,0,0
1027,1762970139782,280,65527,0,562,0,0,0,0
1028,1762970139933,280,65527,0,562,0,0,0,0
1029,1762970140114,280,65527,0,562,0,0,0,0
1030,1762970140232,280,65527,0,562,0,0,0,0
1031,1762970140330,280,65527,0,562,0,0,0,0
1032,1762970140550,280,65527,0,562,0,0,0,0
1033,1762970140698,280,65527,0,562,0,0,0,0
1034,1762970140847,280,65527,0,562,0,0,0,0
1035,1762970140916,280,65527,0,562,0,0,0,0
1036,1762970141014,280,65527,0,562,0,0,0,0
1037,1762970141113,280,65527,0,562,0,0,0,0
1038,1762970141214,280,65527,0,562,0,0,0,0
1039,1762970141313,280,65527,0,562,0,0,0,0
1040,1762970141431,280,65527,0,562,0,0,0,0
1041,1762970141563,280,65527,0,562,0,0,0,0
1042,1762970141714,280,65527,0,562,0,0,0,0
1043,1762970141847,280,65527,0,562,0,0,0,0
1044,1762970142029,280,65527,0,562,0,0,0,0
1045,1762970142113,280,65527,0,562,0,0,0,0
1046,1762970142213,280,65527,0,562,0,0,0,0
1047,1762970142330,280,65527,0,562,0,0,0,0
1048,1762970142431,280,65527,0,562,0,0,0,0
1049,1762970142614,280,65527,0,562,0,0,0,0
1050,1762970142765,280,65527,0,562,0,0,0,0
1051,1762970142830,280,65527,0,562,0,0,0,0
1052,1762970142929,280,65527,0,562,0,0,0,0
1053,1762970143045,280,65527,0,562,0,0,0,0
1054,1762970143580,280,65527,0,562,0,0,0,0
1055,1762970143694,280,65527,0,562,0,0,0,0
1056,1762970143845,280,65527,0,562,0,0,0,0
1057,1762970143961,280,65527,0,562,0,0,0,0
1058,1762970144411,280,65527,0,562,0,0,0,0
1059,1762970144527,280,65527,0,562,0,0,0,0
1060,1762970144627,280,65527,0,562,0,0,0,0
1061,1762970144744,280,65527,0,562,0,0,0,0
1062,1762970147909,0,0,0,0,0,0,0,0
1063,1762970148010,0,0,0,0,0,0,0,0
1064,1762970148092,0,0,0,0,0,0,0,0
1065,1762970148192,0,0,0,0,0,0,0,0
1066,1762970148292,0,0,0,0,0,0,0,0
1067,1762970148408,0,0,0,0,0,0,0,0
1068,1762970148558,0,0,0,0,0,0,0,0
1069,1762970148625,0,0,0,0,0,0,0,0
1070,1762970148775,0,0,0,0,0,0,0,0
1071,1762970148925,0,0,0,0,0,0,0,0
1072,1762970148975,0,0,0,0,0,0,0,0
1073,1762970149091,0,0,0,0,0,0,0,0
1074,1762970149175,0,0,0,0,0,0,0,0
1075,1762970149291,0,0,0,0,0,0,0,0
1076,1762970149508,0,0,0,0,0,0,0,0
1077,1762970149608,0,0,0,0,0,0,0,0
1078,1762970149726,0,0,0,0,0,0,0,0
1079,1762970149857,0,0,0,0,0,0,0,0
1080,1762970150041,0,0,0,0,0,0,0,0
1081,1762970150207,0,0,0,0,0,0,0,0
1082,1762970150290,0,0,0,0,0,0,0,0
1083,1762970150391,0,0,0,0,0,0,0,0
1084,1762970150507,0,0,0,0,0,0,0,0
1085,1762970150640,0,0,0,0,0,0,0,0
1086,1762970150740,0,0,0,0,0,0,0,0
1087,1762970150873,0,0,0,0,0,0,0,0
1088,1762970151040,0,0,0,0,0,0,0,0
1089,1762970151257,0,0,0,0,0,0,0,0
1090,1762970151373,0,0,0,0,0,0,0,0
1091,1762970151505,0,0,0,0,0,0,0,0
1092,1762970151622,0,0,0,0,0,0,0,0
1093,1762970151723,0,0,0,0,0,0,0,0
1094,1762970151939,0,0,0,0,0,0,0,0
1095,1762970152255,0,0,0,0,0,0,0,0
1096,1762970152372,0,0,0,0,0,0,0,0
1097,1762970152473,0,0,0,0,0,0,0,0
1098,1762970152592,0,0,0,0,0,0,0,0
1099,1762970152689,0,0,0,0,0,0,0,0
1100,1762970152805,0,0,0,0,0,0,0,0
1101,1762970152938,0,0,0,0,0,0,0,0
1102,1762970153139,0,0,0,0,0,0,0,0
1103,1762970153239,0,0,0,0,0,0,0,0
1104,1762970153355,0,0,0,0,0,0,0,0
1105,1762970153471,0,0,0,0,0,0,0,0
1106,1762970153570,0,0,0,0,0,0,0,0
1107,1762970153671,0,0,0,0,0,0,0,0
1108,1762970153788,0,0,0,0,0,0,0,0
1109,1762970153904,0,0,0,0,0,0,0,0
1110,1762970154087,0,0,0,0,0,0,0,0
1111,1762970154121,0,0,0,0,0,0,0,0
1112,1762970154237,0,0,0,0,0,0,0,0
1113,1762970154353,0,0,0,0,0,0,0,0
1114,1762970154602,0,0,0,0,0,0,0,0
1115,1762970154703,0,0,0,0,0,0,0,0
1116,1762970154820,0,0,0,0,0,0,0,0
1117,1762970154920,0,0,0,0,0,0,0,0
1118,1762970155020,0,0,0,0,0,0,0,0
1119,1762970155336,0,0,0,0,0,0,0,0
1120,1762970155455,0,0,0,0,0,0,0,0
1121,1762970155769,0,0,0,0,0,0,0,0
1122,1762970155920,0,0,0,0,0,0,0,0
1123,1762970156018,0,0,0,0,0,0,0,0
1124,1762970156102,0,0,0,0,0,0,0,0
1125,1762970156236,0,0,0,0,0,0,0,0
1126,1762970156335,0,0,0,0,0,0,0,0
1127,1762970156536,0,0,0,0,0,0,0,0
1128,1762970156768,0,0,0,0,0,0,0,0
1129,1762970156884,0,0,0,0,0,0,0,0
1130,1762970157118,0,0,0,0,0,0,0,0
1131,1762970157317,0,0,0,0,0,0,0,0
1132,1762970157751,0,0,0,0,0,0,0,0
1133,1762970157867,0,0,0,0,0,0,0,0
1134,1762970158517,0,0,0,0,0,0,0,0
1135,1762970158866,0,0,0,0,0,0,0,0
1136,1762970159001,0,0,0,0,0,0,0,0
1137,1762970159117,0,0,0,0,0,0,0,0
1138,1762970159733,0,0,0,0,0,0,0,0
1139,1762970159882,0,0,0,0,0,0,0,0
1140,1762970160098,0,0,0,0,0,0,0,0
1141,1762970160281,0,0,0,0,0,0,0,0
1142,1762970160398,0,0,0,0,0,0,0,0
1143,1762970160685,0,0,0,0,0,0,0,0
1144,1762970160784,0,0,0,0,0,0,0,0
1145,1762970160915,0,0,0,0,0,0,0,0
1146,1762970161049,0,0,0,0,0,0,0,0
1147,1762970161168,0,0,0,0,0,0,0,0
1148,1762970161385,0,0,0,0,0,0,0,0
1149,1762970161549,0,0,0,0,0,0,0,0
1150,1762970161599,0,0,0,0,0,0,0,0
1151,1762970161750,0,0,0,0,0,0,0,0
1152,1762970161899,0,0,0,0,0,0,0,0
1153,1762970162032,0,0,0,0,0,0,0,0
1154,1762970162165,0,0,0,0,0,0,0,0
1155,1762970162266,0,0,0,0,0,0,0,0
1156,1762970162386,0,0,0,0,0,0,0,0
1157,1762970162499,0,0,0,0,0,0,0,0
1158,1762970162599,0,0,0,0,0,0,0,0
1159,1762970162698,0,0,0,0,0,0,0,0
1160,1762970162998,0,0,0,0,0,0,0,0
1161,1762970163114,0,0,0,0,0,0,0,0
1162,1762970163147,0,0,0,0,0,0,0,0
1163,1762970163246,0,0,0,0,0,0,0,0
1164,1762970163365,0,0,0,0,0,0,0,0
1165,1762970163514,0,0,0,0,0,0,0,0
1166,1762970163646,0,0,0,0,0,0,0,0
1167,1762970163829,0,0,0,0,0,0,0,0
1168,1762970163913,0,0,0,0,0,0,0,0
1169,1762970164046,0,0,0,0,0,0,0,0
1170,1762970164129,0,0,0,0,0,0,0,0
1171,1762970164478,0,0,0,0,0,0,0,0
1172,1762970164611,0,0,0,0,0,0,0,0
1173,1762970164711,0,0,0,0,0,0,0,0
1174,1762970164813,0,0,0,0,0,0,0,0
1175,1762970165028,0,0,0,0,0,0,0,0
1176,1762970165129,0,0,0,0,0,0,0,0
1177,1762970165345,0,0,0,0,0,0,0,0
1178,1762970165446,0,0,0,0,0,0,0,0
1179,1762970165678,0,0,0,0,0,0,0,0
1180,1762970165796,0,0,0,0,0,0,0,0
1181,1762970165981,0,0,0,0,0,0,0,0
1182,1762970166026,0,0,0,0,0,0,0,0
1183,1762970166126,0,0,0,0,0,0,0,0
1184,1762970166227,0,0,0,0,0,0,0,0
1185,1762970166331,0,0,0,0,0,0,0,0
1186,1762970166449,0,0,0,0,0,0,0,0
1187,1762970166593,0,0,0,0,0,0,0,0
1188,1762970166711,0,0,0,0,0,0,0,0
1189,1762970167110,0,0,0,0,0,0,0,0
1190,1762970167327,0,0,0,0,0,0,0,0
1191,1762970167478,0,0,0,0,0,0,0,0
1192,1762970167661,0,0,0,0,0,0,0,0
1193,1762970167810,0,0,0,0,0,0,0,0
1194,1762970168062,0,0,0,0,0,0,0,0
1195,1762970168210,0,0,0,0,0,0,0,0
1196,1762970168310,0,0,0,0,0,0,0,0
1197,1762970168426,0,0,0,0,0,0,0,0
1198,1762970168644,0,0,0,0,0,0,0,0
1199,1762970168759,0,0,0,0,0,0,0,0
1200,1762970168977,0,0,0,0,0,0,0,0
1201,1762970169058,0,0,0,0,0,0,0,0
1202,1762970169309,0,0,0,0,0,0,0,0
1203,1762970169409,0,0,0,0,0,0,0,0
1204,1762970169659,0,0,0,0,0,0,0,0
1205,1762970169794,0,0,0,0,0,0,0,0
1206,1762970169942,0,0,0,0,0,0,0,0
1207,1762970170075,0,0,0,0,0,0,0,0
1208,1762970170175,0,0,0,0,0,0,0,0
1209,1762970170409,0,0,0,0,0,0,0,0
1210,1762970170541,0,0,0,0,0,0,0,0
1211,1762970170841,0,0,0,0,0,0,0,0
1212,1762970170975,0,0,0,0,0,0,0,0
1213,1762970171073,0,0,0,0,0,0,0,0
1214,1762970171174,0,0,0,0,0,0,0,0
1215,1762970171292,0,0,0,0,0,0,0,0
1216,1762970171406,0,0,0,0,0,0,0,0
1217,1762970171508,0,0,0,0,0,0,0,0
1218,1762970171607,0,0,0,0,0,0,0,0
1219,1762970171724,0,0,0,0,0,0,0,0
1220,1762970171842,0,0,0,0,0,0,0,0
1221,1762970171974,0,0,0,0,0,0,0,0
1222,1762970172188,0,0,0,0,0,0,0,0
1223,1762970172274,0,0,0,0,0,0,0,0
1224,1762970172388,0,0,0,0,0,0,0,0
1225,1762970172508,0,0,0,0,0,0,0,0
1226,1762970172606,0,0,0,0,0,0,0,0
1227,1762970172740,0,0,0,0,0,0,0,0
1228,1762970172823,0,0,0,0,0,0,0,0
1229,1762970172991,0,0,0,0,0,0,0,0
1230,1762970173074,0,0,0,0,0,0,0,0
1231,1762970173171,0,0,0,0,0,0,0,0
1232,1762970173272,0,0,0,0,0,0,0,0
1233,1762970173372,0,0,0,0,0,0,0,0
1234,1762970173489,0,0,0,0,0,0,0,0
1235,1762970173622,0,0,0,0,0,0,0,0
1236,1762970173707,0,0,0,0,0,0,0,0
1237,1762970173944,0,0,0,0,0,0,0,0
1238,1762970174055,0,0,0,0,0,0,0,0
1239,1762970174285,0,0,0,0,0,0,0,0
1240,1762970174369,0,0,0,0,0,0,0,0
1241,1762970174585,0,0,0,0,0,0,0,0
1242,1762970174702,0,0,0,0,0,0,0,0
1243,1762970174802,0,0,0,0,0,0,0,0
1244,1762970174953,0,0,0,0,0,0,0,0
1245,1762970175036,0,0,0,0,0,0,0,0
1246,1762970175152,0,0,0,0,0,0,0,0
1247,1762970175253,0,0,0,0,0,0,0,0
1248,1762970175470,0,0,0,0,0,0,0,0
1249,1762970175603,0,0,0,0,0,0,0,0
1250,1762970175703,0,0,0,0,0,0,0,0
1251,1762970175802,0,0,0,0,0,0,0,0
1252,1762970175902,0,0,0,0,0,0,0,0
1253,1762970176104,0,0,0,0,0,0,0,0
1254,1762970176235,0,0,0,0,0,0,0,0
1255,1762970176352,0,0,0,0,0,0,0,0
1256,1762970176452,0,0,0,0,0,0,0,0
1257,1762970176568,0,0,0,0,0,0,0,0
1258,1762970176668,0,0,0,0,0,0,0,0
1259,1762970176784,0,0,0,0,0,0,0,0
1260,1762970176901,0,0,0,0,0,0,0,0
1261,1762970177018,0,0,0,0,0,0,0,0
1262,1762970177334,0,0,0,0,0,0,0,0
1263,1762970177668,0,0,0,0,0,0,0,0
1264,1762970177951,0,0,0,0,0,0,0,0
1265,1762970178017,0,0,0,0,0,0,0,0
1266,1762970178116,0,0,0,0,0,0,0,0
1267,1762970187040,0,0,0,0,0,0,0,0
1268,1762970190772,0,0,0,0,0,0,0,0
1269,1762970190956,0,0,0,0,0,0,0,0
1270,1762970191123,0,0,0,0,0,0,0,0
1271,1762970191438,0,0,0,0,0,0,0,0
1272,1762970191672,0,0,0,0,0,0,0,0
1273,1762970191789,0,0,0,0,0,0,0,0
1274,1762970191904,0,0,0,0,0,0,0,0
1275,1762970192104,0,0,0,0,0,0,0,0
1276,1762970192320,0,0,0,0,0,0,0,0
1277,1762970192420,0,0,0,0,0,0,0,0
1278,1762970192538,0,0,0,0,0,0,0,0
1279,1762970192770,0,0,0,0,0,0,0,0
1280,1762970193005,0,0,0,0,0,0,0,0
1281,1762970193086,0,0,0,0,0,0,0,0
1282,1762970193186,0,0,0,0,0,0,0,0
1283,1762970193303,0,0,0,0,0,0,0,0
1284,1762970193420,0,0,0,0,0,0,0,0
1285,1762970193537,0,0,0,0,0,0,0,0
1286,1762970193636,0,0,0,0,0,0,0,0
1287,1762970193736,0,0,0,0,0,0,0,0
1288,1762970194102,0,0,0,0,0,0,0,0
1289,1762970194202,0,0,0,0,0,0,0,0
1290,1762970194402,0,0,0,0,0,0,0,0
1291,1762970194518,0,0,0,0,0,0,0,0
1292,1762970194619,0,0,0,0,0,0,0,0
1293,1762970194887,0,0,0,0,0,0,0,0
1294,1762970195018,0,0,0,0,0,0,0,0
1295,1762970195102,0,0,0,0,0,0,0,0
1296,1762970195284,0,0,0,0,0,0,0,0
1297,1762970195385,0,0,0,0,0,0,0,0
1298,1762970195718,0,0,0,0,0,0,0,0
1299,1762970195952,0,0,0,0,0,0,0,0
1300,1762970196500,0,0,0,0,0,0,0,0
1301,1762970197050,0,0,0,0,0,0,0,0
1302,1762970197150,0,0,0,0,0,0,0,0
1303,1762970197267,0,0,0,0,0,0,0,0
1304,1762970197983,0,0,0,0,0,0,0,0
1305,1762970198232,0,0,0,0,0,0,0,0
1306,1762970198366,0,0,0,0,0,0,0,0
1307,1762970198468,0,0,0,0,0,0,0,0
1308,1762970198566,0,0,0,0,0,0,0,0
1309,1762970198682,0,0,0,0,0,0,0,0
1310,1762970198798,0,0,0,0,0,0,0,0
1311,1762970198932,0,0,0,0,0,0,0,0
1312,1762970199231,0,0,0,0,0,0,0,0
1313,1762970199348,0,0,0,0,0,0,0,0
1314,1762970199465,0,0,0,0,0,0,0,0
1315,1762970199564,0,0,0,0,0,0,0,0
1316,1762970199681,0,0,0,0,0,0,0,0
1317,1762970199782,0,0,0,0,0,0,0,0
1318,1762970200047,0,0,0,0,0,0,0,0
1319,1762970200331,0,0,0,0,0,0,0,0
1320,1762970200547,0,0,0,0,0,0,0,0
1321,1762970200763,0,0,0,0,0,0,0,0
1322,1762970201063,0,0,0,0,0,0,0,0
1323,1762970201214,0,0,0,0,0,0,0,0
1324,1762970202996,0,0,0,0,0,0,0,0
1325,1762970203278,0,0,0,0,0,0,0,0
1326,1762970203395,0,0,0,0,0,0,0,0
1327,1762970203494,0,0,0,0,0,0,0,0
1328,1762970203744,0,0,0,0,0,0,0,0
1329,1762970203844,0,0,0,0,0,0,0,0
1330,1762970203962,0,0,0,0,0,0,0,0
1331,1762970204078,0,0,0,0,0,0,0,0
1332,1762970204161,0,0,0,0,0,0,0,0
1333,1762970204280,0,0,0,0,0,0,0,0
1334,1762970204377,0,0,0,0,0,0,0,0
1335,1762970204494,0,0,0,0,0,0,0,0
1336,1762970204610,0,0,0,0,0,0,0,0
1337,1762970204712,0,0,0,0,0,0,0,0
1338,1762970204827,0,0,0,0,0,0,0,0
1339,1762970204943,0,0,0,0,0,0,0,0
1340,1762970205159,0,0,0,0,0,0,0,0
1341,1762970205260,0,0,0,0,0,0,0,0
1342,1762970205476,0,0,0,0,0,0,0,0
1343,1762970205593,0,0,0,0,0,0,0,0
1344,1762970205709,0,0,0,0,0,0,0,0
1345,1762970205826,0,0,0,0,0,0,0,0
1346,1762970205926,0,0,0,0,0,0,0,0
1347,1762970206042,0,0,0,0,0,0,0,0
1348,1762970206159,0,0,0,0,0,0,0,0
1349,1762970206260,0,0,0,0,0,0,0,0
1350,1762970206360,0,0,0,0,0,0,0,0
1351,1762970206475,0,0,0,0,0,0,0,0
1352,1762970206608,0,0,0,0,0,0,0,0
1353,1762970206742,0,0,0,0,0,0,0,0
1354,1762970206825,0,0,0,0,0,0,0,0
1355,1762970206991,0,0,0,0,0,0,0,0
1356,1762970207109,0,0,0,0,0,0,0,0
1357,1762970207241,0,0,0,0,0,0,0,0
1358,1762970207358,0,0,0,0,0,0,0,0
1359,1762970207690,0,0,0,0,0,0,0,0
1360,1762970207792,0,0,0,0,0,0,0,0
1361,1762970207925,0,0,0,0,0,0,0,0
1362,1762970208142,0,0,0,0,0,0,0,0
1363,1762970208224,0,0,0,0,0,0,0,0
1364,1762970208341,0,0,0,0,0,0,0,0
1365,1762970208459,0,0,0,0,0,0,0,0
1366,1762970208907,0,0,0,0,0,0,0,0
1367,1762970209058,0,0,0,0,0,0,0,0
1368,1762970209225,0,0,0,0,0,0,0,0
1369,1762970209324,0,0,0,0,0,0,0,0
1370,1762970209558,0,0,0,0,0,0,0,0
1371,1762970209656,0,0,0,0,0,0,0,0
1372,1762970209773,0,0,0,0,0,0,0,0
1373,1762970209890,0,0,0,0,0,0,0,0
1374,1762970210223,0,0,0,0,0,0,0,0
1375,1762970210322,0,0,0,0,0,0,0,0
1376,1762970210423,0,0,0,0,0,0,0,0
1377,1762970210523,0,0,0,0,0,0,0,0
1378,1762970210640,0,0,0,0,0,0,0,0
1379,1762970210757,0,0,0,0,0,0,0,0
1380,1762970210873,0,0,0,0,0,0,0,0
1381,1762970211006,0,0,0,0,0,0,0,0
1382,1762970211206,0,0,0,0,0,0,0,0
1383,1762970211321,0,0,0,0,0,0,0,0
1384,1762970211421,0,0,0,0,0,0,0,0
1385,1762970211537,0,0,0,0,0,0,0,0
1386,1762970211655,0,0,0,0,0,0,0,0
1387,1762970211756,0,0,0,0,0,0,0,0
1388,1762970211855,0,0,0,0,0,0,0,0
1389,1762970212137,0,0,0,0,0,0,0,0
1390,1762970212190,0,0,0,0,0,0,0,0
1391,1762970212520,0,0,0,0,0,0,0,0
1392,1762970212620,0,0,0,0,0,0,0,0
1393,1762970212739,0,0,0,0,0,0,0,0
1394,1762970213008,0,0,0,0,0,0,0,0
1395,1762970213204,0,0,0,0,0,0,0,0
1396,1762970213386,0,0,0,0,0,0,0,0
1397,1762970213604,0,0,0,0,0,0,0,0
1398,1762970213970,0,0,0,0,0,0,0,0
1399,1762970214096,0,0,0,0,0,0,0,0
1400,1762970214172,0,0,0,0,0,0,0,0
1401,1762970214404,0,0,0,0,0,0,0,0
1402,1762970214505,0,0,0,0,0,0,0,0
1403,1762970214910,0,0,0,0,0,0,0,0
1404,1762970215121,0,0,0,0,0,0,0,0
1405,1762970215268,0,0,0,0,0,0,0,0
1406,1762970215385,0,0,0,0,0,0,0,0
1407,1762970215485,0,0,0,0,0,0,0,0
1408,1762970215637,0,0,0,0,0,0,0,0
1409,1762970215753,0,0,0,0,0,0,0,0
1410,1762970215835,0,0,0,0,0,0,0,0
1411,1762970216201,0,0,0,0,0,0,0,0
1412,1762970216303,0,0,0,0,0,0,0,0
1413,1762970216419,0,0,0,0,0,0,0,0
1414,1762970216552,0,0,0,0,0,0,0,0
1415,1762970216705,0,0,0,0,0,0,0,0
1416,1762970216785,0,0,0,0,0,0,0,0
1417,1762970216937,0,0,0,0,0,0,0,0
1418,1762970217051,0,0,0,0,0,0,0,0
1419,1762970217251,0,0,0,0,0,0,0,0
1420,1762970217395,0,0,0,0,0,0,0,0
1421,1762970217584,0,0,0,0,0,0,0,0
1422,1762970217784,0,0,0,0,0,0,0,0
1423,1762970218052,0,0,0,0,0,0,0,0
1424,1762970218153,0,0,0,0,0,0,0,0
1425,1762970218240,0,0,0,0,0,0,0,0
1426,1762970218351,0,0,0,0,0,0,0,0
1427,1762970218468,0,0,0,0,0,0,0,0
1428,1762970218584,0,0,0,0,0,0,0,0
1429,1762970218684,0,0,0,0,0,0,0,0
1430,1762970218835,0,0,0,0,0,0,0,0
1431,1762970219136,0,0,0,0,0,0,0,0
1432,1762970222051,0,0,0,0,0,0,0,0
1433,1762970223462,0,0,0,0,0,0,0,0
1434,1762970223529,0,0,0,0,0,0,0,0
1435,1762970223679,0,0,0,0,0,0,0,0
1436,1762970223747,0,0,0,0,0,0,0,0
1437,1762970223862,0,0,0,0,0,0,0,0
1438,1762970224013,0,0,0,0,0,0,0,0
1439,1762970224130,0,0,0,0,0,0,0,0
1440,1762970224230,0,0,0,0,0,0,0,0
1441,1762970224347,0,0,0,0,0,0,0,0
1442,1762970224463,0,0,0,0,0,0,0,0
1443,1762970224630,0,0,0,0,0,0,0,0
1444,1762970224845,0,0,0,0,0,0,0,0
1445,1762970225027,0,0,0,0,0,0,0,0
1446,1762970225112,0,0,0,0,0,0,0,0
1447,1762970225195,0,0,0,0,0,0,0,0
1448,1762970225329,0,0,0,0,0,0,0,0
1449,1762970225397,0,0,0,0,0,0,0,0
1450,1762970225545,0,0,0,0,0,0,0,0
1451,1762970225644,0,0,0,0,0,0,0,0
1452,1762970225728,0,0,0,0,0,0,0,0
1453,1762970225828,0,0,0,0,0,0,0,0
1454,1762970225944,0,0,0,0,0,0,0,0
1455,1762970226061,0,0,0,0,0,0,0,0
1456,1762970226177,0,0,0,0,0,0,0,0
1457,1762970226311,0,0,0,0,0,0,0,0
1458,1762970226444,0,0,0,0,0,0,0,0
1459,1762970226577,0,0,0,0,0,0,0,0
1460,1762970226677,0,0,0,0,0,0,0,0
1461,1762970226726,0,0,0,0,0,0,0,0
1462,1762970226827,0,0,0,0,0,0,0,0
1463,1762970227110,0,0,0,0,0,0,0,0
1464,1762970227294,0,0,0,0,0,0,0,0
1465,1762970227376,0,0,0,0,0,0,0,0
1466,1762970227493,0,0,0,0,0,0,0,0
1467,1762970227592,0,0,0,0,0,0,0,0
1468,1762970227710,0,0,0,0,0,0,0,0
1469,1762970227842,0,0,0,0,0,0,0,0
1470,1762970228109,0,0,0,0,0,0,0,0
1471,1762970228191,0,0,0,0,0,0,0,0
1472,1762970228243,0,0,0,0,0,0,0,0
1473,1762970228276,0,0,0,0,0,0,0,0
1474,1762970228376,0,0,0,0,0,0,0,0
1475,1762970228492,0,0,0,0,0,0,0,0
1476,1762970228609,0,0,0,0,0,0,0,0
1477,1762970228709,0,0,0,0,0,0,0,0
1478,1762970228842,0,0,0,0,0,0,0,0
1479,1762970229043,0,0,0,0,0,0,0,0
1480,1762970229142,0,0,0,0,0,0,0,0
1481,1762970229259,0,0,0,0,0,0,0,0
1482,1762970229359,0,0,0,0,0,0,0,0
1483,1762970229525,0,0,0,0,0,0,0,0
1484,1762970229910,0,0,0,0,0,0,0,0
1485,1762970230081,0,0,0,0,0,0,0,0
1486,1762970230158,0,0,0,0,0,0,0,0
1487,1762970230491,0,0,0,0,0,0,0,0
1488,1762970230573,0,0,0,0,0,0,0,0
1489,1762970230674,0,0,0,0,0,0,0,0
1490,1762970230792,0,0,0,0,0,0,0,0
1491,1762970230893,0,0,0,0,0,0,0,0
1492,1762970231124,0,0,0,0,0,0,0,0
1493,1762970231259,0,0,0,0,0,0,0,0
1494,1762970231372,0,0,0,0,0,0,0,0
1495,1762970231556,0,0,0,0,0,0,0,0
1496,1762970231923,0,0,0,0,0,0,0,0
1497,1762970232072,0,0,0,0,0,0,0,0
1498,1762970232322,0,0,0,0,0,0,0,0
1499,1762970232643,0,0,0,0,0,0,0,0
1500,1762970232805,0,0,0,0,0,0,0,0
1501,1762970232871,0,0,0,0,0,0,0,0
1502,1762970233087,0,0,0,0,0,0,0,0
1503,1762970233220,0,0,0,0,0,0,0,0
1504,1762970233354,0,0,0,0,0,0,0,0
1505,1762970233455,0,0,0,0,0,0,0,0
1506,1762970233538,0,0,0,0,0,0,0,0
1507,1762970233655,0,0,0,0,0,0,0,0
1508,1762970233755,0,0,0,0,0,0,0,0
1509,1762970233955,0,0,0,0,0,0,0,0
1510,1762970234138,0,0,0,0,0,0,0,0
1511,1762970234253,0,0,0,0,0,0,0,0
1512,1762970234305,0,0,0,0,0,0,0,0
1513,1762970234438,0,0,0,0,0,0,0,0
1514,1762970234487,0,0,0,0,0,0,0,0
1515,1762970234970,0,0,0,0,0,0,0,0
1516,1762970235184,0,0,0,0,0,0,0,0
1517,1762970235252,0,0,0,0,0,0,0,0
1518,1762970235401,0,0,0,0,0,0,0,0
1519,1762970235485,0,0,0,0,0,0,0,0
1520,1762970235806,0,0,0,0,0,0,0,0
1521,1762970235903,0,0,0,0,0,0,0,0
1522,1762970236120,0,0,0,0,0,0,0,0
1523,1762970236288,0,0,0,0,0,0,0,0
1524,1762970236385,0,0,0,0,0,0,0,0
1525,1762970236506,0,0,0,0,0,0,0,0
1526,1762970236635,0,0,0,0,0,0,0,0
1527,1762970236735,0,0,0,0,0,0,0,0
1528,1762970236903,0,0,0,0,0,0,0,0
1529,1762970237019,0,0,0,0,0,0,0,0
1530,1762970237119,0,0,0,0,0,0,0,0
1531,1762970237285,0,0,0,0,0,0,0,0
1532,1762970237388,0,0,0,0,0,0,0,0
1533,1762970237501,0,0,0,0,0,0,0,0
1534,1762970237669,0,0,0,0,0,0,0,0
1535,1762970238034,0,0,0,0,0,0,0,0
1536,1762970238202,0,0,0,0,0,0,0,0
1537,1762970238419,0,0,0,0,0,0,0,0
1538,1762970238800,0,0,0,0,0,0,0,0
1539,1762970238983,0,0,0,0,0,0,0,0
1540,1762970239788,0,0,0,2,0,0,0,0
1541,1762970239921,0,0,0,2,0,0,0,0
1542,1762970240080,0,0,0,2,0,0,0,0
1543,1762970240183,0,1,0,2,0,0,0,0
1544,1762970240297,0,1,0,2,0,0,0,0
1545,1762970240513,0,0,0,2,0,0,0,0
1546,1762970240697,455,4,0,722,0,0,0,0
1547,1762970240997,345,2,0,710,0,0,0,0
1548,1762970241079,266,2,0,682,0,0,0,0
1549,1762970241229,219,1,0,641,0,0,0,0
1550,1762970241346,147,0,0,530,0,0,0,0
1551,1762970241464,121,0,0,489,0,0,0,0
1552,1762970241579,88,0,0,440,0,0,0,0
1553,1762970241696,72,0,0,413,0,0,0,0
1554,1762970241846,59,0,0,390,0,0,0,0
1555,1762970241996,48,0,0,368,0,0,0,0
1556,1762970242128,40,0,0,347,0,0,0,0
1557,1762970242179,30,0,0,321,0,0,0,0
1558,1762970242229,24,0,0,305,0,0,0,0
1559,1762970242345,20,0,0,289,0,0,0,0
1560,1762970242446,16,0,0,274,0,0,0,0
1561,1762970242761,0,0,0,233,0,0,0,0
1562,1762970242913,0,0,0,0,0,0,0,0
1563,1762970243145,0,0,0,0,0,0,0,0
1564,1762970243214,0,0,0,0,0,0,0,0
1565,1762970243344,0,0,0,0,0,0,0,0
1566,1762970243461,0,0,0,0,0,0,0,0
1567,1762970243729,0,0,0,0,0,0,0,0
1568,1762970243860,0,0,0,0,0,0,0,0
1569,1762970244094,0,0,0,0,0,0,0,0
1570,1762970244262,0,0,0,0,0,0,0,0
1571,1762970244431,0,0,0,0,0,0,0,0
1572,1762970244561,0,0,0,0,0,0,0,0
1573,1762970244694,0,0,0,0,0,0,0,0
1574,1762970245011,0,0,0,0,0,0,0,0
1575,1762970245461,0,0,0,0,0,0,0,0
1576,1762970245678,0,0,0,0,0,0,0,0
1577,1762970245960,0,0,0,0,0,0,0,0
1578,1762970246094,0,0,0,0,0,0,0,0
1579,1762970246194,0,0,0,0,0,0,0,0
1580,1762970246326,0,0,0,0,0,0,0,0
1581,1762970246443,0,0,0,0,0,0,0,0
1582,1762970246641,0,0,0,0,0,0,0,0
1583,1762970246774,0,0,0,0,0,0,0,0
1584,1762970247026,0,0,0,0,0,0,0,0
1585,1762970247375,0,0,0,0,0,0,0,0
1586,1762970247475,0,0,0,0,0,0,0,0
1587,1762970247627,0,0,0,0,0,0,0,0
1588,1762970247808,0,0,0,0,0,0,0,0
1589,1762970247942,0,0,0,0,0,0,0,0
1590,1762970248225,0,0,0,0,0,0,0,0
1591,1762970248475,0,0,0,0,0,0,0,0
1592,1762970248542,0,0,0,0,0,0,0,0
1593,1762970248724,5,0,0,0,0,0,0,0
1594,1762970248758,7,2,0,4,0,0,0,0
1595,1762970248941,0,0,0,0,0,0,0,0
1596,1762970249091,0,0,0,0,0,0,0,0
1597,1762970249373,2,1,0,1,0,0,0,0
1598,1762970249490,0,0,0,0,0,0,0,0
1599,1762970249590,0,0,0,0,0,0,0,0
1600,1762970249741,0,0,0,0,0,0,0,0
1601,1762970249824,1,1,0,1,0,0,0,0
1602,1762970250158,0,0,0,0,0,0,0,0
1603,1762970250372,0,0,0,0,0,0,0,0
1604,1762970250471,0,3,0,1,0,0,0,0
1605,1762970250588,0,7,0,5,0,0,0,0
1606,1762970250705,0,8,0,6,0,0,0,0
1607,1762970250973,0,11,0,6,0,0,0,0
1608,1762970251107,0,12,0,7,0,0,0,0
1609,1762970251238,0,14,0,7,0,0,0,0
1610,1762970251371,1,14,0,7,0,0,0,0
1611,1762970251471,85,22,0,65032,0,0,0,0
1612,1762970251571,190,118,0,64898,0,0,0,0
1613,1762970251688,208,198,0,64805,0,0,0,0
1614,1762970251805,219,262,0,64587,0,0,0,0
1615,1762970251988,289,311,1,0,0,0,0,0
1616,1762970252071,401,363,1,484,0,0,0,0
1617,1762970252155,569,391,3,64853,0,0,0,0
1618,1762970252239,795,410,4,64735,0,0,0,0
1619,1762970252340,1079,423,6,857,0,0,0,0
1620,1762970252454,1643,435,9,899,0,0,0,0
1621,1762970252571,2048,372,10,950,0,0,0,0
1622,1762970252704,2479,322,10,965,0,0,0,0
1623,1762970252921,0,0,0,0,0,0,0,0
1624,1762970253087,0,0,0,0,0,0,0,0
1625,1762970253237,0,0,0,0,0,0,0,0
1626,1762970253336,0,0,0,0,0,0,0,0
1627,1762970253553,0,0,0,0,0,0,0,0
1628,1762970253674,588,28,0,0,0,0,0,0
1629,1762970253837,0,0,0,0,0,0,0,0
1630,1762970253953,0,0,0,0,0,0,0,0
1631,1762970254168,0,0,0,0,0,0,0,0
1632,1762970254336,163,7,0,5,0,0,0,0
1633,1762970254435,134,6,0,5,0,0,0,0
1634,1762970254552,0,0,0,0,0,0,0,0
1635,1762970254884,53,3,0,2,0,0,0,0
1636,1762970255118,43,2,0,3,0,0,0,0
1637,1762970255417,18,0,0,5,0,0,0,0
1638,1762970255535,15,0,0,5,0,0,0,0
1639,1762970255651,12,65535,0,5,0,0,0,0
1640,1762970255767,26,65534,0,5,0,0,0,0
1641,1762970255884,152,63,0,64949,0,0,0,0
1642,1762970256033,180,130,0,678,0,0,0,0
1643,1762970256201,170,182,0,762,0,0,0,0
1644,1762970256300,136,264,0,842,0,0,0,0
1645,1762970256416,122,306,0,888,0,0,0,0
1646,1762970256534,106,329,0,912,0,0,0,0
1647,1762970256667,94,206,0,960,0,0,0,0
1648,1762970256799,101,246,0,1000,0,0,0,0
1649,1762970257083,155,276,0,1037,0,0,0,0
1650,1762970257167,256,310,1,1098,0,0,0,0
1651,1762970257300,1005,344,4,1017,0,0,0,0
1652,1762970257399,1602,354,7,977,0,0,0,0
1653,1762970257517,2106,301,8,974,0,0,0,0
1654,1762970257632,2589,251,8,944,0,0,0,0
1655,1762970257749,3017,208,8,930,0,0,0,0
1656,1762970258015,3694,150,7,963,0,0,0,0
1657,1762970258282,4460,79,4,936,0,0,0,0
1658,1762970258399,4603,77,4,951,0,0,0,0
1659,1762970258615,4862,79,5,947,0,0,0,0
1660,1762970258764,4944,82,5,940,0,0,0,0
1661,1762970258864,5016,83,5,952,0,0,0,0
1662,1762970259031,5078,73,5,937,0,0,0,0
1663,1762970259498,5318,70,5,924,0,0,0,0
1664,1762970259730,5384,82,6,923,0,0,0,0
1665,1762970260080,5429,82,6,900,0,0,0,0
1666,1762970260264,5513,77,5,923,0,0,0,0
1667,1762970260380,5540,83,6,910,0,0,0,0
1668,1762970260496,5568,87,6,926,0,0,0,0
1669,1762970260813,5658,105,8,922,0,0,0,0
1670,1762970261114,5682,103,7,920,0,0,0,0
1671,1762970261230,5705,96,7,933,0,0,0,0
1672,1762970261298,5760,89,7,928,0,0,0,0
1673,1762970261479,5795,97,7,929,0,0,0,0
1674,1762970261595,5807,105,8,929,0,0,0,0
1675,1762970261846,5827,114,9,949,0,0,0,0
1676,1762970261963,5838,111,8,937,0,0,0,0
1677,1762970262579,5899,115,9,912,0,0,0,0
1678,1762970262695,5905,120,9,897,0,0,0,0
1679,1762970262828,5906,118,9,921,0,0,0,0
1680,1762970262978,5904,115,9,901,0,0,0,0
1681,1762970263144,5893,98,7,862,0,0,0,0
1682,1762970263211,5877,77,6,760,0,0,0,0
1683,1762970263277,5854,60,4,710,0,0,0,0
1684,1762970263344,0,0,0,0,0,0,0,0
1685,1762970263461,0,0,0,0,0,0,0,0
1686,1762970263678,0,0,0,0,0,0,0,0
1687,1762970263862,0,0,0,0,0,0,0,0
1688,1762970263960,0,0,0,0,0,0,0,0
1689,1762970264195,0,0,0,0,0,0,0,0
1690,1762970264294,0,0,0,0,0,0,0,0
1691,1762970264414,0,0,0,0,0,0,0,0
1692,1762970264444,0,0,0,0,0,0,0,0
1693,1762970264543,0,0,0,0,0,0,0,0
1694,1762970264660,0,0,0,0,0,0,0,0
1695,1762970265126,0,0,0,0,0,0,0,0
1696,1762970265542,59,1,0,2,0,0,0,0
1697,1762970265693,0,0,0,0,0,0,0,0
1698,1762970266359,0,0,0,0,0,0,0,0
1699,1762970266409,0,0,0,0,0,0,0,0
1700,1762970266609,8,0,0,1,0,0,0,0
1701,1762970266758,0,0,0,0,0,0,0,0
1702,1762970267058,3,2,0,1,0,0,0,0
1703,1762970267225,3,3,0,4,0,0,0,0
1704,1762970267325,0,0,0,0,0,0,0,0
1705,1762970267408,0,0,0,0,0,0,0,0
1706,1762970267524,0,0,0,0,0,0,0,0
1707,1762970267624,0,0,0,0,0,0,0,0
1708,1762970267840,0,0,0,0,0,0,0,0
1709,1762970267891,0,0,0,0,0,0,0,0
1710,1762970268058,0,0,0,0,0,0,0,0
1711,1762970268407,0,0,0,0,0,0,0,0
1712,1762970273470,0,0,0,0,0,0,0,0
1713,1762970273585,0,0,0,0,0,0,0,0
1714,1762970273690,0,0,0,0,0,0,0,0
1715,1762970273921,0,0,0,0,0,0,0,0
1716,1762970274105,0,0,0,0,0,0,0,0
1717,1762970274288,0,0,0,0,0,0,0,0
1718,1762970274320,0,0,0,0,0,0,0,0
1719,1762970274455,0,0,0,0,0,0,0,0
1720,1762970274571,0,0,0,0,0,0,0,0
1721,1762970274670,0,0,0,0,0,0,0,0
1722,1762970274837,0,0,0,0,0,0,0,0
1723,1762970274920,0,0,0,0,0,0,0,0
1724,1762970275104,0,1,0,1,0,0,0,0
1725,1762970275221,0,0,0,0,0,0,0,0
1726,1762970275903,0,0,0,0,0,0,0,0
1727,1762970276103,0,0,0,0,0,0,0,0
1728,1762970276335,0,0,0,0,0,0,0,0
1729,1762970276435,0,0,0,0,0,0,0,0
1730,1762970276603,0,0,0,0,0,0,0,0
1731,1762970276787,0,0,0,0,0,0,0,0
1732,1762970276968,0,0,0,0,0,0,0,0
1733,1762970277235,0,0,0,0,0,0,0,0
1734,1762970277501,0,0,0,0,0,0,0,0
1735,1762970277569,0,0,0,0,0,0,0,0
1736,1762970277785,0,0,0,0,0,0,0,0
1737,1762970278203,0,0,0,0,0,0,0,0
1738,1762970278301,0,0,0,0,0,0,0,0
1739,1762970278335,0,0,0,0,0,0,0,0
1740,1762970278468,0,0,0,0,0,0,0,0
1741,1762970278535,0,0,0,0,0,0,0,0
1742,1762970278634,0,0,0,0,0,0,0,0
1743,1762970278969,0,0,0,0,0,0,0,0
1744,1762970279267,0,0,0,0,0,0,0,0
1745,1762970279283,0,0,0,0,0,0,0,0
1746,1762970279416,0,0,0,0,0,0,0,0
1747,1762970279533,0,0,0,0,0,0,0,0
1748,1762970279650,0,0,0,0,0,0,0,0
1749,1762970279866,0,0,0,0,0,0,0,0
1750,1762970280065,0,0,0,0,0,0,0,0
1751,1762970280199,0,0,0,0,0,0,0,0
1752,1762970280332,0,0,0,0,0,0,0,0
1753,1762970280365,0,0,0,0,0,0,0,0
1754,1762970280399,0,0,0,0,0,0,0,0
1755,1762970280515,0,0,0,0,0,0,0,0
1756,1762970280616,0,0,0,0,0,0,0,0
1757,1762970280882,0,0,0,0,0,0,0,0
1758,1762970280982,0,0,0,0,0,0,0,0
1759,1762970281100,0,0,0,0,0,0,0,0
1760,1762970281199,0,0,0,0,0,0,0,0
1761,1762970281331,0,0,0,0,0,0,0,0
1762,1762970281416,0,0,0,0,0,0,0,0
1763,1762970281498,0,0,0,0,0,0,0,0
1764,1762970281633,0,0,0,0,0,0,0,0
1765,1762970281714,0,0,0,0,0,0,0,0
1766,1762970281934,0,0,0,0,0,0,0,0
1767,1762970282164,0,0,0,0,0,0,0,0
1768,1762970282331,0,0,0,0,0,0,0,0
1769,1762970282481,0,0,0,0,0,0,0,0
1770,1762970282598,0,0,0,0,0,0,0,0
1771,1762970282714,0,0,0,0,0,0,0,0
1772,1762970282864,0,0,0,0,0,0,0,0
1773,1762970282997,0,0,0,0,0,0,0,0
1774,1762970283147,0,0,0,0,0,0,0,0
1775,1762970283297,0,0,0,0,0,0,0,0
1776,1762970283480,0,0,0,0,0,0,0,0
1777,1762970283581,0,0,0,0,0,0,0,0
1778,1762970283696,0,0,0,0,0,0,0,0
1779,1762970283814,0,0,0,0,0,0,0,0
1780,1762970283964,0,0,0,0,0,0,0,0
1781,1762970284146,0,0,0,0,0,0,0,0
1782,1762970284280,0,0,0,0,0,0,0,0
1783,1762970284363,0,0,0,0,0,0,0,0
1784,1762970284463,0,0,0,0,0,0,0,0
1785,1762970284579,0,0,0,0,0,0,0,0
1786,1762970284679,0,0,0,0,0,0,0,0
1787,1762970284796,0,0,0,0,0,0,0,0
1788,1762970284945,0,0,0,0,0,0,0,0
1789,1762970285112,0,0,0,0,0,0,0,0
1790,1762970285263,0,0,0,0,0,0,0,0
1791,1762970285362,0,0,0,0,0,0,0,0
1792,1762970285461,0,0,0,0,0,0,0,0
1793,1762970285561,0,0,0,0,0,0,0,0
1794,1762970285679,0,0,0,0,0,0,0,0
1795,1762970285961,0,0,0,0,0,0,0,0
1796,1762970286146,0,0,0,0,0,0,0,0
1797,1762970286260,0,0,0,0,0,0,0,0
1798,1762970286562,0,0,0,0,0,0,0,0
1799,1762970286661,0,0,0,0,0,0,0,0
1800,1762970286777,0,0,0,0,0,0,0,0
1801,1762970286978,0,0,0,0,0,0,0,0
1802,1762970287160,0,0,0,0,0,0,0,0
1803,1762970287262,0,0,0,0,0,0,0,0
1804,1762970287343,0,0,0,0,0,0,0,0
1805,1762970287378,0,0,0,0,0,0,0,0
1806,1762970287427,0,0,0,0,0,0,0,0
1807,1762970287560,0,0,0,0,0,0,0,0
1808,1762970287659,0,0,0,0,0,0,0,0
1809,1762970287793,0,0,0,0,0,0,0,0
1810,1762970287960,0,0,0,0,0,0,0,0
1811,1762970288142,0,0,0,0,0,0,0,0
1812,1762970288426,0,0,0,0,0,0,0,0
1813,1762970288542,0,0,0,0,0,0,0,0
1814,1762970288676,0,0,0,0,0,0,0,0
1815,1762970288776,0,0,0,0,0,0,0,0
1816,1762970288875,0,0,0,0,0,0,0,0
1817,1762970289109,0,0,0,0,0,0,0,0
1818,1762970289276,0,0,0,0,0,0,0,0
1819,1762970289310,0,0,0,0,0,0,0,0
1820,1762970289411,0,0,0,0,0,0,0,0
1821,1762970289625,0,0,0,0,0,0,0,0
1822,1762970289858,0,0,0,0,0,0,0,0
1823,1762970290007,0,0,0,0,0,0,0,0
1824,1762970290124,0,0,0,0,0,0,0,0
1825,1762970290274,0,0,0,0,0,0,0,0
1826,1762970290407,0,0,0,0,0,0,0,0
1827,1762970290475,0,0,0,0,0,0,0,0
1828,1762970290542,0,0,0,2,0,0,0,0
1829,1762970290740,0,3,0,4,0,0,0,0
1830,1762970290843,0,4,0,5,0,0,0,0
1831,1762970291008,0,0,0,0,0,0,0,0
1832,1762970291159,0,0,0,0,0,0,0,0
1833,1762970291340,0,0,0,0,0,0,0,0
1834,1762970291407,0,3,0,3,0,0,0,0
1835,1762970291507,0,4,0,4,0,0,0,0
1836,1762970291639,0,6,0,5,0,0,0,0
1837,1762970291756,0,6,0,4,0,0,0,0
1838,1762970291840,0,7,0,5,0,0,0,0
1839,1762970291974,0,7,0,4,0,0,0,0
1840,1762970292156,0,7,0,4,0,0,0,0
1841,1762970292290,0,8,0,169,0,0,0,0
1842,1762970292340,46,65527,0,592,0,0,0,0
1843,1762970292422,413,65523,0,710,0,0,0,0
1844,1762970292606,1405,32,1,749,0,0,0,0
1845,1762970292723,1289,71,1,809,0,0,0,0
1846,1762970292839,1111,110,1,837,0,0,0,0
1847,1762970292992,940,152,1,869,0,0,0,0
1848,1762970293255,784,190,2,902,0,0,0,0
1849,1762970293305,511,266,1,983,0,0,0,0
1850,1762970293388,428,291,1,1010,0,0,0,0
1851,1762970293589,305,327,1,1058,0,0,0,0
1852,1762970293854,213,304,0,1112,0,0,0,0
1853,1762970293954,208,322,0,1011,0,0,0,0
1854,1762970294105,238,334,1,961,0,0,0,0
1855,1762970294237,323,341,1,910,0,0,0,0
1856,1762970294337,553,347,2,894,0,0,0,0
1857,1762970294471,1126,356,5,859,0,0,0,0
1858,1762970294587,1525,362,7,858,0,0,0,0
1859,1762970294820,2482,325,10,938,0,0,0,0
1860,1762970295105,3485,188,8,932,0,0,0,0
1861,1762970295238,3768,160,8,926,0,0,0,0
1862,1762970295355,0,0,0,0,0,0,0,0
1863,1762970295471,0,0,0,0,0,0,0,0
1864,1762970295803,0,0,0,0,0,0,0,0
1865,1762970296002,0,0,0,0,0,0,0,0
1866,1762970296137,811,25,0,0,0,0,0,0
1867,1762970296304,0,0,0,0,0,0,0,0
1868,1762970296453,0,0,0,0,0,0,0,0
1869,1762970296569,275,8,0,3,0,0,0,0
1870,1762970296953,0,0,0,0,0,0,0,0
1871,1762970297103,109,0,0,0,0,0,0,0
1872,1762970297185,90,2,0,2,0,0,0,0
1873,1762970297252,74,1,0,4,0,0,0,0
1874,1762970297336,60,0,0,4,0,0,0,0
1875,1762970297452,49,65535,0,4,0,0,0,0
1876,1762970297551,37,65534,0,4,0,0,0,0
1877,1762970297902,0,0,0,0,0,0,0,0
1878,1762970298052,0,0,0,0,0,0,0,0
1879,1762970298234,12,0,0,0,0,0,0,0
1880,1762970298335,0,0,0,0,0,0,0,0
1881,1762970298451,0,0,0,0,0,0,0,0
1882,1762970298767,0,0,0,0,0,0,0,0
1883,1762970299086,2,65535,0,0,0,0,0,0
1884,1762970299301,2,65534,0,1,0,0,0,0
1885,1762970299433,1,65531,0,3,0,0,0,0
1886,1762970299533,1,65531,0,3,0,0,0,0
1887,1762970299666,1,65531,0,3,0,0,0,0
1888,1762970299752,1,65531,0,3,0,0,0,0
1889,1762970299933,1,65531,0,4,0,0,0,0
1890,1762970300153,2,65511,0,92,0,0,0,0
1891,1762970300350,1492,65506,0,829,0,0,0,0
1892,1762970300416,1697,65513,0,907,0,0,0,0
1893,1762970301016,925,253,3,1180,0,0,0,0
1894,1762970301150,1054,302,4,1082,0,0,0,0
1895,1762970301299,1301,337,5,978,0,0,0,0
1896,1762970301416,1664,361,8,905,0,0,0,0
1897,1762970301465,2409,287,7,932,0,0,0,0
1898,1762970301515,2852,205,7,939,0,0,0,0
1899,1762970301632,3242,178,7,933,0,0,0,0
1900,1762970301732,3576,152,7,937,0,0,0,0
1901,1762970301981,4179,122,6,951,0,0,0,0
1902,1762970302181,4365,98,5,935,0,0,0,0
1903,1762970302298,4523,84,5,935,0,0,0,0
1904,1762970302366,4655,74,4,955,0,0,0,0
1905,1762970302448,4769,71,4,954,0,0,0,0
1906,1762970302614,4995,86,5,921,0,0,0,0
1907,1762970302731,5063,88,6,928,0,0,0,0
1908,1762970302833,5123,94,6,935,0,0,0,0
1909,1762970303164,5176,91,6,938,0,0,0,0
1910,1762970303332,5316,70,5,909,0,0,0,0
1911,1762970303448,5348,63,4,919,0,0,0,0
1912,1762970303613,5418,90,6,898,0,0,0,0
1913,1762970303731,5442,100,7,910,0,0,0,0
1914,1762970303847,5463,108,8,926,0,0,0,0
1915,1762970304082,5483,106,7,925,0,0,0,0
1916,1762970304330,5501,99,7,927,0,0,0,0
1917,1762970304615,5567,105,7,927,0,0,0,0
1918,1762970304696,5583,112,8,921,0,0,0,0
1919,1762970304798,5609,122,9,911,0,0,0,0
1920,1762970305096,5628,128,9,909,0,0,0,0
1921,1762970305345,5666,118,9,907,0,0,0,0
1922,1762970305412,5683,111,8,915,0,0,0,0
1923,1762970305462,5718,106,8,920,0,0,0,0
1924,1762970305545,5730,116,9,913,0,0,0,0
1925,1762970305662,5744,120,9,917,0,0,0,0
1926,1762970305728,5756,122,9,917,0,0,0,0
1927,1762970306045,5784,120,9,915,0,0,0,0
1928,1762970306396,5804,115,9,916,0,0,0,0
1929,1762970306595,5833,112,8,907,0,0,0,0
1930,1762970306661,5841,124,9,905,0,0,0,0
1931,1762970306811,5851,126,10,892,0,0,0,0
1932,1762970306912,5841,132,9,890,0,0,0,0
1933,1762970307210,0,0,0,0,0,0,0,0
1934,1762970307593,0,0,0,0,0,0,0,0
1935,1762970307677,0,0,0,0,0,0,0,0
1936,1762970307794,0,0,0,0,0,0,0,0
1937,1762970307994,0,0,0,0,0,0,0,0
1938,1762970308126,0,0,0,0,0,0,0,0
1939,1762970308227,0,0,0,0,0,0,0,0
1940,1762970308344,0,0,0,0,0,0,0,0
1941,1762970308443,0,0,0,0,0,0,0,0
1942,1762970308676,0,0,0,0,0,0,0,0
1943,1762970308892,0,0,0,0,0,0,0,0
1944,1762970309009,0,0,0,0,0,0,0,0
1945,1762970309125,0,0,0,0,0,0,0,0
1946,1762970309226,0,0,0,0,0,0,0,0
1947,1762970309509,0,0,0,0,0,0,0,0
1948,1762970309594,0,0,0,0,0,0,0,0
1949,1762970309808,0,0,0,0,0,0,0,0
1950,1762970309925,0,0,0,0,0,0,0,0
1951,1762970309975,0,0,0,0,0,0,0,0
1952,1762970310359,0,0,0,0,0,0,0,0
1953,1762970310474,0,0,0,0,0,0,0,0
1954,1762970310674,0,0,0,0,0,0,0,0
1955,1762970310775,0,0,0,0,0,0,0,0
1956,1762970310891,0,0,0,0,0,0,0,0
1957,1762970310991,0,0,0,0,0,0,0,0
1958,1762970311192,0,0,0,0,0,0,0,0
1959,1762970311457,0,0,0,0,0,0,0,0
1960,1762970311558,0,0,0,0,0,0,0,0
1961,1762970311875,0,0,0,0,0,0,0,0
1962,1762970312057,0,0,0,0,0,0,0,0
1963,1762970312173,1,65535,0,1,0,0,0,0
1964,1762970312306,1,65533,0,1,0,0,0,0
1965,1762970312590,0,0,0,1,0,0,0,0
1966,1762970312822,0,0,0,0,0,0,0,0
1967,1762970313341,0,0,0,0,0,0,0,0
1968,1762970313655,0,0,0,0,0,0,0,0
1969,1762970313839,0,0,0,0,0,0,0,0
1970,1762970313939,0,0,0,0,0,0,0,0
1971,1762970314222,0,0,0,0,0,0,0,0
1972,1762970314404,0,0,0,0,0,0,0,0
1973,1762970314705,0,0,0,0,0,0,0,0
1974,1762970314788,0,0,0,0,0,0,0,0
1975,1762970314971,0,0,0,0,0,0,0,0
1976,1762970315221,0,0,0,0,0,0,0,0
1977,1762970315672,0,0,0,0,0,0,0,0
1978,1762970315737,0,0,0,0,0,0,0,0
1979,1762970315969,0,0,0,0,0,0,0,0
1980,1762970316187,0,0,0,0,0,0,0,0
1981,1762970316286,0,0,0,0,0,0,0,0
1982,1762970316369,0,0,0,0,0,0,0,0
1983,1762970316453,0,0,0,0,0,0,0,0
1984,1762970316536,0,0,0,0,0,0,0,0
1985,1762970316635,0,0,0,0,0,0,0,0
1986,1762970316736,0,0,0,0,0,0,0,0
1987,1762970316987,0,65535,0,1,0,0,0,0
1988,1762970317285,0,0,0,0,0,0,0,0
1989,1762970317435,1,65534,0,1,0,0,0,0
1990,1762970317486,0,0,0,0,0,0,0,0
1991,1762970317569,0,0,0,0,0,0,0,0
1992,1762970317687,0,0,0,0,0,0,0,0
1993,1762970317801,0,65533,0,1,0,0,0,0
1994,1762970318151,0,0,0,0,0,0,0,0
1995,1762970319317,144,184,0,768,0,0,0,0
1996,1762970319869,743,412,4,1191,0,0,0,0
1997,1762970321200,4903,97,6,930,0,0,0,0
1998,1762970321766,5269,111,7,920,0,0,0,0
1999,1762970321982,5354,108,7,923,0,0,0,0
2000,1762970322780,5567,120,9,919,0,0,0,0
2001,1762970322980,5614,121,9,916,0,0,0,0
2002,1762970323114,5631,116,8,902,0,0,0,0
2003,1762970323214,5648,107,8,910,0,0,0,0
2004,1762970323447,5665,109,8,906,0,0,0,0
2005,1762970323680,5714,125,9,919,0,0,0,0
2006,1762970323797,5726,135,10,921,0,0,0,0
2007,1762970323915,5737,137,10,917,0,0,0,0
2008,1762970323980,5751,128,10,905,0,0,0,0
2009,1762970324229,5769,124,9,916,0,0,0,0
2010,1762970324364,5779,122,9,910,0,0,0,0
2011,1762970324513,5789,121,9,922,0,0,0,0
2012,1762970324729,5817,146,11,905,0,0,0,0
2013,1762970324831,5823,156,12,910,0,0,0,0
2014,1762970324949,5828,152,12,906,0,0,0,0
2015,1762970325098,5834,144,11,920,0,0,0,0
2016,1762970325212,5839,137,10,922,0,0,0,0
2017,1762970325295,5844,132,10,910,0,0,0,0
2018,1762970325512,5854,134,10,922,0,0,0,0
2019,1762970325678,5862,146,12,926,0,0,0,0
2020,1762970325779,5869,152,12,911,0,0,0,0
2021,1762970325861,5874,154,12,905,0,0,0,0
2022,1762970325995,5879,150,12,919,0,0,0,0
2023,1762970326111,5883,145,11,920,0,0,0,0
2024,1762970326361,5888,140,11,907,0,0,0,0
2025,1762970326661,5897,145,11,929,0,0,0,0
2026,1762970326744,5899,151,11,932,0,0,0,0
2027,1762970327345,5906,141,11,909,0,0,0,0
2028,1762970327511,5908,132,10,912,0,0,0,0
2029,1762970327578,5908,137,11,916,0,0,0,0
2030,1762970327910,5908,149,12,925,0,0,0,0
2031,1762970328093,5908,141,11,916,0,0,0,0
2032,1762970328278,5908,140,11,897,0,0,0,0
2033,1762970328542,5908,143,11,923,0,0,0,0
2034,1762970328942,5908,152,12,918,0,0,0,0
2035,1762970329109,5910,145,11,905,0,0,0,0
2036,1762970329258,5911,140,11,900,0,0,0,0
2037,1762970329992,5911,158,12,910,0,0,0,0
2038,1762970330125,5911,148,11,916,0,0,0,0
2039,1762970330292,5911,142,11,927,0,0,0,0
2040,1762970330458,5910,138,11,922,0,0,0,0
2041,1762970330524,5911,136,10,900,0,0,0,0
2042,1762970330691,5908,143,11,909,0,0,0,0
2043,1762970331040,0,0,0,0,0,0,0,0
2044,1762970331358,0,0,0,0,0,0,0,0
2045,1762970331724,0,0,0,0,0,0,0,0
2046,1762970331891,0,0,0,0,0,0,0,0
2047,1762970332040,0,0,0,0,0,0,0,0
2048,1762970332207,0,0,0,0,0,0,0,0
2049,1762970332557,0,0,0,0,0,0,0,0
2050,1762970332572,0,0,0,0,0,0,0,0
2051,1762970332642,0,0,0,0,0,0,0,0
2052,1762970332756,0,0,0,0,0,0,0,0
2053,1762970332873,0,0,0,0,0,0,0,0
2054,1762970333039,0,0,0,0,0,0,0,0
2055,1762970333272,0,0,0,0,0,0,0,0
2056,1762970333524,0,0,0,0,0,0,0,0
2057,1762970333624,0,0,0,0,0,0,0,0
2058,1762970333672,0,0,0,0,0,0,0,0
2059,1762970333755,0,0,0,0,0,0,0,0
2060,1762970333855,0,0,0,0,0,0,0,0
2061,1762970334106,0,0,0,0,0,0,0,0
2062,1762970334305,0,0,0,0,0,0,0,0
2063,1762970334571,0,0,0,0,0,0,0,0
2064,1762970334638,0,0,0,0,0,0,0,0
2065,1762970334754,0,0,0,0,0,0,0,0
2066,1762970335022,0,0,0,0,0,0,0,0
2067,1762970335237,0,0,0,0,0,0,0,0
2068,1762970335371,0,0,0,0,0,0,0,0
2069,1762970335403,0,0,0,0,0,0,0,0
2070,1762970335503,0,0,0,0,0,0,0,0
2071,1762970335636,0,0,0,0,0,0,0,0
2072,1762970335770,0,0,0,0,0,0,0,0
2073,1762970335836,0,0,0,0,0,0,0,0
2074,1762970335953,0,0,0,0,0,0,0,0
2075,1762970336270,0,0,0,0,0,0,0,0
2076,1762970336436,0,0,0,0,0,0,0,0
2077,1762970336620,0,0,0,0,0,0,0,0
2078,1762970336721,0,0,0,0,0,0,0,0
2079,1762970336820,0,0,0,0,0,0,0,0
2080,1762970336935,0,0,0,0,0,0,0,0
2081,1762970337252,0,0,0,0,0,0,0,0
2082,1762970337504,0,0,0,0,0,0,0,0
2083,1762970337602,0,0,0,0,0,0,0,0
2084,1762970337703,0,0,0,0,0,0,0,0
2085,1762970337818,0,0,0,0,0,0,0,0
2086,1762970338152,0,0,0,0,0,0,0,0
2087,1762970338601,0,0,0,0,0,0,0,0
2088,1762970338702,0,0,0,0,0,0,0,0
2089,1762970338834,0,0,0,0,0,0,0,0
2090,1762970339018,0,0,0,0,0,0,0,0
2091,1762970339218,0,0,0,0,0,0,0,0
2092,1762970339317,0,0,0,0,0,0,0,0
2093,1762970339386,0,0,0,0,0,0,0,0
2094,1762970339467,0,0,0,0,0,0,0,0
2095,1762970339551,0,0,0,0,0,0,0,0
2096,1762970339667,0,0,0,0,0,0,0,0
2097,1762970339818,0,0,0,0,0,0,0,0
2098,1762970340100,0,0,0,0,0,0,0,0
2099,1762970340449,0,0,0,0,0,0,0,0
2100,1762970340600,0,0,0,0,0,0,0,0
2101,1762970340782,0,0,0,0,0,0,0,0
2102,1762970340833,0,0,0,0,0,0,0,0
2103,1762970340900,0,0,0,0,0,0,0,0
2104,1762970341116,0,0,0,0,0,0,0,0
2105,1762970341282,0,0,0,0,0,0,0,0
2106,1762970341365,0,0,0,0,0,0,0,0
2107,1762970341449,0,0,0,0,0,0,0,0
2108,1762970341499,0,0,0,0,0,0,0,0
2109,1762970341599,0,0,0,0,0,0,0,0
2110,1762970341681,0,0,0,0,0,0,0,0
2111,1762970341784,0,0,0,0,0,0,0,0
2112,1762970341898,0,0,0,0,0,0,0,0
2113,1762970342065,0,0,0,0,0,0,0,0
2114,1762970342248,0,0,0,0,0,0,0,0
2115,1762970342398,0,0,0,0,0,0,0,0
2116,1762970342448,0,0,0,0,0,0,0,0
2117,1762970342548,0,0,0,0,0,0,0,0
2118,1762970342647,0,0,0,0,0,0,0,0
2119,1762970342781,0,0,0,0,0,0,0,0
2120,1762970342930,0,0,0,0,0,0,0,0
2121,1762970343082,0,0,0,0,0,0,0,0
2122,1762970343197,0,0,0,0,0,0,0,0
2123,1762970343297,0,0,0,0,0,0,0,0
2124,1762970343413,0,0,0,0,0,0,0,0
2125,1762970343680,0,0,0,0,0,0,0,0
2126,1762970343746,0,0,0,0,0,0,0,0
2127,1762970343979,0,0,0,0,0,0,0,0
2128,1762970344079,0,0,0,0,0,0,0,0
2129,1762970344301,0,0,0,0,0,0,0,0
2130,1762970344445,0,0,0,0,0,0,0,0
2131,1762970344513,0,0,0,0,0,0,0,0
2132,1762970344579,0,0,0,0,0,0,0,0
2133,1762970344798,0,0,0,0,0,0,0,0
2134,1762970344862,0,0,0,0,0,0,0,0
2135,1762970344962,0,0,0,0,0,0,0,0
2136,1762970345080,0,0,0,0,0,0,0,0
2137,1762970345295,0,0,0,0,0,0,0,0
2138,1762970345411,0,0,0,0,0,0,0,0
2139,1762970345646,0,0,0,0,0,0,0,0
2140,1762970345745,0,0,0,0,0,0,0,0
2141,1762970345878,0,0,0,0,0,0,0,0
2142,1762970345995,0,0,0,0,0,0,0,0
2143,1762970346278,0,0,0,0,0,0,0,0
2144,1762970346711,0,0,0,0,0,0,0,0
2145,1762970347128,0,0,0,0,0,0,0,0
2146,1762970347445,0,0,0,0,0,0,0,0
2147,1762970347727,0,0,0,0,0,0,0,0
2148,1762970347943,0,0,0,0,0,0,0,0
2149,1762970348044,0,0,0,0,0,0,0,0
2150,1762970348159,0,0,0,0,0,0,0,0
2151,1762970348377,0,0,0,0,0,0,0,0
2152,1762970348593,0,0,0,0,0,0,0,0
2153,1762970348711,0,0,0,0,0,0,0,0
2154,1762970348809,0,0,0,0,0,0,0,0
2155,1762970348942,0,0,0,0,0,0,0,0
2156,1762970349175,0,0,0,0,0,0,0,0
2157,1762970349375,0,0,0,0,0,0,0,0
2158,1762970349476,0,0,0,0,0,0,0,0
2159,1762970349591,0,0,0,0,0,0,0,0
2160,1762970349692,0,0,0,0,0,0,0,0
2161,1762970349808,0,0,0,0,0,0,0,0
2162,1762970349925,0,0,0,0,0,0,0,0
2163,1762970350092,0,0,0,0,0,0,0,0
2164,1762970350276,0,0,0,0,0,0,0,0
2165,1762970350442,0,0,0,0,0,0,0,0
2166,1762970350575,0,0,0,0,0,0,0,0
2167,1762970350691,0,0,0,0,0,0,0,0
2168,1762970350807,0,0,0,0,0,0,0,0
2169,1762970350908,0,0,0,0,0,0,0,0
2170,1762970351024,0,0,0,0,0,0,0,0
2171,1762970351174,0,0,0,0,0,0,0,0
2172,1762970351391,0,0,0,0,0,0,0,0
2173,1762970351575,0,0,0,0,0,0,0,0
2174,1762970351673,0,0,0,0,0,0,0,0
2175,1762970351790,0,0,0,0,0,0,0,0
2176,1762970351891,0,0,0,0,0,0,0,0
2177,1762970352024,0,0,0,0,0,0,0,0
2178,1762970352257,0,0,0,0,0,0,0,0
2179,1762970352392,0,0,0,0,0,0,0,0
2180,1762970352508,0,0,0,0,0,0,0,0
2181,1762970352673,0,0,0,0,0,0,0,0
2182,1762970352889,0,0,0,0,0,0,0,0
2183,1762970352989,0,0,0,0,0,0,0,0
2184,1762970353206,1,0,0,0,0,0,0,0
2185,1762970353323,1,0,0,7,0,0,0,0
2186,1762970353472,1,65535,0,7,0,0,0,0
2187,1762970353539,0,0,0,0,0,0,0,0
2188,1762970353655,0,0,0,0,0,0,0,0
2189,1762970353756,0,0,0,0,0,0,0,0
2190,1762970353871,0,0,0,0,0,0,0,0
2191,1762970354155,0,0,0,0,0,0,0,0
2192,1762970354306,0,0,0,0,0,0,0,0
2193,1762970354472,0,65535,0,2,0,0,0,0
2194,1762970354538,1,65535,0,6,0,0,0,0
2195,1762970354672,1,65534,0,7,0,0,0,0
2196,1762970354754,0,0,0,0,0,0,0,0
2197,1762970355038,0,0,0,0,0,0,0,0
2198,1762970355254,0,0,0,0,0,0,0,0
2199,1762970355487,0,0,0,0,0,0,0,0
2200,1762970355886,0,0,0,0,0,0,0,0
2201,1762970356071,0,0,0,0,0,0,0,0
2202,1762970356536,0,0,0,0,0,0,0,0
2203,1762970356621,0,0,0,0,0,0,0,0
2204,1762970356737,0,65535,0,0,0,0,0,0
2205,1762970356835,0,0,0,0,0,0,0,0
2206,1762970357070,0,0,0,0,0,0,0,0
2207,1762970357303,0,0,0,0,0,0,0,0
2208,1762970357503,0,0,0,0,0,0,0,0
2209,1762970357603,0,0,0,0,0,0,0,0
2210,1762970357719,0,0,0,0,0,0,0,0
2211,1762970357836,0,65535,0,0,0,0,0,0
2212,1762970357968,0,65535,0,2,0,0,0,0
2213,1762970358084,0,0,0,0,0,0,0,0
2214,1762970358235,0,0,0,0,0,0,0,0
2215,1762970358401,0,0,0,0,0,0,0,0
2216,1762970358486,0,0,0,0,0,0,0,0
2217,1762970358585,0,0,0,0,0,0,0,0
2218,1762970358635,0,0,0,0,0,0,0,0
2219,1762970358718,0,0,0,0,0,0,0,0
2220,1762970358818,0,0,0,0,0,0,0,0
2221,1762970358937,0,0,0,0,0,0,0,0
2222,1762970359301,0,0,0,0,0,0,0,0
2223,1762970359402,0,0,0,0,0,0,0,0
2224,1762970359484,0,0,0,0,0,0,0,0
2225,1762970359517,0,0,0,0,0,0,0,0
2226,1762970359700,0,0,0,0,0,0,0,0
2227,1762970359833,0,0,0,0,0,0,0,0
2228,1762970359917,0,0,0,0,0,0,0,0
2229,1762970360033,0,0,0,0,0,0,0,0
2230,1762970360300,0,0,0,0,0,0,0,0
2231,1762970360384,0,0,0,0,0,0,0,0
2232,1762970360468,0,0,0,0,0,0,0,0
2233,1762970360550,0,0,0,0,0,0,0,0
2234,1762970360600,0,65535,0,0,0,0,0,0
2235,1762970360701,0,0,0,0,0,0,0,0
2236,1762970360800,0,0,0,0,0,0,0,0
2237,1762970360916,0,65535,0,0,0,0,0,0
2238,1762970361052,0,65535,0,1,0,0,0,0
2239,1762970361166,1,65534,0,5,0,0,0,0
2240,1762970361333,0,65534,0,6,0,0,0,0
2241,1762970361449,0,0,0,0,0,0,0,0
2242,1762970361532,0,0,0,0,0,0,0,0
2243,1762970361616,0,65534,0,0,0,0,0,0
2244,1762970361700,0,65534,0,3,0,0,0,0
2245,1762970361799,0,0,0,0,0,0,0,0
2246,1762970361899,0,0,0,0,0,0,0,0
2247,1762970362066,0,0,0,0,0,0,0,0
2248,1762970362215,0,0,0,0,0,0,0,0
2249,1762970362365,0,0,0,0,0,0,0,0
2250,1762970362481,0,0,0,0,0,0,0,0
2251,1762970362565,0,0,0,0,0,0,0,0
2252,1762970362664,0,0,0,0,0,0,0,0
2253,1762970362798,0,0,0,0,0,0,0,0
2254,1762970363015,0,0,0,0,0,0,0,0
2255,1762970363131,0,0,0,0,0,0,0,0
2256,1762970363214,0,0,0,0,0,0,0,0
2257,1762970363331,0,65535,0,1,0,0,0,0
2258,1762970363548,1,65534,0,7,0,0,0,0
2259,1762970363663,0,0,0,0,0,0,0,0
2260,1762970363767,0,0,0,0,0,0,0,0
2261,1762970363997,0,0,0,0,0,0,0,0
2262,1762970364113,0,0,0,0,0,0,0,0
2263,1762970364230,0,0,0,0,0,0,0,0
2264,1762970364346,0,0,0,0,0,0,0,0
2265,1762970364546,0,0,0,0,0,0,0,0
2266,1762970364647,0,0,0,0,0,0,0,0
2267,1762970364762,0,0,0,0,0,0,0,0
2268,1762970364882,0,0,0,0,0,0,0,0
2269,1762970364980,0,0,0,0,0,0,0,0
2270,1762970365129,0,0,0,0,0,0,0,0
2271,1762970365229,0,0,0,0,0,0,0,0
2272,1762970365379,0,0,0,0,0,0,0,0
2273,1762970365628,0,0,0,0,0,0,0,0
2274,1762970365745,0,0,0,0,0,0,0,0
2275,1762970365961,0,0,0,0,0,0,0,0
2276,1762970366095,0,0,0,0,0,0,0,0
2277,1762970366411,0,0,0,0,0,0,0,0
2278,1762970366545,0,0,0,0,0,0,0,0
2279,1762970366745,0,0,0,0,0,0,0,0
2280,1762970366996,0,0,0,0,0,0,0,0
2281,1762970367161,0,0,0,0,0,0,0,0
2282,1762970367261,0,0,0,0,0,0,0,0
2283,1762970367411,0,0,0,0,0,0,0,0
2284,1762970367627,0,0,0,0,0,0,0,0
2285,1762970367844,0,0,0,0,0,0,0,0
2286,1762970367944,0,0,0,0,0,0,0,0
2287,1762970368093,0,0,0,0,0,0,0,0
2288,1762970368409,0,0,0,0,0,0,0,0
2289,1762970368610,0,0,0,0,0,0,0,0
2290,1762970368728,0,0,0,0,0,0,0,0
2291,1762970368843,0,0,0,0,0,0,0,0
2292,1762970368942,0,0,0,0,0,0,0,0
2293,1762970369559,0,0,0,0,0,0,0,0
2294,1762970369709,0,0,0,0,0,0,0,0
2295,1762970369925,0,0,0,0,0,0,0,0
2296,1762970370059,0,0,0,0,0,0,0,0
2297,1762970370276,0,0,0,0,0,0,0,0
2298,1762970370391,0,0,0,0,0,0,0,0
2299,1762970370559,0,0,0,0,0,0,0,0
2300,1762970370709,0,0,0,0,0,0,0,0
2301,1762970373322,0,0,0,0,0,0,0,0
2302,1762970373456,0,0,0,0,0,0,0,0
2303,1762970373555,0,0,0,0,0,0,0,0
2304,1762970373638,0,0,0,0,0,0,0,0
2305,1762970373672,0,0,0,0,0,0,0,0
2306,1762970373791,0,0,0,0,0,0,0,0
2307,1762970373905,0,0,0,0,0,0,0,0
2308,1762970374005,0,0,0,0,0,0,0,0
2309,1762970374155,0,0,0,0,0,0,0,0
2310,1762970374273,0,0,0,0,0,0,0,0
2311,1762970374438,0,0,0,0,0,0,0,0
2312,1762970374538,0,0,0,0,0,0,0,0
2313,1762970374671,0,0,0,0,0,0,0,0
2314,1762970374788,0,0,0,0,0,0,0,0
2315,1762970374887,0,0,0,0,0,0,0,0
2316,1762970375171,0,0,0,0,0,0,0,0
2317,1762970375305,0,0,0,0,0,0,0,0
2318,1762970375505,0,0,0,0,0,0,0,0
2319,1762970375639,0,0,0,0,0,0,0,0
2320,1762970375754,0,0,0,0,0,0,0,0
2321,1762970375887,0,0,0,0,0,0,0,0
2322,1762970375988,0,0,0,0,0,0,0,0
2323,1762970376303,0,0,0,0,0,0,0,0
2324,1762970376637,0,0,0,0,0,0,0,0
2325,1762970376753,0,0,0,0,0,0,0,0
2326,1762970376872,0,0,0,0,0,0,0,0
2327,1762970376971,0,0,0,0,0,0,0,0
2328,1762970377119,0,0,0,0,0,0,0,0
2329,1762970377419,0,0,0,0,0,0,0,0
2330,1762970377469,0,0,0,0,0,0,0,0
2331,1762970377519,0,0,0,0,0,0,0,0
2332,1762970377753,0,0,0,0,0,0,0,0
2333,1762970377869,0,0,0,0,0,0,0,0
2334,1762970377969,0,0,0,0,0,0,0,0
2335,1762970378086,0,0,0,0,0,0,0,0
2336,1762970378319,0,0,0,0,0,0,0,0
2337,1762970378553,0,0,0,0,0,0,0,0
2338,1762970378617,0,0,0,0,0,0,0,0
2339,1762970378734,0,0,0,0,0,0,0,0
2340,1762970378852,0,0,0,0,0,0,0,0
2341,1762970378951,0,0,0,0,0,0,0,0
2342,1762970379217,0,0,0,0,0,0,0,0
2343,1762970379385,0,0,0,0,0,0,0,0
2344,1762970379418,0,0,0,0,0,0,0,0
2345,1762970379517,0,0,0,0,0,0,0,0
2346,1762970379618,0,0,0,0,0,0,0,0
2347,1762970379733,0,0,0,0,0,0,0,0
2348,1762970379836,0,0,0,0,0,0,0,0
2349,1762970379951,0,0,0,0,0,0,0,0
2350,1762970380051,0,0,0,0,0,0,0,0
2351,1762970380216,0,0,0,0,0,0,0,0
2352,1762970380384,0,0,0,0,0,0,0,0
2353,1762970380485,0,0,0,0,0,0,0,0
2354,1762970380633,0,0,0,0,0,0,0,0
2355,1762970380734,0,0,0,0,0,0,0,0
2356,1762970380932,0,0,0,0,0,0,0,0
2357,1762970381082,0,0,0,0,0,0,0,0
2358,1762970381268,0,0,0,0,0,0,0,0
2359,1762970381416,0,0,0,0,0,0,0,0
2360,1762970381466,0,0,0,0,0,0,0,0
2361,1762970381549,0,0,0,0,0,0,0,0
2362,1762970381616,0,0,0,0,0,0,0,0
2363,1762970381715,0,0,0,0,0,0,0,0
2364,1762970381817,0,0,0,0,0,0,0,0
2365,1762970381932,0,0,0,0,0,0,0,0
2366,1762970382065,0,0,0,0,0,0,0,0
2367,1762970382199,0,0,0,0,0,0,0,0
2368,1762970382366,0,0,0,0,0,0,0,0
2369,1762970382915,0,0,0,0,0,0,0,0
2370,1762970383048,0,0,0,0,0,0,0,0
2371,1762970383181,0,0,0,0,0,0,0,0
2372,1762970383382,0,0,0,0,0,0,0,0
2373,1762970383898,0,0,0,0,0,0,0,0
2374,1762970384015,0,0,0,0,0,0,0,0
2375,1762970384163,0,0,0,0,0,0,0,0
2376,1762970384314,0,0,0,0,0,0,0,0
2377,1762970384496,0,0,0,0,0,0,0,0
2378,1762970384779,0,0,0,0,0,0,0,0
2379,1762970385229,0,0,0,0,0,0,0,0
2380,1762970385612,0,0,0,0,0,0,0,0
2381,1762970385745,0,0,0,0,0,0,0,0
2382,1762970385930,0,0,0,0,0,0,0,0
2383,1762970386129,0,0,0,0,0,0,0,0
2384,1762970386561,0,0,0,0,0,0,0,0
2385,1762970386711,0,0,0,0,0,0,0,0
2386,1762970386844,0,0,0,0,0,0,0,0
2387,1762970387062,0,0,0,0,0,0,0,0
2388,1762970387178,0,0,0,0,0,0,0,0
2389,1762970387393,0,0,0,0,0,0,0,0
2390,1762970387661,0,0,0,0,0,0,0,0
2391,1762970387878,0,0,0,0,0,0,0,0
2392,1762970388110,0,0,0,0,0,0,0,0
2393,1762970388328,0,0,0,0,0,0,0,0
2394,1762970388993,0,0,0,0,0,0,0,0
2395,1762970389410,0,0,0,0,0,0,0,0
2396,1762970389858,0,0,0,0,0,0,0,0
2397,1762970390043,0,0,0,0,0,0,0,0
2398,1762970390691,0,0,0,0,0,0,0,0
2399,1762970390894,0,0,0,0,0,0,0,0
2400,1762970390977,0,0,0,0,0,0,0,0
2401,1762970391211,0,0,0,0,0,0,0,0
2402,1762970391341,0,0,0,0,0,0,0,0
2403,1762970391407,0,0,0,0,0,0,0,0
2404,1762970391525,0,0,0,0,0,0,0,0
2405,1762970391608,0,0,0,0,0,0,0,0
2406,1762970391725,0,0,0,0,0,0,0,0
2407,1762970391825,0,0,0,0,0,0,0,0
2408,1762970391992,0,0,0,0,0,0,0,0
2409,1762970392175,0,0,0,0,0,0,0,0
2410,1762970392374,0,0,0,0,0,0,0,0
2411,1762970392508,0,0,0,0,0,0,0,0
2412,1762970392856,0,0,0,0,0,0,0,0
2413,1762970392940,0,0,0,0,0,0,0,0
2414,1762970393089,0,0,0,0,0,0,0,0
2415,1762970393223,0,0,0,0,0,0,0,0
2416,1762970393406,0,0,0,0,0,0,0,0
2417,1762970393489,0,0,0,0,0,0,0,0
2418,1762970393556,0,0,0,0,0,0,0,0
2419,1762970393639,0,0,0,0,0,0,0,0
2420,1762970393705,0,0,0,0,0,0,0,0
2421,1762970393821,0,0,0,0,0,0,0,0
2422,1762970393924,0,0,0,0,0,0,0,0
2423,1762970394022,0,0,0,0,0,0,0,0
2424,1762970394172,0,0,0,0,0,0,0,0
2425,1762970394273,0,0,0,0,0,0,0,0
2426,1762970394357,0,0,0,0,0,0,0,0
2427,1762970394588,0,0,0,0,0,0,0,0
2428,1762970394672,0,0,0,0,0,0,0,0
2429,1762970394789,0,0,0,0,0,0,0,0
2430,1762970394905,0,0,0,0,0,0,0,0
2431,1762970395021,0,0,0,0,0,0,0,0
2432,1762970395356,0,0,0,0,0,0,0,0
2433,1762970395454,0,0,0,0,0,0,0,0
2434,1762970395572,0,0,0,0,0,0,0,0
2435,1762970395673,0,0,0,0,0,0,0,0
2436,1762970395787,0,0,0,0,0,0,0,0
2437,1762970395904,0,0,0,0,0,0,0,0
2438,1762970396004,0,0,0,0,0,0,0,0
2439,1762970396186,0,0,0,0,0,0,0,0
2440,1762970396438,0,0,0,0,0,0,0,0
2441,1762970396553,0,0,0,0,0,0,0,0
2442,1762970396670,0,0,0,0,0,0,0,0
2443,1762970396886,0,0,0,0,0,0,0,0
2444,1762970397020,0,0,0,0,0,0,0,0
2445,1762970397103,0,0,0,0,0,0,0,0
2446,1762970397285,0,0,0,0,0,0,0,0
2447,1762970397336,0,0,0,0,0,0,0,0
2448,1762970397652,0,0,0,0,0,0,0,0
2449,1762970397769,0,0,0,0,0,0,0,0
2450,1762970397868,0,0,0,0,0,0,0,0
2451,1762970397985,0,0,0,0,0,0,0,0
2452,1762970398135,0,0,0,0,0,0,0,0
2453,1762970398319,0,0,0,0,0,0,0,0
2454,1762970398435,0,0,0,0,0,0,0,0
2455,1762970398651,0,0,0,0,0,0,0,0
2456,1762970398752,0,0,0,0,0,0,0,0
2457,1762970399017,0,0,0,0,0,0,0,0
2458,1762970399369,0,0,0,0,0,0,0,0
2459,1762970399817,1,65534,0,6,0,0,0,0
2460,1762970399935,1,65534,0,7,0,0,0,0
2461,1762970400067,1,65533,0,7,0,0,0,0
2462,1762970400267,1,65533,0,7,0,0,0,0
2463,1762970400499,1,65533,0,7,0,0,0,0
2464,1762970400650,0,0,0,0,0,0,0,0
2465,1762970400699,0,0,0,0,0,0,0,0
2466,1762970400749,0,0,0,0,0,0,0,0
2467,1762970400965,0,0,0,0,0,0,0,0
2468,1762970401082,0,0,0,0,0,0,0,0
2469,1762970401233,0,0,0,0,0,0,0,0
2470,1762970401384,0,0,0,0,0,0,0,0
2471,1762970401600,0,0,0,0,0,0,0,0
2472,1762970401665,0,0,0,0,0,0,0,0
2473,1762970401732,0,0,0,0,0,0,0,0
2474,1762970401832,0,0,0,0,0,0,0,0
2475,1762970402099,0,0,0,0,0,0,0,0
2476,1762970402232,0,0,0,0,0,0,0,0
2477,1762970402431,0,0,0,0,0,0,0,0
2478,1762970402615,0,0,0,0,0,0,0,0
2479,1762970402748,0,0,0,0,0,0,0,0
2480,1762970402831,0,0,0,0,0,0,0,0
2481,1762970402948,0,0,0,0,0,0,0,0
2482,1762970403048,0,0,0,0,0,0,0,0
2483,1762970403164,0,0,0,0,0,0,0,0
2484,1762970403314,0,0,0,0,0,0,0,0
2485,1762970403483,0,0,0,0,0,0,0,0
2486,1762970403597,0,0,0,0,0,0,0,0
2487,1762970403697,0,0,0,0,0,0,0,0
2488,1762970403814,0,0,0,0,0,0,0,0
2489,1762970403913,0,0,0,0,0,0,0,0
2490,1762970404036,0,0,0,0,0,0,0,0
2491,1762970404166,0,0,0,0,0,0,0,0
2492,1762970404483,0,0,0,0,0,0,0,0
2493,1762970404582,0,65535,0,0,0,0,0,0
2494,1762970404699,1,65534,0,2,0,0,0,0
2495,1762970404798,0,65534,0,5,0,0,0,0
2496,1762970405031,1,65533,0,7,0,0,0,0
2497,1762970405214,1,65533,0,7,0,0,0,0
2498,1762970405432,1,65533,0,7,0,0,0,0
2499,1762970405580,10,65516,0,233,0,0,0,0
2500,1762970405697,141,93,0,594,0,0,0,0
2501,1762970405808,179,217,0,675,0,0,0,0
2502,1762970406030,307,328,1,0,0,0,0,0
2503,1762970406178,505,391,2,277,0,0,0,0
2504,1762970406461,1824,384,9,874,0,0,0,0
2505,1762970406563,2393,300,9,942,0,0,0,0
2506,1762970406795,3370,208,9,996,0,0,0,0
2507,1762970406895,3762,182,9,1062,0,0,0,0
2508,1762970407011,4210,145,7,1204,0,0,0,0
2509,1762970407344,4802,83,5,1000,0,0,0,0
2510,1762970407661,0,0,0,0,0,0,0,0
2511,1762970407779,0,0,0,0,0,0,0,0
2512,1762970407878,0,0,0,0,0,0,0,0
2513,1762970408127,0,0,0,0,0,0,0,0
2514,1762970408243,0,0,0,0,0,0,0,0
2515,1762970408376,0,0,0,0,0,0,0,0
2516,1762970408460,0,0,0,0,0,0,0,0
2517,1762970408560,0,0,0,0,0,0,0,0
2518,1762970408644,0,0,0,0,0,0,0,0
2519,1762970408876,0,0,0,0,0,0,0,0
2520,1762970408976,0,0,0,0,0,0,0,0
2521,1762970409142,0,0,0,0,0,0,0,0
2522,1762970409361,0,0,0,0,0,0,0,0
2523,1762970409542,0,0,0,0,0,0,0,0
2524,1762970409644,0,0,0,0,0,0,0,0
2525,1762970409742,0,0,0,0,0,0,0,0
2526,1762970409859,0,0,0,0,0,0,0,0
2527,1762970409976,0,0,0,0,0,0,0,0
2528,1762970410075,0,0,0,0,0,0,0,0
2529,1762970410192,0,0,0,0,0,0,0,0
2530,1762970410292,0,0,0,0,0,0,0,0
2531,1762970410508,0,0,0,0,0,0,0,0
2532,1762970410627,0,0,0,0,0,0,0,0
2533,1762970410743,0,0,0,0,0,0,0,0
2534,1762970410861,0,0,0,0,0,0,0,0
2535,1762970410958,0,0,0,0,0,0,0,0
2536,1762970411091,0,0,0,0,0,0,0,0
2537,1762970411208,0,0,0,0,0,0,0,0
2538,1762970411308,0,0,0,0,0,0,0,0
2539,1762970411409,0,0,0,0,0,0,0,0
2540,1762970411525,0,0,0,0,0,0,0,0
2541,1762970411957,0,0,0,0,0,0,0,0
2542,1762970412373,0,0,0,0,0,0,0,0
2543,1762970412457,0,0,0,0,0,0,0,0
2544,1762970412523,0,0,0,0,0,0,0,0
2545,1762970412624,0,0,0,0,0,0,0,0
2546,1762970412841,0,0,0,0,0,0,0,0
2547,1762970412940,0,0,0,0,0,0,0,0
2548,1762970413090,0,0,0,0,0,0,0,0
2549,1762970413407,0,0,0,0,0,0,0,0
2550,1762970413606,0,0,0,0,0,0,0,0
2551,1762970413724,0,0,0,0,0,0,0,0
2552,1762970413823,0,0,0,0,0,0,0,0
2553,1762970414039,0,0,0,0,0,0,0,0
2554,1762970414239,0,0,0,0,0,0,0,0
2555,1762970414405,0,0,0,0,0,0,0,0
2556,1762970414489,0,0,0,0,0,0,0,0
2557,1762970414590,0,0,0,0,0,0,0,0
2558,1762970414705,0,0,0,0,0,0,0,0
2559,1762970414821,0,0,0,0,0,0,0,0
2560,1762970414922,0,0,0,0,0,0,0,0
2561,1762970415038,0,0,0,0,0,0,0,0
2562,1762970415256,0,0,0,0,0,0,0,0
2563,1762970415354,0,0,0,0,0,0,0,0
2564,1762970415474,0,0,0,0,0,0,0,0
2565,1762970415589,0,0,0,0,0,0,0,0
2566,1762970415688,0,0,0,0,0,0,0,0
2567,1762970415805,0,0,0,0,0,0,0,0
2568,1762970415921,0,0,0,0,0,0,0,0
2569,1762970416038,0,0,0,0,0,0,0,0
2570,1762970416139,0,0,0,0,0,0,0,0
2571,1762970416354,0,0,0,0,0,0,0,0
2572,1762970416472,0,0,0,0,0,0,0,0
2573,1762970416570,0,0,0,0,0,0,0,0
2574,1762970416670,0,0,0,0,0,0,0,0
2575,1762970416786,0,0,0,0,0,0,0,0
2576,1762970416904,0,0,0,0,0,0,0,0
2577,1762970417120,0,0,0,0,0,0,0,0
2578,1762970417454,0,0,0,0,0,0,0,0
2579,1762970417686,0,0,0,0,0,0,0,0
2580,1762970417903,0,0,0,0,0,0,0,0
2581,1762970418002,0,0,0,0,0,0,0,0
2582,1762970418119,0,0,0,0,0,0,0,0
2583,1762970418252,0,0,0,0,0,0,0,0
2584,1762970418369,0,0,0,0,0,0,0,0
2585,1762970418452,0,0,0,0,0,0,0,0
2586,1762970418668,0,0,0,0,0,0,0,0
2587,1762970418768,0,0,0,0,0,0,0,0
2588,1762970418885,0,0,0,0,0,0,0,0
2589,1762970419001,0,0,0,0,0,0,0,0
2590,1762970419102,0,0,0,0,0,0,0,0
2591,1762970419284,0,0,0,0,0,0,0,0
2592,1762970419435,0,0,0,0,0,0,0,0
2593,1762970419602,0,0,0,0,0,0,0,0
2594,1762970419769,0,0,0,0,0,0,0,0
2595,1762970419869,0,0,0,0,0,0,0,0
2596,1762970420317,0,0,0,0,0,0,0,0
2597,1762970420418,0,0,0,0,0,0,0,0
2598,1762970420650,0,0,0,0,0,0,0,0
2599,1762970420750,0,0,0,0,0,0,0,0
2600,1762970420867,0,0,0,0,0,0,0,0
2601,1762970421083,0,0,0,0,0,0,0,0
2602,1762970421202,0,0,0,0,0,0,0,0
2603,1762970421416,0,0,0,0,0,0,0,0
