index,date,SPEED_AVERAGE,STEERING_WHEEL,THROTTLE,BRAKE,1,2,3,4
0,1765895459389,0,0,0,0,0,0,0,0
1,1765895459620,0,0,0,0,0,0,0,0
2,1765895459839,0,0,0,0,0,0,0,0
3,1765895460070,0,0,0,0,0,0,0,0
4,1765895460803,0,0,0,0,0,0,0,0
5,1765895461286,0,0,0,0,0,0,0,0
6,1765895461870,0,0,0,0,0,0,0,0
7,1765895462370,0,0,0,0,0,0,0,0
8,1765895469796,0,0,0,0,0,0,0,0
9,1765895470312,0,0,0,0,0,0,0,0
10,1765895470829,0,0,0,0,0,0,0,0
11,1765895472261,0,0,0,0,0,0,0,0
12,1765895472810,0,0,0,0,0,0,0,0
13,1765895473376,0,0,0,0,0,0,0,0
14,1765895474442,0,0,0,0,0,0,0,0
15,1765895475008,0,0,0,0,0,0,0,0
16,1765895475591,0,0,0,0,0,0,0,0
17,1765895476108,0,0,0,0,0,0,0,0
18,1765895476640,0,0,0,0,0,0,0,0
19,1765895477175,0,0,0,0,0,0,0,0
20,1765895477739,0,0,0,0,0,0,0,0
21,1765895478305,0,0,0,0,0,0,0,0
22,1765895478821,0,0,0,0,0,0,0,0
23,1765895479337,0,0,0,0,0,0,0,0
24,1765895479870,0,0,0,0,0,0,0,0
25,1765895481286,0,0,0,0,0,0,0,0
26,1765895481802,0,0,0,0,0,0,0,0
27,1765895482335,0,0,0,0,0,0,0,0
28,1765895484466,0,0,0,0,0,0,0,0
29,1765895485016,0,0,0,0,0,0,0,0
30,1765895486432,0,0,0,0,0,0,0,0
31,1765895486965,0,0,0,0,0,0,0,0
32,1765895487514,0,0,0,0,0,0,0,0
33,1765895488097,0,0,0,0,0,0,0,0
34,1765895488630,0,0,0,0,0,0,0,0
35,1765895489179,0,0,0,0,0,0,0,0
36,1765895490278,0,0,0,0,0,0,0,0
37,1765895490761,0,0,0,0,0,0,0,0
38,1765895491277,0,0,0,0,0,0,0,0
39,1765895492709,0,0,0,0,0,0,0,0
40,1765895493160,0,0,0,0,0,0,0,0
41,1765895493709,0,0,0,0,0,0,0,0
42,1765895497340,0,0,0,0,0,0,0,0
43,1765895497925,0,0,0,0,0,0,0,0
44,1765895498438,0,0,0,0,0,0,0,0
45,1765895498989,0,0,0,0,0,0,0,0
46,1765895499522,0,0,0,0,0,0,0,0
47,1765895500040,0,0,0,0,0,0,0,0
48,1765895500569,0,0,0,0,0,0,0,0
49,1765895501153,0,0,0,0,0,0,0,0
50,1765895501669,0,0,0,0,0,0,0,0
51,1765895502235,0,0,0,0,0,0,0,0
52,1765895502784,0,0,0,0,0,0,0,0
53,1765895504718,0,0,0,0,0,0,0,0
54,1765895505233,0,0,0,0,0,0,0,0
55,1765895505732,0,0,0,0,0,0,0,0
56,1765895507148,0,0,0,0,0,0,0,0
57,1765895507647,0,0,0,0,0,0,0,0
58,1765895508165,0,0,17,0,0,0,0,0
59,1765895508713,0,0,244,0,0,0,0,0
60,1765895509280,0,0,383,0,0,0,0,0
61,1765895509863,0,0,488,0,0,0,0,0
62,1765895510362,0,0,454,0,0,0,0,0
63,1765895510980,0,0,500,0,0,0,0,0
64,1765895511545,0,0,451,0,0,0,0,0
65,1765895512093,0,0,391,0,0,0,0,0
66,1765895512593,0,0,347,0,0,0,0,0
67,1765895513143,0,0,361,0,0,0,0,0
68,1765895513759,0,0,359,0,0,0,0,0
69,1765895517590,0,0,195,0,0,0,0,0
70,1765895518056,0,0,209,0,0,0,0,0
71,1765895518589,0,0,209,0,0,0,0,0
72,1765895519138,0,0,210,0,0,0,0,0
73,1765895520554,0,0,203,0,0,0,0,0
74,1765895521086,0,0,208,0,0,0,0,0
75,1765895521604,0,0,221,0,0,0,0,0
76,1765895522137,0,0,221,0,0,0,0,0
77,1765895522687,0,0,204,0,0,0,0,0
78,1765895523201,0,0,202,0,0,0,0,0
79,1765895523735,0,0,187,0,0,0,0,0
80,1765895524834,0,0,208,0,0,0,0,0
81,1765895525935,0,0,250,0,0,0,0,0
82,1765895527032,0,0,241,0,0,0,0,0
83,1765895528697,0,0,327,0,0,0,0,0
84,1765895529249,0,0,410,0,0,0,0,0
85,1765895529796,0,0,334,0,0,0,0,0
86,1765895530362,0,0,328,0,0,0,0,0
87,1765895531445,0,0,262,0,0,0,0,0
88,1765895531977,0,0,266,0,0,0,0,0
89,1765895533427,0,0,190,0,0,0,0,0
90,1765895533962,0,0,209,0,0,0,0,0
91,1765895534458,0,0,222,0,0,0,0,0
92,1765895535009,0,0,218,0,0,0,0,0
93,1765895537174,0,0,220,0,0,0,0,0
94,1765895537707,0,0,218,0,0,0,0,0
95,1765895539905,0,0,212,0,0,0,0,0
96,1765895540471,0,0,209,0,0,0,0,0
97,1765895541588,0,0,3537,24576,0,0,0,0
98,1765895542670,0,0,208,0,0,0,0,0
99,1765895544884,0,0,203,0,0,0,0,0
100,1765895545950,0,0,203,0,0,0,0,0
101,1765895547399,0,0,158,0,0,0,0,0
102,1765895548431,0,0,212,0,0,0,0,0
103,1765895548947,0,0,210,0,0,0,0,0
104,1765895551662,0,0,229,0,0,0,0,0
105,1765895558855,0,0,188,0,0,0,0,0
106,1765895561871,0,0,188,0,0,0,0,0
107,1765895562388,0,0,190,0,0,0,0,0
108,1765895562903,0,0,198,0,0,0,0,0
109,1765895565435,0,0,174,0,0,0,0,0
110,1765895566017,0,0,182,0,0,0,0,0
111,1765895567100,0,0,198,0,0,0,0,0
112,1765895570947,0,0,283,0,0,0,0,0
113,1765895571512,0,0,284,0,0,0,0,0
114,1765895572593,0,0,268,0,0,0,0,0
115,1765895573144,0,0,206,0,0,0,0,0
116,1765895573678,0,0,240,0,0,0,0,0
117,1765895575241,0,0,239,0,0,0,0,0
118,1765895576690,0,0,232,0,0,0,0,0
119,1765895577191,0,0,249,0,0,0,0,0
120,1765895577689,0,0,289,0,0,0,0,0
121,1765895578240,0,0,288,0,0,0,0,0
122,1765895578774,0,0,268,0,0,0,0,0
123,1765895579356,0,0,269,0,0,0,0,0
124,1765895579906,0,0,274,0,0,0,0,0
125,1765895580490,0,0,259,0,0,0,0,0
126,1765895581228,0,0,270,0,0,0,0,0
127,1765895581556,0,0,304,0,0,0,0,0
128,1765895582106,0,0,306,0,0,0,0,0
129,1765895582703,0,0,302,0,0,0,0,0
130,1765895583269,0,0,286,0,0,0,0,0
131,1765895587616,0,0,189,0,0,0,0,0
132,1765895588132,0,0,190,0,0,0,0,0
133,1765895588649,0,0,198,0,0,0,0,0
134,1765895589548,0,0,187,0,0,0,0,0
135,1765895590063,0,0,145,0,0,0,0,0
136,1765895590580,0,0,128,0,0,0,0,0
137,1765895591129,0,0,162,0,0,0,0,0
138,1765895591680,0,0,154,0,0,0,0,0
139,1765895592396,0,0,159,0,0,0,0,0
140,1765895592713,0,0,175,0,0,0,0,0
141,1765895594442,0,0,197,0,0,0,0,0
142,1765895597458,0,0,196,0,0,0,0,0
143,1765895597990,0,0,188,0,0,0,0,0
144,1765895598506,0,0,196,0,0,0,0,0
145,1765895599089,0,0,206,0,0,0,0,0
146,1765895599638,0,0,211,0,0,0,0,0
147,1765895600155,0,0,215,0,0,0,0,0
148,1765895600688,0,0,233,0,0,0,0,0
149,1765895601203,0,0,233,0,0,0,0,0
150,1765895601770,0,0,230,0,0,0,0,0
151,1765895602303,0,0,190,0,0,0,0,0
152,1765895602869,0,0,204,0,0,0,0,0
153,1765895607549,0,0,207,0,0,0,0,0
154,1765895608098,0,0,201,0,0,0,0,0
155,1765895608682,0,0,206,0,0,0,0,0
156,1765895614193,0,0,0,0,0,0,0,0
157,1765895614727,0,0,0,0,0,0,0,0
158,1765895615242,0,0,0,0,0,0,0,0
159,1765895616241,0,0,0,0,0,0,0,0
160,1765895618240,0,0,0,0,0,0,0,0
161,1765895623402,0,0,0,0,0,0,0,0
162,1765895625051,0,0,712,0,0,0,0,0
163,1765895625601,0,0,0,0,0,0,0,0
164,1765895628149,0,0,0,0,0,0,0,0
165,1765895628680,0,0,0,0,0,0,0,0
166,1765895629214,0,0,0,0,0,0,0,0
167,1765895629714,0,0,0,0,0,0,0,0
168,1765895637174,0,0,0,0,0,0,0,0
169,1765895637723,0,0,0,0,0,0,0,0
170,1765895638223,0,0,0,0,0,0,0,0
171,1765895638757,0,0,0,0,0,0,0,0
172,1765895639255,0,0,447,0,0,0,0,0
173,1765895639788,0,0,0,0,0,0,0,0
174,1765895640846,0,0,0,0,0,0,0,0
175,1765895641222,0,0,842,0,0,0,0,0
176,1765895642269,0,0,0,0,0,0,0,0
177,1765895642769,0,0,0,0,0,0,0,0
178,1765895643651,0,0,0,0,0,0,0,0
179,1765895645232,0,0,0,0,0,0,0,0
180,1765895645763,0,0,0,0,0,0,0,0
181,1765895646330,0,0,0,0,0,0,0,0
182,1765895646813,0,0,0,0,0,0,0,0
183,1765895647413,0,0,0,0,0,0,0,0
184,1765895647929,0,0,0,0,0,0,0,0
185,1765895648495,0,0,0,0,0,0,0,0
186,1765895649028,0,0,0,0,0,0,0,0
187,1765895650195,0,0,0,0,0,0,0,0
188,1765895650743,0,0,0,0,0,0,0,0
189,1765895651259,0,0,0,0,0,0,0,0
190,1765895651875,0,0,0,0,0,0,0,0
191,1765895652508,0,0,0,0,0,0,0,0
192,1765895652991,0,0,0,0,0,0,0,0
193,1765895653509,0,0,0,0,0,0,0,0
194,1765895654074,0,0,0,0,0,0,0,0
195,1765895654557,0,0,0,0,0,0,0,0
196,1765895657038,0,0,0,0,0,0,0,0
197,1765895657537,0,0,0,0,0,0,0,0
198,1765895658071,0,0,0,0,0,0,0,0
199,1765895658620,0,0,0,0,0,0,0,0
200,1765895659153,0,0,0,0,0,0,0,0
201,1765895659768,0,0,0,0,0,0,0,0
202,1765895660269,0,0,0,0,0,0,0,0
203,1765895660801,0,0,0,0,0,0,0,0
204,1765895667748,0,0,0,0,0,0,0,0
205,1765895668231,0,0,0,0,0,0,0,0
206,1765895668746,0,0,0,0,0,0,0,0
207,1765895669316,0,0,0,0,0,0,0,0
208,1765895670685,0,0,0,0,0,0,0,0
209,1765895671196,0,0,0,0,0,0,0,0
210,1765895671728,0,0,0,0,0,0,0,0
211,1765895672307,0,0,0,0,0,0,0,0
212,1765895672908,0,0,0,0,0,0,0,0
213,1765895673441,0,0,0,0,0,0,0,0
214,1765895674007,0,0,0,0,0,0,0,0
215,1765895674573,0,0,0,0,0,0,0,0
216,1765895675090,0,0,0,0,0,0,0,0
217,1765895675639,0,0,0,0,0,0,0,0
218,1765895676738,0,0,0,0,0,0,0,0
219,1765895677303,0,0,0,0,0,0,0,0
220,1765895677856,0,0,0,0,0,0,0,0
221,1765895678386,0,0,0,0,0,0,0,0
222,1765895678920,0,0,0,0,0,0,0,0
223,1765895679453,0,0,0,0,0,0,0,0
224,1765895680004,0,0,0,0,0,0,0,0
225,1765895680585,0,0,0,0,0,0,0,0
226,1765895681134,0,0,0,0,0,0,0,0
227,1765895682154,0,0,667,0,0,0,0,0
228,1765895687882,0,0,0,0,0,0,0,0
229,1765895688464,0,0,0,0,0,0,0,0
230,1765895688964,0,0,0,0,0,0,0,0
231,1765895690063,0,0,0,0,0,0,0,0
232,1765895691197,0,0,0,0,0,0,0,0
233,1765895691762,0,0,0,0,0,0,0,0
234,1765895692245,0,0,0,0,0,0,0,0
235,1765895692862,0,0,0,0,0,0,0,0
236,1765895693377,0,0,0,0,0,0,0,0
237,1765895693926,0,0,0,0,0,0,0,0
238,1765895694442,0,0,0,0,0,0,0,0
239,1765895696441,0,0,0,0,0,0,0,0
240,1765895696958,0,0,0,0,0,0,0,0
241,1765895697425,0,0,0,0,0,0,0,0
242,1765895697990,0,0,0,0,0,0,0,0
243,1765895698523,0,0,0,0,0,0,0,0
244,1765895699422,0,0,0,0,0,0,0,0
245,1765895700505,0,0,0,0,0,0,0,0
246,1765895702189,0,0,0,0,0,0,0,0
247,1765895702838,0,0,0,0,0,0,0,0
248,1765895703220,0,0,0,0,0,0,0,0
249,1765895704386,0,0,0,0,0,0,0,0
250,1765895707115,0,0,0,0,0,0,0,0
251,1765895707648,0,0,0,0,0,0,0,0
252,1765895708167,0,0,0,0,0,0,0,0
253,1765895708681,0,0,0,0,0,0,0,0
254,1765895710662,0,0,0,0,0,0,0,0
255,1765895711195,0,0,0,0,0,0,0,0
256,1765895711681,0,0,0,0,0,0,0,0
257,1765895712245,0,0,0,0,0,0,0,0
258,1765895712728,0,0,0,0,0,0,0,0
259,1765895716342,0,0,0,0,0,0,0,0
260,1765895717475,0,0,0,0,0,0,0,0
261,1765895718023,0,0,0,0,0,0,0,0
262,1765895718557,0,0,0,0,0,0,0,0
263,1765895719688,0,0,0,0,0,0,0,0
264,1765895720739,0,0,0,0,0,0,0,0
265,1765895721271,0,0,0,0,0,0,0,0
266,1765895721770,0,0,0,0,0,0,0,0
267,1765895722320,0,0,0,0,0,0,0,0
268,1765895722886,0,0,0,0,0,0,0,0
269,1765895723403,0,0,0,0,0,0,0,0
270,1765895724285,0,0,0,0,0,0,0,0
271,1765895724817,0,0,0,0,0,0,0,0
272,1765895725351,0,0,0,0,0,0,0,0
273,1765895725901,0,0,0,0,0,0,0,0
274,1765895726416,0,1536,1536,6,0,0,0,0
275,1765895726932,0,0,0,0,0,0,0,0
276,1765895727496,0,0,0,0,0,0,0,0
277,1765895728029,0,0,0,0,0,0,0,0
278,1765895728628,0,0,0,0,0,0,0,0
279,1765895729128,0,0,0,0,0,0,0,0
280,1765895729693,0,0,0,0,0,0,0,0
281,1765895730225,0,0,0,0,0,0,0,0
282,1765895730758,0,0,0,0,0,0,0,0
283,1765895731909,0,0,0,0,0,0,0,0
284,1765895732409,0,0,0,0,0,0,0,0
285,1765895732974,0,0,0,0,0,0,0,0
286,1765895733541,0,0,0,0,0,0,0,0
287,1765895734655,0,0,0,0,0,0,0,0
288,1765895735171,0,0,0,0,0,0,0,0
289,1765895736255,0,0,0,0,0,0,0,0
290,1765895738219,0,0,0,0,0,0,0,0
291,1765895738736,0,0,0,0,0,0,0,0
292,1765895739285,0,0,0,0,0,0,0,0
293,1765895742881,0,0,0,0,0,0,0,0
294,1765895745630,0,0,0,0,0,0,0,0
295,1765895748893,0,0,0,0,0,0,0,0
296,1765895749926,0,0,0,0,0,0,0,0
297,1765895751908,0,0,0,0,0,0,0,0
298,1765895762499,0,0,0,0,0,0,0,0
299,1765895763031,0,0,0,0,0,0,0,0
300,1765895763564,0,0,0,32768,0,0,0,0
301,1765895764962,0,0,0,0,0,0,0,0
302,1765895765445,0,0,0,0,0,0,0,0
303,1765895766128,0,0,0,0,0,0,0,0
304,1765895767645,0,0,0,0,0,0,0,0
305,1765895767945,0,0,0,0,0,0,0,0
306,1765895769593,0,0,0,0,0,0,0,0
307,1765895770659,0,0,0,0,0,0,0,0
308,1765895771175,0,0,0,0,0,0,0,0
309,1765895771707,0,0,0,0,0,0,0,0
310,1765895772307,0,0,0,0,0,0,0,0
311,1765895772857,0,0,0,0,0,0,0,0
312,1765895773973,0,0,0,0,0,0,0,0
313,1765895775038,0,0,0,0,0,0,0,0
314,1765895777524,0,0,0,0,0,0,0,0
315,1765895778039,0,0,0,0,0,0,0,0
316,1765895778522,0,0,0,0,0,0,0,0
317,1765895780487,0,0,0,0,0,0,0,0
318,1765895781020,0,0,0,0,0,0,0,0
319,1765895781585,0,0,0,0,0,0,0,0
320,1765895782702,0,0,0,0,0,0,0,0
321,1765895783801,0,0,0,0,0,0,0,0
322,1765895784351,0,0,0,0,0,0,0,0
323,1765895784850,0,0,0,0,0,0,0,0
324,1765895785400,0,0,0,0,0,0,0,0
325,1765895785933,0,0,0,0,0,0,0,0
326,1765895786515,0,0,0,0,0,0,0,0
327,1765895787066,0,0,0,0,0,0,0,0
328,1765895787597,0,0,0,0,0,0,0,0
329,1765895788113,0,0,0,0,0,0,0,0
330,1765895788663,0,0,0,0,0,0,0,0
331,1765895791145,0,0,0,0,0,0,0,0
332,1765895791612,0,0,0,0,0,0,0,0
333,1765895793543,0,0,0,0,0,0,0,0
334,1765895794043,0,0,0,0,0,0,0,0
335,1765895794609,0,0,0,0,0,0,0,0
336,1765895795158,0,0,0,0,0,0,0,0
337,1765895795742,0,0,0,0,0,0,0,0
338,1765895796259,0,0,0,0,0,0,0,0
339,1765895797390,0,0,0,0,0,0,0,0
340,1765895797940,0,0,0,0,0,0,0,0
341,1765895799023,0,0,0,0,0,0,0,0
342,1765895799571,0,0,0,0,0,0,0,0
343,1765895800687,0,0,0,0,0,0,0,0
344,1765895801253,0,0,0,0,0,0,0,0
345,1765895801787,0,0,0,0,0,0,0,0
346,1765895802285,0,0,0,0,0,0,0,0
347,1765895802818,0,0,0,0,0,0,0,0
348,1765895804250,0,0,0,0,0,0,0,0
349,1765895804718,0,0,0,0,0,0,0,0
350,1765895805250,0,0,0,0,0,0,0,0
351,1765895805783,0,0,0,0,0,0,0,0
352,1765895806333,0,0,0,0,0,0,0,0
353,1765895896935,0,0,0,0,0,0,0,0
354,1765895897168,0,0,0,0,0,0,0,0
355,1765895897403,0,0,0,0,0,0,0,0
356,1765895897634,0,0,0,0,0,0,0,0
357,1765895898368,0,0,0,0,0,0,0,0
358,1765895898933,0,0,0,0,0,0,0,0
359,1765895900033,0,0,0,0,0,0,0,0
360,1765895900532,0,0,0,0,0,0,0,0
361,1765895901081,0,0,0,0,0,0,0,0
362,1765895901615,0,0,0,0,0,0,0,0
363,1765895902197,0,0,0,0,0,0,0,0
364,1765895902715,0,0,0,0,0,0,0,0
365,1765895903302,0,0,0,0,0,0,0,0
366,1765895903900,0,0,0,0,0,0,0,0
367,1765895904399,0,0,0,0,0,0,0,0
368,1765895904899,0,0,0,0,0,0,0,0
369,1765895905450,0,0,0,0,0,0,0,0
370,1765895907613,0,0,0,0,0,0,0,0
371,1765895908096,0,0,0,0,0,0,0,0
372,1765895908613,0,0,0,0,0,0,0,0
373,1765895909711,0,0,0,0,0,0,0,0
374,1765895911093,0,0,0,0,0,0,0,0
375,1765895912158,0,0,0,0,0,0,0,0
376,1765895912725,0,0,0,0,0,0,0,0
377,1765895913242,0,0,0,0,0,0,0,0
378,1765895914689,0,0,0,0,0,0,0,0
379,1765895917655,0,0,0,0,0,0,0,0
380,1765895920686,0,0,0,0,0,0,0,0
381,1765895921168,0,0,0,0,0,0,0,0
382,1765895923166,0,0,0,0,0,0,0,0
383,1765895923616,0,0,0,0,0,0,0,0
384,1765895924131,0,0,0,0,0,0,0,0
385,1765895927214,0,0,0,0,0,0,0,0
386,1765895928314,0,0,0,0,0,0,0,0
387,1765895928879,0,0,0,0,0,0,0,0
388,1765895929961,0,0,0,0,0,0,0,0
389,1765895930477,0,0,0,0,0,0,0,0
390,1765895931043,0,0,0,0,0,0,0,0
391,1765895931597,0,0,0,0,0,0,0,0
392,1765895932143,0,0,0,0,0,0,0,0
393,1765895932690,0,0,0,0,0,0,0,0
394,1765895933242,0,0,0,0,0,0,0,0
395,1765895934659,0,0,0,0,0,0,0,0
396,1765895934839,0,0,0,0,0,0,0,0
397,1765895936788,0,0,0,0,0,0,0,0
398,1765895937271,0,0,0,0,0,0,0,0
399,1765895937805,0,0,0,0,0,0,0,0
400,1765895939769,0,0,0,0,0,0,0,0
401,1765895943283,0,0,0,0,0,0,0,0
402,1765895943849,0,0,0,0,0,0,0,0
403,1765895944416,0,0,0,0,0,0,0,0
404,1765895944981,0,0,0,0,0,0,0,0
405,1765895945464,0,0,0,0,0,0,0,0
406,1765895946114,0,0,0,0,0,0,0,0
407,1765895946612,0,0,0,0,0,0,0,0
408,1765895947177,0,0,0,0,0,0,0,0
409,1765895947711,0,0,0,0,0,0,0,0
410,1765895948260,0,0,0,0,0,0,0,0
411,1765895948777,0,0,0,0,0,0,0,0
412,1765895950210,0,0,0,0,0,0,0,0
413,1765895950709,0,0,0,0,0,0,0,0
414,1765895951226,0,0,0,0,0,0,0,0
415,1765895956139,0,0,0,0,0,0,0,0
416,1765895967178,0,0,0,0,0,0,0,0
417,1765895967745,0,0,0,0,0,0,0,0
418,1765895968360,0,0,0,0,0,0,0,0
419,1765895968877,0,0,0,0,0,0,0,0
420,1765895969942,0,0,0,0,0,0,0,0
421,1765895970475,0,0,0,0,0,0,0,0
422,1765895972788,0,0,0,0,0,0,0,0
423,1765895972908,0,0,0,0,0,0,0,0
424,1765895973406,0,0,0,0,0,0,0,0
425,1765896087127,0,0,0,0,0,0,0,0
426,1765896087360,0,0,0,0,0,0,0,0
427,1765896087577,0,0,0,26172,0,0,0,0
428,1765896087810,0,0,0,0,0,0,0,0
429,1765896089059,0,0,0,0,0,0,0,0
430,1765896089641,0,0,0,0,0,0,0,0
431,1765896090207,0,0,0,0,0,0,0,0
432,1765896090740,0,0,0,0,0,0,0,0
433,1765896091223,0,0,0,0,0,0,0,0
434,1765896091790,0,0,0,0,0,0,0,0
435,1765896092356,0,0,0,0,0,0,0,0
436,1765896092889,0,0,0,0,0,0,0,0
437,1765896094536,0,0,0,0,0,0,0,0
438,1765896095086,0,0,0,0,0,0,0,0
439,1765896095618,0,0,0,0,0,0,0,0
440,1765896096201,0,0,0,0,0,0,0,0
441,1765896096801,0,0,0,0,0,0,0,0
442,1765896097719,0,0,0,0,0,0,0,0
443,1765896097818,0,0,0,0,0,0,0,0
444,1765896099234,0,0,0,0,0,0,0,0
445,1765896099749,0,0,0,0,0,0,0,0
446,1765896100248,0,0,0,0,0,0,0,0
447,1765896100783,0,0,0,0,0,0,0,0
448,1765896101318,0,0,0,0,0,0,0,0
449,1765896102714,0,0,0,0,0,0,0,0
450,1765896103281,0,0,0,0,0,0,0,0
451,1765896104412,0,0,0,0,0,0,0,0
452,1765896104963,0,0,0,0,0,0,0,0
453,1765896106611,0,13056,13104,39584,0,0,0,0
454,1765896107161,0,0,0,0,0,0,0,0
455,1765896109375,0,0,0,0,0,0,0,0
456,1765896111556,0,0,0,0,0,0,0,0
457,1765896112072,0,0,0,0,0,0,0,0
458,1765896112555,0,0,0,0,0,0,0,0
459,1765896113440,0,0,0,0,0,0,0,0
460,1765896113906,0,0,0,0,0,0,0,0
461,1765896114454,0,0,0,0,0,0,0,0
462,1765896119151,0,0,0,0,0,0,0,0
463,1765896120250,0,0,0,0,0,0,0,0
464,1765896121355,0,0,0,0,0,0,0,0
465,1765896121384,0,0,0,0,0,0,0,0
466,1765896122460,0,0,0,0,0,0,0,0
467,1765896122977,0,0,0,0,0,0,0,0
468,1765896123492,0,0,0,0,0,0,0,0
469,1765896124076,0,0,0,0,0,0,0,0
470,1765896124593,0,0,0,0,0,0,0,0
471,1765896125142,0,0,0,0,0,0,0,0
472,1765896125659,0,0,0,0,0,0,0,0
473,1765896126175,0,0,0,0,0,0,0,0
474,1765896127040,0,0,0,0,0,0,0,0
475,1765896127574,0,0,0,0,0,0,0,0
476,1765896128373,0,0,0,0,0,0,0,0
477,1765896128910,0,0,0,0,0,0,0,0
478,1765896129460,0,0,0,0,0,0,0,0
479,1765896130560,0,0,0,0,0,0,0,0
480,1765896131109,0,0,0,0,0,0,0,0
481,1765896131657,0,0,0,0,0,0,0,0
482,1765896132357,0,0,0,0,0,0,0,0
483,1765896132706,0,0,0,0,0,0,0,0
484,1765896133305,0,0,0,0,0,0,0,0
485,1765896133854,0,0,0,0,0,0,0,0
486,1765896134404,0,0,0,0,0,0,0,0
487,1765896135538,0,0,0,0,0,0,0,0
488,1765896136070,0,0,0,0,0,0,0,0
489,1765896136603,0,0,0,0,0,0,0,0
490,1765896137120,0,0,0,0,0,0,0,0
491,1765896139018,0,0,0,0,0,0,0,0
492,1765896139550,0,0,0,0,0,0,0,0
493,1765896140066,0,0,0,0,0,0,0,0
494,1765896140583,0,0,0,0,0,0,0,0
495,1765896142049,0,0,0,0,0,0,0,0
496,1765896142531,0,0,0,0,0,0,0,0
497,1765896143380,0,0,0,0,0,0,0,0
498,1765896143631,0,0,0,0,0,0,0,0
499,1765896144179,0,0,0,0,0,0,0,0
500,1765896144748,0,0,0,0,0,0,0,0
501,1765896145278,0,0,0,0,0,0,0,0
502,1765896145812,0,0,0,0,0,0,0,0
503,1765896146344,0,0,0,0,0,0,0,0
504,1765896146928,0,0,0,0,0,0,0,0
505,1765896147494,0,0,0,0,0,0,0,0
506,1765896148061,0,0,0,0,0,0,0,0
507,1765896148628,0,0,0,0,0,0,0,0
508,1765896149160,0,0,0,0,0,0,0,0
509,1765896149674,0,0,0,0,0,0,0,0
510,1765896150225,0,0,0,0,0,0,0,0
511,1765896150725,0,0,0,0,0,0,0,0
512,1765896152156,0,0,0,0,0,0,0,0
513,1765896152639,0,0,0,0,0,0,0,0
514,1765896153173,0,0,0,0,0,0,0,0
515,1765896153689,0,0,0,0,0,0,0,0
516,1765896154587,0,0,0,0,0,0,0,0
517,1765896155072,0,0,0,0,0,0,0,0
518,1765896155587,0,0,0,0,0,0,0,0
519,1765896156103,0,0,0,0,0,0,0,0
520,1765896156669,0,0,0,0,0,0,0,0
521,1765896157202,0,0,0,0,0,0,0,0
522,1765896157736,0,0,0,0,0,0,0,0
523,1765896158835,0,0,0,0,0,0,0,0
524,1765896161948,0,0,0,0,0,0,0,0
525,1765896164146,0,0,0,0,0,0,0,0
526,1765896164629,0,0,0,0,0,0,0,0
527,1765896165517,0,0,0,0,0,0,0,0
528,1765896165661,0,0,0,0,0,0,0,0
529,1765896166577,0,0,0,0,0,0,0,0
530,1765896167076,0,0,0,0,0,0,0,0
531,1765896167628,0,0,0,0,0,0,0,0
532,1765896168077,0,0,0,0,0,0,0,0
533,1765896169508,0,0,0,0,0,0,0,0
534,1765896170625,0,0,0,0,0,0,0,0
535,1765896171158,0,0,0,0,0,0,0,0
536,1765896171657,0,0,0,0,0,0,0,0
537,1765896172223,0,0,0,0,0,0,0,0
538,1765896172772,0,0,0,0,0,0,0,0
539,1765896173288,0,0,0,0,0,0,0,0
540,1765896173855,0,0,0,0,0,0,0,0
541,1765896174987,0,0,0,0,0,0,0,0
542,1765896175520,0,0,0,0,0,0,0,0
543,1765896176478,0,0,0,0,0,0,0,0
544,1765896176568,0,0,0,0,0,0,0,0
545,1765896179633,0,0,0,0,0,0,0,0
546,1765896180167,0,0,0,0,0,0,0,0
547,1765896180666,0,0,0,0,0,0,0,0
548,1765896182048,0,0,0,0,0,0,0,0
549,1765896182614,0,0,0,0,0,0,0,0
550,1765896183680,0,0,0,0,0,0,0,0
551,1765896184246,0,0,0,0,0,0,0,0
552,1765896184779,0,0,0,0,0,0,0,0
553,1765896185296,0,0,0,0,0,0,0,0
554,1765896185845,0,0,0,0,0,0,0,0
555,1765896186377,0,0,0,0,0,0,0,0
556,1765896186961,0,0,0,0,0,0,0,0
557,1765896187611,0,0,0,0,0,0,0,0
558,1765896188058,0,0,0,0,0,0,0,0
559,1765896188625,0,0,0,0,0,0,0,0
560,1765896189141,0,0,0,0,0,0,0,0
561,1765896189691,0,0,0,0,0,0,0,0
562,1765896190224,0,0,12,0,0,0,0,0
563,1765896196816,0,0,400,0,0,0,0,0
564,1765896197364,0,0,394,0,0,0,0,0
565,1765896198997,0,0,349,0,0,0,0,0
566,1765896199530,0,0,356,0,0,0,0,0
567,1765896200096,0,0,348,0,0,0,0,0
568,1765896202843,0,0,308,0,0,0,0,0
569,1765896203843,0,0,272,0,0,0,0,0
570,1765896204392,0,0,261,0,0,0,0,0
571,1765896206877,0,0,245,0,0,0,0,0
572,1765896208242,0,0,0,0,0,0,0,0
573,1765896208775,0,0,0,0,0,0,0,0
574,1765896209291,0,0,0,0,0,0,0,0
575,1765896212605,0,0,0,0,0,0,0,0
576,1765896213172,0,0,0,0,0,0,0,0
577,1765896213688,0,0,0,0,0,0,0,0
578,1765896214271,0,0,0,0,0,0,0,0
579,1765896215287,0,0,0,0,0,0,0,0
580,1765896215836,0,0,0,0,0,0,0,0
581,1765896216369,0,0,0,0,0,0,0,0
582,1765896217269,0,0,0,0,0,0,0,0
583,1765896217818,0,0,0,0,0,0,0,0
584,1765896218367,0,0,0,0,0,0,0,0
585,1765896219385,0,0,0,0,0,0,0,0
586,1765896219416,0,0,0,0,0,0,0,0
587,1765896222363,0,0,0,0,0,0,0,0
588,1765896222863,0,0,0,0,0,0,0,0
589,1765896223414,0,0,0,0,0,0,0,0
590,1765896223997,0,0,0,0,0,0,0,0
591,1765896224595,0,0,0,0,0,0,0,0
592,1765896225080,0,0,0,0,0,0,0,0
593,1765896225662,0,0,0,0,0,0,0,0
594,1765896226243,0,0,0,0,0,0,0,0
595,1765896226745,0,0,0,0,0,0,0,0
596,1765896227259,0,0,0,0,0,0,0,0
597,1765896229475,0,0,0,0,0,0,0,0
598,1765896230007,0,0,0,0,0,0,0,0
599,1765896231474,0,0,0,0,0,0,0,0
600,1765896232006,0,0,0,0,0,0,0,0
601,1765896232905,0,0,0,0,0,0,0,0
602,1765896233037,0,0,0,0,0,0,0,0
603,1765896233570,0,0,0,0,0,0,0,0
604,1765896234969,0,10,0,0,0,0,0,0
605,1765896235536,0,0,0,0,0,0,0,0
606,1765896238266,0,0,0,0,0,0,0,0
607,1765896238801,0,0,0,0,0,0,0,0
608,1765896239915,0,0,0,0,0,0,0,0
609,1765896240481,0,0,0,0,0,0,0,0
610,1765896241031,0,0,0,0,0,0,0,0
611,1765896242131,0,0,0,0,0,0,0,0
612,1765896242679,0,0,0,0,0,0,0,0
613,1765896243214,0,0,0,0,0,0,0,0
614,1765896243945,0,0,0,0,0,0,0,0
615,1765896244245,0,0,0,0,0,0,0,0
616,1765896244777,0,0,0,0,0,0,0,0
617,1765896245329,0,0,0,0,0,0,0,0
618,1765896246194,0,0,0,0,0,0,0,0
619,1765896246694,0,0,0,0,0,0,0,0
620,1765896247192,0,0,0,0,0,0,0,0
621,1765896247725,0,0,0,0,0,0,0,0
622,1765896250825,0,0,0,0,0,0,0,0
623,1765896251373,0,0,0,0,0,0,0,0
624,1765896251890,0,0,0,0,0,0,0,0
625,1765896252423,0,0,0,0,0,0,0,0
626,1765896252954,0,0,0,0,0,0,0,0
627,1765896253505,0,0,0,0,0,0,0,0
628,1765896254920,0,0,0,0,0,0,0,0
629,1765896255236,0,0,0,0,0,0,0,0
630,1765896256219,0,0,0,0,0,0,0,0
631,1765896258202,0,0,0,0,0,0,0,0
632,1765896258666,0,0,0,0,0,0,0,0
633,1765896260032,0,0,0,0,0,0,0,0
634,1765896260565,0,0,0,0,0,0,0,0
635,1765896261132,0,0,0,0,0,0,0,0
636,1765896261680,0,0,0,0,0,0,0,0
637,1765896262197,3264,0,0,0,0,0,0,0
638,1765896263297,0,0,0,0,0,0,0,0
639,1765896263846,0,0,0,0,0,0,0,0
640,1765896264361,0,0,0,0,0,0,0,0
641,1765896264944,0,0,0,0,0,0,0,0
642,1765896266037,0,0,0,0,0,0,0,0
643,1765896266060,0,0,0,0,0,0,0,0
644,1765896270106,0,0,0,0,0,0,0,0
645,1765896270639,0,0,0,0,0,0,0,0
646,1765896271172,0,0,0,0,0,0,0,0
647,1765896273137,0,0,0,0,0,0,0,0
648,1765896274220,0,0,0,0,0,0,0,0
649,1765896274786,0,0,0,0,0,0,0,0
650,1765896275320,0,0,0,0,0,0,0,0
651,1765896275852,0,0,0,0,0,0,0,0
652,1765896277984,0,0,0,0,0,0,0,0
653,1765896278250,0,0,0,0,0,0,0,0
654,1765896278483,0,0,0,0,0,0,0,0
655,1765896278717,0,0,0,0,0,0,0,0
656,1765896278751,0,0,0,0,0,0,0,0
657,1765896280299,0,0,0,0,0,0,0,0
658,1765896281032,0,768,13568,16448,0,0,0,0
659,1765896281929,0,0,0,0,0,0,0,0
660,1765896282663,0,0,0,0,0,0,0,0
661,1765896282764,0,0,0,0,0,0,0,0
662,1765896283430,0,0,0,0,0,0,0,0
663,1765896283546,0,0,0,0,0,0,0,0
664,1765896285578,0,0,0,0,0,0,0,0
665,1765896285694,0,0,0,0,0,0,0,0
666,1765896286477,0,0,0,0,0,0,0,0
667,1765896287143,0,0,0,0,0,0,0,0
668,1765896288359,0,0,0,0,0,0,0,0
669,1765896296952,0,0,0,0,0,0,0,0
670,1765896297169,0,0,0,0,0,0,0,0
671,1765896297400,0,0,0,0,0,0,0,0
672,1765896297635,0,0,0,0,0,0,0,0
673,1765896297984,0,0,0,0,0,0,0,0
674,1765896298499,0,0,0,0,0,0,0,0
675,1765896300716,0,0,0,0,0,0,0,0
676,1765896301480,0,0,0,0,0,0,0,0
677,1765896305443,0,0,0,0,0,0,0,0
678,1765896307092,0,0,0,0,0,0,0,0
679,1765896308159,0,0,0,0,0,0,0,0
680,1765896308692,0,0,0,0,0,0,0,0
681,1765896309158,0,0,0,0,0,0,0,0
682,1765896310590,0,0,0,0,0,0,0,0
683,1765896311672,0,0,0,0,0,0,0,0
684,1765896312222,0,0,0,0,0,0,0,0
685,1765896312738,0,0,0,0,0,0,0,0
686,1765896313287,0,0,0,0,0,0,0,0
687,1765896314336,0,0,0,0,0,0,0,0
688,1765896315318,0,0,0,0,0,0,0,0
689,1765896315985,0,0,0,0,0,0,0,0
690,1765896316535,0,0,0,0,0,0,0,0
691,1765896317084,0,0,0,0,0,0,0,0
692,1765896318766,0,2,0,4624,0,0,0,0
693,1765896319299,0,0,0,0,0,0,0,0
694,1765896320381,0,0,0,0,0,0,0,0
695,1765896321813,0,0,0,0,0,0,0,0
696,1765896322346,0,0,0,0,0,0,0,0
697,1765896322829,0,0,0,0,0,0,0,0
698,1765896326442,0,0,842,0,0,0,0,0
699,1765896327212,0,0,847,0,0,0,0,0
700,1765896327441,0,0,846,0,0,0,0,0
701,1765896330772,0,0,465,0,0,0,0,0
702,1765896331305,0,0,425,0,0,0,0,0
703,1765896332954,0,0,340,0,0,0,0,0
704,1765896334371,0,0,250,0,0,0,0,0
705,1765896334868,0,0,222,0,0,0,0,0
706,1765896335403,0,0,231,0,0,0,0,0
707,1765896335918,0,0,231,0,0,0,0,0
708,1765896336434,0,0,233,0,0,0,0,0
709,1765896337882,0,0,245,0,0,0,0,0
710,1765896338432,0,0,220,0,0,0,0,0
711,1765896340080,0,0,236,0,0,0,0,0
712,1765896340600,0,0,293,0,0,0,0,0
713,1765896341864,0,0,268,0,0,0,0,0
714,1765896341894,0,0,272,0,0,0,0,0
715,1765896342261,0,0,227,0,0,0,0,0
716,1765896345592,0,0,205,0,0,0,0,0
717,1765896345791,0,0,206,0,0,0,0,0
718,1765896346142,0,0,206,0,0,0,0,0
719,1765896346647,0,0,173,0,0,0,0,0
720,1765896347157,0,0,24,0,0,0,0,0
721,1765896347691,0,0,0,0,0,0,0,0
722,1765896348239,0,0,0,0,0,0,0,0
723,1765896350756,0,0,0,0,0,0,0,0
724,1765896351306,0,0,0,0,0,0,0,0
725,1765896351855,0,0,0,0,0,0,0,0
726,1765896352928,0,0,0,0,0,0,0,0
727,1765896352954,0,0,0,0,0,0,0,0
728,1765896353470,0,0,0,0,0,0,0,0
729,1765896353968,0,0,0,0,0,0,0,0
730,1765896354536,0,0,18,0,0,0,0,0
731,1765896355084,0,0,0,0,0,0,0,0
732,1765896355651,0,0,0,0,0,0,0,0
733,1765896356202,0,0,0,0,0,0,0,0
734,1765896356750,0,0,0,0,0,0,0,0
735,1765896357299,0,0,0,0,0,0,0,0
736,1765896357848,0,0,0,0,0,0,0,0
737,1765896358384,0,0,552,0,0,0,0,0
738,1765896358966,0,0,1000,0,0,0,0,0
739,1765896359464,0,0,847,0,0,0,0,0
740,1765896359981,0,0,1000,0,0,0,0,0
741,1765896360880,0,0,844,0,0,0,0,0
742,1765896361398,0,0,599,0,0,0,0,0
743,1765896361880,0,0,500,0,0,0,0,0
744,1765896362397,0,0,469,0,0,0,0,0
745,1765896362945,0,0,438,0,0,0,0,0
746,1765896363944,0,0,431,0,0,0,0,0
747,1765896364395,0,0,351,0,0,0,0,0
748,1765896364926,0,0,278,0,0,0,0,0
749,1765896365476,0,0,249,0,0,0,0,0
750,1765896366026,0,0,238,0,0,0,0,0
751,1765896367091,0,0,0,0,0,0,0,0
752,1765896367640,0,0,0,0,0,0,0,0
753,1765896368240,0,0,0,0,0,0,0,0
754,1765896368792,0,0,0,0,0,0,0,0
755,1765896370440,0,0,0,0,0,0,0,0
756,1765896370972,0,0,0,0,0,0,0,0
757,1765896371471,0,0,0,0,0,0,0,0
758,1765896371987,0,0,846,0,0,0,0,0
759,1765896372569,0,0,845,0,0,0,0,0
760,1765896374951,0,0,846,0,0,0,0,0
761,1765896375033,0,0,845,0,0,0,0,0
762,1765896375533,0,0,692,0,0,0,0,0
763,1765896378266,0,0,846,0,0,0,0,0
764,1765896378798,0,0,846,0,0,0,0,0
765,1765896379347,0,0,389,0,0,0,0,0
766,1765896379916,0,0,343,0,0,0,0,0
767,1765896381530,0,0,114,0,0,0,0,0
768,1765896382645,0,0,847,0,0,0,0,0
769,1765896383195,0,0,845,0,0,0,0,0
770,1765896386208,0,0,321,0,0,0,0,0
771,1765896386774,0,0,237,0,0,0,0,0
772,1765896387307,0,0,152,0,0,0,0,0
773,1765896387857,0,0,510,0,0,0,0,0
774,1765896388358,0,0,186,0,0,0,0,0
775,1765896389773,0,0,67,0,0,0,0,0
776,1765896390289,0,0,0,0,0,0,0,0
777,1765896390839,0,0,21,0,0,0,0,0
778,1765896391355,0,0,500,0,0,0,0,0
779,1765896391871,0,0,846,0,0,0,0,0
780,1765896392437,0,0,847,0,0,0,0,0
781,1765896393520,0,0,543,0,0,0,0,0
782,1765896395751,0,0,325,0,0,0,0,0
783,1765896396957,0,0,362,0,0,0,0,0
784,1765896396983,0,0,348,0,0,0,0,0
785,1765896397382,0,0,161,0,0,0,0,0
786,1765896397932,0,0,0,0,0,0,0,0
787,1765896400480,1289,20745,20880,8709,0,0,0,0
788,1765896400980,0,0,411,0,0,0,0,0
789,1765896401479,0,0,531,0,0,0,0,0
790,1765896402546,0,0,391,0,0,0,0,0
791,1765896403128,0,0,141,0,0,0,0,0
792,1765896403711,0,0,90,0,0,0,0,0
793,1765896404243,0,0,74,0,0,0,0,0
794,1765896404776,0,0,212,0,0,0,0,0
795,1765896405860,0,0,96,0,0,0,0,0
796,1765896406975,0,0,846,0,0,0,0,0
797,1765896408153,0,0,846,0,0,0,0,0
798,1765896408190,0,0,1000,0,0,0,0,0
799,1765896408640,0,0,847,0,0,0,0,0
800,1765896409190,0,0,847,0,0,0,0,0
801,1765896409739,0,0,846,0,0,0,0,0
802,1765896410255,0,0,847,0,0,0,0,0
803,1765896412254,0,0,847,0,0,0,0,0
804,1765896412770,0,0,847,0,0,0,0,0
805,1765896413286,0,0,1000,0,0,0,0,0
806,1765896413835,0,0,847,0,0,0,0,0
807,1765896416867,0,0,846,0,0,0,0,0
808,1765896417432,8710,7682,10062,1586,0,0,0,0
809,1765896417933,0,0,847,0,0,0,0,0
810,1765896419064,0,0,846,0,0,0,0,0
811,1765896420131,0,0,846,0,0,0,0,0
812,1765896424510,0,0,845,0,0,0,0,0
813,1765896425010,0,0,845,0,0,0,0,0
814,1765896425559,0,0,847,0,0,0,0,0
815,1765896426143,0,0,846,0,0,0,0,0
816,1765896426658,0,0,847,0,0,0,0,0
817,1765896427191,0,0,847,0,0,0,0,0
818,1765896430255,0,0,846,0,0,0,0,0
819,1765896430738,0,0,846,0,0,0,0,0
820,1765896431271,0,0,0,0,0,0,0,0
821,1765896431871,0,0,0,0,0,0,0,0
822,1765896432755,0,0,0,0,0,0,0,0
823,1765896433037,0,0,0,0,0,0,0,0
824,1765896433585,0,0,0,0,0,0,0,0
825,1765896434151,0,0,0,0,0,0,0,0
826,1765896434701,0,0,0,0,0,0,0,0
827,1765896435235,0,0,0,0,0,0,0,0
828,1765896435751,0,0,0,0,0,0,0,0
829,1765896436300,0,0,0,0,0,0,0,0
830,1765896436817,0,0,0,0,0,0,0,0
831,1765896437382,0,0,0,0,0,0,0,0
832,1765896437915,0,0,0,0,0,0,0,0
833,1765896438432,0,0,0,0,0,0,0,0
834,1765896439000,0,0,0,0,0,0,0,0
835,1765896439864,0,0,0,0,0,0,0,0
836,1765896440364,0,0,0,0,0,0,0,0
837,1765896440913,0,0,0,0,0,0,0,0
838,1765896441429,0,4864,13059,23210,0,0,0,0
839,1765896442028,0,0,0,0,0,0,0,0
840,1765896442578,0,0,0,0,0,0,0,0
841,1765896443747,0,0,0,0,0,0,0,0
842,1765896443777,0,0,0,0,0,0,0,0
843,1765896444209,0,0,0,0,0,0,0,0
844,1765896444760,0,0,0,0,0,0,0,0
845,1765896445327,0,0,0,0,0,0,0,0
846,1765896445892,0,0,0,0,0,0,0,0
847,1765896446424,0,0,0,0,0,0,0,0
848,1765896446974,0,0,0,0,0,0,0,0
849,1765896447507,0,0,0,0,0,0,0,0
850,1765896448060,0,0,0,0,0,0,0,0
851,1765896448624,0,0,0,0,0,0,0,0
852,1765896449739,0,0,0,0,0,0,0,0
853,1765896450305,0,0,0,0,0,0,0,0
854,1765896451321,0,0,0,0,0,0,0,0
855,1765896452736,0,0,0,0,0,0,0,0
856,1765896453253,0,0,0,0,0,0,0,0
857,1765896453769,0,0,0,0,0,0,0,0
858,1765896454851,0,0,0,0,0,0,0,0
859,1765896457365,0,0,0,0,0,0,0,0
860,1765896457882,0,0,0,0,0,0,0,0
861,1765896458446,0,0,0,0,0,0,0,0
862,1765896458996,0,0,0,768,0,0,0,0
863,1765896460097,0,0,0,0,0,0,0,0
864,1765896461195,0,0,0,0,0,0,0,0
865,1765896462310,0,0,0,0,0,0,0,0
866,1765896462843,0,0,0,0,0,0,0,0
867,1765896463393,0,0,0,0,0,0,0,0
868,1765896463893,0,0,0,0,0,0,0,0
869,1765896464426,0,0,0,0,0,0,0,0
870,1765896464958,0,0,0,0,0,0,0,0
871,1765896466036,0,0,0,0,0,0,0,0
872,1765896466358,0,0,0,0,0,0,0,0
873,1765896466841,0,0,0,0,0,0,0,0
874,1765896467339,0,0,0,0,0,0,0,0
875,1765896468456,0,0,0,0,0,0,0,0
876,1765896468989,0,0,0,0,0,0,0,0
877,1765896473733,0,0,0,0,0,0,0,0
878,1765896477398,0,0,0,0,0,0,0,0
879,1765896477512,0,0,0,0,0,0,0,0
880,1765896478013,0,0,0,0,0,0,0,0
881,1765896479978,0,0,0,0,0,0,0,0
882,1765896480480,0,0,0,0,0,0,0,0
883,1765896481011,0,0,0,0,0,0,0,0
884,1765896481577,0,0,0,0,0,0,0,0
885,1765896482126,0,0,0,0,0,0,0,0
886,1765896482709,0,0,0,0,0,0,0,0
887,1765896483259,0,0,0,0,0,0,0,0
888,1765896483842,0,0,0,0,0,0,0,0
889,1765896484392,0,0,0,0,0,0,0,0
890,1765896484941,0,0,0,0,0,0,0,0
891,1765896485458,0,0,0,0,0,0,0,0
892,1765896486007,0,0,0,0,0,0,0,0
893,1765896488438,0,0,0,0,0,0,0,0
894,1765896488654,0,0,0,0,0,0,0,0
895,1765896488888,0,0,0,0,0,0,0,0
896,1765896489121,0,0,0,0,0,0,0,0
897,1765896490036,0,0,0,0,0,0,0,0
898,1765896491418,0,0,0,0,0,0,0,0
899,1765896493268,0,0,0,0,0,0,0,0
900,1765896493401,0,0,0,0,0,0,0,0
901,1765896495168,0,0,0,0,0,0,0,0
902,1765896495317,0,0,0,0,0,0,0,0
903,1765896496799,0,0,0,0,0,0,0,0
904,1765896496948,0,0,0,0,0,0,0,0
905,1765896497565,0,0,0,0,0,0,0,0
906,1765896499264,0,0,0,0,0,0,0,0
907,1765896502269,0,0,0,0,0,0,0,0
908,1765896503625,36864,144,0,0,0,0,0,0
909,1765896505324,0,0,0,0,0,0,0,0
910,1765896505607,0,0,0,0,0,0,0,0
911,1765896506007,0,0,0,0,0,0,0,0
912,1765896510186,0,0,0,0,0,0,0,0
913,1765896510354,0,52224,204,0,0,0,0,0
914,1765896510970,0,0,0,0,0,0,0,0
915,1765896511637,0,0,0,0,0,0,0,0
916,1765896511886,0,0,0,0,0,0,0,0
917,1765896512253,0,0,0,0,0,0,0,0
918,1765896512419,0,0,0,0,0,0,0,0
919,1765896513085,0,0,0,0,0,0,0,0
920,1765896513236,0,0,0,0,0,0,0,0
921,1765896513418,0,0,0,0,0,0,0,0
922,1765896514966,0,0,0,0,0,0,0,0
923,1765896515082,0,0,0,0,0,0,0,0
924,1765896515282,0,0,0,0,0,0,0,0
925,1765896515565,0,0,0,0,0,0,0,0
926,1765896515832,0,0,0,0,0,0,0,0
927,1765896516728,0,0,0,0,0,0,0,0
928,1765896517679,0,0,0,0,0,0,0,0
929,1765896517846,0,0,0,0,0,0,0,0
930,1765896518846,0,0,0,0,0,0,0,0
931,1765896519079,0,0,0,0,0,0,0,0
932,1765896519363,0,0,0,0,0,0,0,0
933,1765896519561,0,0,0,0,0,0,0,0
934,1765896519713,0,0,0,0,0,0,0,0
935,1765896522542,0,0,0,0,0,0,0,0
936,1765896522742,0,0,0,0,0,0,0,0
937,1765896523008,0,0,0,0,0,0,0,0
938,1765896523241,0,0,0,0,0,0,0,0
939,1765896525506,0,0,0,0,0,0,0,0
940,1765896525673,0,0,0,0,0,0,0,0
941,1765896527155,0,0,0,0,0,0,0,0
942,1765896527605,0,0,0,0,0,0,0,0
943,1765896527921,0,0,0,0,0,0,0,0
944,1765896528354,0,0,0,0,0,0,0,0
945,1765896528788,0,0,0,0,0,0,0,0
946,1765896529888,0,0,0,0,0,0,0,0
947,1765896529905,0,0,0,0,0,0,0,0
948,1765896530385,0,0,0,0,0,0,0,0
949,1765896530602,0,0,0,0,0,0,0,0
950,1765896530785,0,0,0,0,0,0,0,0
951,1765896531201,0,0,0,0,0,0,0,0
952,1765896533200,0,0,0,0,0,0,0,0
953,1765896534882,0,0,0,0,0,0,0,0
954,1765896535182,0,0,0,0,0,0,0,0
955,1765896535482,0,0,0,0,0,0,0,0
956,1765896535981,0,0,0,0,0,0,0,0
957,1765896536447,0,0,0,0,0,0,0,0
958,1765896536564,0,0,0,0,0,0,0,0
959,1765896537363,0,0,0,0,0,0,0,0
960,1765896537696,0,0,0,0,0,0,0,0
961,1765896538162,0,0,0,0,0,0,0,0
962,1765896538246,0,0,0,0,0,0,0,0
963,1765896733446,0,0,0,0,0,0,0,0
964,1765896733679,0,0,0,0,0,0,0,0
965,1765896733929,0,0,0,0,0,0,0,0
966,1765896734162,0,0,0,0,0,0,0,0
967,1765896735411,0,0,0,0,0,0,0,0
968,1765896735994,0,0,0,0,0,0,0,0
969,1765896737128,0,0,0,0,0,0,0,0
970,1765896992015,0,0,0,0,0,0,0,0
971,1765896992166,0,0,0,0,0,0,0,0
972,1765896992474,0,0,0,0,0,0,0,0
973,1765896992625,0,0,0,0,0,0,0,0
974,1765896993396,0,0,0,0,0,0,0,0
975,1765896993932,0,0,0,0,0,0,0,0
976,1765896994445,0,0,0,0,0,0,0,0
977,1765896994972,0,0,0,0,0,0,0,0
978,1765896997201,0,0,0,0,0,0,0,0
979,1765896998209,0,0,0,0,0,0,0,0
980,1765896999405,0,0,0,0,0,0,0,0
981,1765897000005,0,0,0,0,0,0,0,0
982,1765897000394,0,0,0,0,0,0,0,0
983,1765897000931,0,0,0,0,0,0,0,0
984,1765897002023,0,0,0,0,0,0,0,0
985,1765897003424,0,0,0,0,0,0,0,0
986,1765897003458,0,0,0,0,0,0,0,0
987,1765897003691,0,0,0,0,0,0,0,0
988,1765897005686,0,0,0,0,0,0,0,0
989,1765897006186,0,0,0,0,0,0,0,0
990,1765897006671,0,0,0,0,0,0,0,0
991,1765897008085,0,0,0,0,0,0,0,0
992,1765897008635,0,0,0,0,0,0,0,0
993,1765897009168,0,0,0,0,0,0,0,0
994,1765897009653,0,0,0,0,0,0,0,0
995,1765897010252,0,0,0,0,0,0,0,0
996,1765897010819,0,0,0,0,0,0,0,0
997,1765897011284,0,0,0,0,0,0,0,0
998,1765897011868,0,0,0,0,0,0,0,0
999,1765897012952,0,0,0,0,0,0,0,0
1000,1765897013483,0,0,0,0,0,0,0,0
1001,1765897014553,0,0,0,0,0,0,0,0
1002,1765897015132,0,0,0,0,0,0,0,0
1003,1765897015750,0,0,0,0,0,0,0,0
1004,1765897016247,0,0,0,0,0,0,0,0
1005,1765897016814,0,0,0,0,0,0,0,0
1006,1765897017330,0,0,0,0,0,0,0,0
1007,1765897018778,0,0,0,0,0,0,0,0
1008,1765897019311,0,0,0,0,0,0,0,0
1009,1765897019809,0,0,0,0,0,0,0,0
1010,1765897020310,0,0,0,0,0,0,0,0
1011,1765897022257,0,0,0,0,0,0,0,0
1012,1765897022807,0,0,0,0,0,0,0,0
1013,1765897023356,0,0,0,0,0,0,0,0
1014,1765897023906,0,0,0,0,0,0,0,0
1015,1765897025423,0,0,0,0,0,0,0,0
1016,1765897025588,0,0,0,0,0,0,0,0
1017,1765897026121,0,0,0,0,0,0,0,0
1018,1765897026670,0,0,0,0,0,0,0,0
1019,1765897027170,0,0,0,0,0,0,0,0
1020,1765897027737,0,0,0,0,0,0,0,0
1021,1765897028286,0,0,0,0,0,0,0,0
1022,1765897028851,0,0,0,0,0,0,0,0
1023,1765897029135,0,0,0,0,0,0,0,0
1024,1765897029367,0,0,0,0,0,0,0,0
1025,1765897029585,0,0,0,0,0,0,0,0
1026,1765897029850,0,0,0,0,0,0,0,0
1027,1765897030084,0,0,0,0,0,0,0,0
1028,1765897030317,0,0,0,0,0,0,0,0
1029,1765897030550,0,0,0,0,0,0,0,0
1030,1765897030766,0,0,0,0,0,0,0,0
1031,1765897031020,0,0,0,0,0,0,0,0
1032,1765897031249,0,0,0,0,0,0,0,0
1033,1765897031482,0,0,0,0,0,0,0,0
1034,1765897031715,0,0,0,0,0,0,0,0
1035,1765897031982,0,0,0,0,0,0,0,0
1036,1765897032199,0,0,0,0,0,0,0,0
1037,1765897032432,0,0,0,0,0,0,0,0
1038,1765897032648,0,0,0,0,0,0,0,0
1039,1765897033181,0,0,0,0,0,0,0,0
1040,1765897033414,0,0,0,0,0,0,0,0
1041,1765897033647,0,0,0,0,0,0,0,0
1042,1765897033947,0,0,0,0,0,0,0,0
1043,1765897034181,0,0,0,0,0,0,0,0
1044,1765897034414,0,0,0,0,0,0,0,0
1045,1765897034647,0,0,0,0,0,0,0,0
1046,1765897034946,0,0,0,0,0,0,0,0
1047,1765897035196,0,0,0,0,0,0,0,0
1048,1765897035413,0,0,0,0,0,0,0,0
1049,1765897036534,0,0,0,0,0,0,0,0
1050,1765897036534,0,0,0,0,0,0,0,0
1051,1765897036550,0,0,0,0,0,0,0,0
1052,1765897036550,0,0,0,0,0,0,0,0
1053,1765897036678,0,0,0,0,0,0,0,0
1054,1765897036994,0,0,0,0,0,0,0,0
1055,1765897037228,0,0,0,0,0,0,0,0
1056,1765897037445,0,0,0,0,0,0,0,0
1057,1765897037677,0,0,0,0,0,0,0,0
1058,1765897037778,0,0,0,0,0,0,0,0
1059,1765897037995,0,0,0,0,0,0,0,0
1060,1765897038243,0,0,0,0,0,0,0,0
1061,1765897038911,0,0,0,0,0,0,0,0
1062,1765897039193,0,0,0,0,0,0,0,0
1063,1765897039794,0,0,0,0,0,0,0,0
1064,1765897039942,0,0,0,0,0,0,0,0
1065,1765897040091,0,0,0,0,0,0,0,0
1066,1765897042205,0,0,0,0,0,0,0,0
1067,1765897042337,0,0,0,0,0,0,0,0
1068,1765897043205,0,0,0,0,0,0,0,0
1069,1765897043354,0,0,0,0,0,0,0,0
1070,1765897047617,0,0,0,0,0,0,0,0
1071,1765897047635,0,0,0,0,0,0,0,0
1072,1765897048050,0,0,0,0,0,0,0,0
1073,1765897048799,0,0,0,0,0,0,0,0
1074,1765897049067,0,0,0,0,0,0,0,0
1075,1765897049465,0,0,0,0,0,0,0,0
1076,1765897049565,0,0,0,0,0,0,0,0
1077,1765897050216,0,0,0,0,0,0,0,0
1078,1765897050816,0,0,0,0,0,0,0,0
1079,1765897051198,0,0,0,0,0,0,0,0
1080,1765897051464,0,0,0,0,0,0,0,0
1081,1765897052563,0,0,0,0,0,0,0,0
1082,1765897053263,0,0,0,0,0,0,0,0
1083,1765897053529,0,0,0,0,0,0,0,0
1084,1765897053679,0,0,0,0,0,0,0,0
1085,1765897053945,0,0,0,0,0,0,0,0
1086,1765897054378,0,0,0,0,0,0,0,0
1087,1765897054561,0,0,0,0,0,0,0,0
1088,1765897054845,0,0,0,0,0,0,0,0
1089,1765897055610,0,0,0,0,0,0,0,0
1090,1765897055727,0,0,0,0,0,0,0,0
1091,1765897056393,0,0,0,0,0,0,0,0
1092,1765897056526,0,0,0,0,0,0,0,0
1093,1765897057176,0,0,0,0,0,0,0,0
1094,1765897058606,0,0,0,0,0,0,0,0
1095,1765897058658,0,0,0,0,0,0,0,0
1096,1765897059442,0,0,0,0,0,0,0,0
1097,1765897060061,0,0,0,0,0,0,0,0
1098,1765897060642,0,0,0,0,0,0,0,0
1099,1765897060758,0,0,0,0,0,0,0,0
1100,1765897062141,0,0,0,0,0,0,0,0
1101,1765897062740,0,0,0,0,0,0,0,0
1102,1765897062993,0,0,0,0,0,0,0,0
1103,1765897064171,0,0,0,0,0,0,0,0
1104,1765897065669,0,0,0,0,0,0,0,0
1105,1765897065802,0,0,0,0,0,0,0,0
1106,1765897066669,0,0,0,0,0,0,0,0
1107,1765897067818,0,0,0,0,0,0,0,0
1108,1765897068251,0,0,0,0,0,0,0,0
1109,1765897069742,0,0,0,0,0,0,0,0
1110,1765897069755,0,0,0,0,0,0,0,0
1111,1765897069756,0,0,0,0,0,0,0,0
1112,1765897069882,0,0,0,0,0,0,0,0
1113,1765897070332,0,0,0,0,0,0,0,0
1114,1765897070616,0,0,0,0,0,0,0,0
1115,1765897070764,0,0,0,0,0,0,0,0
1116,1765897070899,0,0,0,0,0,0,0,0
1117,1765897071663,0,0,0,0,0,0,0,0
1118,1765897071847,0,0,0,0,0,0,0,0
1119,1765897072112,0,0,0,0,0,0,0,0
1120,1765897073144,0,0,0,0,0,0,0,0
1121,1765897073261,0,0,0,0,0,0,0,0
1122,1765897073578,0,0,0,0,0,0,0,0
1123,1765897075578,0,0,0,0,0,0,0,0
1124,1765897075628,0,0,0,0,0,0,0,0
1125,1765897076263,0,0,0,0,0,0,0,0
1126,1765897077177,0,0,0,0,0,0,0,0
1127,1765897078626,0,0,0,0,0,0,0,0
1128,1765897078776,0,0,0,0,0,0,0,0
1129,1765897079592,0,0,0,0,0,0,0,0
1130,1765897081140,0,0,0,0,0,0,0,0
1131,1765897081791,0,0,0,0,0,0,0,0
1132,1765897081973,0,0,0,0,0,0,0,0
1133,1765897082357,0,0,0,0,0,0,0,0
1134,1765897082789,0,0,0,0,0,0,0,0
1135,1765897083222,0,0,0,0,0,0,0,0
1136,1765897083438,0,0,0,0,0,0,0,0
1137,1765897084089,0,0,0,0,0,0,0,0
1138,1765897084304,0,0,0,0,0,0,0,0
1139,1765897084439,0,0,0,0,0,0,0,0
1140,1765897084854,0,0,0,0,0,0,0,0
1141,1765897084987,0,0,0,0,0,0,0,0
1142,1765897086341,0,0,0,0,0,0,0,0
1143,1765897087602,0,0,0,0,0,0,0,0
1144,1765897087735,0,0,0,0,0,0,0,0
1145,1765897088367,0,0,0,0,0,0,0,0
1146,1765897088468,0,0,0,0,0,0,0,0
1147,1765897089050,0,0,0,0,0,0,0,0
1148,1765897090383,0,0,0,0,0,0,0,0
1149,1765897090499,0,0,0,0,0,0,0,0
1150,1765897091775,0,0,0,0,0,0,0,0
1151,1765897091775,0,0,0,0,0,0,0,0
1152,1765897091789,0,0,0,0,0,0,0,0
1153,1765897092730,0,0,0,0,0,0,0,0
1154,1765897092829,0,0,0,0,0,0,0,0
1155,1765897093714,0,0,0,0,0,0,0,0
1156,1765897094480,0,0,0,0,0,0,0,0
1157,1765897096078,0,0,0,0,0,0,0,0
1158,1765897096728,0,0,0,0,0,0,0,0
1159,1765897096862,0,0,0,0,0,0,0,0
1160,1765897097343,0,0,0,0,0,0,0,0
1161,1765897098959,0,0,0,0,0,0,0,0
1162,1765897099358,0,0,0,0,0,0,0,0
1163,1765897100641,0,0,0,0,0,0,0,0
1164,1765897101107,0,0,0,0,0,0,0,0
1165,1765897101241,0,0,0,0,0,0,0,0
1166,1765897103045,0,0,0,0,0,0,0,0
1167,1765897103045,0,0,0,0,0,0,0,0
1168,1765897104704,0,0,0,0,0,0,0,0
1169,1765897104870,0,0,0,0,0,0,0,0
1170,1765897105703,0,0,0,0,0,0,0,0
1171,1765897106436,0,0,0,0,0,0,0,0
1172,1765897108101,0,0,0,0,0,0,0,0
1173,1765897108767,0,0,0,0,0,0,0,0
1174,1765897108933,0,0,0,0,0,0,0,0
1175,1765897109316,0,0,0,0,0,0,0,0
1176,1765897109616,0,0,0,0,0,0,0,0
1177,1765897110133,0,0,0,0,0,0,0,0
1178,1765897110666,0,0,0,0,0,0,0,0
1179,1765897110699,0,0,0,0,0,0,0,0
1180,1765897111265,0,0,0,0,0,0,0,0
1181,1765897111565,0,0,0,0,0,0,0,0
1182,1765897111898,0,0,0,0,0,0,0,0
1183,1765897112081,0,0,0,0,0,0,0,0
1184,1765897112631,0,0,0,0,0,0,0,0
1185,1765897114037,0,0,0,0,0,0,0,0
1186,1765897114054,0,0,0,0,0,0,0,0
1187,1765897114262,0,0,0,0,0,0,0,0
1188,1765897114946,0,0,0,0,0,0,0,0
1189,1765897115046,0,0,0,0,0,0,0,0
1190,1765897115728,0,0,0,0,0,0,0,0
1191,1765897115828,0,0,0,0,0,0,0,0
1192,1765897116578,0,0,0,0,0,0,0,0
1193,1765897118092,0,0,0,0,0,0,0,0
1194,1765897118775,0,0,0,0,0,0,0,0
1195,1765897118876,0,0,0,0,0,0,0,0
1196,1765897119541,0,0,0,0,0,0,0,0
1197,1765897120340,0,0,0,0,0,0,0,0
1198,1765897122139,0,0,0,0,0,0,0,0
1199,1765897122791,0,0,0,0,0,0,0,0
1200,1765897122940,0,0,0,0,0,0,0,0
1201,1765897123622,0,0,0,0,0,0,0,0
1202,1765897123771,0,0,0,0,0,0,0,0
1203,1765897125046,0,0,0,0,0,0,0,0
1204,1765897126152,0,0,20,0,0,0,0,0
1205,1765897126319,0,0,20,0,0,0,0,0
1206,1765897126669,0,0,0,0,0,0,0,0
1207,1765897126952,0,0,116,0,0,0,0,0
1208,1765897128018,0,0,847,0,0,0,0,0
1209,1765897128301,0,0,1000,0,0,0,0,0
1210,1765897128568,0,0,846,0,0,0,0,0
1211,1765897128783,0,0,1000,0,0,0,0,0
1212,1765897130482,0,0,498,0,0,0,0,0
1213,1765897130549,0,0,518,0,0,0,0,0
1214,1765897133080,0,0,404,0,0,0,0,0
1215,1765897133896,0,0,411,0,0,0,0,0
1216,1765897134546,0,0,411,0,0,0,0,0
1217,1765897136095,0,0,385,0,0,0,0,0
1218,1765897136095,0,0,345,0,0,0,0,0
1219,1765897136893,0,0,332,0,0,0,0,0
1220,1765897138226,0,0,316,0,0,0,0,0
1221,1765897138510,0,0,311,0,0,0,0,0
1222,1765897139341,0,0,251,0,0,0,0,0
1223,1765897139841,0,0,193,0,0,0,0,0
1224,1765897142340,0,0,218,0,0,0,0,0
1225,1765897142455,0,0,226,0,0,0,0,0
1226,1765897143905,0,0,191,0,0,0,0,0
1227,1765897144037,0,0,187,0,0,0,0,0
1228,1765897144287,0,0,192,0,0,0,0,0
1229,1765897144587,0,0,200,0,0,0,0,0
1230,1765897145303,0,0,199,0,0,0,0,0
1231,1765897145620,0,0,211,0,0,0,0,0
1232,1765897147081,0,0,219,0,0,0,0,0
1233,1765897147081,0,0,225,0,0,0,0,0
1234,1765897147904,0,0,182,0,0,0,0,0
1235,1765897148122,0,0,182,0,0,0,0,0
1236,1765897148599,0,0,169,0,0,0,0,0
1237,1765897148749,0,0,172,0,0,0,0,0
1238,1765897148900,0,0,167,0,0,0,0,0
1239,1765897149552,0,0,144,0,0,0,0,0
1240,1765897150366,0,0,163,0,0,0,0,0
1241,1765897151865,0,0,199,0,0,0,0,0
1242,1765897151998,0,0,204,0,0,0,0,0
1243,1765897152631,0,0,171,0,0,0,0,0
1244,1765897153116,0,0,176,0,0,0,0,0
1245,1765897153280,0,0,169,0,0,0,0,0
1246,1765897154345,0,0,163,0,0,0,0,0
1247,1765897154647,0,0,151,0,0,0,0,0
1248,1765897156160,0,0,498,0,0,0,0,0
1249,1765897156244,0,0,416,0,0,0,0,0
1250,1765897158191,0,0,426,0,0,0,0,0
1251,1765897158209,0,0,403,0,0,0,0,0
1252,1765897159773,0,0,846,0,0,0,0,0
1253,1765897160608,0,0,845,0,0,0,0,0
1254,1765897161155,0,0,847,0,0,0,0,0
1255,1765897162870,0,0,846,0,0,0,0,0
1256,1765897163020,0,0,843,0,0,0,0,0
1257,1765897163869,0,0,401,0,0,0,0,0
1258,1765897164486,0,0,94,0,0,0,0,0
1259,1765897166900,0,0,22,0,0,0,0,0
1260,1765897168249,0,0,258,0,0,0,0,0
1261,1765897168400,0,0,290,0,0,0,0,0
1262,1765897169987,0,0,718,0,0,0,0,0
1263,1765897170114,0,0,844,0,0,0,0,0
1264,1765897170547,0,0,1000,0,0,0,0,0
1265,1765897170717,0,0,846,0,0,0,0,0
1266,1765897172046,0,0,847,0,0,0,0,0
1267,1765897172347,0,0,1000,0,0,0,0,0
1268,1765897172746,0,0,1000,0,0,0,0,0
1269,1765897173029,0,0,1000,0,0,0,0,0
1270,1765897173195,0,0,847,0,0,0,0,0
1271,1765897173545,0,0,1000,0,0,0,0,0
1272,1765897173795,0,0,847,0,0,0,0,0
1273,1765897174594,0,0,847,0,0,0,0,0
1274,1765897174760,0,0,1000,0,0,0,0,0
1275,1765897176493,0,0,847,0,0,0,0,0
1276,1765897176625,0,0,847,0,0,0,0,0
1277,1765897177291,0,0,1000,0,0,0,0,0
1278,1765897177458,0,0,847,0,0,0,0,0
1279,1765897177808,0,0,847,0,0,0,0,0
1280,1765897178108,0,0,846,0,0,0,0,0
1281,1765897178391,0,0,846,0,0,0,0,0
1282,1765897178657,0,0,846,0,0,0,0,0
1283,1765897179223,0,0,846,0,0,0,0,0
1284,1765897179474,0,0,846,0,0,0,0,0
1285,1765897179906,0,0,23,0,0,0,0,0
1286,1765897180022,0,0,0,0,0,0,0,0
1287,1765897181372,0,0,0,0,0,0,0,0
1288,1765897181506,0,0,0,0,0,0,0,0
1289,1765897181654,0,0,25,0,0,0,0,0
1290,1765897183005,0,0,66,0,0,0,0,0
1291,1765897183204,0,0,76,0,0,0,0,0
1292,1765897183453,0,0,84,0,0,0,0,0
1293,1765897183653,0,0,315,0,0,0,0,0
1294,1765897183803,0,0,583,0,0,0,0,0
1295,1765897185319,0,0,847,0,0,0,0,0
1296,1765897186735,0,0,844,0,0,0,0,0
1297,1765897186832,0,0,535,0,0,0,0,0
1298,1765897187266,0,0,170,0,0,0,0,0
1299,1765897187550,0,0,149,0,0,0,0,0
1300,1765897187632,0,0,143,0,0,0,0,0
1301,1765897188932,0,0,92,0,0,0,0,0
1302,1765897189033,0,0,90,0,0,0,0,0
1303,1765897189699,0,0,845,0,0,0,0,0
1304,1765897189997,0,0,847,0,0,0,0,0
1305,1765897190480,0,0,304,0,0,0,0,0
1306,1765897192561,0,0,662,0,0,0,0,0
1307,1765897192694,0,0,638,0,0,0,0,0
1308,1765897194043,0,0,278,0,0,0,0,0
1309,1765897194176,0,0,134,0,0,0,0,0
1310,1765897194310,0,0,0,0,0,0,0,0
1311,1765897195476,0,0,93,0,0,0,0,0
1312,1765897195593,0,0,148,0,0,0,0,0
1313,1765897195742,0,0,214,0,0,0,0,0
1314,1765897196009,0,0,459,0,0,0,0,0
1315,1765897196308,0,0,366,0,0,0,0,0
1316,1765897196408,0,0,276,0,0,0,0,0
1317,1765897197957,0,0,178,0,0,0,0,0
1318,1765897198090,0,0,174,0,0,0,0,0
1319,1765897198874,0,0,0,0,0,0,0,0
1320,1765897199023,0,0,0,0,0,0,0,0
1321,1765897199661,0,0,422,0,0,0,0,0
1322,1765897201141,0,0,845,0,0,0,0,0
1323,1765897201385,0,0,841,0,0,0,0,0
1324,1765897201808,0,0,836,0,0,0,0,0
1325,1765897201950,0,0,696,0,0,0,0,0
1326,1765897202174,0,0,652,0,0,0,0,0
1327,1765897203393,0,0,611,0,0,0,0,0
1328,1765897203654,0,0,566,0,0,0,0,0
1329,1765897203806,0,0,566,0,0,0,0,0
1330,1765897204969,0,0,357,0,0,0,0,0
1331,1765897206035,0,0,701,0,0,0,0,0
1332,1765897206269,0,0,844,0,0,0,0,0
1333,1765897206521,0,0,847,0,0,0,0,0
1334,1765897206668,0,0,845,0,0,0,0,0
1335,1765897207035,0,0,846,0,0,0,0,0
1336,1765897207283,0,0,847,0,0,0,0,0
1337,1765897207433,0,0,847,0,0,0,0,0
1338,1765897209549,0,0,847,0,0,0,0,0
1339,1765897210465,0,0,847,0,0,0,0,0
1340,1765897210631,0,0,847,0,0,0,0,0
1341,1765897212147,0,0,847,0,0,0,0,0
1342,1765897212363,0,0,1000,0,0,0,0,0
1343,1765897213010,0,0,847,0,0,0,0,0
1344,1765897213136,0,0,847,0,0,0,0,0
1345,1765897215453,0,0,1000,0,0,0,0,0
1346,1765897215761,0,0,847,0,0,0,0,0
1347,1765897216310,0,0,847,0,0,0,0,0
1348,1765897218125,0,0,846,0,0,0,0,0
1349,1765897220456,0,0,630,0,0,0,0,0
1350,1765897221857,0,0,843,0,0,0,0,0
1351,1765897222504,0,0,439,0,0,0,0,0
1352,1765897222605,0,0,845,0,0,0,0,0
1353,1765897223222,0,0,847,0,0,0,0,0
1354,1765897223337,0,0,846,0,0,0,0,0
1355,1765897223955,0,0,847,0,0,0,0,0
1356,1765897232063,0,0,0,0,0,0,0,0
1357,1765897232296,0,0,0,0,0,0,0,0
1358,1765897232480,0,0,0,0,0,0,0,0
1359,1765897232746,0,0,0,0,0,0,0,0
1360,1765897232897,0,0,0,0,0,0,0,0
1361,1765897233079,0,0,0,0,0,0,0,0
1362,1765897233313,0,0,0,0,0,0,0,0
1363,1765897233529,0,0,0,0,0,0,0,0
1364,1765897233712,0,0,0,0,0,0,0,0
1365,1765897240559,0,0,0,0,0,0,0,0
1366,1765897241789,0,0,0,0,0,0,0,0
1367,1765897242088,0,0,0,0,0,0,0,0
1368,1765897242305,0,0,0,0,0,0,0,0
1369,1765897243637,0,0,0,0,0,0,0,0
1370,1765897243854,0,0,0,0,0,0,0,0
1371,1765897244237,0,0,0,0,0,0,0,0
1372,1765897244503,0,0,0,0,0,0,0,0
1373,1765897244970,0,0,0,0,0,0,0,0
1374,1765897245170,0,0,0,0,0,0,0,0
1375,1765897245368,0,0,0,0,0,0,0,0
1376,1765897245618,0,0,0,0,0,0,0,0
1377,1765897245818,0,0,0,0,0,0,0,0
1378,1765897246018,0,0,0,0,0,0,0,0
1379,1765897246151,0,0,0,0,0,0,0,0
1380,1765897246434,0,0,0,0,0,0,0,0
1381,1765897246601,0,0,0,0,0,0,0,0
1382,1765897246867,0,0,0,0,0,0,0,0
1383,1765897247067,0,0,0,0,0,0,0,0
1384,1765897247300,0,0,0,0,0,0,0,0
1385,1765897247500,0,0,0,0,0,0,0,0
1386,1765897247667,0,0,0,0,0,0,0,0
1387,1765897260888,0,0,0,0,0,0,0,0
1388,1765897261106,0,0,0,0,0,0,0,0
1389,1765897261305,0,0,0,0,0,0,0,0
1390,1765897261522,0,0,0,0,0,0,0,0
1391,1765897261688,0,0,0,0,0,0,0,0
1392,1765897261904,0,0,0,0,0,0,0,0
1393,1765897262106,0,0,0,0,0,0,0,0
1394,1765897269148,0,0,0,0,0,0,0,0
1395,1765897269298,0,0,0,0,0,0,0,0
1396,1765897269765,0,0,0,0,0,0,0,0
1397,1765897269949,0,0,0,0,0,0,0,0
1398,1765897270165,0,0,0,0,0,0,0,0
1399,1765897270415,0,43264,39178,9,0,0,0,0
1400,1765897271151,0,0,0,0,0,0,0,0
1401,1765897271264,0,0,0,0,0,0,0,0
1402,1765897271480,0,0,0,0,0,0,0,0
1403,1765897271714,0,0,0,0,0,0,0,0
1404,1765897271913,0,0,0,0,0,0,0,0
1405,1765897272346,0,0,0,0,0,0,0,0
1406,1765897272546,0,0,0,0,0,0,0,0
1407,1765897272779,0,0,0,0,0,0,0,0
1408,1765897273062,0,0,0,0,0,0,0,0
1409,1765897273229,0,0,0,0,0,0,0,0
1410,1765897273412,0,0,0,0,0,0,0,0
1411,1765897273828,0,0,0,0,0,0,0,0
1412,1765897275594,0,0,0,0,0,0,0,0
1413,1765897289929,0,0,0,0,0,0,0,0
1414,1765897290117,0,0,0,0,0,0,0,0
1415,1765897290352,0,0,0,0,0,0,0,0
1416,1765897290830,0,0,0,0,0,0,0,0
1417,1765897291165,0,0,0,0,0,0,0,0
1418,1765897291497,0,0,0,0,0,0,0,0
1419,1765897291696,0,0,0,0,0,0,0,0
1420,1765897291880,0,0,0,0,0,0,0,0
1421,1765897292079,0,0,0,0,0,0,0,0
1422,1765897293385,0,0,0,0,0,0,0,0
1423,1765897293385,0,0,0,0,0,0,0,0
1424,1765897293403,0,0,0,0,0,0,0,0
1425,1765897293419,0,0,0,0,0,0,0,0
1426,1765897293450,0,0,0,0,0,0,0,0
1427,1765897293562,0,0,0,0,0,0,0,0
1428,1765897293745,0,0,0,0,0,0,0,0
1429,1765897294877,0,0,0,0,0,0,0,0
1430,1765897295527,0,0,0,0,0,0,0,0
1431,1765897295726,0,0,0,0,0,0,0,0
1432,1765897302576,0,0,0,0,0,0,0,0
1433,1765897303023,0,0,0,0,0,0,0,0
1434,1765897304385,0,0,0,0,0,0,0,0
1435,1765897305016,0,0,0,0,0,0,0,0
1436,1765897305226,0,0,0,0,0,0,0,0
1437,1765897305451,0,0,0,0,0,0,0,0
1438,1765897305878,0,0,0,0,0,0,0,0
1439,1765897306550,0,0,0,0,0,0,0,0
1440,1765897306759,0,0,0,0,0,0,0,0
1441,1765897306883,0,0,0,0,0,0,0,0
1442,1765897307161,0,0,0,0,0,0,0,0
1443,1765897307341,0,0,0,0,0,0,0,0
1444,1765897307641,0,0,0,0,0,0,0,0
1445,1765897307862,0,0,0,0,0,0,0,0
1446,1765897308126,0,0,0,0,0,0,0,0
1447,1765897308280,0,0,0,0,0,0,0,0
1448,1765897308460,0,0,0,0,0,0,0,0
1449,1765897308724,0,0,0,0,0,0,0,0
1450,1765897308945,0,0,0,0,0,0,0,0
1451,1765897309147,0,0,0,0,0,0,0,0
1452,1765897309347,0,0,0,0,0,0,0,0
1453,1765897309583,0,0,0,0,0,0,0,0
1454,1765897309750,0,0,0,0,0,0,0,0
1455,1765897309951,0,0,0,0,0,0,0,0
1456,1765897310216,0,0,0,0,0,0,0,0
1457,1765897310405,0,0,0,0,0,0,0,0
1458,1765897310599,0,0,0,0,0,0,0,0
1459,1765897310865,0,0,0,0,0,0,0,0
1460,1765897311082,0,0,0,0,0,0,0,0
1461,1765897311231,0,0,0,0,0,0,0,0
1462,1765897311466,0,0,0,0,0,0,0,0
1463,1765897311698,0,0,0,0,0,0,0,0
1464,1765897315443,0,0,0,0,0,0,0,0
1465,1765897315644,0,0,0,0,0,0,0,0
1466,1765897316090,0,0,0,0,0,0,0,0
1467,1765897316443,0,0,0,0,0,0,0,0
1468,1765897316711,0,0,0,0,0,0,0,0
1469,1765897316866,0,0,0,0,0,0,0,0
1470,1765897317066,0,0,0,0,0,0,0,0
1471,1765897317344,0,0,0,0,0,0,0,0
1472,1765897319492,0,0,0,0,0,0,0,0
1473,1765897326418,0,0,0,0,0,0,0,0
1474,1765897326635,0,0,0,0,0,0,0,0
1475,1765897326868,0,0,0,0,0,0,0,0
1476,1765897327101,0,0,0,0,0,0,0,0
1477,1765897327335,0,0,0,0,0,0,0,0
1478,1765897327581,0,0,0,0,0,0,0,0
1479,1765897328831,0,0,0,0,0,0,0,0
1480,1765897328832,0,0,0,0,0,0,0,0
1481,1765897328832,0,0,0,0,0,0,0,0
1482,1765897328832,0,0,0,0,0,0,0,0
1483,1765897328832,0,0,0,0,0,0,0,0
1484,1765897328987,0,0,0,0,0,0,0,0
1485,1765897329194,0,0,0,0,0,0,0,0
1486,1765897329404,0,0,0,0,0,0,0,0
1487,1765897329691,0,0,0,0,0,0,0,0
1488,1765897329895,0,0,0,0,0,0,0,0
1489,1765897330111,0,0,0,0,0,0,0,0
1490,1765897330367,0,0,0,0,0,0,0,0
1491,1765897330596,0,0,0,0,0,0,0,0
1492,1765897330829,0,0,0,0,0,0,0,0
1493,1765897331046,0,0,0,0,0,0,0,0
1494,1765897331262,0,0,0,0,0,0,0,0
1495,1765897331496,0,0,0,0,0,0,0,0
1496,1765897331745,0,0,0,0,0,0,0,0
1497,1765897331978,0,0,0,0,0,0,0,0
1498,1765897332194,0,0,0,0,0,0,0,0
1499,1765897332428,0,0,0,0,0,0,0,0
1500,1765897332678,0,0,0,0,0,0,0,0
1501,1765897332910,0,0,0,0,0,0,0,0
1502,1765897333145,0,0,0,0,0,0,0,0
1503,1765897333378,0,0,0,0,0,0,0,0
1504,1765897333593,0,0,0,0,0,0,0,0
1505,1765897333861,0,0,0,0,0,0,0,0
1506,1765897334076,0,0,0,0,0,0,0,0
1507,1765897334310,0,0,0,0,0,0,0,0
1508,1765897334512,0,0,0,0,0,0,0,0
1509,1765897334776,0,0,0,0,0,0,0,0
1510,1765897335010,0,0,0,0,0,0,0,0
1511,1765897335226,0,0,0,0,0,0,0,0
1512,1765897335442,0,0,0,0,0,0,0,0
1513,1765897335676,0,0,0,0,0,0,0,0
1514,1765897335943,0,0,0,0,0,0,0,0
1515,1765897336159,0,0,0,0,0,0,0,0
1516,1765897336393,0,0,0,0,0,0,0,0
1517,1765897336625,0,0,0,0,0,0,0,0
1518,1765897336874,0,0,0,0,0,0,0,0
1519,1765897337091,0,0,0,0,0,0,0,0
1520,1765897337325,0,0,0,0,0,0,0,0
1521,1765897337558,0,0,0,0,0,0,0,0
1522,1765897337790,0,0,0,0,0,0,0,0
1523,1765897338039,0,0,0,0,0,0,0,0
1524,1765897338273,0,0,0,0,0,0,0,0
1525,1765897338489,0,0,0,0,0,0,0,0
1526,1765897339718,0,0,0,0,0,0,0,0
1527,1765897339733,0,0,0,0,0,0,0,0
1528,1765897339747,0,0,0,0,0,0,0,0
1529,1765897339748,0,0,0,0,0,0,0,0
1530,1765897340305,0,0,0,0,0,0,0,0
1531,1765897340770,0,0,0,0,0,0,0,0
1532,1765897340956,0,0,0,0,0,0,0,0
1533,1765897341885,0,0,0,0,0,0,0,0
1534,1765897343385,0,0,0,0,0,0,0,0
1535,1765897344399,0,0,0,0,0,0,0,0
1536,1765897344799,0,0,0,0,0,0,0,0
1537,1765897345099,0,0,0,0,0,0,0,0
1538,1765897345234,0,0,0,0,0,0,0,0
1539,1765897346099,0,0,0,0,0,0,0,0
1540,1765897346399,0,0,0,0,0,0,0,0
1541,1765897346499,0,0,0,0,0,0,0,0
1542,1765897347101,0,0,0,0,0,0,0,0
1543,1765897347234,0,0,0,0,0,0,0,0
1544,1765897347848,0,0,0,0,0,0,0,0
1545,1765897347981,0,0,0,0,0,0,0,0
1546,1765897349279,0,0,0,0,0,0,0,0
1547,1765897349413,0,0,0,0,0,0,0,0
1548,1765897350745,0,0,0,0,0,0,0,0
1549,1765897351311,0,0,0,0,0,0,0,0
1550,1765897351463,0,0,0,0,0,0,0,0
1551,1765897352010,0,0,0,0,0,0,0,0
1552,1765897352442,0,0,0,0,0,0,0,0
1553,1765897352943,0,0,0,0,0,0,0,0
1554,1765897353159,0,0,0,0,0,0,0,0
1555,1765897353776,0,0,0,0,0,0,0,0
1556,1765897354575,0,0,0,0,0,0,0,0
1557,1765897354674,0,0,0,0,0,0,0,0
1558,1765897355558,0,0,0,0,0,0,0,0
1559,1765897357421,0,0,0,0,0,0,0,0
1560,1765897359120,0,0,0,0,0,0,0,0
1561,1765897359420,0,0,0,0,0,0,0,0
1562,1765897359587,0,0,0,0,0,0,0,0
1563,1765897363067,0,0,0,0,0,0,0,0
1564,1765897363299,0,0,0,0,0,0,0,0
1565,1765897363534,0,0,0,0,0,0,0,0
1566,1765897363767,0,0,0,0,0,0,0,0
1567,1765897364382,0,0,0,0,0,0,0,0
1568,1765897364616,0,0,0,0,0,0,0,0
1569,1765897365431,0,0,0,0,0,0,0,0
1570,1765897366563,0,0,0,0,0,0,0,0
1571,1765897367047,0,0,0,0,0,0,0,0
1572,1765897367596,0,0,0,0,0,0,0,0
1573,1765897367929,0,0,0,0,0,0,0,0
1574,1765897368462,0,0,0,0,0,0,0,0
1575,1765897368928,0,0,0,0,0,0,0,0
1576,1765897370610,0,0,0,0,0,0,0,0
1577,1765897370710,0,0,0,0,0,0,0,0
1578,1765897371392,0,0,0,0,0,0,0,0
1579,1765897371659,0,0,0,0,0,0,0,0
1580,1765897371876,0,0,0,0,0,0,0,0
1581,1765897372193,0,0,0,0,0,0,0,0
1582,1765897373575,0,0,0,0,0,0,0,0
1583,1765897373609,0,0,0,0,0,0,0,0
1584,1765897374508,0,0,0,0,0,0,0,0
1585,1765897375039,0,0,0,0,0,0,0,0
1586,1765897376272,0,0,0,0,0,0,0,0
1587,1765897376389,0,0,0,0,0,0,0,0
1588,1765897376787,0,0,0,0,0,0,0,0
1589,1765897377137,0,0,0,0,0,0,0,0
1590,1765897377271,0,0,0,0,0,0,0,0
1591,1765897377587,0,0,0,0,0,0,0,0
1592,1765897378653,0,0,0,0,0,0,0,0
1593,1765897378769,0,0,0,0,0,0,0,0
1594,1765897378937,0,0,0,0,0,0,0,0
1595,1765897379935,0,0,111,0,0,0,0,0
1596,1765897381417,0,0,112,0,0,0,0,0
1597,1765897381667,0,0,112,0,0,0,0,0
1598,1765897381933,0,0,120,0,0,0,0,0
1599,1765897382150,0,0,841,0,0,0,0,0
1600,1765897382450,0,0,846,0,0,0,0,0
1601,1765897382750,0,0,846,0,0,0,0,0
1602,1765897386045,0,0,503,0,0,0,0,0
1603,1765897386230,0,0,494,0,0,0,0,0
1604,1765897386846,0,0,466,0,0,0,0,0
1605,1765897387045,0,0,410,0,0,0,0,0
1606,1765897387613,0,0,412,0,0,0,0,0
1607,1765897387879,0,0,414,0,0,0,0,0
1608,1765897389394,0,0,388,0,0,0,0,0
1609,1765897389494,0,0,389,0,0,0,0,0
1610,1765897390279,0,0,393,0,0,0,0,0
1611,1765897391293,0,0,340,0,0,0,0,0
1612,1765897392342,0,0,389,0,0,0,0,0
1613,1765897395525,0,0,344,0,0,0,0,0
1614,1765897395560,0,0,347,0,0,0,0,0
1615,1765897397091,0,0,264,0,0,0,0,0
1616,1765897397223,0,0,267,0,0,0,0,0
1617,1765897397389,0,0,280,0,0,0,0,0
1618,1765897397657,0,0,343,0,0,0,0,0
1619,1765897397923,0,0,333,0,0,0,0,0
1620,1765897398072,0,0,308,0,0,0,0,0
1621,1765897399038,0,0,537,0,0,0,0,0
1622,1765897401402,0,0,0,0,0,0,0,0
1623,1765897402368,0,0,842,0,0,0,0,0
1624,1765897402502,0,0,845,0,0,0,0,0
1625,1765897403134,0,0,846,0,0,0,0,0
1626,1765897403268,0,0,846,0,0,0,0,0
1627,1765897403917,0,0,843,0,0,0,0,0
1628,1765897404034,0,0,305,0,0,0,0,0
1629,1765897404433,0,0,114,0,0,0,0,0
1630,1765897404685,0,0,118,0,0,0,0,0
1631,1765897406813,0,0,136,0,0,0,0,0
1632,1765897406849,0,0,1000,0,0,0,0,0
1633,1765897406865,0,0,846,0,0,0,0,0
1634,1765897407281,0,0,846,0,0,0,0,0
1635,1765897407414,0,0,847,0,0,0,0,0
1636,1765897409078,0,0,846,0,0,0,0,0
1637,1765897411060,0,0,847,0,0,0,0,0
1638,1765897411743,0,0,847,0,0,0,0,0
1639,1765897411876,0,0,1000,0,0,0,0,0
1640,1765897412260,0,0,847,0,0,0,0,0
1641,1765897412542,0,0,847,0,0,0,0,0
1642,1765897412827,0,0,847,0,0,0,0,0
1643,1765897413125,0,0,847,0,0,0,0,0
1644,1765897413642,0,0,847,0,0,0,0,0
1645,1765897414440,0,4096,45390,12288,0,0,0,0
1646,1765897415140,0,0,0,0,0,0,0,0
1647,1765897415490,0,0,0,0,0,0,0,0
1648,1765897418162,0,0,0,0,0,0,0,0
1649,1765897418205,0,0,185,0,0,0,0,0
1650,1765897418221,0,0,838,0,0,0,0,0
1651,1765897420637,0,0,495,0,0,0,0,0
1652,1765897421503,0,0,0,0,0,0,0,0
1653,1765897427863,0,0,0,0,0,0,0,0
1654,1765897428747,0,0,57,0,0,0,0,0
1655,1765897429378,0,0,51,0,0,0,0,0
1656,1765897430477,0,0,846,50064,0,0,0,0
1657,1765897431276,0,0,846,0,0,0,0,0
1658,1765897432894,0,0,847,12288,0,0,0,0
1659,1765897432894,0,0,846,0,0,0,0,0
1660,1765897433441,0,0,609,0,0,0,0,0
1661,1765897434059,0,0,608,0,0,0,0,0
1662,1765897434191,0,0,583,0,0,0,0,0
1663,1765897434890,0,0,523,0,0,0,0,0
1664,1765897435905,802,4352,12483,12289,0,0,0,0
1665,1765897436057,0,0,343,0,0,0,0,0
1666,1765897436921,0,0,280,0,0,0,0,0
1667,1765897438070,0,0,517,0,0,0,0,0
1668,1765897438204,0,0,703,0,0,0,0,0
1669,1765897438686,0,0,846,0,0,0,0,0
1670,1765897438788,0,0,846,0,0,0,0,0
1671,1765897438970,0,0,1000,0,0,0,0,0
1672,1765897440268,0,0,846,0,0,0,0,0
1673,1765897440435,0,0,1000,0,0,0,0,0
1674,1765897440718,0,0,847,0,0,0,0,0
1675,1765897440902,0,0,846,0,0,0,0,0
1676,1765897442400,0,0,846,0,0,0,0,0
1677,1765897442517,0,0,846,0,0,0,0,0
1678,1765897444649,0,0,847,0,0,0,0,0
1679,1765897444666,0,0,847,0,0,0,0,0
1680,1765897445046,0,0,846,0,0,0,0,0
1681,1765897445315,0,0,847,0,0,0,0,0
1682,1765897445597,0,0,844,0,0,0,0,0
1683,1765897445730,0,0,0,0,0,0,0,0
1684,1765897445897,0,0,0,0,0,0,0,0
1685,1765897446395,0,0,0,0,0,0,0,0
1686,1765897446545,0,0,0,0,0,0,0,0
1687,1765897447361,0,0,0,0,0,0,0,0
1688,1765897447511,0,0,0,0,0,0,0,0
1689,1765897447877,0,0,0,0,0,0,0,0
1690,1765897448144,0,0,441,0,0,0,0,0
1691,1765897448344,0,0,846,0,0,0,0,0
1692,1765897448877,0,0,847,0,0,0,0,0
1693,1765897449130,0,0,846,0,0,0,0,0
1694,1765897449909,0,0,847,0,0,0,0,0
1695,1765897450026,0,0,847,0,0,0,0,0
1696,1765897450659,0,0,1000,0,0,0,0,0
1697,1765897451025,0,0,846,0,0,0,0,0
1698,1765897451244,0,0,846,0,0,0,0,0
1699,1765897451508,0,0,847,0,0,0,0,0
1700,1765897451691,0,0,846,0,0,0,0,0
1701,1765897451840,0,0,846,0,0,0,0,0
1702,1765897452290,0,0,844,0,0,0,0,0
1703,1765897452490,0,0,845,0,0,0,0,0
1704,1765897452640,0,0,847,0,0,0,0,0
1705,1765897453922,0,0,0,0,0,0,0,0
1706,1765897455606,0,0,0,0,0,0,0,0
1707,1765897455606,0,0,0,0,0,0,0,0
1708,1765897456304,0,0,15,0,0,0,0,0
1709,1765897456953,0,0,0,0,0,0,0,0
1710,1765897457935,0,0,12,0,0,0,0,0
1711,1765897458051,0,0,224,0,0,0,0,0
1712,1765897459101,0,0,847,0,0,0,0,0
1713,1765897459217,0,0,1000,0,0,0,0,0
1714,1765897460984,0,0,846,0,0,0,0,0
1715,1765897461467,0,0,209,0,0,0,0,0
1716,1765897461649,0,0,0,0,0,0,0,0
1717,1765897461749,0,0,0,0,0,0,0,0
1718,1765897463298,0,0,0,0,0,0,0,0
1719,1765897463431,0,0,0,0,0,0,0,0
1720,1765897464265,0,0,0,0,0,0,0,0
1721,1765897464380,0,0,0,0,0,0,0,0
1722,1765897466645,0,0,0,0,0,0,0,0
1723,1765897466678,0,0,0,0,0,0,0,0
1724,1765897466777,0,0,0,0,0,0,0,0
1725,1765897466928,0,0,0,0,0,0,0,0
1726,1765897468409,0,0,0,0,0,0,0,0
1727,1765897469892,0,0,0,0,0,0,0,0
1728,1765897470741,0,0,0,0,0,0,0,0
1729,1765897470992,0,0,0,0,0,0,0,0
1730,1765897471191,0,0,0,0,0,0,0,0
1731,1765897472024,0,0,0,0,0,0,0,0
1732,1765897472256,0,0,0,0,0,0,0,0
1733,1765897473989,0,0,0,0,0,0,0,0
1734,1765897474106,0,0,0,0,0,0,0,0
1735,1765897474889,0,0,0,0,0,0,0,0
1736,1765897475038,0,0,0,0,0,0,0,0
1737,1765897477603,0,0,0,0,0,0,0,0
1738,1765897477620,0,0,0,0,0,0,0,0
1739,1765897478785,0,0,0,0,0,0,0,0
1740,1765897479667,0,0,0,0,0,0,0,0
1741,1765897479784,0,0,0,0,0,0,0,0
1742,1765897481082,0,0,0,0,0,0,0,0
1743,1765897481233,0,0,0,0,0,0,0,0
1744,1765897481865,0,0,0,0,0,0,0,0
1745,1765897483415,0,0,16,0,0,0,0,0
1746,1765897483515,0,0,19,0,0,0,0,0
1747,1765897485146,0,0,0,0,0,0,0,0
1748,1765897486078,0,0,0,0,0,0,0,0
1749,1765897488643,0,0,0,0,0,0,0,0
1750,1765897488659,0,0,0,0,0,0,0,0
1751,1765897488659,0,0,0,0,0,0,0,0
1752,1765897488676,0,0,0,0,0,0,0,0
1753,1765897489509,0,0,0,0,0,0,0,0
1754,1765897490390,0,0,0,0,0,0,0,0
1755,1765897490441,0,0,0,0,0,0,0,0
1756,1765897492490,0,0,0,0,0,0,0,0
1757,1765897492622,0,0,0,0,0,0,0,0
1758,1765897494088,0,0,0,0,0,0,0,0
1759,1765897494238,0,0,0,0,0,0,0,0
1760,1765897495072,0,0,0,0,0,0,0,0
1761,1765897495920,0,0,0,0,0,0,0,0
1762,1765897497419,0,0,0,0,0,0,0,0
1763,1765897497553,0,0,0,0,0,0,0,0
1764,1765897497718,0,0,0,0,0,0,0,0
1765,1765897499569,0,0,0,0,0,0,0,0
1766,1765897499569,0,0,0,0,0,0,0,0
1767,1765897499616,0,0,0,0,0,0,0,0
1768,1765897499899,0,0,0,0,0,0,0,0
1769,1765897500033,0,0,0,0,0,0,0,0
1770,1765897501898,0,0,0,0,0,0,0,0
1771,1765897503447,0,0,0,0,0,0,0,0
1772,1765897503563,0,0,0,0,0,0,0,0
1773,1765897503764,0,0,0,0,0,0,0,0
1774,1765897504031,0,0,0,0,0,0,0,0
1775,1765897504246,0,0,0,0,0,0,0,0
1776,1765897505778,0,0,0,0,0,0,0,0
1777,1765897505879,0,0,0,0,0,0,0,0
1778,1765897507394,0,0,0,0,0,0,0,0
1779,1765897507511,0,0,0,0,0,0,0,0
1780,1765897508193,0,0,0,0,0,0,0,0
1781,1765897508259,0,0,0,0,0,0,0,0
1782,1765897508743,0,0,0,0,0,0,0,0
1783,1765897509059,0,0,0,0,0,0,0,0
1784,1765897510541,0,0,0,0,0,0,0,0
1785,1765897510557,0,0,0,0,0,0,0,0
1786,1765897510557,0,0,0,0,0,0,0,0
1787,1765897510690,0,0,0,0,0,0,0,0
1788,1765897512240,0,0,0,0,0,0,0,0
1789,1765897512372,0,0,0,0,0,0,0,0
1790,1765897513905,0,0,0,0,0,0,0,0
1791,1765897514070,0,0,0,0,0,0,0,0
1792,1765897514422,0,0,0,0,0,0,0,0
1793,1765897514738,0,0,0,0,0,0,0,0
1794,1765897514904,0,0,0,0,0,0,0,0
1795,1765897516386,0,0,0,0,0,0,0,0
1796,1765897516538,0,0,0,0,0,0,0,0
1797,1765897518086,0,0,0,0,0,0,0,0
1798,1765897518220,0,0,0,0,0,0,0,0
1799,1765897518885,0,0,0,0,0,0,0,0
1800,1765897521517,0,0,0,0,0,0,0,0
1801,1765897521518,0,0,0,0,0,0,0,0
1802,1765897522365,0,0,0,0,0,0,0,0
1803,1765897522997,0,0,0,0,0,0,0,0
1804,1765897523131,0,0,0,0,0,0,0,0
1805,1765897523548,0,0,0,0,0,0,0,0
1806,1765897523847,0,0,0,0,0,0,0,0
1807,1765897523997,0,0,0,0,0,0,0,0
1808,1765897525729,0,0,0,0,0,0,0,0
1809,1765897527428,0,0,0,0,0,0,0,0
1810,1765897527578,0,0,0,0,0,0,0,0
1811,1765897527745,0,0,0,0,0,0,0,0
1812,1765897528028,0,0,0,0,0,0,0,0
1813,1765897528210,0,0,0,0,0,0,0,0
1814,1765897528444,0,0,0,0,0,0,0,0
1815,1765897529893,0,0,0,0,0,0,0,0
1816,1765897532474,0,0,0,0,0,0,0,0
1817,1765897532491,0,0,0,0,0,0,0,0
1818,1765897532491,0,0,0,0,0,0,0,0
1819,1765897533041,0,0,0,0,0,0,0,0
1820,1765897533289,0,0,0,0,0,0,0,0
1821,1765897534038,0,0,0,0,0,0,0,0
1822,1765897534655,0,0,0,0,0,0,0,0
1823,1765897534988,0,0,0,0,0,0,0,0
1824,1765897535272,0,0,0,0,0,0,0,0
1825,1765897535788,0,0,0,0,0,0,0,0
1826,1765897536436,0,0,0,0,0,0,0,0
1827,1765897536572,0,0,0,0,0,0,0,0
1828,1765897537037,0,0,0,0,0,0,0,0
1829,1765897537270,0,0,0,0,0,0,0,0
1830,1765897537370,0,0,0,0,0,0,0,0
1831,1765897538902,0,0,0,0,0,0,0,0
1832,1765897539068,0,0,0,0,0,0,0,0
1833,1765897539218,0,0,0,0,0,0,0,0
1834,1765897540084,0,0,0,0,0,0,0,0
1835,1765897541632,0,0,0,0,0,0,0,0
1836,1765897541783,0,0,0,0,0,0,0,0
1837,1765897543514,0,0,0,0,0,0,0,0
1838,1765897544050,0,0,0,0,0,0,0,0
1839,1765897545579,0,0,0,0,0,0,0,0
1840,1765897547246,0,0,0,0,0,0,0,0
1841,1765897548910,0,0,0,0,0,0,0,0
1842,1765897549010,0,0,0,0,0,0,0,0
1843,1765897549242,0,0,0,0,0,0,0,0
1844,1765897549525,0,0,0,0,0,0,0,0
1845,1765897549725,0,0,0,0,0,0,0,0
1846,1765897549892,0,0,0,0,0,0,0,0
1847,1765897551590,0,0,0,0,0,0,0,0
1848,1765897551725,0,0,0,0,0,0,0,0
1849,1765897554487,0,0,0,0,0,0,0,0
1850,1765897554520,0,0,0,0,0,0,0,0
1851,1765897555486,0,0,0,0,0,0,0,0
1852,1765897556813,0,0,499,0,0,0,0,0
1853,1765897556958,0,0,627,0,0,0,0,0
1854,1765897557111,0,0,845,0,0,0,0,0
1855,1765897558400,0,0,846,0,0,0,0,0
1856,1765897559400,0,0,846,0,0,0,0,0
1857,1765897559550,0,0,846,0,0,0,0,0
1858,1765897559816,0,0,846,0,0,0,0,0
1859,1765897560067,0,0,846,0,0,0,0,0
1860,1765897560232,0,0,846,0,0,0,0,0
1861,1765897561898,0,0,846,0,0,0,0,0
1862,1765897562048,0,0,846,0,0,0,0,0
1863,1765897563530,0,0,514,0,0,0,0,0
1864,1765897563946,0,0,0,0,0,0,0,0
1865,1765897565428,0,0,23,0,0,0,0,0
1866,1765897565428,0,0,207,0,0,0,0,0
1867,1765897566043,0,0,844,0,0,0,0,0
1868,1765897567359,0,0,342,0,0,0,0,0
1869,1765897567658,0,0,333,0,0,0,0,0
1870,1765897569024,0,0,0,0,0,0,0,0
1871,1765897569141,0,0,0,0,0,0,0,0
1872,1765897569324,0,0,0,0,0,0,0,0
1873,1765897569607,0,0,19,0,0,0,0,0
1874,1765897571273,0,0,520,0,0,0,0,0
1875,1765897571406,0,0,694,0,0,0,0,0
1876,1765897573005,0,0,843,0,0,0,0,0
1877,1765897573138,0,0,670,0,0,0,0,0
1878,1765897576552,0,0,845,0,0,0,0,0
1879,1765897576552,0,0,846,0,0,0,0,0
1880,1765897576552,0,0,843,0,0,0,0,0
1881,1765897577318,0,0,846,0,0,0,0,0
1882,1765897577468,0,0,847,0,0,0,0,0
1883,1765897579898,0,0,846,0,0,0,0,0
1884,1765897580031,0,0,847,0,0,0,0,0
1885,1765897581315,0,0,847,0,0,0,0,0
1886,1765897581447,0,0,847,0,0,0,0,0
1887,1765897582946,0,0,846,0,0,0,0,0
1888,1765897583230,0,0,847,0,0,0,0,0
1889,1765897583612,0,0,846,0,0,0,0,0
1890,1765897584894,0,0,0,0,0,0,0,0
1891,1765897585028,0,0,0,0,0,0,0,0
1892,1765897585162,0,0,0,0,0,0,0,0
1893,1765897585477,0,0,0,0,0,0,0,0
1894,1765897585694,0,0,0,0,0,0,0,0
1895,1765897587892,0,2304,0,0,0,0,0,0
1896,1765897587892,0,0,116,0,0,0,0,0
1897,1765897589307,0,0,846,0,0,0,0,0
1898,1765897591009,0,0,1000,0,0,0,0,0
1899,1765897591239,0,0,846,0,0,0,0,0
1900,1765897593339,0,0,847,0,0,0,0,0
1901,1765897593487,0,0,847,0,0,0,0,0
1902,1765897593637,0,0,847,0,0,0,0,0
1903,1765897594919,0,0,847,0,0,0,0,0
1904,1765897595054,0,0,847,0,0,0,0,0
1905,1765897595303,0,0,847,0,0,0,0,0
1906,1765897595552,0,0,846,0,0,0,0,0
1907,1765897595719,0,0,847,0,0,0,0,0
1908,1765897597034,0,0,847,0,0,0,0,0
1909,1765897597184,0,0,847,0,0,0,0,0
1910,1765897599049,0,0,846,0,0,0,0,0
1911,1765897599065,0,0,844,0,0,0,0,0
1912,1765897601230,0,0,153,0,0,0,0,0
1913,1765897601381,0,0,509,0,0,0,0,0
1914,1765897602930,0,0,1000,0,0,0,0,0
1915,1765897603196,0,0,1000,0,0,0,0,0
1916,1765897604528,0,0,847,0,0,0,0,0
1917,1765897605078,0,0,1000,0,0,0,0,0
1918,1765897605278,0,0,846,0,0,0,0,0
1919,1765897606859,0,0,0,0,0,0,0,0
1920,1765897606943,0,0,15,0,0,0,0,0
1921,1765897608326,0,0,467,0,0,0,0,0
1922,1765897608475,0,0,846,0,0,0,0,0
1923,1765897610556,0,0,76,0,0,0,0,0
1924,1765897610673,0,0,299,0,0,0,0,0
1925,1765897612237,0,0,847,0,0,0,0,0
1926,1765897612404,0,0,847,0,0,0,0,0
1927,1765897615019,0,0,0,0,0,0,0,0
1928,1765897615169,0,0,0,0,0,0,0,0
1929,1765897615303,0,0,0,0,0,0,0,0
1930,1765897617317,0,0,845,32896,0,0,0,0
1931,1765897619199,0,0,40,0,0,0,0,0
1932,1765897619316,0,0,239,0,0,0,0,0
1933,1765897619465,0,0,585,0,0,0,0,0
1934,1765897621199,0,0,845,0,0,0,0,0
1935,1765897621546,0,0,0,0,0,0,0,0
1936,1765897622978,0,0,847,0,0,0,0,0
1937,1765897623162,0,0,847,0,0,0,0,0
1938,1765897623644,0,0,847,0,0,0,0,0
1939,1765897623895,0,0,847,0,0,0,0,0
1940,1765897625643,0,0,847,0,0,0,0,0
1941,1765897627128,0,0,1000,0,0,0,0,0
1942,1765897627376,0,0,1000,0,0,0,0,0
1943,1765897627658,0,0,1000,0,0,0,0,0
1944,1765897627825,0,0,1000,0,0,0,0,0
1945,1765897627975,0,0,1000,0,0,0,0,0
1946,1765897629524,0,0,847,0,0,0,0,0
1947,1765897629706,0,0,847,0,0,0,0,0
1948,1765897629857,0,0,1000,0,0,0,0,0
1949,1765897632372,0,0,1000,0,0,0,0,0
1950,1765897632372,0,0,1000,0,0,0,0,0
1951,1765897632388,0,0,1000,0,0,0,0,0
1952,1765897632404,0,0,1000,0,0,0,0,0
1953,1765897633503,0,0,1000,0,0,0,0,0
1954,1765897636967,0,0,0,0,0,0,0,0
1955,1765897637067,0,0,0,0,0,0,0,0
1956,1765897638667,0,0,529,0,0,0,0,0
1957,1765897638816,0,0,478,0,0,0,0,0
1958,1765897640764,0,0,0,0,0,0,0,0
1959,1765897641281,0,0,0,0,0,0,0,0
1960,1765897643912,0,0,245,0,0,0,0,0
1961,1765897643928,0,0,562,0,0,0,0,0
1962,1765897643929,0,0,613,0,0,0,0,0
1963,1765897643962,0,0,846,0,0,0,0,0
1964,1765897643962,0,0,846,0,0,0,0,0
1965,1765897645343,0,0,1000,0,0,0,0,0
1966,1765897645459,0,0,846,0,0,0,0,0
1967,1765897646842,0,0,847,0,0,0,0,0
1968,1765897646958,0,0,1000,0,0,0,0,0
1969,1765897647125,0,0,1000,0,0,0,0,0
1970,1765897647325,0,0,847,0,0,0,0,0
1971,1765897647591,0,0,846,0,0,0,0,0
1972,1765897647807,0,0,847,0,0,0,0,0
1973,1765897650306,0,0,0,0,0,0,0,0
1974,1765897650440,0,0,0,0,0,0,0,0
1975,1765897650606,0,0,0,0,0,0,0,0
1976,1765897652171,0,0,845,0,0,0,0,0
1977,1765897653004,0,0,846,0,0,0,0,0
1978,1765897655068,0,0,846,0,0,0,0,0
1979,1765897655068,0,0,684,0,0,0,0,0
1980,1765897655835,0,0,0,0,0,0,0,0
1981,1765897656001,0,0,0,0,0,0,0,0
1982,1765897656233,0,0,0,0,0,0,0,0
1983,1765897656666,0,0,0,0,0,0,0,0
1984,1765897657416,0,0,694,0,0,0,0,0
1985,1765897658082,0,0,574,0,0,0,0,0
1986,1765897659065,0,0,846,0,0,0,0,0
1987,1765897659299,0,0,846,0,0,0,0,0
1988,1765897659549,0,0,846,0,0,0,0,0
1989,1765897659715,0,0,846,0,0,0,0,0
1990,1765897659848,0,0,847,0,0,0,0,0
1991,1765897661213,0,0,846,0,0,0,0,0
1992,1765897661364,0,0,846,0,0,0,0,0
1993,1765897662163,0,0,847,0,0,0,0,0
1994,1765897662845,0,0,0,0,0,0,0,0
1995,1765897662929,0,0,0,0,0,0,0,0
1996,1765897663995,0,0,0,0,0,0,0,0
1997,1765897664144,0,0,0,0,0,0,0,0
1998,1765897664395,0,0,0,0,0,0,0,0
1999,1765897666080,0,0,0,0,0,0,0,0
2000,1765897666092,0,0,0,0,0,0,0,0
2001,1765897666126,0,0,0,0,0,0,0,0
2002,1765897668307,0,0,845,0,0,0,0,0
2003,1765897668424,0,0,846,0,0,0,0,0
2004,1765897669623,0,0,161,0,0,0,0,0
2005,1765897670756,0,0,0,0,0,0,0,0
2006,1765897670888,0,0,0,0,0,0,0,0
2007,1765897671305,0,0,13,0,0,0,0,0
2008,1765897671572,0,0,285,0,0,0,0,0
2009,1765897672888,0,0,1000,0,0,0,0,0
2010,1765897673022,0,0,845,0,0,0,0,0
2011,1765897674853,0,0,846,0,0,0,0,0
2012,1765897675102,0,0,846,0,0,0,0,0
2013,1765897675370,0,0,846,0,0,0,0,0
2014,1765897675503,0,0,847,0,0,0,0,0
2015,1765897677300,0,0,846,0,0,0,0,0
2016,1765897677566,0,0,1000,0,0,0,0,0
2017,1765897677865,0,0,1000,0,0,0,0,0
2018,1765897678166,0,0,847,0,0,0,0,0
2019,1765897678332,0,0,847,0,0,0,0,0
2020,1765897678482,0,0,1000,0,0,0,0,0
2021,1765897680264,0,0,847,0,0,0,0,0
2022,1765897682663,0,0,16,0,0,0,0,0
2023,1765897684196,0,0,96,0,0,0,0,0
2024,1765897684345,0,0,298,0,0,0,0,0
2025,1765897684760,0,0,845,0,0,0,0,0
2026,1765897685044,0,0,846,0,0,0,0,0
2027,1765897685144,0,0,847,0,0,0,0,0
2028,1765897686708,0,0,847,0,0,0,0,0
2029,1765897686842,0,0,847,0,0,0,0,0
2030,1765897687008,0,0,1000,0,0,0,0,0
2031,1765897689489,0,0,847,0,0,0,0,0
2032,1765897689640,0,0,847,0,0,0,0,0
2033,1765897690355,0,0,1000,0,0,0,0,0
2034,1765897690970,0,0,845,0,0,0,0,0
2035,1765897691504,0,0,847,0,0,0,0,0
2036,1765897693087,0,0,0,0,0,0,0,0
2037,1765897694152,0,0,0,0,0,0,0,0
2038,1765897694336,0,0,0,0,0,0,0,0
2039,1765897696001,0,0,847,0,0,0,0,0
2040,1765897696384,0,0,847,0,0,0,0,0
2041,1765897696650,0,0,845,0,0,0,0,0
2042,1765897696801,0,0,846,0,0,0,0,0
2043,1765897698166,0,0,847,0,0,0,0,0
2044,1765897698282,0,0,846,0,0,0,0,0
2045,1765897700380,0,0,846,0,0,0,0,0
2046,1765897700381,0,0,1000,0,0,0,0,0
2047,1765897701678,0,0,235,0,0,0,0,0
2048,1765897701795,0,0,843,0,0,0,0,0
2049,1765897703911,0,0,846,0,0,0,0,0
2050,1765897704060,0,0,847,0,0,0,0,0
2051,1765897704210,0,0,846,0,0,0,0,0
2052,1765897706775,0,0,847,0,0,0,0,0
2053,1765897708423,0,0,0,0,0,0,0,0
2054,1765897708657,0,0,0,0,0,0,0,0
2055,1765897708956,0,0,225,0,0,0,0,0
2056,1765897709140,0,0,621,0,0,0,0,0
2057,1765897709273,0,0,352,0,0,0,0,0
2058,1765897711438,0,0,845,0,0,0,0,0
2059,1765897711438,0,0,844,0,0,0,0,0
2060,1765897711537,0,0,844,0,0,0,0,0
2061,1765897711720,0,0,532,0,0,0,0,0
2062,1765897714119,0,0,847,0,0,0,0,0
2063,1765897714251,0,0,847,0,0,0,0,0
2064,1765897714402,0,0,847,0,0,0,0,0
2065,1765897716851,0,0,843,0,0,0,0,0
2066,1765897716984,0,0,846,0,0,0,0,0
2067,1765897717650,0,0,846,0,0,0,0,0
2068,1765897717818,0,0,1000,0,0,0,0,0
2069,1765897717949,0,0,847,0,0,0,0,0
2070,1765897719635,0,0,846,0,0,0,0,0
2071,1765897719849,0,0,1000,0,0,0,0,0
2072,1765897720131,0,0,847,0,0,0,0,0
2073,1765897722579,0,0,847,0,0,0,0,0
2074,1765897723211,0,0,847,0,0,0,0,0
2075,1765897723477,0,0,846,0,0,0,0,0
2076,1765897723860,0,0,847,0,0,0,0,0
2077,1765897723993,0,0,847,0,0,0,0,0
2078,1765897726425,0,0,577,0,0,0,0,0
2079,1765897728124,0,0,846,0,0,0,0,0
2080,1765897728307,0,0,843,0,0,0,0,0
2081,1765897728590,0,0,846,0,0,0,0,0
2082,1765897728775,0,0,847,0,0,0,0,0
2083,1765897728924,0,0,847,0,0,0,0,0
2084,1765897730523,0,0,1000,0,0,0,0,0
2085,1765897730639,0,0,847,0,0,0,0,0
2086,1765897730789,0,0,847,0,0,0,0,0
2087,1765897732240,0,0,847,0,0,0,0,0
2088,1765897732538,0,0,847,0,0,0,0,0
2089,1765897734187,0,0,846,0,0,0,0,0
2090,1765897734187,0,0,847,0,0,0,0,0
2091,1765897735635,0,0,1000,0,0,0,0,0
2092,1765897736834,0,0,847,0,0,0,0,0
2093,1765897737000,0,0,846,0,0,0,0,0
2094,1765897737267,0,0,847,0,0,0,0,0
2095,1765897737799,0,0,847,0,0,0,0,0
2096,1765897738533,0,0,844,0,0,0,0,0
2097,1765897738666,0,0,355,0,0,0,0,0
2098,1765897740365,0,0,0,0,0,0,0,0
2099,1765897740482,0,0,131,0,0,0,0,0
2100,1765897741198,0,0,1000,0,0,0,0,0
2101,1765897741381,0,0,846,0,0,0,0,0
2102,1765897741530,0,0,846,0,0,0,0,0
2103,1765897741749,0,0,846,0,0,0,0,0
2104,1765897742363,0,0,846,0,0,0,0,0
2105,1765897742562,0,0,714,0,0,0,0,0
2106,1765897742830,0,0,847,0,0,0,0,0
2107,1765897743063,0,0,845,0,0,0,0,0
2108,1765897743361,0,0,842,0,0,0,0,0
2109,1765897745129,0,0,656,0,0,0,0,0
2110,1765897745129,0,0,290,0,0,0,0,0
2111,1765897745642,0,0,845,0,0,0,0,0
2112,1765897745759,0,0,845,0,0,0,0,0
2113,1765897746427,0,0,434,0,0,0,0,0
2114,1765897747207,0,0,0,0,0,0,0,0
2115,1765897748706,0,0,846,0,0,0,0,0
2116,1765897748840,0,0,1000,0,0,0,0,0
2117,1765897750223,0,0,846,0,0,0,0,0
2118,1765897750357,0,0,846,0,0,0,0,0
2119,1765897751489,0,0,847,0,0,0,0,0
2120,1765897751771,0,0,1000,0,0,0,0,0
2121,1765897751921,0,0,847,0,0,0,0,0
2122,1765897753337,0,0,0,0,0,0,0,0
2123,1765897756077,0,0,0,0,0,0,0,0
2124,1765897756102,0,0,841,0,0,0,0,0
2125,1765897756117,0,0,847,0,0,0,0,0
2126,1765897757332,0,0,846,0,0,0,0,0
2127,1765897759564,0,0,0,0,0,0,0,0
2128,1765897759730,0,0,0,0,0,0,0,0
2129,1765897759830,0,0,0,0,0,0,0,0
2130,1765897761164,0,0,847,0,0,0,0,0
2131,1765897761314,0,0,847,0,0,0,0,0
2132,1765897763994,0,0,847,0,0,0,0,0
2133,1765897764277,0,0,847,0,0,0,0,0
2134,1765897764428,0,0,847,0,0,0,0,0
2135,1765897779746,0,0,1000,0,0,0,0,0
2136,1765897780047,0,0,847,0,0,0,0,0
2137,1765897780680,0,0,847,0,0,0,0,0
2138,1765897781512,0,0,1000,0,0,0,0,0
2139,1765897783361,0,0,1000,0,0,0,0,0
2140,1765897784943,0,0,0,0,0,0,0,0
2141,1765897785792,0,0,217,0,0,0,0,0
2142,1765897785975,0,0,845,0,0,0,0,0
2143,1765897786259,0,0,1000,0,0,0,0,0
2144,1765897786658,0,0,847,0,0,0,0,0
2145,1765897786797,0,0,847,0,0,0,0,0
2146,1765897788009,0,0,847,0,0,0,0,0
2147,1765897788940,0,0,843,0,0,0,0,0
2148,1765897789106,0,0,258,0,0,0,0,0
2149,1765897789256,0,0,847,0,0,0,0,0
2150,1765897792003,0,0,0,0,0,0,0,0
2151,1765897792603,0,0,844,0,0,0,0,0
2152,1765897792737,0,0,0,0,0,0,0,0
2153,1765897794436,0,0,847,0,0,0,0,0
2154,1765897794650,0,0,1000,0,0,0,0,0
2155,1765897794951,0,0,847,0,0,0,0,0
2156,1765897795150,0,0,847,0,0,0,0,0
2157,1765897795317,0,0,1000,0,0,0,0,0
2158,1765897795467,0,0,847,0,0,0,0,0
2159,1765897797632,0,0,846,0,0,0,0,0
2160,1765897797799,0,0,847,0,0,0,0,0
2161,1765897797932,0,0,846,0,0,0,0,0
2162,1765897798148,0,0,846,0,0,0,0,0
2163,1765897798431,0,0,843,0,0,0,0,0
2164,1765897798599,0,0,0,0,0,0,0,0
2165,1765897798948,0,0,0,0,0,0,0,0
2166,1765897799232,0,0,0,0,0,0,0,0
2167,1765897799431,0,0,0,0,0,0,0,0
2168,1765897800531,0,0,0,0,0,0,0,0
2169,1765897800747,0,0,15,0,0,0,0,0
2170,1765897803127,0,0,846,0,0,0,0,0
2171,1765897803127,0,0,847,0,0,0,0,0
2172,1765897804027,0,0,846,0,0,0,0,0
2173,1765897804743,0,0,0,0,0,0,0,0
2174,1765897804926,0,0,0,0,0,0,0,0
2175,1765897805708,0,0,566,0,0,0,0,0
2176,1765897805858,0,0,845,0,0,0,0,0
2177,1765897806991,0,0,846,0,0,0,0,0
2178,1765897809075,0,0,847,0,0,0,0,0
2179,1765897809272,0,0,846,0,0,0,0,0
2180,1765897809839,0,0,846,0,0,0,0,0
2181,1765897809938,0,0,847,0,0,0,0,0
2182,1765897810689,0,0,847,0,0,0,0,0
2183,1765897811454,0,0,847,0,0,0,0,0
2184,1765897812204,0,0,847,0,0,0,0,0
2185,1765897814201,0,0,847,0,0,0,0,0
2186,1765897814201,0,0,846,0,0,0,0,0
2187,1765897814284,0,0,847,0,0,0,0,0
2188,1765897814433,0,0,847,0,0,0,0,0
2189,1765897816215,0,0,0,0,0,0,0,0
2190,1765897816265,0,0,0,0,0,0,0,0
2191,1765897817847,0,0,846,0,0,0,0,0
2192,1765897817930,0,0,401,20480,0,0,0,0
2193,1765897819697,0,0,847,0,0,0,0,0
2194,1765897819880,0,0,1000,0,0,0,0,0
2195,1765897821129,0,0,847,0,0,0,0,0
2196,1765897821495,0,0,846,0,0,0,0,0
2197,1765897821728,0,0,846,0,0,0,0,0
2198,1765897821928,0,0,847,0,0,0,0,0
2199,1765897835528,0,0,846,0,0,0,0,0
2200,1765897835549,0,0,847,0,0,0,0,0
2201,1765897835550,0,0,1000,0,0,0,0,0
2202,1765897835583,0,0,92,0,0,0,0,0
2203,1765897835583,0,0,21,0,0,0,0,0
2204,1765897835599,0,0,394,20483,0,0,0,0
2205,1765897836082,0,0,844,0,0,0,0,0
2206,1765897836731,0,0,847,0,0,0,0,0
2207,1765897838181,0,0,847,0,0,0,0,0
2208,1765897838281,0,0,1000,0,0,0,0,0
2209,1765897839629,0,0,1000,0,0,0,0,0
2210,1765897839913,0,0,1000,0,0,0,0,0
2211,1765897840162,0,0,1000,0,0,0,0,0
2212,1765897840828,0,0,611,0,0,0,0,0
2213,1765897841128,0,0,0,0,0,0,0,0
2214,1765897842677,0,0,542,0,0,0,0,0
2215,1765897842877,0,0,25,0,0,0,0,0
2216,1765897843127,0,0,207,0,0,0,0,0
2217,1765897843526,0,0,644,0,0,0,0,0
2218,1765897845958,41120,12,418,0,0,0,0,0
2219,1765897846090,0,0,369,0,0,0,0,0
2220,1765897848539,0,0,586,0,0,0,0,0
2221,1765897848640,0,0,612,0,0,0,0,0
2222,1765897850203,0,0,847,0,0,0,0,0
2223,1765897850287,0,0,846,0,0,0,0,0
2224,1765897850487,0,0,847,0,0,0,0,0
2225,1765897850719,0,0,846,0,0,0,0,0
2226,1765897850954,0,0,1000,0,0,0,0,0
2227,1765897851753,0,0,1000,0,0,0,0,0
2228,1765897851786,0,0,847,0,0,0,0,0
2229,1765897852252,0,0,847,0,0,0,0,0
2230,1765897852518,0,0,846,0,0,0,0,0
2231,1765897854085,0,0,1000,0,0,0,0,0
2232,1765897854318,0,0,847,0,0,0,0,0
2233,1765897855600,0,0,1000,0,0,0,0,0
2234,1765897855749,0,0,846,0,0,0,0,0
2235,1765897856365,0,0,1000,0,0,0,0,0
2236,1765897857281,0,0,1000,0,0,0,0,0
2237,1765897857698,0,0,711,0,0,0,0,0
2238,1765897859563,0,0,0,0,0,0,0,0
2239,1765897859579,0,0,0,0,0,0,0,0
2240,1765897860945,0,0,847,0,0,0,0,0
2241,1765897861094,0,0,847,0,0,0,0,0
2242,1765897861360,0,0,846,0,0,0,0,0
2243,1765897863910,0,0,0,0,0,0,0,0
2244,1765897864075,0,0,0,1,0,0,0,0
2245,1765897864358,0,0,0,1,0,0,0,0
2246,1765897867523,0,0,847,0,0,0,0,0
2247,1765897868272,0,0,847,0,0,0,0,0
2248,1765897872602,0,0,466,0,0,0,0,0
2249,1765897873403,0,0,464,0,0,0,0,0
2250,1765897874567,0,0,306,0,0,0,0,0
2251,1765897875283,0,0,263,0,0,0,0,0
2252,1765897875383,0,0,248,0,0,0,0,0
2253,1765897877948,0,0,0,0,0,0,0,0
2254,1765897877964,0,0,0,0,0,0,0,0
2255,1765897878496,0,0,0,0,0,0,0,0
2256,1765897878696,0,0,0,0,0,0,0,0
2257,1765897878979,0,0,0,0,0,0,0,0
2258,1765897879379,0,0,0,0,0,0,0,0
2259,1765897882144,0,0,0,1,0,0,0,0
2260,1765897883193,0,0,0,1,0,0,0,0
2261,1765897883809,0,0,0,1,0,0,0,0
2262,1765897884808,0,0,0,1,0,0,0,0
2263,1765897885691,0,0,0,1,0,0,0,0
2264,1765897885807,0,0,0,1,0,0,0,0
2265,1765897886840,0,0,0,0,0,0,0,0
2266,1765897888106,0,0,0,0,0,0,0,0
2267,1765897888338,0,0,0,0,0,0,0,0
2268,1765897888589,0,0,11,0,0,0,0,0
2269,1765897890204,0,0,11,0,0,0,0,0
2270,1765897890220,0,0,11,0,0,0,0,0
2271,1765897891401,0,0,17,0,0,0,0,0
2272,1765897891552,0,0,18,0,0,0,0,0
2273,1765897892434,0,0,22,0,0,0,0,0
2274,1765897893218,0,0,143,0,0,0,0,0
2275,1765897893284,0,0,578,0,0,0,0,0
2276,1765897893700,0,0,845,0,0,0,0,0
2277,1765897894049,0,0,447,0,0,0,0,0
2278,1765897897032,0,0,0,0,0,0,0,0
2279,1765897897165,0,0,0,0,0,0,0,0
2280,1765897897847,0,0,0,0,0,0,0,0
2281,1765897898214,0,0,0,0,0,0,0,0
2282,1765897899046,0,0,0,0,0,0,0,0
2283,1765897899879,0,0,0,0,0,0,0,0
2284,1765897899995,0,0,0,0,0,0,0,0
2285,1765897900695,0,0,0,0,0,0,0,0
2286,1765897902277,0,0,0,0,0,0,0,0
2287,1765897905274,0,0,0,0,0,0,0,0
2288,1765897906972,1360,0,0,32,0,0,0,0
2289,1765897911635,0,0,0,0,0,0,0,0
2290,1765897912702,0,0,0,0,0,0,0,0
2291,1765897913650,0,0,0,0,0,0,0,0
2292,1765897914001,0,0,0,0,0,0,0,0
2293,1765897915099,0,0,0,0,0,0,0,0
2294,1765897915632,0,0,0,0,0,0,0,0
2295,1765897916166,0,0,0,0,0,0,0,0
2296,1765897916465,0,0,0,0,0,0,0,0
2297,1765897916599,0,0,0,0,0,0,0,0
2298,1765897916998,0,0,0,0,0,0,0,0
2299,1765897917298,0,0,0,0,0,0,0,0
2300,1765897919012,0,0,0,0,0,0,0,0
2301,1765897919045,0,0,0,0,0,0,0,0
2302,1765897919195,0,0,0,0,0,0,0,0
2303,1765897919446,0,0,0,0,0,0,0,0
2304,1765897920261,0,0,0,0,0,0,0,0
2305,1765897920543,0,0,0,0,0,0,0,0
2306,1765897920777,0,0,0,0,0,0,0,0
2307,1765897921159,0,0,0,0,0,0,0,0
2308,1765897921510,0,0,0,0,0,0,0,0
2309,1765897921626,0,0,0,0,0,0,0,0
2310,1765897922559,0,0,0,0,0,0,0,0
2311,1765897923293,0,0,0,0,0,0,0,0
2312,1765897924092,0,0,0,0,0,0,0,0
2313,1765897924224,0,0,0,0,0,0,0,0
2314,1765897924841,0,0,0,0,0,0,0,0
2315,1765897925891,0,0,0,0,0,0,0,0
2316,1765897927090,0,0,0,0,0,0,0,0
2317,1765897927707,0,0,0,0,0,0,0,0
2318,1765897928139,0,0,0,0,0,0,0,0
2319,1765897928289,0,0,0,0,0,0,0,0
2320,1765897929998,0,0,0,0,0,0,0,0
2321,1765897930006,0,0,0,0,0,0,0,0
2322,1765897930021,0,0,0,0,0,0,0,0
2323,1765897930069,0,0,0,0,0,0,0,0
2324,1765897932736,0,0,0,0,0,0,0,0
2325,1765897932867,0,0,0,0,0,0,0,0
2326,1765897933516,0,0,0,0,0,0,0,0
2327,1765897933666,0,0,0,0,0,0,0,0
2328,1765897934317,0,0,0,0,0,0,0,0
2329,1765897934483,0,0,0,0,0,0,0,0
2330,1765897936182,0,0,0,0,0,0,0,0
2331,1765897936665,0,0,0,0,0,0,0,0
2332,1765897936798,0,0,0,0,0,0,0,0
2333,1765897936948,0,0,0,0,0,0,0,0
2334,1765897938197,0,0,0,0,0,0,0,0
2335,1765897938330,0,0,0,0,0,0,0,0
2336,1765897939845,0,0,0,0,0,0,0,0
2337,1765897939946,0,0,0,0,0,0,0,0
2338,1765897940761,0,0,0,0,0,0,0,0
2339,1765897944016,0,0,0,0,0,0,0,0
2340,1765897944041,0,0,0,0,0,0,0,0
2341,1765897944041,0,0,0,0,0,0,0,0
2342,1765897944074,0,0,0,0,0,0,0,0
2343,1765897944458,0,0,0,0,0,0,0,0
2344,1765897944574,0,0,0,0,0,0,0,0
2345,1765897945556,0,0,0,0,0,0,0,0
2346,1765897945825,0,0,0,0,0,0,0,0
2347,1765897946105,0,0,0,0,0,0,0,0
2348,1765897946239,0,0,0,0,0,0,0,0
2349,1765897947188,0,0,0,0,0,0,0,0
2350,1765897947422,0,0,0,0,0,0,0,0
2351,1765897947887,0,0,0,0,0,0,0,0
2352,1765897948471,0,0,0,0,0,0,0,0
2353,1765897949822,0,0,0,0,0,0,0,0
2354,1765897950553,0,0,0,0,0,0,0,0
2355,1765897950603,0,0,0,0,0,0,0,0
2356,1765897952853,0,0,0,0,0,0,0,0
2357,1765897952885,0,0,0,0,0,0,0,0
2358,1765897953168,0,0,0,0,0,0,0,0
2359,1765897958463,0,0,0,0,0,0,0,0
2360,1765897960045,0,0,0,0,0,0,0,0
2361,1765897960211,0,0,0,0,0,0,0,0
2362,1765897961776,0,0,0,0,0,0,0,0
2363,1765897962626,0,0,0,0,0,0,0,0
2364,1765897962759,0,0,0,0,0,0,0,0
2365,1765897962892,0,0,0,0,0,0,0,0
2366,1765897963541,0,0,0,0,0,0,0,0
2367,1765897964959,0,0,0,0,0,0,0,0
2368,1765897966923,0,0,0,0,0,0,0,0
2369,1765897966989,0,0,0,0,0,0,0,0
2370,1765897968305,0,0,0,0,0,0,0,0
2371,1765897972733,0,0,0,0,0,0,0,0
2372,1765897972768,0,0,0,0,0,0,0,0
2373,1765897972802,0,0,0,0,0,0,0,0
2374,1765897973783,0,0,0,0,0,0,0,0
2375,1765897975515,0,0,0,0,0,0,0,0
2376,1765897975831,0,0,0,0,0,0,0,0
2377,1765897976830,0,0,0,0,0,0,0,0
2378,1765897977113,0,0,0,0,0,0,0,0
2379,1765897977928,0,0,0,0,0,0,0,0
2380,1765897978863,0,0,0,0,0,0,0,0
2381,1765897979662,0,0,0,0,0,0,0,0
2382,1765897980611,0,0,0,0,0,0,0,0
2383,1765897981310,0,0,0,0,0,0,0,0
2384,1765897982609,192,0,0,40960,0,0,0,0
2385,1765897983692,0,0,0,0,0,0,0,0
2386,1765897986123,0,0,0,0,0,0,0,0
2387,1765897986255,0,0,0,0,0,0,0,0
2388,1765897987021,0,0,0,0,0,0,0,0
2389,1765897987254,0,0,0,0,0,0,0,0
2390,1765897987487,0,0,0,0,0,0,0,0
2391,1765897987737,0,0,0,0,0,0,0,0
2392,1765897988020,0,0,0,0,0,0,0,0
2393,1765897988354,0,0,0,0,0,0,0,0
2394,1765897989171,0,0,0,0,0,0,0,0
2395,1765897989553,0,0,0,0,0,0,0,0
2396,1765897989819,0,0,0,0,0,0,0,0
2397,1765897990069,0,0,0,0,0,0,0,0
2398,1765897990885,0,0,11,0,0,0,0,0
2399,1765897991169,0,0,12,0,0,0,0,0
2400,1765897991785,0,0,13,0,0,0,0,0
2401,1765897992767,0,0,13,0,0,0,0,0
2402,1765897992834,0,0,14,0,0,0,0,0
2403,1765897993400,0,0,14,0,0,0,0,0
2404,1765897995615,0,0,0,0,0,0,0,0
2405,1765897995915,0,0,0,0,0,0,0,0
2406,1765897997664,0,0,0,0,0,0,0,0
2407,1765897997696,0,0,0,0,0,0,0,0
2408,1765897997713,0,0,0,0,0,0,0,0
2409,1765897997729,0,0,0,0,0,0,0,0
2410,1765897997746,0,0,0,0,0,0,0,0
2411,1765897997981,0,0,0,0,0,0,0,0
2412,1765897998479,0,0,0,0,0,0,0,0
2413,1765898000311,0,0,0,0,0,0,0,0
2414,1765898001443,0,0,0,0,0,0,0,0
2415,1765898002242,0,0,0,0,0,0,0,0
2416,1765898003176,0,0,0,0,0,0,0,0
2417,1765898005157,0,0,0,0,0,0,0,0
2418,1765898006156,0,0,0,0,0,0,0,0
2419,1765898006855,0,0,0,0,0,0,0,0
2420,1765898006988,0,0,0,0,0,0,0,0
2421,1765898007140,0,0,0,0,0,0,0,0
2422,1765898008904,0,0,0,0,0,0,0,0
2423,1765898008937,0,0,0,0,0,0,0,0
2424,1765898008952,0,0,0,0,0,0,0,0
2425,1765898009554,0,0,0,0,0,0,0,0
2426,1765898009702,0,0,0,0,0,0,0,0
2427,1765898009868,0,0,0,0,0,0,0,0
2428,1765898010718,0,0,0,0,0,0,0,0
2429,1765898010951,0,0,0,0,0,0,0,0
2430,1765898011702,0,0,0,0,0,0,0,0
2431,1765898011967,0,0,0,0,0,0,0,0
2432,1765898012316,0,49152,0,40960,0,0,0,0
2433,1765898012516,0,0,0,0,0,0,0,0
2434,1765898012766,0,0,0,0,0,0,0,0
2435,1765898013300,0,0,0,0,0,0,0,0
2436,1765898013883,0,0,0,0,0,0,0,0
2437,1765898014831,0,0,0,0,0,0,0,0
2438,1765898015598,0,0,0,0,0,0,0,0
2439,1765898015847,0,0,0,0,0,0,0,0
2440,1765898018029,0,0,0,0,0,0,0,0
2441,1765898019882,0,0,0,0,0,0,0,0
2442,1765898019895,0,0,0,0,0,0,0,0
2443,1765898019910,0,0,0,0,0,0,0,0
2444,1765898019927,0,0,0,0,0,0,0,0
2445,1765898020910,0,0,0,0,0,0,0,0
2446,1765898021059,0,0,0,0,0,0,0,0
2447,1765898022041,0,0,0,0,0,0,0,0
2448,1765898022741,0,0,0,0,0,0,0,0
2449,1765898025073,0,0,0,0,0,0,0,0
2450,1765898026489,0,0,0,0,0,0,0,0
2451,1765898027122,0,0,0,0,0,0,0,0
2452,1765898028854,0,0,0,0,0,0,0,0
2453,1765898030220,0,0,0,0,0,0,0,0
2454,1765898031668,0,0,0,0,0,0,0,0
2455,1765898034564,0,0,0,0,0,0,0,0
2456,1765898035064,0,0,0,0,0,0,0,0
2457,1765898036064,0,0,0,0,0,0,0,0
2458,1765898038529,0,0,0,0,0,0,0,0
2459,1765898040544,0,0,0,0,0,0,0,0
2460,1765898041426,0,0,0,0,0,0,0,0
2461,1765898042492,0,0,0,0,0,0,0,0
2462,1765898043341,0,0,0,0,0,0,0,0
2463,1765898049036,0,0,0,0,0,0,0,0
2464,1765898049869,0,0,0,0,0,0,0,0
2465,1765898050685,0,0,0,0,0,0,0,0
2466,1765898050818,0,0,0,0,0,0,0,0
2467,1765898052468,0,0,0,0,0,0,0,0
2468,1765898052617,0,0,0,0,0,0,0,0
2469,1765898053500,0,0,0,0,0,0,0,0
2470,1765898054215,0,0,0,0,0,0,0,0
2471,1765898054332,0,0,0,0,0,0,0,0
2472,1765898055048,0,0,0,0,0,0,0,0
2473,1765898055147,0,0,0,0,0,0,0,0
2474,1765898056113,0,0,0,0,0,0,0,0
2475,1765898056350,0,0,0,0,0,0,0,0
2476,1765898056646,0,0,0,0,0,0,0,0
2477,1765898058462,0,0,0,0,0,0,0,0
2478,1765898058462,0,0,0,0,0,0,0,0
2479,1765898058512,0,0,0,0,0,0,0,0
2480,1765898058512,0,0,0,0,0,0,0,0
2481,1765898058860,0,0,0,0,0,0,0,0
2482,1765898058961,0,0,0,0,0,0,0,0
2483,1765898060644,0,0,0,0,0,0,0,0
2484,1765898060808,0,0,0,0,0,0,0,0
2485,1765898061643,0,0,0,0,0,0,0,0
2486,1765898061777,0,0,0,0,0,0,0,0
2487,1765898062460,0,0,0,0,0,0,0,0
2488,1765898062991,0,0,0,0,0,0,0,0
2489,1765898063609,0,0,0,0,0,0,0,0
2490,1765898064574,0,0,0,0,0,0,0,0
2491,1765898065656,0,0,0,0,0,0,0,0
2492,1765898066222,0,0,0,0,0,0,0,0
2493,1765898067254,0,0,0,0,0,0,0,0
2494,1765898069750,0,0,0,0,0,0,0,0
2495,1765898069771,0,0,0,0,0,0,0,0
2496,1765898069835,0,0,0,0,0,0,0,0
2497,1765898070485,0,0,0,0,0,0,0,0
2498,1765898071366,0,0,0,0,0,0,0,0
2499,1765898071549,0,0,0,0,0,0,0,0
2500,1765898072316,0,0,0,0,0,0,0,0
2501,1765898073016,0,0,0,0,0,0,0,0
2502,1765898073997,0,0,0,0,0,0,0,0
2503,1765898074364,0,0,0,0,0,0,0,0
2504,1765898074530,0,0,0,0,0,0,0,0
2505,1765898075264,0,0,0,0,0,0,0,0
2506,1765898077245,0,0,0,0,0,0,0,0
2507,1765898078178,0,0,0,0,0,0,0,0
2508,1765898081059,0,0,0,0,0,0,0,0
2509,1765898081093,0,0,0,0,0,0,0,0
2510,1765898081442,0,0,0,0,0,0,0,0
2511,1765898081575,0,0,0,0,0,0,0,0
2512,1765898081758,0,0,0,0,0,0,0,0
2513,1765898082408,0,0,0,0,0,0,0,0
2514,1765898082558,0,0,0,0,0,0,0,0
2515,1765898083356,0,0,0,0,0,0,0,0
2516,1765898083490,0,0,0,0,0,0,0,0
2517,1765898084273,0,0,0,0,0,0,0,0
2518,1765898085204,0,0,0,0,0,0,0,0
2519,1765898085356,0,0,0,0,0,0,0,0
2520,1765898086205,0,0,0,0,0,0,0,0
2521,1765898087020,0,0,0,0,0,0,0,0
2522,1765898087153,0,0,0,0,0,0,0,0
2523,1765898087304,0,0,0,0,0,0,0,0
2524,1765898087953,0,0,0,0,0,0,0,0
2525,1765898089635,0,0,0,0,0,0,0,0
2526,1765898092150,0,0,0,0,0,0,0,0
2527,1765898092200,0,0,0,0,0,0,0,0
2528,1765898092998,0,0,0,0,0,0,0,0
2529,1765898093397,0,0,0,0,0,0,0,0
2530,1765898094280,0,0,0,0,0,0,0,0
2531,1765898094363,0,0,0,0,0,0,0,0
2532,1765898095147,0,0,0,0,0,0,0,0
2533,1765898095845,0,0,0,0,0,0,0,0
2534,1765898096779,0,0,0,0,0,0,0,0
2535,1765898097445,0,0,0,0,0,0,0,0
2536,1765898098378,0,0,0,0,0,0,0,0
2537,1765898100359,0,0,0,0,0,0,0,0
2538,1765898103140,0,0,0,0,0,0,0,0
2539,1765898103158,0,0,0,0,0,0,0,0
2540,1765898103955,0,0,0,0,0,0,0,0
2541,1765898106038,0,0,0,0,0,0,0,0
2542,1765898106204,0,0,0,0,0,0,0,0
2543,1765898107052,0,0,0,0,0,0,0,0
2544,1765898109252,0,0,0,0,0,0,0,0
2545,1765898109951,0,0,0,0,0,0,0,0
2546,1765898110318,0,0,0,0,0,0,0,0
2547,1765898111933,0,0,0,0,0,0,0,0
2548,1765898112349,0,0,0,0,0,0,0,0
2549,1765898114598,0,0,0,0,0,0,0,0
2550,1765898114647,0,0,0,0,0,0,0,0
2551,1765898117144,0,0,0,0,0,0,0,0
2552,1765898117294,0,0,0,0,0,0,0,0
2553,1765898117895,0,0,0,0,0,0,0,0
2554,1765898118060,0,0,0,0,0,0,0,0
2555,1765898118228,0,0,0,0,0,0,0,0
2556,1765898118910,0,0,0,0,0,0,0,0
2557,1765898119210,0,0,0,0,0,0,0,0
2558,1765898119909,0,0,0,0,0,0,0,0
2559,1765898119992,0,0,0,0,0,0,0,0
2560,1765898120708,0,0,0,0,0,0,0,0
2561,1765898122691,0,0,0,0,0,0,0,0
2562,1765898123723,0,0,0,0,0,0,0,0
2563,1765898126087,0,0,0,0,0,0,0,0
2564,1765898126105,0,0,0,0,0,0,0,0
2565,1765898126171,0,0,0,0,0,0,0,0
2566,1765898126453,0,0,0,0,0,0,0,0
2567,1765898127236,0,0,0,0,0,0,0,0
2568,1765898131367,0,0,2383,0,0,0,0,0
2569,1765898133882,0,0,846,0,0,0,0,0
2570,1765898134931,0,0,847,0,0,0,0,0
2571,1765898135080,0,0,847,0,0,0,0,0
2572,1765898135763,0,0,847,0,0,0,0,0
2573,1765898135864,0,0,846,0,0,0,0,0
2574,1765898136845,0,0,846,0,0,0,0,0
2575,1765898137528,0,0,846,0,0,0,0,0
2576,1765898137678,0,0,846,0,0,0,0,0
2577,1765898137812,0,0,846,0,0,0,0,0
2578,1765898138360,0,0,847,0,0,0,0,0
2579,1765898138561,0,0,846,0,0,0,0,0
2580,1765898141607,0,0,0,0,0,0,0,0
2581,1765898142007,0,0,0,0,0,0,0,0
2582,1765898142273,0,0,22,0,0,0,0,0
2583,1765898142406,0,0,314,0,0,0,0,0
2584,1765898143106,0,0,712,0,0,0,0,0
2585,1765898144089,0,0,1000,0,0,0,0,0
2586,1765898145937,0,0,634,0,0,0,0,0
2587,1765898146454,0,0,376,0,0,0,0,0
2588,1765898146537,0,0,387,0,0,0,0,0
2589,1765898146754,0,0,57,0,0,0,0,0
2590,1765898146987,0,0,285,0,0,0,0,0
2591,1765898147337,0,0,542,0,0,0,0,0
2592,1765898147503,0,0,844,0,0,0,0,0
2593,1765898147787,0,0,846,0,0,0,0,0
2594,1765898148069,0,0,843,0,0,0,0,0
2595,1765898148136,0,0,464,0,0,0,0,0
2596,1765898149002,0,0,358,0,0,0,0,0
2597,1765898149651,0,0,57,0,0,0,0,0
2598,1765898149786,0,0,339,0,0,0,0,0
2599,1765898152033,0,0,846,0,0,0,0,0
2600,1765898152050,0,0,846,0,0,0,0,0
2601,1765898152132,0,0,846,0,0,0,0,0
2602,1765898152264,0,0,846,0,0,0,0,0
2603,1765898152897,0,0,847,0,0,0,0,0
2604,1765898152998,0,0,845,0,0,0,0,0
2605,1765898154280,0,0,845,0,0,0,0,0
2606,1765898154479,0,0,845,0,0,0,0,0
2607,1765898154763,0,0,238,0,0,0,0,0
2608,1765898155062,0,0,0,0,0,0,0,0
2609,1765898156461,0,0,22,0,0,0,0,0
2610,1765898156577,0,0,51,0,0,0,0,0
2611,1765898156744,0,0,0,0,0,0,0,0
2612,1765898157411,0,0,484,272,0,0,0,0
2613,1765898157577,0,0,481,0,0,0,0,0
2614,1765898157712,0,0,220,0,0,0,0,0
2615,1765898159493,0,0,649,0,0,0,0,0
2616,1765898160143,0,0,572,0,0,0,0,0
2617,1765898160242,0,0,708,0,0,0,0,0
2618,1765898163475,0,0,294,0,0,0,0,0
2619,1765898163475,0,0,202,0,0,0,0,0
2620,1765898163506,0,0,244,0,0,0,0,0
2621,1765898163539,0,0,844,0,0,0,0,0
2622,1765898163923,0,0,847,0,0,0,0,0
2623,1765898164055,0,0,846,0,0,0,0,0
2624,1765898164871,0,0,845,0,0,0,0,0
2625,1765898166269,0,0,1000,0,0,0,0,0
2626,1765898166436,0,0,847,0,0,0,0,0
2627,1765898166703,0,0,847,0,0,0,0,0
2628,1765898167185,0,0,1000,0,0,0,0,0
2629,1765898167452,0,0,847,0,0,0,0,0
2630,1765898167836,0,0,847,0,0,0,0,0
2631,1765898167969,0,0,847,0,0,0,0,0
2632,1765898168218,0,0,847,0,0,0,0,0
2633,1765898168502,0,0,1000,0,0,0,0,0
2634,1765898169052,0,0,847,0,0,0,0,0
2635,1765898169568,0,0,1000,0,0,0,0,0
2636,1765898169934,0,0,847,0,0,0,0,0
2637,1765898170317,0,0,847,0,0,0,0,0
2638,1765898172232,0,0,0,0,0,0,0,0
2639,1765898172632,0,0,0,0,0,0,0,0
2640,1765898175230,0,0,844,0,0,0,0,0
2641,1765898175230,0,0,845,0,0,0,0,0
2642,1765898175230,0,0,847,0,0,0,0,0
2643,1765898175263,0,0,847,0,0,0,0,0
2644,1765898175479,0,0,1000,0,0,0,0,0
2645,1765898177893,0,0,0,0,0,0,0,0
2646,1765898178526,0,0,0,0,0,0,0,0
2647,1765898178758,0,0,0,0,0,0,0,0
2648,1765898179525,0,0,0,0,0,0,0,0
2649,1765898180041,0,0,0,0,0,0,0,0
2650,1765898180791,0,0,0,0,0,0,0,0
2651,1765898181940,0,0,0,0,0,0,0,0
2652,1765898182624,0,0,0,0,0,0,0,0
2653,1765898182789,0,0,0,0,0,0,0,0
2654,1765898183590,0,0,0,0,0,0,0,0
2655,1765898183739,0,0,0,0,0,0,0,0
2656,1765898183905,0,0,0,0,0,0,0,0
2657,1765898186670,0,0,0,0,0,0,0,0
2658,1765898186720,0,0,0,0,0,0,0,0
2659,1765898187085,0,0,0,0,0,0,0,0
2660,1765898187202,0,0,0,0,0,0,0,0
2661,1765898189018,0,0,0,0,0,0,0,0
2662,1765898189167,0,0,0,0,0,0,0,0
2663,1765898643934,0,0,0,0,0,0,0,0
2664,1765898644167,0,0,0,0,0,0,0,0
2665,1765898644400,0,0,0,0,0,0,0,0
2666,1765898645466,0,0,0,0,0,0,0,0
2667,1765898645716,0,0,0,0,0,0,0,0
2668,1765898645949,0,12288,0,0,0,0,0,0
2669,1765898646166,0,0,0,0,0,0,0,0
2670,1765898646998,0,0,0,0,0,0,0,0
2671,1765898647897,0,0,0,0,0,0,0,0
2672,1765898648014,0,0,0,0,0,0,0,0
2673,1765898649363,0,0,0,0,0,0,0,0
2674,1765898650445,0,0,0,0,0,0,0,0
