index,date,REGEN_BRAKE_STATE,1,2,3,4,5,6,7
0,1765895459439,0,0,0,0,0,0,0,0
1,1765895459654,0,0,0,0,0,0,0,0
2,1765895459889,0,0,0,0,0,0,0,0
3,1765895460121,0,0,0,0,0,0,0,0
4,1765895460503,0,0,0,0,0,0,0,0
5,1765895461403,0,0,0,0,0,0,0,0
6,1765895461920,0,0,0,0,0,0,0,0
7,1765895462469,0,0,0,0,0,0,0,0
8,1765895463034,0,0,0,0,0,0,0,0
9,1765895463551,0,0,0,0,0,0,0,0
10,1765895464100,0,0,0,0,0,0,0,0
11,1765895464650,0,0,0,0,0,0,0,0
12,1765895465166,0,0,0,0,0,0,0,0
13,1765895465699,0,0,0,0,0,0,0,0
14,1765895466232,0,0,0,0,0,0,0,0
15,1765895466848,0,0,0,0,0,0,0,0
16,1765895467398,0,0,0,0,0,0,0,0
17,1765895467931,0,0,0,0,0,0,0,0
18,1765895468515,0,0,0,0,0,0,0,0
19,1765895469013,0,0,0,0,0,0,0,0
20,1765895469514,0,0,0,0,0,0,0,0
21,1765895470979,0,0,0,0,0,0,0,0
22,1765895471478,0,0,0,0,0,0,0,0
23,1765895471961,0,0,0,0,0,0,0,0
24,1765895472509,0,0,0,0,0,0,0,0
25,1765895473060,0,0,0,0,0,0,0,0
26,1765895473594,0,0,0,0,0,0,0,0
27,1765895474159,0,0,0,0,0,0,0,0
28,1765895474691,0,0,0,0,0,0,0,0
29,1765895475274,0,0,0,0,0,0,0,0
30,1765895475791,0,0,0,0,0,0,0,0
31,1765895478554,0,0,0,0,0,0,0,0
32,1765895479972,0,0,0,0,0,0,0,0
33,1765895480487,0,0,0,0,0,0,0,0
34,1765895481003,0,0,0,0,0,0,0,0
35,1765895481520,0,0,0,0,0,0,0,0
36,1765895482918,0,0,0,0,0,0,0,0
37,1765895483484,0,0,0,0,0,0,0,0
38,1765895484050,0,0,0,0,0,0,0,0
39,1765895484600,0,0,0,0,0,0,0,0
40,1765895485116,0,0,0,0,0,0,0,0
41,1765895485599,0,0,0,0,0,0,0,0
42,1765895486199,0,0,0,0,0,0,0,0
43,1765895487231,0,0,0,0,0,0,0,0
44,1765895487780,0,0,0,0,0,0,0,0
45,1765895488896,0,0,0,0,0,0,0,0
46,1765895489429,0,0,0,0,0,0,0,0
47,1765895489979,0,0,0,0,0,0,0,0
48,1765895491444,0,0,0,0,0,0,0,0
49,1765895491945,0,0,0,0,0,0,0,0
50,1765895493309,0,0,0,0,0,0,0,0
51,1765895493843,0,0,0,0,0,0,0,0
52,1765895494375,0,0,0,0,0,0,0,0
53,1765895494858,0,0,0,0,0,0,0,0
54,1765895495424,0,0,0,0,0,0,0,0
55,1765895495957,0,0,0,0,0,0,0,0
56,1765895497023,0,0,0,0,0,0,0,0
57,1765895497606,0,0,0,0,0,0,0,0
58,1765895498156,0,0,0,0,0,0,0,0
59,1765895498806,0,0,0,0,0,0,0,0
60,1765895499238,0,0,0,0,0,0,0,0
61,1765895501769,0,0,0,0,0,0,0,0
62,1765895502335,0,0,0,0,0,0,0,0
63,1765895503402,0,0,0,0,0,0,0,0
64,1765895503935,0,0,0,0,0,0,0,0
65,1765895504400,0,0,0,0,0,0,0,0
66,1765895506382,0,0,0,0,0,0,0,0
67,1765895506848,0,0,0,0,0,0,0,0
68,1765895507382,0,0,0,0,0,0,0,0
69,1765895510097,0,0,0,0,0,0,0,0
70,1765895510646,0,0,0,0,0,0,0,0
71,1765895511211,0,0,0,0,0,0,0,0
72,1765895511779,0,0,0,0,0,0,0,0
73,1765895512311,0,0,0,0,0,0,0,0
74,1765895512860,0,0,0,0,0,0,0,0
75,1765895513409,0,0,0,0,0,0,0,0
76,1765895514026,0,0,0,0,0,0,0,0
77,1765895514558,0,0,0,0,0,0,0,0
78,1765895515158,0,0,0,0,0,0,0,0
79,1765895515708,0,0,0,0,0,0,0,0
80,1765895516241,0,0,0,0,0,0,0,0
81,1765895516756,0,0,0,0,0,0,0,0
82,1765895517290,0,0,0,0,0,0,0,0
83,1765895517842,0,0,0,0,0,0,0,0
84,1765895519239,0,0,0,0,0,0,0,0
85,1765895519738,0,0,0,0,0,0,0,0
86,1765895520238,0,0,0,0,0,0,0,0
87,1765895520806,0,0,0,0,0,0,0,0
88,1765895522787,0,0,0,0,0,0,0,0
89,1765895523885,0,0,0,0,0,0,0,0
90,1765895524435,0,0,0,0,0,0,0,0
91,1765895524985,0,0,0,0,0,0,0,0
92,1765895525517,0,0,0,0,0,0,0,0
93,1765895526050,0,0,0,0,0,0,0,0
94,1765895526566,0,0,0,0,0,0,0,0
95,1765895527131,0,0,0,0,0,0,0,0
96,1765895527681,0,0,0,0,0,0,0,0
97,1765895528231,0,0,0,0,0,0,0,0
98,1765895529913,0,0,0,0,0,0,0,0
99,1765895530462,0,0,0,0,0,0,0,0
100,1765895530995,0,0,0,0,0,0,0,0
101,1765895531544,0,0,0,0,0,0,0,0
102,1765895532611,0,0,0,0,0,0,0,0
103,1765895533144,0,0,0,0,0,0,0,0
104,1765895533661,0,0,0,0,0,0,0,0
105,1765895534193,0,0,0,0,0,0,0,0
106,1765895535626,0,0,0,0,0,0,0,0
107,1765895536176,0,0,0,0,0,0,0,0
108,1765895536706,0,0,0,0,0,0,0,0
109,1765895537274,0,0,0,0,0,0,0,0
110,1765895537806,0,0,0,0,0,0,0,0
111,1765895538356,0,0,0,0,0,0,0,0
112,1765895539506,0,0,0,0,0,0,0,0
113,1765895541687,0,0,0,0,0,0,0,0
114,1765895542219,0,0,0,0,0,0,0,0
115,1765895542802,0,0,0,0,0,0,0,0
116,1765895543352,0,0,0,0,0,0,0,0
117,1765895543902,0,0,0,0,0,0,0,0
118,1765895545518,0,0,0,0,0,0,0,0
119,1765895546033,0,0,0,0,0,0,0,0
120,1765895547082,0,0,0,0,0,0,0,0
121,1765895547632,0,0,0,0,0,0,0,0
122,1765895548515,0,0,0,0,0,0,0,0
123,1765895549047,0,0,0,0,0,0,0,0
124,1765895549580,0,0,0,0,0,0,0,0
125,1765895550130,0,0,0,0,0,0,0,0
126,1765895550679,0,0,0,0,0,0,0,0
127,1765895551229,0,0,0,0,0,0,0,0
128,1765895551778,0,0,0,0,0,0,0,0
129,1765895552295,0,0,0,0,0,0,0,0
130,1765895553411,0,0,0,0,0,0,0,0
131,1765895555092,0,0,0,0,0,0,0,0
132,1765895555609,0,0,0,0,0,0,0,0
133,1765895556158,0,0,0,0,0,0,0,0
134,1765895556708,0,0,0,0,0,0,0,0
135,1765895557258,0,0,0,0,0,0,0,0
136,1765895557807,0,0,0,0,0,0,0,0
137,1765895558407,0,0,0,0,0,0,0,0
138,1765895560005,0,0,0,0,0,0,0,0
139,1765895560554,0,0,0,0,0,0,0,0
140,1765895561070,0,0,0,0,0,0,0,0
141,1765895562986,0,0,0,0,0,0,0,0
142,1765895563503,0,0,0,0,0,0,0,0
143,1765895564568,0,0,0,0,0,0,0,0
144,1765895566250,0,0,0,0,0,0,0,0
145,1765895566800,0,0,0,0,0,0,0,0
146,1765895567366,0,0,0,0,0,0,0,0
147,1765895568450,0,0,0,0,0,0,0,0
148,1765895569014,0,0,0,0,0,0,0,0
149,1765895569582,0,0,0,0,0,0,0,0
150,1765895570100,0,0,0,0,0,0,0,0
151,1765895570646,0,0,0,0,0,0,0,0
152,1765895571194,0,0,0,0,0,0,0,0
153,1765895571761,0,0,0,0,0,0,0,0
154,1765895573377,0,0,0,0,0,0,0,0
155,1765895573925,0,0,0,0,0,0,0,0
156,1765895575891,0,0,0,0,0,0,0,0
157,1765895576390,0,0,0,0,0,0,0,0
158,1765895580722,0,0,0,0,0,0,0,0
159,1765895582952,0,0,0,0,0,0,0,0
160,1765895583536,0,0,0,0,0,0,0,0
161,1765895584119,0,0,0,0,0,0,0,0
162,1765895584619,0,0,0,0,0,0,0,0
163,1765895585219,0,0,0,0,0,0,0,0
164,1765895585716,0,0,0,0,0,0,0,0
165,1765895586301,0,0,0,0,0,0,0,0
166,1765895586801,0,0,0,0,0,0,0,0
167,1765895587382,0,0,0,0,0,0,0,0
168,1765895587883,0,0,0,0,0,0,0,0
169,1765895588731,0,0,0,0,0,0,0,0
170,1765895589248,0,0,0,0,0,0,0,0
171,1765895589764,0,0,0,0,0,0,0,0
172,1765895591745,0,0,0,0,0,0,0,0
173,1765895592396,0,0,0,0,0,0,0,0
174,1765895592845,0,0,0,0,0,0,0,0
175,1765895593394,0,0,0,0,0,0,0,0
176,1765895595026,0,0,0,0,0,0,0,0
177,1765895595543,0,0,0,0,0,0,0,0
178,1765895596058,0,0,0,0,0,0,0,0
179,1765895596574,0,0,0,0,0,0,0,0
180,1765895597674,0,0,0,0,0,0,0,0
181,1765895598789,0,0,0,0,0,0,0,0
182,1765895602969,0,0,0,0,0,0,0,0
183,1765895603452,0,0,0,0,0,0,0,0
184,1765895604001,0,0,0,0,0,0,0,0
185,1765895605670,0,0,0,0,0,0,0,0
186,1765895606183,0,0,0,0,0,0,0,0
187,1765895606733,0,0,0,0,0,0,0,0
188,1765895607266,0,0,0,0,0,0,0,0
189,1765895607782,0,0,0,0,0,0,0,0
190,1765895608364,0,0,0,0,0,0,0,0
191,1765895608914,0,0,0,0,0,0,0,0
192,1765895609480,0,0,0,0,0,0,0,0
193,1765895610030,0,0,0,0,0,0,0,0
194,1765895610597,0,0,0,0,0,0,0,0
195,1765895611129,0,0,0,0,0,0,0,0
196,1765895611696,0,0,0,0,0,0,0,0
197,1765895612312,0,0,0,0,0,0,0,0
198,1765895612812,192,0,0,0,0,0,0,0
199,1765895613377,0,0,0,0,0,0,0,0
200,1765895613910,0,0,0,0,0,0,0,0
201,1765895614393,0,0,0,0,0,0,0,0
202,1765895616391,0,0,0,0,0,0,0,0
203,1765895616891,0,0,0,0,0,0,0,0
204,1765895617424,0,0,0,0,0,0,0,0
205,1765895618472,0,0,0,0,0,0,0,0
206,1765895619057,0,0,0,0,0,0,0,0
207,1765895619639,0,0,0,0,0,0,0,0
208,1765895620187,0,0,0,0,0,0,0,0
209,1765895620772,0,0,0,0,0,0,0,0
210,1765895621288,0,0,0,0,0,0,0,0
211,1765895621854,0,0,0,0,0,0,0,0
212,1765895622371,0,0,0,0,0,0,0,0
213,1765895622953,0,0,0,0,0,0,0,0
214,1765895624070,0,0,0,0,0,0,0,0
215,1765895624651,0,0,0,0,0,0,0,0
216,1765895626800,0,0,0,0,0,0,0,0
217,1765895627850,0,0,0,0,0,0,0,0
218,1765895628415,0,0,0,0,0,0,0,0
219,1765895629797,0,0,0,0,0,0,0,0
220,1765895630312,0,0,0,0,0,0,0,0
221,1765895630880,0,0,0,0,0,0,0,0
222,1765895631412,0,0,0,0,0,0,0,0
223,1765895632494,0,0,0,0,0,0,0,0
224,1765895633045,0,0,0,0,0,0,0,0
225,1765895633577,0,0,0,0,0,0,0,0
226,1765895635292,0,0,0,0,0,0,0,0
227,1765895635810,0,0,0,0,0,0,0,0
228,1765895636325,0,0,0,0,0,0,0,0
229,1765895636857,0,0,0,0,0,0,0,0
230,1765895639389,0,0,0,0,0,0,0,0
231,1765895639871,0,0,0,0,0,0,0,0
232,1765895640388,0,0,0,0,0,0,0,0
233,1765895640904,0,0,0,0,0,0,0,0
234,1765895641472,0,0,0,0,0,0,0,0
235,1765895642370,0,0,0,0,0,0,0,0
236,1765895642853,0,0,0,0,0,0,0,0
237,1765895643385,0,0,0,0,0,0,0,0
238,1765895643902,0,0,0,0,0,0,0,0
239,1765895645315,0,0,0,0,0,0,0,0
240,1765895645866,0,0,0,0,0,0,0,0
241,1765895646963,0,0,0,0,0,0,0,0
242,1765895648611,0,0,0,0,0,0,0,0
243,1765895649145,0,0,0,0,0,0,0,0
244,1765895652675,0,0,0,0,0,0,0,0
245,1765895653291,0,0,0,0,0,0,0,0
246,1765895654674,0,0,0,0,0,0,0,0
247,1765895655206,0,0,0,0,0,0,0,0
248,1765895655722,0,0,0,0,0,0,0,0
249,1765895656239,0,0,0,0,0,0,0,0
250,1765895656739,0,0,0,0,0,0,0,0
251,1765895659302,0,0,0,0,0,0,0,0
252,1765895660385,0,0,0,0,0,0,0,0
253,1765895660902,0,0,0,0,0,0,0,0
254,1765895661467,0,0,0,0,0,0,0,0
255,1765895662000,0,0,0,0,0,0,0,0
256,1765895662586,0,0,0,0,0,0,0,0
257,1765895663119,0,0,0,0,0,0,0,0
258,1765895663634,0,0,0,0,0,0,0,0
259,1765895664219,0,0,0,0,0,0,0,0
260,1765895664734,0,0,0,0,0,0,0,0
261,1765895665298,0,0,0,0,0,0,0,0
262,1765895666448,0,0,0,0,0,0,0,0
263,1765895667464,0,0,0,0,0,0,0,0
264,1765895669933,0,0,0,0,0,0,0,0
265,1765895673140,0,0,0,0,0,0,0,0
266,1765895673675,0,0,0,0,0,0,0,0
267,1765895674224,0,0,0,0,0,0,0,0
268,1765895674806,0,0,0,0,0,0,0,0
269,1765895675323,0,0,0,0,0,0,0,0
270,1765895676439,0,0,0,0,0,0,0,0
271,1765895676988,0,0,0,0,0,0,0,0
272,1765895677554,0,0,0,0,0,0,0,0
273,1765895678070,0,0,0,0,0,0,0,0
274,1765895679802,0,0,0,0,0,0,0,0
275,1765895681738,0,0,0,0,0,0,0,0
276,1765895683319,0,0,0,0,0,0,0,0
277,1765895683802,0,0,0,0,0,0,0,0
278,1765895685251,0,0,0,0,0,0,0,0
279,1765895686333,0,0,0,0,0,0,0,0
280,1765895686899,0,0,0,0,0,0,0,0
281,1765895687415,0,0,0,0,0,0,0,0
282,1765895687982,0,0,0,0,0,0,0,0
283,1765895688565,0,0,0,0,0,0,0,0
284,1765895690213,0,0,0,0,0,0,0,0
285,1765895691862,0,0,0,0,0,0,0,0
286,1765895692345,0,0,0,0,0,0,0,0
287,1765895694592,0,0,0,0,0,0,0,0
288,1765895695111,0,0,0,0,0,0,0,0
289,1765895695625,0,0,0,0,0,0,0,0
290,1765895696159,0,0,0,0,0,0,0,0
291,1765895697573,0,0,0,0,0,0,0,0
292,1765895698106,0,0,0,0,0,0,0,0
293,1765895698639,0,0,0,0,0,0,0,0
294,1765895699122,0,0,0,0,0,0,0,0
295,1765895700239,0,0,0,0,0,0,0,0
296,1765895701370,0,0,0,0,0,0,0,0
297,1765895705250,0,0,0,0,0,0,0,0
298,1765895707366,0,0,0,0,0,0,0,0
299,1765895709813,0,0,0,0,0,0,0,0
300,1765895710430,0,0,0,0,0,0,0,0
301,1765895710878,0,0,0,0,0,0,0,0
302,1765895712294,0,0,0,0,0,0,0,0
303,1765895712811,0,0,0,0,0,0,0,0
304,1765895713345,0,0,0,0,0,0,0,0
305,1765895713943,0,0,0,0,0,0,0,0
306,1765895714494,0,0,0,0,0,0,0,0
307,1765895715525,0,0,0,0,0,0,0,0
308,1765895716835,0,0,0,0,0,0,0,0
309,1765895717740,0,0,0,0,0,0,0,0
310,1765895718258,0,0,0,0,0,0,0,0
311,1765895718838,0,0,0,0,0,0,0,0
312,1765895719904,0,0,0,0,0,0,0,0
313,1765895720438,0,0,0,0,0,0,0,0
314,1765895722436,0,0,0,0,0,0,0,0
315,1765895722985,0,0,0,0,0,0,0,0
316,1765895723502,0,0,0,0,0,0,0,0
317,1765895723985,0,0,0,0,0,0,0,0
318,1765895725051,0,0,0,0,0,0,0,0
319,1765895727050,0,0,0,0,0,0,0,0
320,1765895729245,0,0,0,0,0,0,0,0
321,1765895729792,0,0,0,0,0,0,0,0
322,1765895730309,0,0,0,0,0,0,0,0
323,1765895730892,0,0,0,0,0,0,0,0
324,1765895731442,0,0,0,0,0,0,0,0
325,1765895733107,0,0,0,0,0,0,0,0
326,1765895733639,0,0,0,0,0,0,0,0
327,1765895734189,0,0,0,0,0,0,0,0
328,1765895734740,0,0,0,0,0,0,0,0
329,1765895735305,0,0,0,0,0,0,0,0
330,1765895735837,0,0,0,0,0,0,0,0
331,1765895736422,0,0,0,0,0,0,0,0
332,1765895736920,0,0,0,0,0,0,0,0
333,1765895737437,0,0,0,0,0,0,0,0
334,1765895737920,0,0,0,0,0,0,0,0
335,1765895739817,0,0,0,0,0,0,0,0
336,1765895740402,0,0,0,0,0,0,0,0
337,1765895741499,0,0,0,0,0,0,0,0
338,1765895742015,0,0,0,0,0,0,0,0
339,1765895742599,0,0,0,0,0,0,0,0
340,1765895743182,0,0,0,0,0,0,0,0
341,1765895743731,0,0,0,0,0,0,0,0
342,1765895744797,0,0,0,0,0,0,0,0
343,1765895745346,0,0,0,0,0,0,0,0
344,1765895745896,0,0,0,0,0,0,0,0
345,1765895746445,0,0,0,0,0,0,0,0
346,1765895746995,1,0,0,0,0,0,0,0
347,1765895747579,0,0,0,0,0,0,0,0
348,1765895748078,0,0,0,0,0,0,0,0
349,1765895748611,0,0,0,0,0,0,0,0
350,1765895749710,0,0,0,0,0,0,0,0
351,1765895751125,0,0,0,0,0,0,0,0
352,1765895753707,0,0,0,0,0,0,0,0
353,1765895754039,0,0,0,0,0,0,0,0
354,1765895754589,0,0,0,0,0,0,0,0
355,1765895755688,0,0,0,0,0,0,0,0
356,1765895756254,0,0,0,0,0,0,0,0
357,1765895756821,0,0,0,0,0,0,0,0
358,1765895757387,0,0,0,0,0,0,0,0
359,1765895757904,0,0,0,0,0,0,0,0
360,1765895759003,0,0,0,0,0,0,0,0
361,1765895759587,0,0,0,0,0,0,0,0
362,1765895760683,0,0,0,0,0,0,0,0
363,1765895761233,0,0,0,0,0,0,0,0
364,1765895761731,0,0,0,0,0,0,0,0
365,1765895762231,0,0,0,0,0,0,0,0
366,1765895764182,0,0,0,0,0,0,0,0
367,1765895764663,0,0,0,0,0,0,0,0
368,1765895766145,0,0,0,0,0,0,0,0
369,1765895766644,0,0,0,0,0,0,0,0
370,1765895767127,0,0,0,0,0,0,0,0
371,1765895767695,0,0,0,0,0,0,0,0
372,1765895768211,0,0,0,0,0,0,0,0
373,1765895768726,0,0,0,0,0,0,0,0
374,1765895769326,0,0,0,0,0,0,0,0
375,1765895769809,0,0,0,0,0,0,0,0
376,1765895772574,0,0,0,0,0,0,0,0
377,1765895773674,0,0,0,0,0,0,0,0
378,1765895774223,0,0,0,0,0,0,0,0
379,1765895774772,0,0,0,0,0,0,0,0
380,1765895775638,0,0,0,0,0,0,0,0
381,1765895776189,0,0,0,0,0,0,0,0
382,1765895776703,0,0,0,0,0,0,0,0
383,1765895777225,0,0,0,0,0,0,0,0
384,1765895777951,0,0,0,0,0,0,0,0
385,1765895778656,0,0,0,0,0,0,0,0
386,1765895780720,0,0,0,0,0,0,0,0
387,1765895781286,0,0,0,0,0,0,0,0
388,1765895781819,0,0,0,0,0,0,0,0
389,1765895782403,0,0,0,0,0,0,0,0
390,1765895782951,0,0,0,0,0,0,0,0
391,1765895783501,0,0,0,0,0,0,0,0
392,1765895784017,0,0,0,0,0,0,0,0
393,1765895788198,0,0,0,0,0,0,0,0
394,1765895789535,0,0,0,0,0,0,0,0
395,1765895789829,0,0,0,0,0,0,0,0
396,1765895790363,0,0,0,0,0,0,0,0
397,1765895792260,0,0,0,0,0,0,0,0
398,1765895792744,0,0,0,0,0,0,0,0
399,1765895796358,0,0,0,0,0,0,0,0
400,1765895796907,0,0,0,0,0,0,0,0
401,1765895801176,0,0,0,0,0,0,0,0
402,1765895802968,0,0,0,0,0,0,0,0
403,1765895803969,0,0,0,0,0,0,0,0
404,1765895806450,0,0,0,0,0,0,0,0
405,1765895806965,0,0,0,0,0,0,0,0
406,1765895807465,0,0,0,0,0,0,0,0
407,1765895808030,0,0,0,0,0,0,0,0
408,1765895808614,0,0,0,0,0,0,0,0
409,1765895809147,0,0,0,0,0,0,0,0
410,1765895809729,0,0,0,0,0,0,0,0
411,1765895896985,0,0,0,0,0,0,0,0
412,1765895897218,0,0,0,0,0,0,0,0
413,1765895897435,0,0,0,0,0,0,0,0
414,1765895897667,0,0,0,0,0,0,0,0
415,1765895898051,0,0,0,0,0,0,0,0
416,1765895898618,0,0,0,0,0,0,0,0
417,1765895899166,0,0,0,0,0,0,0,0
418,1765895899717,0,0,0,0,0,0,0,0
419,1765895902997,0,0,0,0,0,0,0,0
420,1765895903583,0,0,0,0,0,0,0,0
421,1765895906282,0,0,0,0,0,0,0,0
422,1765895906813,0,0,0,0,0,0,0,0
423,1765895907314,0,0,0,0,0,0,0,0
424,1765895908779,0,0,0,0,0,0,0,0
425,1765895909278,0,0,0,0,0,0,0,0
426,1765895909828,0,0,0,0,0,0,0,0
427,1765895910294,0,0,0,0,0,0,0,0
428,1765895911725,2560,0,0,0,0,0,0,0
429,1765895912275,0,0,0,0,0,0,0,0
430,1765895912825,0,0,0,0,0,0,0,0
431,1765895913325,0,0,0,0,0,0,0,0
432,1765895914407,0,0,0,0,0,0,0,0
433,1765895914991,0,0,0,0,0,0,0,0
434,1765895915539,0,0,0,0,0,0,0,0
435,1765895916072,0,0,0,0,0,0,0,0
436,1765895916622,0,0,0,0,0,0,0,0
437,1765895917738,0,0,0,0,0,0,0,0
438,1765895918271,0,0,0,0,0,0,0,0
439,1765895918836,0,0,0,0,0,0,0,0
440,1765895919453,0,0,0,0,0,0,0,0
441,1765895919936,0,0,0,0,0,0,0,0
442,1765895920419,0,0,0,0,0,0,0,0
443,1765895921834,0,0,0,0,0,0,0,0
444,1765895922570,0,0,0,0,0,0,0,0
445,1765895922850,0,0,0,0,0,0,0,0
446,1765895924798,0,0,0,0,0,0,0,0
447,1765895925832,0,0,0,0,0,0,0,0
448,1765895926366,0,0,0,0,0,0,0,0
449,1765895926930,0,0,0,0,0,0,0,0
450,1765895927463,0,0,0,0,0,0,0,0
451,1765895928046,0,0,0,0,0,0,0,0
452,1765895928563,0,0,0,0,0,0,0,0
453,1765895929128,0,0,0,0,0,0,0,0
454,1765895930744,0,0,0,0,0,0,0,0
455,1765895933491,0,0,0,0,0,0,0,0
456,1765895935455,0,0,0,0,0,0,0,0
457,1765895936007,0,0,0,0,0,0,0,0
458,1765895938470,0,0,0,0,0,0,0,0
459,1765895938936,0,0,0,0,0,0,0,0
460,1765895939470,0,0,0,0,0,0,0,0
461,1765895940019,0,0,0,0,0,0,0,0
462,1765895940587,0,0,0,0,0,0,0,0
463,1765895941183,0,0,0,0,0,0,0,0
464,1765895941717,0,0,0,0,0,0,0,0
465,1765895942299,0,0,0,0,0,0,0,0
466,1765895943399,0,0,0,0,0,0,0,0
467,1765895943932,0,0,0,0,0,0,0,0
468,1765895944514,0,0,0,0,0,0,0,0
469,1765895945064,0,0,0,0,0,0,0,0
470,1765895945597,0,0,0,0,0,0,0,0
471,1765895946179,0,0,0,0,0,0,0,0
472,1765895948360,0,0,0,0,0,0,0,0
473,1765895948860,0,0,0,0,0,0,0,0
474,1765895949943,0,0,0,0,0,0,0,0
475,1765895951791,0,0,0,0,0,0,0,0
476,1765895952375,0,0,0,0,0,0,0,0
477,1765895952907,0,0,0,0,0,0,0,0
478,1765895953457,0,0,0,0,0,0,0,0
479,1765895955706,0,0,0,0,0,0,0,0
480,1765895968611,0,0,0,0,0,0,0,0
481,1765895970558,0,0,0,0,0,0,0,0
482,1765895972092,0,0,0,0,0,0,0,0
483,1765895973005,0,0,0,0,0,0,0,0
484,1765895973522,0,0,0,0,0,0,0,0
485,1765896087859,0,0,0,0,0,0,0,0
486,1765896088242,0,0,0,0,0,0,0,0
487,1765896089907,0,0,0,0,0,0,0,0
488,1765896094637,0,0,0,0,0,0,0,0
489,1765896097901,0,0,0,0,0,0,0,0
490,1765896098419,0,0,0,0,0,0,0,0
491,1765896098933,0,0,0,0,0,0,0,0
492,1765896099466,0,0,0,0,0,0,0,0
493,1765896100899,0,0,0,0,0,0,0,0
494,1765896101399,0,0,0,0,0,0,0,0
495,1765896101882,0,0,0,0,0,0,0,0
496,1765896103015,0,0,0,0,0,0,0,0
497,1765896103547,0,0,0,0,0,0,0,0
498,1765896104113,0,0,0,0,0,0,0,0
499,1765896104662,0,0,0,0,0,0,0,0
500,1765896106862,0,0,0,0,0,0,0,0
501,1765896107410,0,0,0,0,0,0,0,0
502,1765896107993,0,0,0,0,0,0,0,0
503,1765896108542,0,0,0,0,0,0,0,0
504,1765896109042,0,0,0,0,0,0,0,0
505,1765896109609,0,0,0,0,0,0,0,0
506,1765896110343,0,0,0,0,0,0,0,0
507,1765896110723,0,0,0,0,0,0,0,0
508,1765896111256,0,0,0,0,0,0,0,0
509,1765896112671,0,0,0,0,0,0,0,0
510,1765896113140,0,0,0,0,0,0,0,0
511,1765896114557,0,0,0,0,0,0,0,0
512,1765896115038,0,0,0,0,0,0,0,0
513,1765896115588,0,0,0,0,0,0,0,0
514,1765896116154,0,0,0,0,0,0,0,0
515,1765896116688,0,0,0,0,0,0,0,0
516,1765896117221,0,0,0,0,0,0,0,0
517,1765896117787,0,0,0,0,0,0,0,0
518,1765896118320,0,0,0,0,0,0,0,0
519,1765896119402,0,0,0,0,0,0,0,0
520,1765896120501,0,0,0,0,0,0,0,0
521,1765896121384,0,0,0,0,0,0,0,0
522,1765896121616,0,0,0,0,0,0,0,0
523,1765896122161,0,0,0,0,0,0,0,0
524,1765896122660,0,0,0,0,0,0,0,0
525,1765896125759,0,0,0,0,0,0,0,0
526,1765896126259,0,0,0,0,0,0,0,0
527,1765896126775,0,0,0,0,0,0,0,0
528,1765896128073,0,0,0,0,0,0,0,0
529,1765896128625,0,0,0,0,0,0,0,0
530,1765896130326,0,0,0,0,0,0,0,0
531,1765896130808,0,0,0,0,0,0,0,0
532,1765896133590,0,0,0,0,0,0,0,0
533,1765896135221,0,0,0,0,0,0,0,0
534,1765896137769,0,0,0,0,0,0,0,0
535,1765896138235,0,0,0,0,0,0,0,0
536,1765896138752,0,0,0,0,0,0,0,0
537,1765896139267,0,0,0,0,0,0,0,0
538,1765896140716,0,0,0,0,0,0,0,0
539,1765896141183,0,0,0,0,0,0,0,0
540,1765896141700,0,0,0,0,0,0,0,0
541,1765896142265,0,0,0,0,0,0,0,0
542,1765896144246,0,0,0,0,0,0,0,0
543,1765896148327,0,0,0,0,0,0,0,0
544,1765896148859,0,0,0,0,0,0,0,0
545,1765896151341,0,0,0,0,0,0,0,0
546,1765896151841,0,0,0,0,0,0,0,0
547,1765896152356,0,0,0,0,0,0,0,0
548,1765896153839,0,0,0,0,0,0,0,0
549,1765896154455,0,0,0,0,0,0,0,0
550,1765896157302,0,0,0,0,0,0,0,0
551,1765896157837,0,0,0,0,0,0,0,0
552,1765896158368,0,0,0,0,0,0,0,0
553,1765896158951,0,0,0,0,0,0,0,0
554,1765896159551,0,0,0,0,0,0,0,0
555,1765896160066,0,0,0,0,0,0,0,0
556,1765896160616,0,0,0,0,0,0,0,0
557,1765896161116,0,0,0,0,0,0,0,0
558,1765896161648,0,0,0,0,0,0,0,0
559,1765896162198,0,0,0,0,0,0,0,0
560,1765896162764,0,0,0,0,0,0,0,0
561,1765896163297,0,0,0,0,0,0,0,0
562,1765896163830,0,0,0,0,0,0,0,0
563,1765896164380,0,0,0,0,0,0,0,0
564,1765896165517,0,0,0,0,0,0,0,0
565,1765896165777,0,0,0,0,0,0,0,0
566,1765896166294,0,0,0,0,0,0,0,0
567,1765896166779,0,0,0,0,0,0,0,0
568,1765896168193,0,0,0,0,0,0,0,0
569,1765896168692,0,0,0,0,0,0,0,0
570,1765896169243,0,0,0,0,0,0,0,0
571,1765896169777,0,0,0,0,0,0,0,0
572,1765896170291,0,0,0,0,0,0,0,0
573,1765896174704,0,0,0,0,0,0,0,0
574,1765896177753,0,0,0,0,0,0,0,0
575,1765896178251,0,0,0,0,0,0,0,0
576,1765896178800,0,0,0,0,0,0,0,0
577,1765896179350,0,0,0,0,0,0,0,0
578,1765896179866,0,0,0,0,0,0,0,0
579,1765896180765,0,0,0,0,0,0,0,0
580,1765896181732,0,0,0,0,0,0,0,0
581,1765896182281,0,0,0,0,0,0,0,0
582,1765896182847,0,0,0,0,0,0,0,0
583,1765896183414,0,0,0,0,0,0,0,0
584,1765896183948,0,0,0,0,0,0,0,0
585,1765896187810,0,0,0,0,0,0,0,0
586,1765896190874,0,0,0,0,0,0,0,0
587,1765896197050,0,0,0,0,0,0,0,0
588,1765896197647,0,0,0,0,0,0,0,0
589,1765896198164,0,0,0,0,0,0,0,0
590,1765896198680,0,0,0,0,0,0,0,0
591,1765896199230,0,0,0,0,0,0,0,0
592,1765896199795,0,0,0,0,0,0,0,0
593,1765896200346,0,0,0,0,0,0,0,0
594,1765896204543,0,0,0,0,0,0,0,0
595,1765896205360,0,0,0,0,0,0,0,0
596,1765896205625,0,0,0,0,0,0,0,0
597,1765896206123,0,0,0,0,0,0,0,0
598,1765896206610,0,0,0,0,0,0,0,0
599,1765896207459,0,0,0,0,0,0,0,0
600,1765896207943,0,0,0,0,0,0,0,0
601,1765896209010,0,0,0,0,0,0,0,0
602,1765896215936,0,0,0,0,0,0,0,0
603,1765896216470,0,0,0,0,0,0,0,0
604,1765896216986,0,0,0,0,0,0,0,0
605,1765896217518,0,0,0,0,0,0,0,0
606,1765896218051,0,0,0,0,0,0,0,0
607,1765896218583,0,0,0,0,0,0,0,0
608,1765896219465,0,0,0,0,0,0,0,0
609,1765896222448,0,0,0,0,0,0,0,0
610,1765896222997,0,0,0,0,0,0,0,0
611,1765896225761,0,0,0,0,0,0,0,0
612,1765896226311,0,0,0,0,0,0,0,0
613,1765896226843,0,0,0,0,0,0,0,0
614,1765896227376,0,0,0,0,0,0,0,0
615,1765896227941,0,0,0,0,0,0,0,0
616,1765896228510,0,0,0,0,0,0,0,0
617,1765896229075,0,0,0,0,0,0,0,0
618,1765896229624,0,0,0,0,0,0,0,0
619,1765896230126,0,0,0,0,0,0,0,0
620,1765896230640,0,0,0,0,0,0,0,0
621,1765896231157,0,0,0,0,0,0,0,0
622,1765896231690,0,0,0,0,0,0,0,0
623,1765896233138,0,0,0,0,0,0,0,0
624,1765896233637,0,0,0,0,0,0,0,0
625,1765896234106,0,0,0,0,0,0,0,0
626,1765896234653,0,0,0,0,0,0,0,0
627,1765896235221,0,0,0,0,0,0,0,0
628,1765896235819,0,0,0,0,0,0,0,0
629,1765896236369,0,0,0,0,0,0,0,0
630,1765896236918,0,0,0,0,0,0,0,0
631,1765896237451,0,0,0,0,0,0,0,0
632,1765896237968,0,0,0,0,0,0,0,0
633,1765896238500,0,0,0,0,0,0,0,0
634,1765896239100,0,0,0,0,0,0,0,0
635,1765896239632,0,0,0,0,0,0,0,0
636,1765896240203,0,0,0,0,0,0,0,0
637,1765896241298,0,0,0,0,0,0,0,0
638,1765896241813,0,0,0,0,0,0,0,0
639,1765896242363,0,0,0,0,0,0,0,0
640,1765896244877,0,0,0,0,0,0,0,0
641,1765896245378,0,0,0,0,0,0,0,0
642,1765896245876,0,0,0,0,0,0,0,0
643,1765896247309,0,0,0,0,0,0,0,0
644,1765896247826,0,0,0,0,0,0,0,0
645,1765896248325,0,0,0,0,0,0,0,0
646,1765896248908,0,0,0,0,0,0,0,0
647,1765896249475,0,0,0,0,0,0,0,0
648,1765896250042,0,0,0,0,0,0,0,0
649,1765896250624,0,0,0,0,0,0,0,0
650,1765896251107,0,0,0,0,0,0,0,0
651,1765896251622,0,0,0,0,0,0,0,0
652,1765896253787,0,0,0,0,0,0,0,0
653,1765896254909,0,0,0,0,0,0,0,0
654,1765896254937,0,0,0,0,0,0,0,0
655,1765896255469,0,0,0,0,0,0,0,0
656,1765896256319,0,0,0,0,0,0,0,0
657,1765896256835,0,0,0,0,0,0,0,0
658,1765896257384,0,0,0,0,0,0,0,0
659,1765896257900,0,0,0,0,0,0,0,0
660,1765896258765,0,0,0,0,0,0,0,0
661,1765896259199,0,0,0,0,0,0,0,0
662,1765896261380,0,0,0,0,0,0,0,0
663,1765896265029,0,0,0,0,0,0,0,0
664,1765896266037,0,0,0,0,0,0,0,0
665,1765896267759,0,0,0,0,0,0,0,0
666,1765896268324,0,0,0,0,0,0,0,0
667,1765896268840,0,0,0,0,0,0,0,0
668,1765896269840,0,0,0,0,0,0,0,0
669,1765896271306,0,0,0,0,0,0,0,0
670,1765896272306,0,0,0,0,0,0,0,0
671,1765896272821,0,0,0,0,0,0,0,0
672,1765896275020,0,0,0,0,0,0,0,0
673,1765896275569,0,0,0,0,0,0,0,0
674,1765896278035,0,0,0,0,0,0,0,0
675,1765896278301,0,0,0,0,0,0,0,0
676,1765896278517,0,0,0,0,0,0,0,0
677,1765896278900,0,0,0,0,0,0,0,0
678,1765896281009,0,0,0,0,0,0,0,0
679,1765896281398,0,0,0,0,0,0,0,0
680,1765896282896,0,0,0,0,0,0,0,0
681,1765896283646,0,0,0,0,0,0,0,0
682,1765896283729,0,0,0,0,0,0,0,0
683,1765896285961,0,0,0,0,0,0,0,0
684,1765896286610,0,0,0,0,0,0,0,0
685,1765896288493,0,0,0,0,0,0,0,0
686,1765896297002,0,0,0,0,0,0,0,0
687,1765896297220,0,0,0,0,0,0,0,0
688,1765896297451,0,0,0,0,0,0,0,0
689,1765896297668,0,0,0,0,0,0,0,0
690,1765896299184,0,0,0,0,0,0,0,0
691,1765896299699,0,0,0,0,0,0,0,0
692,1765896301448,0,0,0,0,0,0,0,0
693,1765896304611,0,0,0,0,0,0,0,0
694,1765896305144,0,0,0,0,0,0,0,0
695,1765896305693,0,0,0,0,0,0,0,0
696,1765896306260,0,0,0,0,0,0,0,0
697,1765896306776,0,0,0,0,0,0,0,0
698,1765896307343,0,0,0,0,0,0,0,0
699,1765896309274,0,0,0,0,0,0,0,0
700,1765896309805,0,0,0,0,0,0,0,0
701,1765896310323,0,0,0,0,0,0,0,0
702,1765896314470,0,0,0,0,0,0,0,0
703,1765896315318,0,0,0,0,0,0,0,0
704,1765896315570,0,0,0,0,0,0,0,0
705,1765896316084,0,0,0,0,0,0,0,0
706,1765896316670,0,0,0,0,0,0,0,0
707,1765896317233,0,0,0,0,0,0,0,0
708,1765896317766,0,0,0,0,0,0,0,0
709,1765896318332,0,0,0,0,0,0,0,0
710,1765896319949,0,0,0,0,0,0,0,0
711,1765896320481,0,0,0,0,0,0,0,0
712,1765896321047,0,0,0,0,0,0,0,0
713,1765896321530,0,0,0,0,0,0,0,0
714,1765896322046,0,0,0,0,0,0,0,0
715,1765896322913,0,0,0,0,0,0,0,0
716,1765896323446,0,0,0,0,0,0,0,0
717,1765896323961,0,0,0,0,0,0,0,0
718,1765896324545,0,0,0,0,0,0,0,0
719,1765896325094,0,0,0,0,0,0,0,0
720,1765896325610,0,0,0,0,0,0,0,0
721,1765896326126,0,0,0,0,0,0,0,0
722,1765896333604,0,0,0,0,0,0,0,0
723,1765896334070,0,0,0,0,0,0,0,0
724,1765896334603,0,0,0,0,0,0,0,0
725,1765896336035,0,0,0,0,0,0,0,0
726,1765896336534,0,0,0,0,0,0,0,0
727,1765896337067,0,0,0,0,0,0,0,0
728,1765896337584,0,0,0,0,0,0,0,0
729,1765896338133,0,0,0,0,0,0,0,0
730,1765896338699,0,0,0,0,0,0,0,0
731,1765896339247,0,0,0,0,0,0,0,0
732,1765896339780,0,0,0,0,0,0,0,0
733,1765896340296,0,0,0,0,0,0,0,0
734,1765896341879,0,0,0,0,0,0,0,0
735,1765896341977,0,0,0,0,0,0,0,0
736,1765896342511,0,0,0,0,0,0,0,0
737,1765896343127,0,0,0,0,0,0,0,0
738,1765896343677,0,0,0,0,0,0,0,0
739,1765896344259,0,0,0,0,0,0,0,0
740,1765896344808,0,0,0,0,0,0,0,0
741,1765896345327,0,0,0,0,0,0,0,0
742,1765896345841,0,0,0,0,0,0,0,0
743,1765896346341,0,0,0,0,0,0,0,0
744,1765896347806,0,0,0,0,0,0,0,0
745,1765896348323,0,0,0,0,0,0,0,0
746,1765896348823,0,0,0,0,0,0,0,0
747,1765896349355,0,0,0,0,0,0,0,0
748,1765896349938,0,0,0,0,0,0,0,0
749,1765896350473,0,0,0,0,0,0,0,0
750,1765896351005,0,0,0,0,0,0,0,0
751,1765896351554,0,0,0,0,0,0,0,0
752,1765896352072,0,0,0,0,0,0,0,0
753,1765896352953,0,0,0,0,0,0,0,0
754,1765896360097,0,0,0,0,0,0,0,0
755,1765896360579,0,0,0,0,0,0,0,0
756,1765896361079,0,0,0,0,0,0,0,0
757,1765896362513,0,0,0,0,0,0,0,0
758,1765896363029,0,0,0,0,0,0,0,0
759,1765896363928,0,0,0,0,0,0,0,0
760,1765896364060,0,0,0,0,0,0,0,0
761,1765896364660,0,0,0,0,0,0,0,0
762,1765896365178,0,0,0,0,0,0,0,0
763,1765896365725,0,0,0,0,0,0,0,0
764,1765896366292,0,0,0,0,0,0,0,0
765,1765896366808,0,0,0,0,0,0,0,0
766,1765896367907,0,0,0,0,0,0,0,0
767,1765896368458,0,0,0,0,0,0,0,0
768,1765896369074,0,0,0,0,0,0,0,0
769,1765896369593,0,0,0,0,0,0,0,0
770,1765896370123,0,0,0,0,0,0,0,0
771,1765896370673,0,0,0,0,0,0,0,0
772,1765896373187,0,0,0,0,0,0,0,0
773,1765896373719,0,0,0,0,0,0,0,0
774,1765896374944,0,0,0,0,0,0,0,0
775,1765896376184,0,0,0,0,0,0,0,0
776,1765896376666,0,0,0,0,0,0,0,0
777,1765896377182,0,0,0,0,0,0,0,0
778,1765896377800,0,0,0,0,0,0,0,0
779,1765896378365,0,0,0,0,0,0,0,0
780,1765896378930,0,0,0,0,0,0,0,0
781,1765896380579,0,0,0,0,0,0,0,0
782,1765896381096,0,0,0,0,0,0,0,0
783,1765896381629,0,0,0,0,0,0,0,0
784,1765896382145,0,0,0,0,0,0,0,0
785,1765896382795,0,0,0,0,0,0,0,0
786,1765896383328,0,0,0,0,0,0,0,0
787,1765896383894,0,0,0,0,0,0,0,0
788,1765896384960,0,0,0,0,0,0,0,0
789,1765896386010,0,0,0,0,0,0,0,0
790,1765896388473,0,0,0,0,0,0,0,0
791,1765896388973,0,0,0,0,0,0,0,0
792,1765896389505,0,0,0,0,0,0,0,0
793,1765896391454,0,0,0,0,0,0,0,0
794,1765896391971,0,0,0,0,0,0,0,0
795,1765896392520,0,0,0,0,0,0,0,0
796,1765896393103,0,0,0,0,0,0,0,0
797,1765896393686,0,0,0,0,0,0,0,0
798,1765896394769,0,0,0,0,0,0,0,0
799,1765896395318,0,0,0,0,0,0,0,0
800,1765896395835,0,0,0,0,0,0,0,0
801,1765896396957,0,0,0,0,0,0,0,0
802,1765896397000,0,0,0,0,0,0,0,0
803,1765896397498,0,0,0,0,0,0,0,0
804,1765896398081,0,0,0,0,0,0,0,0
805,1765896398614,0,0,0,0,0,0,0,0
806,1765896399164,0,0,0,0,0,0,0,0
807,1765896399631,0,0,0,0,0,0,0,0
808,1765896400164,0,0,0,0,0,0,0,0
809,1765896402146,0,0,0,0,0,0,0,0
810,1765896402662,0,0,0,0,0,0,0,0
811,1765896403211,0,0,0,0,0,0,0,0
812,1765896403794,0,0,0,0,0,0,0,0
813,1765896404343,0,0,0,0,0,0,0,0
814,1765896405426,0,0,0,0,0,0,0,0
815,1765896407075,0,0,0,0,0,0,0,0
816,1765896408174,0,0,0,0,0,0,0,0
817,1765896408190,0,0,0,0,0,0,0,0
818,1765896410406,0,0,0,0,0,0,0,0
819,1765896411439,0,0,0,0,0,0,0,0
820,1765896411921,0,0,0,0,0,0,0,0
821,1765896412470,0,0,0,0,0,0,0,0
822,1765896414452,0,0,0,0,0,0,0,0
823,1765896414969,0,0,0,0,0,0,0,0
824,1765896415451,0,0,0,0,0,0,0,0
825,1765896416034,0,0,0,0,0,0,0,0
826,1765896416583,0,0,0,0,0,0,0,0
827,1765896417083,0,0,0,0,0,0,0,0
828,1765896418199,0,0,0,0,0,0,0,0
829,1765896418731,0,0,0,0,0,0,0,0
830,1765896419281,0,0,0,0,0,0,0,0
831,1765896420146,0,0,0,0,0,0,0,0
832,1765896421013,0,0,0,0,0,0,0,0
833,1765896421579,0,0,0,0,0,0,0,0
834,1765896422661,0,0,0,0,0,0,0,0
835,1765896423194,0,0,0,0,0,0,0,0
836,1765896423710,0,0,0,0,0,0,0,0
837,1765896425692,0,0,0,0,0,0,0,0
838,1765896426242,0,0,0,0,0,0,0,0
839,1765896426758,0,0,0,0,0,0,0,0
840,1765896427292,0,0,0,0,0,0,0,0
841,1765896433268,0,0,0,0,0,0,0,0
842,1765896433835,0,0,0,0,0,0,0,0
843,1765896434367,0,0,0,0,0,0,0,0
844,1765896434900,0,0,0,0,0,0,0,0
845,1765896435451,0,0,0,0,0,0,0,0
846,1765896436000,0,0,0,0,0,0,0,0
847,1765896437084,0,0,0,0,0,0,0,0
848,1765896437998,0,0,0,0,0,0,0,0
849,1765896438532,0,0,0,0,0,0,0,0
850,1765896439080,0,0,0,0,0,0,0,0
851,1765896439579,0,0,0,0,0,0,0,0
852,1765896440096,0,0,0,0,0,0,0,0
853,1765896440613,49344,0,0,0,0,0,0,0
854,1765896442811,0,0,0,0,0,0,0,0
855,1765896443777,0,0,0,0,0,0,0,0
856,1765896444476,0,0,0,0,0,0,0,0
857,1765896445012,0,0,0,0,0,0,0,0
858,1765896445558,0,0,0,0,0,0,0,0
859,1765896446108,0,0,0,0,0,0,0,0
860,1765896448872,0,0,0,0,0,0,0,0
861,1765896449472,0,0,0,0,0,0,0,0
862,1765896449988,0,0,0,0,0,0,0,0
863,1765896450521,0,0,0,0,0,0,0,0
864,1765896451404,0,0,0,0,0,0,0,0
865,1765896451921,0,0,0,0,0,0,0,0
866,1765896452454,0,0,0,0,0,0,0,0
867,1765896453021,0,0,0,0,0,0,0,0
868,1765896453502,0,0,0,0,0,0,0,0
869,1765896453852,0,0,0,0,0,0,0,0
870,1765896454851,0,0,0,0,0,0,0,0
871,1765896454900,0,0,0,0,0,0,0,0
872,1765896455483,0,0,0,0,0,0,0,0
873,1765896455999,0,0,0,0,0,0,0,0
874,1765896456549,0,0,0,0,0,0,0,0
875,1765896457048,0,0,0,0,0,0,0,0
876,1765896457581,0,0,0,0,0,0,0,0
877,1765896458148,0,0,0,0,0,0,0,0
878,1765896458680,0,0,0,0,0,0,0,0
879,1765896459247,0,0,0,0,0,0,0,0
880,1765896459796,0,0,0,0,0,0,0,0
881,1765896460379,0,0,0,0,0,0,0,0
882,1765896461461,0,0,0,0,0,0,0,0
883,1765896461977,0,0,0,0,0,0,0,0
884,1765896462529,0,0,0,0,0,0,0,0
885,1765896463111,0,0,0,0,0,0,0,0
886,1765896465075,0,0,0,0,0,0,0,0
887,1765896466024,0,0,0,0,0,0,0,0
888,1765896466048,0,0,0,0,0,0,0,0
889,1765896466074,0,0,0,0,0,0,0,0
890,1765896467490,0,0,0,0,0,0,0,0
891,1765896467989,0,0,0,0,0,0,0,0
892,1765896468539,0,0,0,0,0,0,0,0
893,1765896469089,0,0,0,0,0,0,0,0
894,1765896470139,0,0,0,0,0,0,0,0
895,1765896470670,0,0,0,0,0,0,0,0
896,1765896471236,0,0,0,0,0,0,0,0
897,1765896471802,0,0,0,0,0,0,0,0
898,1765896472319,0,0,0,0,0,0,0,0
899,1765896472886,0,0,0,0,0,0,0,0
900,1765896473418,0,0,0,0,0,0,0,0
901,1765896474050,0,0,0,0,0,0,0,0
902,1765896474549,0,0,0,0,0,0,0,0
903,1765896475133,0,0,0,0,0,0,0,0
904,1765896475684,0,0,0,0,0,0,0,0
905,1765896476218,0,0,0,0,0,0,0,0
906,1765896477381,0,0,0,0,0,0,0,0
907,1765896478146,0,0,0,0,0,0,0,0
908,1765896478646,0,0,0,0,0,0,0,0
909,1765896479178,0,0,0,0,0,0,0,0
910,1765896479661,0,0,0,0,0,0,0,0
911,1765896483510,0,0,0,0,0,0,0,0
912,1765896484059,0,0,0,0,0,0,0,0
913,1765896484624,0,0,0,0,0,0,0,0
914,1765896485174,0,0,0,0,0,0,0,0
915,1765896485708,0,0,0,0,0,0,0,0
916,1765896486274,0,0,0,0,0,0,0,0
917,1765896488471,0,0,0,0,0,0,0,0
918,1765896488704,0,0,0,0,0,0,0,0
919,1765896488937,0,0,0,0,0,0,0,0
920,1765896489187,0,0,0,0,0,0,0,0
921,1765896490152,0,0,0,0,0,0,0,0
922,1765896491685,0,0,0,0,0,0,0,0
923,1765896491818,0,0,0,0,0,0,0,0
924,1765896491950,0,0,0,0,0,0,0,0
925,1765896493551,0,0,0,0,0,0,0,0
926,1765896495434,0,0,0,0,0,0,0,0
927,1765896495551,0,0,0,0,0,0,0,0
928,1765896495700,0,0,0,0,0,0,0,0
929,1765896497065,0,0,0,0,0,0,0,0
930,1765896497148,0,0,0,0,0,0,0,0
931,1765896497349,0,0,0,0,0,0,0,0
932,1765896497598,0,0,0,0,0,0,0,0
933,1765896497881,0,0,0,0,0,0,0,0
934,1765896501228,0,0,0,0,0,0,0,0
935,1765896501330,0,0,0,0,0,0,0,0
936,1765896502269,0,0,0,0,0,0,0,0
937,1765896502279,0,0,0,0,0,0,0,0
938,1765896503725,0,0,0,0,0,0,0,0
939,1765896506323,0,0,0,0,0,0,0,0
940,1765896511020,0,0,0,0,0,0,0,0
941,1765896512569,0,0,0,0,0,0,0,0
942,1765896513336,0,0,0,0,0,0,0,0
943,1765896513483,0,0,0,0,0,0,0,0
944,1765896513617,0,0,0,0,0,0,0,0
945,1765896515365,0,0,0,0,0,0,0,0
946,1765896515615,0,0,0,0,0,0,0,0
947,1765896516728,0,0,0,0,0,0,0,0
948,1765896516728,0,0,0,0,0,0,0,0
949,1765896516748,0,0,0,0,0,0,0,0
950,1765896517995,43690,0,0,0,0,0,0,0
951,1765896518263,0,0,0,0,0,0,0,0
952,1765896518561,0,0,0,0,0,0,0,0
953,1765896519128,0,0,0,0,0,0,0,0
954,1765896522642,0,0,0,0,0,0,0,0
955,1765896522792,0,0,0,0,0,0,0,0
956,1765896523076,0,0,0,0,0,0,0,0
957,1765896523358,0,0,0,0,0,0,0,0
958,1765896523475,0,0,0,0,0,0,0,0
959,1765896524274,0,0,0,0,0,0,0,0
960,1765896524441,0,0,0,0,0,0,0,0
961,1765896525923,0,0,0,0,0,0,0,0
962,1765896527721,0,0,0,0,0,0,0,0
963,1765896528854,0,0,0,0,0,0,0,0
964,1765896529894,0,0,0,0,0,0,0,0
965,1765896529905,0,0,0,0,0,0,0,0
966,1765896530137,0,0,0,0,0,0,0,0
967,1765896530435,0,0,0,0,0,0,0,0
968,1765896532401,43680,0,0,0,0,0,0,0
969,1765896534366,0,0,0,0,0,0,0,0
970,1765896535231,0,0,0,0,0,0,0,0
971,1765896535531,0,0,0,0,0,0,0,0
972,1765896536081,0,0,0,0,0,0,0,0
973,1765896536714,0,0,0,0,0,0,0,0
974,1765896537513,0,0,0,0,0,0,0,0
975,1765896537746,0,0,0,0,0,0,0,0
976,1765896538329,0,0,0,0,0,0,0,0
977,1765896538629,0,0,0,0,0,0,0,0
978,1765896733512,0,0,0,0,0,0,0,0
979,1765896733729,0,0,0,0,0,0,0,0
980,1765896733962,0,0,0,0,0,0,0,0
981,1765896734196,0,0,0,0,0,0,0,0
982,1765896734612,0,0,0,0,0,0,0,0
983,1765896735161,0,0,0,0,0,0,0,0
984,1765896735678,0,0,0,0,0,0,0,0
985,1765896736229,0,0,0,0,0,0,0,0
986,1765896992166,0,0,0,0,0,0,0,0
987,1765896992474,0,0,0,0,0,0,0,0
988,1765896992625,0,0,0,0,0,0,0,0
989,1765896993081,0,0,0,0,0,0,0,0
990,1765896994445,0,0,0,0,0,0,0,0
991,1765896995140,0,0,0,0,0,0,0,0
992,1765896995667,0,0,0,0,0,0,0,0
993,1765896996195,0,0,0,0,0,0,0,0
994,1765896996709,0,0,0,0,0,0,0,0
995,1765896997367,0,0,0,0,0,0,0,0
996,1765896997865,0,0,0,0,0,0,0,0
997,1765896998374,0,0,0,0,0,0,0,0
998,1765896998829,0,0,0,0,0,0,0,0
999,1765897001075,0,0,0,0,0,0,0,0
1000,1765897001624,0,0,0,0,0,0,0,0
1001,1765897002139,0,0,0,0,0,0,0,0
1002,1765897003424,0,0,0,0,0,0,0,0
1003,1765897003458,0,0,0,0,0,0,0,0
1004,1765897003793,0,0,0,0,0,0,0,0
1005,1765897004347,0,0,0,0,0,0,0,0
1006,1765897004889,0,0,0,0,0,0,0,0
1007,1765897005353,0,0,0,0,0,0,0,0
1008,1765897005891,0,0,0,0,0,0,0,0
1009,1765897006805,0,0,0,0,0,0,0,0
1010,1765897007320,0,0,0,0,0,0,0,0
1011,1765897007836,0,0,0,0,0,0,0,0
1012,1765897011419,0,0,0,0,0,0,0,0
1013,1765897011969,0,0,0,0,0,0,0,0
1014,1765897013050,0,0,0,0,0,0,0,0
1015,1765897014472,0,0,0,0,0,0,0,0
1016,1765897016347,0,0,0,0,0,0,0,0
1017,1765897016915,0,0,0,0,0,0,0,0
1018,1765897017446,0,0,0,0,0,0,0,0
1019,1765897017964,0,0,0,0,0,0,0,0
1020,1765897018461,0,0,0,0,0,0,0,0
1021,1765897019010,0,0,0,0,0,0,0,0
1022,1765897019527,0,0,0,0,0,0,0,0
1023,1765897020926,0,0,0,0,0,0,0,0
1024,1765897021475,0,0,0,0,0,0,0,0
1025,1765897021978,0,0,0,0,0,0,0,0
1026,1765897022490,0,0,0,0,0,0,0,0
1027,1765897023606,0,0,0,0,0,0,0,0
1028,1765897024172,0,0,0,0,0,0,0,0
1029,1765897025405,0,0,0,0,0,0,0,0
1030,1765897025440,0,0,0,0,0,0,0,0
1031,1765897025840,0,0,0,0,0,0,0,0
1032,1765897026338,0,0,0,0,0,0,0,0
1033,1765897028036,0,0,0,0,0,0,0,0
1034,1765897028553,0,0,0,0,0,0,0,0
1035,1765897029185,0,0,0,0,0,0,0,0
1036,1765897029418,0,0,0,0,0,0,0,0
1037,1765897029650,0,0,0,0,0,0,0,0
1038,1765897029900,0,0,0,0,0,0,0,0
1039,1765897030133,0,0,0,0,0,0,0,0
1040,1765897030350,0,0,0,0,0,0,0,0
1041,1765897030585,0,0,0,0,0,0,0,0
1042,1765897030817,0,0,0,0,0,0,0,0
1043,1765897030850,0,0,0,0,0,0,0,0
1044,1765897031083,0,0,0,0,0,0,0,0
1045,1765897031299,0,0,0,0,0,0,0,0
1046,1765897031533,0,0,0,0,0,0,0,0
1047,1765897031749,0,0,0,0,0,0,0,0
1048,1765897032032,0,0,0,0,0,0,0,0
1049,1765897032265,0,0,0,0,0,0,0,0
1050,1765897032482,0,0,0,0,0,0,0,0
1051,1765897032698,0,0,0,0,0,0,0,0
1052,1765897032998,17600,0,0,0,0,0,0,0
1053,1765897033231,0,0,0,0,0,0,0,0
1054,1765897033465,0,0,0,0,0,0,0,0
1055,1765897033698,0,0,0,0,0,0,0,0
1056,1765897033997,0,0,0,0,0,0,0,0
1057,1765897034230,0,0,0,0,0,0,0,0
1058,1765897034482,0,0,0,0,0,0,0,0
1059,1765897034697,0,0,0,0,0,0,0,0
1060,1765897035013,0,0,0,0,0,0,0,0
1061,1765897035246,0,0,0,0,0,0,0,0
1062,1765897035479,0,0,0,0,0,0,0,0
1063,1765897036534,0,0,0,0,0,0,0,0
1064,1765897036534,0,0,0,0,0,0,0,0
1065,1765897036550,0,0,0,0,0,0,0,0
1066,1765897036550,0,0,0,0,0,0,0,0
1067,1765897036712,0,0,0,0,0,0,0,0
1068,1765897036811,0,0,0,0,0,0,0,0
1069,1765897037028,0,0,0,0,0,0,0,0
1070,1765897037261,0,0,0,0,0,0,0,0
1071,1765897037498,0,0,0,0,0,0,0,0
1072,1765897037829,0,0,0,0,0,0,0,0
1073,1765897038046,0,0,0,0,0,0,0,0
1074,1765897038293,0,0,0,0,0,0,0,0
1075,1765897038626,0,0,0,0,0,0,0,0
1076,1765897038977,0,0,0,0,0,0,0,0
1077,1765897039276,0,0,0,0,0,0,0,0
1078,1765897040046,0,0,0,0,0,0,0,0
1079,1765897040175,0,0,0,0,0,0,0,0
1080,1765897042606,0,0,0,0,0,0,0,0
1081,1765897043455,0,0,0,0,0,0,0,0
1082,1765897043537,0,0,0,0,0,0,0,0
1083,1765897044370,0,0,0,0,0,0,0,0
1084,1765897045088,0,0,0,0,0,0,0,0
1085,1765897046403,0,0,0,0,0,0,0,0
1086,1765897047634,0,0,0,0,0,0,0,0
1087,1765897047635,0,0,0,0,0,0,0,0
1088,1765897047651,0,0,0,0,0,0,0,0
1089,1765897048282,0,0,0,0,0,0,0,0
1090,1765897048932,0,0,0,0,0,0,0,0
1091,1765897049115,0,0,0,0,0,0,0,0
1092,1765897049664,0,0,0,0,0,0,0,0
1093,1765897049782,0,0,0,0,0,0,0,0
1094,1765897051314,0,0,0,0,0,0,0,0
1095,1765897051514,0,0,0,0,0,0,0,0
1096,1765897051996,0,0,0,0,0,0,0,0
1097,1765897052647,0,0,0,0,0,0,0,0
1098,1765897052763,0,0,0,0,0,0,0,0
1099,1765897053712,0,0,0,0,0,0,0,0
1100,1765897053996,0,0,0,0,0,0,0,0
1101,1765897054428,0,0,0,0,0,0,0,0
1102,1765897054594,0,0,0,0,0,0,0,0
1103,1765897055077,0,0,0,0,0,0,0,0
1104,1765897055893,0,0,0,0,0,0,0,0
1105,1765897056027,0,0,0,0,0,0,0,0
1106,1765897056642,0,0,0,0,0,0,0,0
1107,1765897056726,0,0,0,0,0,0,0,0
1108,1765897057426,0,0,0,0,0,0,0,0
1109,1765897058926,0,0,0,0,0,0,0,0
1110,1765897059563,0,0,0,0,0,0,0,0
1111,1765897060142,0,0,0,0,0,0,0,0
1112,1765897060907,0,0,0,0,0,0,0,0
1113,1765897061007,0,0,0,0,0,0,0,0
1114,1765897063056,0,0,0,0,0,0,0,0
1115,1765897063687,0,0,0,0,0,0,0,0
1116,1765897064287,0,0,0,0,0,0,0,0
1117,1765897065870,0,0,0,0,0,0,0,0
1118,1765897066751,0,0,0,0,0,0,0,0
1119,1765897066885,0,0,0,0,0,0,0,0
1120,1765897067067,0,0,0,0,0,0,0,0
1121,1765897067885,0,0,0,0,0,0,0,0
1122,1765897068351,0,0,0,0,0,0,0,0
1123,1765897068583,0,0,0,0,0,0,0,0
1124,1765897069742,0,0,0,0,0,0,0,0
1125,1765897069755,0,0,0,0,0,0,0,0
1126,1765897069767,0,0,0,0,0,0,0,0
1127,1765897070398,0,0,0,0,0,0,0,0
1128,1765897070863,0,0,0,0,0,0,0,0
1129,1765897071001,0,0,0,0,0,0,0,0
1130,1765897071131,0,0,0,0,0,0,0,0
1131,1765897071895,0,0,0,0,0,0,0,0
1132,1765897072163,0,0,0,0,0,0,0,0
1133,1765897073379,0,0,0,0,0,0,0,0
1134,1765897073628,0,0,0,0,0,0,0,0
1135,1765897074211,0,0,0,0,0,0,0,0
1136,1765897074328,0,0,0,0,0,0,0,0
1137,1765897075778,0,0,0,0,0,0,0,0
1138,1765897076361,0,0,0,0,0,0,0,0
1139,1765897076478,0,0,0,0,0,0,0,0
1140,1765897076644,0,0,0,0,0,0,0,0
1141,1765897077278,0,0,0,0,0,0,0,0
1142,1765897079708,0,0,0,0,0,0,0,0
1143,1765897079825,0,0,0,0,0,0,0,0
1144,1765897080809,0,0,0,0,0,0,0,0
1145,1765897081293,0,0,0,0,0,0,0,0
1146,1765897082041,0,0,0,0,0,0,0,0
1147,1765897082160,0,0,0,0,0,0,0,0
1148,1765897082406,0,0,0,0,0,0,0,0
1149,1765897082839,0,0,0,0,0,0,0,0
1150,1765897083272,0,0,0,0,0,0,0,0
1151,1765897083539,0,0,0,0,0,0,0,0
1152,1765897084472,0,0,0,0,0,0,0,0
1153,1765897084938,0,0,0,0,0,0,0,0
1154,1765897085104,0,0,0,0,0,0,0,0
1155,1765897085237,0,0,0,0,0,0,0,0
1156,1765897086435,0,0,0,0,0,0,0,0
1157,1765897086536,0,0,0,0,0,0,0,0
1158,1765897087701,0,0,0,0,0,0,0,0
1159,1765897087835,0,0,0,0,0,0,0,0
1160,1765897087951,0,0,0,0,0,0,0,0
1161,1765897088568,0,0,0,0,0,0,0,0
1162,1765897089533,0,0,0,0,0,0,0,0
1163,1765897091775,0,0,0,0,0,0,0,0
1164,1765897091789,0,0,0,0,0,0,0,0
1165,1765897092997,0,0,0,0,0,0,0,0
1166,1765897093847,0,0,0,0,0,0,0,0
1167,1765897093963,0,0,0,0,0,0,0,0
1168,1765897094646,0,0,0,0,0,0,0,0
1169,1765897094979,0,0,0,0,0,0,0,0
1170,1765897095779,0,0,0,0,0,0,0,0
1171,1765897096227,0,0,0,0,0,0,0,0
1172,1765897096978,0,0,0,0,0,0,0,0
1173,1765897097827,0,0,0,0,0,0,0,0
1174,1765897098542,0,0,0,0,0,0,0,0
1175,1765897098742,0,0,0,0,0,0,0,0
1176,1765897099009,0,0,0,0,0,0,0,0
1177,1765897099411,0,0,0,0,0,0,0,0
1178,1765897099927,0,0,0,0,0,0,0,0
1179,1765897100041,0,0,0,0,0,0,0,0
1180,1765897100675,0,0,0,0,0,0,0,0
1181,1765897101507,0,0,0,0,0,0,0,0
1182,1765897101623,0,0,0,0,0,0,0,0
1183,1765897103030,0,0,0,0,0,0,0,0
1184,1765897103059,0,0,0,0,0,0,0,0
1185,1765897103059,0,0,0,0,0,0,0,0
1186,1765897103472,0,0,0,0,0,0,0,0
1187,1765897105853,0,0,0,0,0,0,0,0
1188,1765897105937,0,0,0,0,0,0,0,0
1189,1765897107519,0,0,0,0,0,0,0,0
1190,1765897108251,0,0,0,0,0,0,0,0
1191,1765897108351,0,0,0,0,0,0,0,0
1192,1765897110199,0,0,0,0,0,0,0,0
1193,1765897110749,0,0,0,0,0,0,0,0
1194,1765897111048,0,0,0,0,0,0,0,0
1195,1765897111332,0,0,0,0,0,0,0,0
1196,1765897111598,0,0,0,0,0,0,0,0
1197,1765897112131,0,0,0,0,0,0,0,0
1198,1765897112714,0,0,0,0,0,0,0,0
1199,1765897114037,0,0,0,0,0,0,0,0
1200,1765897114054,0,0,0,0,0,0,0,0
1201,1765897114379,0,0,0,0,0,0,0,0
1202,1765897114513,0,0,0,0,0,0,0,0
1203,1765897115163,0,0,0,0,0,0,0,0
1204,1765897115295,0,0,0,0,0,0,0,0
1205,1765897115961,0,0,0,0,0,0,0,0
1206,1765897116678,0,0,0,0,0,0,0,0
1207,1765897116794,0,0,0,0,0,0,0,0
1208,1765897117560,0,0,0,0,0,0,0,0
1209,1765897118226,0,0,0,0,0,0,0,0
1210,1765897118359,0,0,0,0,0,0,0,0
1211,1765897119025,0,0,0,0,0,0,0,0
1212,1765897119642,0,0,0,0,0,0,0,0
1213,1765897120674,0,0,0,0,0,0,0,0
1214,1765897122307,0,0,0,0,0,0,0,0
1215,1765897122406,0,0,0,0,0,0,0,0
1216,1765897123105,0,0,0,0,0,0,0,0
1217,1765897123239,0,0,0,0,0,0,0,0
1218,1765897125686,0,0,0,0,0,0,0,0
1219,1765897125786,0,0,0,0,0,0,0,0
1220,1765897126202,0,0,0,0,0,0,0,0
1221,1765897126490,0,0,0,0,0,0,0,0
1222,1765897126719,0,0,0,0,0,0,0,0
1223,1765897126985,0,0,0,0,0,0,0,0
1224,1765897127335,0,0,0,0,0,0,0,0
1225,1765897129433,0,0,0,0,0,0,0,0
1226,1765897130682,0,0,0,0,0,0,0,0
1227,1765897130832,0,0,0,0,0,0,0,0
1228,1765897130965,0,0,0,0,0,0,0,0
1229,1765897133246,0,0,0,0,0,0,0,0
1230,1765897133313,0,0,0,0,0,0,0,0
1231,1765897136095,0,0,0,0,0,0,0,0
1232,1765897136111,0,0,0,0,0,0,0,0
1233,1765897136111,0,0,0,0,0,0,0,0
1234,1765897138276,0,0,0,0,0,0,0,0
1235,1765897138609,0,0,0,0,0,0,0,0
1236,1765897138759,0,0,0,0,0,0,0,0
1237,1765897138877,0,0,0,0,0,0,0,0
1238,1765897140307,0,0,0,0,0,0,0,0
1239,1765897140407,0,0,0,0,0,0,0,0
1240,1765897141223,0,0,0,0,0,0,0,0
1241,1765897142023,0,0,0,0,0,0,0,0
1242,1765897142589,0,0,0,0,0,0,0,0
1243,1765897142689,0,0,0,0,0,0,0,0
1244,1765897143288,0,0,0,0,0,0,0,0
1245,1765897143521,0,0,0,0,0,0,0,0
1246,1765897144137,0,0,0,0,0,0,0,0
1247,1765897144320,0,0,0,0,0,0,0,0
1248,1765897144621,0,0,0,0,0,0,0,0
1249,1765897144920,0,0,0,0,0,0,0,0
1250,1765897145353,0,0,0,0,0,0,0,0
1251,1765897145703,0,0,0,0,0,0,0,0
1252,1765897147098,0,0,0,0,0,0,0,0
1253,1765897147098,0,0,0,0,0,0,0,0
1254,1765897148983,0,0,0,0,0,0,0,0
1255,1765897151564,0,0,0,0,0,0,0,0
1256,1765897152117,0,0,0,0,0,0,0,0
1257,1765897153663,0,0,0,0,0,0,0,0
1258,1765897154681,0,0,0,0,0,0,0,0
1259,1765897154866,0,0,0,0,0,0,0,0
1260,1765897156359,0,0,0,0,0,0,0,0
1261,1765897156476,0,0,0,0,0,0,0,0
1262,1765897158209,0,0,0,0,0,0,0,0
1263,1765897158209,0,0,0,0,0,0,0,0
1264,1765897158357,0,0,0,0,0,0,0,0
1265,1765897158577,0,0,0,0,0,0,0,0
1266,1765897160039,0,0,0,0,0,0,0,0
1267,1765897160674,0,0,0,0,0,0,0,0
1268,1765897160938,0,0,0,0,0,0,0,0
1269,1765897161205,0,0,0,0,0,0,0,0
1270,1765897163120,0,0,0,0,0,0,0,0
1271,1765897163270,0,0,0,0,0,0,0,0
1272,1765897163403,0,0,0,0,0,0,0,0
1273,1765897164869,0,0,0,0,0,0,0,0
1274,1765897167050,0,0,0,0,0,0,0,0
1275,1765897167183,0,0,0,0,0,0,0,0
1276,1765897168601,0,0,0,0,0,0,0,0
1277,1765897170847,0,0,0,0,0,0,0,0
1278,1765897170947,0,0,0,0,0,0,0,0
1279,1765897172495,0,0,0,0,0,0,0,0
1280,1765897172795,0,0,0,0,0,0,0,0
1281,1765897173078,0,0,0,0,0,0,0,0
1282,1765897173599,0,0,0,0,0,0,0,0
1283,1765897173845,0,0,0,0,0,0,0,0
1284,1765897174244,0,0,0,0,0,0,0,0
1285,1765897174644,0,0,0,0,0,0,0,0
1286,1765897175060,0,0,0,0,0,0,0,0
1287,1765897175177,0,0,0,0,0,0,0,0
1288,1765897176759,0,0,0,0,0,0,0,0
1289,1765897176858,0,0,0,0,0,0,0,0
1290,1765897177675,0,0,0,0,0,0,0,0
1291,1765897177874,0,0,0,0,0,0,0,0
1292,1765897178174,0,0,0,0,0,0,0,0
1293,1765897178491,0,0,0,0,0,0,0,0
1294,1765897178708,0,0,0,0,0,0,0,0
1295,1765897181111,0,0,0,0,0,0,0,0
1296,1765897181111,0,0,0,0,0,0,0,0
1297,1765897181771,0,0,0,0,0,0,0,0
1298,1765897181905,0,0,0,0,0,0,0,0
1299,1765897182572,0,0,0,0,0,0,0,0
1300,1765897183903,0,0,0,0,0,0,0,0
1301,1765897184019,0,0,0,0,0,0,0,0
1302,1765897185718,0,0,0,0,0,0,0,0
1303,1765897186983,0,0,0,0,0,0,0,0
1304,1765897187100,0,0,0,0,0,0,0,0
1305,1765897187333,0,0,0,0,0,0,0,0
1306,1765897187768,0,0,0,0,0,0,0,0
1307,1765897187850,0,0,0,0,0,0,0,0
1308,1765897188050,0,0,0,0,0,0,0,0
1309,1765897188966,0,0,0,0,0,0,0,0
1310,1765897189181,0,0,0,0,0,0,0,0
1311,1765897189249,0,0,0,0,0,0,0,0
1312,1765897189748,0,0,0,0,0,0,0,0
1313,1765897190064,0,0,0,0,0,0,0,0
1314,1765897190264,0,0,0,0,0,0,0,0
1315,1765897190531,0,0,0,0,0,0,0,0
1316,1765897190764,0,0,0,0,0,0,0,0
1317,1765897190913,0,0,0,0,0,0,0,0
1318,1765897192294,0,0,0,0,0,0,0,0
1319,1765897192594,0,0,0,0,0,0,0,0
1320,1765897192794,0,0,0,0,0,0,0,0
1321,1765897192927,0,0,0,0,0,0,0,0
1322,1765897194393,0,0,0,0,0,0,0,0
1323,1765897195858,0,0,0,0,0,0,0,0
1324,1765897196059,0,0,0,0,0,0,0,0
1325,1765897196359,0,0,0,0,0,0,0,0
1326,1765897196541,0,0,0,0,0,0,0,0
1327,1765897196675,0,0,0,0,0,0,0,0
1328,1765897198257,0,0,0,0,0,0,0,0
1329,1765897198358,0,0,0,0,0,0,0,0
1330,1765897199123,0,0,0,0,0,0,0,0
1331,1765897199780,0,0,0,0,0,0,0,0
1332,1765897199890,0,0,0,0,0,0,0,0
1333,1765897200712,0,0,0,0,0,0,0,0
1334,1765897202104,0,0,0,0,0,0,0,0
1335,1765897202257,0,0,0,0,0,0,0,0
1336,1765897203357,0,0,0,0,0,0,0,0
1337,1765897204707,0,0,0,0,0,0,0,0
1338,1765897205220,0,0,0,0,0,0,0,0
1339,1765897206302,0,0,0,0,0,0,0,0
1340,1765897206554,0,0,0,0,0,0,0,0
1341,1765897206818,0,0,0,0,0,0,0,0
1342,1765897207083,0,0,0,0,0,0,0,0
1343,1765897207583,0,0,0,0,0,0,0,0
1344,1765897207701,0,0,0,0,0,0,0,0
1345,1765897209917,0,0,0,0,0,0,0,0
1346,1765897210748,0,0,0,0,0,0,0,0
1347,1765897210852,0,0,0,0,0,0,0,0
1348,1765897213229,0,0,0,0,0,0,0,0
1349,1765897215811,0,0,0,0,0,0,0,0
1350,1765897216110,0,0,0,0,0,0,0,0
1351,1765897216343,0,0,0,0,0,0,0,0
1352,1765897216543,0,0,0,0,0,0,0,0
1353,1765897216693,0,0,0,0,0,0,0,0
1354,1765897218425,2570,0,0,0,0,0,0,0
1355,1765897218558,0,0,0,0,0,0,0,0
1356,1765897220707,0,0,0,0,0,0,0,0
1357,1765897222005,0,0,0,0,0,0,0,0
1358,1765897222704,0,0,0,0,0,0,0,0
1359,1765897223470,0,0,0,0,0,0,0,0
1360,1765897223570,0,0,0,0,0,0,0,0
1361,1765897224203,0,0,0,0,0,0,0,0
1362,1765897233212,0,0,0,0,0,0,0,0
1363,1765897233412,0,0,0,0,0,0,0,0
1364,1765897233662,0,0,0,0,0,0,0,0
1365,1765897233828,0,0,0,0,0,0,0,0
1366,1765897233978,0,0,0,0,0,0,0,0
1367,1765897234178,0,0,0,0,0,0,0,0
1368,1765897234361,0,0,0,0,0,0,0,0
1369,1765897234611,0,0,0,0,0,0,0,0
1370,1765897234844,0,0,0,0,0,0,0,0
1371,1765897235044,0,0,0,0,0,0,0,0
1372,1765897235727,0,0,0,0,0,0,0,0
1373,1765897235910,0,0,0,0,0,0,0,0
1374,1765897246268,0,0,0,0,0,0,0,0
1375,1765897246701,0,0,0,0,0,0,0,0
1376,1765897246901,0,0,0,0,0,0,0,0
1377,1765897247400,0,0,0,0,0,0,0,0
1378,1765897247617,0,0,0,0,0,0,0,0
1379,1765897247750,0,0,0,0,0,0,0,0
1380,1765897247967,0,0,0,0,0,0,0,0
1381,1765897248166,0,0,0,0,0,0,0,0
1382,1765897248417,0,0,0,0,0,0,0,0
1383,1765897248599,0,0,0,0,0,0,0,0
1384,1765897248766,0,0,0,0,0,0,0,0
1385,1765897261805,0,0,0,0,0,0,0,0
1386,1765897262005,0,0,0,0,0,0,0,0
1387,1765897262204,0,0,0,0,0,0,0,0
1388,1765897262354,0,0,0,0,0,0,0,0
1389,1765897271363,0,0,0,0,0,0,0,0
1390,1765897271996,0,0,0,0,0,0,0,0
1391,1765897272196,0,0,0,0,0,0,0,0
1392,1765897272463,0,0,0,0,0,0,0,0
1393,1765897272662,0,0,0,0,0,0,0,0
1394,1765897272914,0,0,0,0,0,0,0,0
1395,1765897273313,0,0,0,0,0,0,0,0
1396,1765897273528,0,0,0,0,0,0,0,0
1397,1765897273711,0,0,0,0,0,0,0,0
1398,1765897273911,0,0,0,0,0,0,0,0
1399,1765897274377,0,0,0,0,0,0,0,0
1400,1765897275693,0,0,0,0,0,0,0,0
1401,1765897275860,0,0,0,0,0,0,0,0
1402,1765897277178,0,0,0,0,0,0,0,0
1403,1765897277358,0,0,0,0,0,0,0,0
1404,1765897277624,0,0,0,0,0,0,0,0
1405,1765897277807,0,0,0,0,0,0,0,0
1406,1765897278258,0,0,0,0,0,0,0,0
1407,1765897284394,0,0,0,0,0,0,0,0
1408,1765897284887,0,0,0,0,0,0,0,0
1409,1765897286391,0,0,0,0,0,0,0,0
1410,1765897286659,0,0,0,0,0,0,0,0
1411,1765897286851,0,0,0,0,0,0,0,0
1412,1765897293403,0,0,0,0,0,0,0,0
1413,1765897293420,0,0,0,0,0,0,0,0
1414,1765897293420,0,0,0,0,0,0,0,0
1415,1765897293679,0,0,0,0,0,0,0,0
1416,1765897293845,0,0,0,0,0,0,0,0
1417,1765897294065,0,0,0,0,0,0,0,0
1418,1765897294279,0,0,0,0,0,0,0,0
1419,1765897294461,0,0,0,0,0,0,0,0
1420,1765897294744,0,0,0,0,0,0,0,0
1421,1765897294961,0,0,0,0,0,0,0,0
1422,1765897295112,0,0,0,0,0,0,0,0
1423,1765897295394,0,0,0,0,0,0,0,0
1424,1765897295610,0,0,0,0,0,0,0,0
1425,1765897295810,0,0,0,0,0,0,0,0
1426,1765897295959,0,0,0,0,0,0,0,0
1427,1765897296209,0,0,0,0,0,0,0,0
1428,1765897296426,0,0,0,0,0,0,0,0
1429,1765897296826,0,0,0,0,0,0,0,0
1430,1765897297309,0,0,0,0,0,0,0,0
1431,1765897297491,0,0,0,0,0,0,0,0
1432,1765897297758,0,0,0,0,0,0,0,0
1433,1765897297943,0,0,0,0,0,0,0,0
1434,1765897298591,0,0,0,0,0,0,0,0
1435,1765897307007,0,0,0,0,0,0,0,0
1436,1765897309833,0,0,0,0,0,0,0,0
1437,1765897310333,0,0,0,0,0,0,0,0
1438,1765897310532,0,0,0,0,0,0,0,0
1439,1765897310735,0,0,0,0,0,0,0,0
1440,1765897311165,0,0,0,0,0,0,0,0
1441,1765897311332,0,0,0,0,0,0,0,0
1442,1765897311565,0,0,0,0,0,0,0,0
1443,1765897311764,0,0,0,0,0,0,0,0
1444,1765897311981,0,0,0,0,0,0,0,0
1445,1765897312147,0,0,0,0,0,0,0,0
1446,1765897312580,0,0,0,0,0,0,0,0
1447,1765897316319,0,0,0,0,0,0,0,0
1448,1765897316814,0,0,0,0,0,0,0,0
1449,1765897316986,0,0,0,0,0,0,0,0
1450,1765897317230,0,0,0,0,0,0,0,0
1451,1765897317430,0,0,0,0,0,0,0,0
1452,1765897319382,0,0,0,0,0,0,0,0
1453,1765897319608,0,0,0,0,0,0,0,0
1454,1765897319725,0,0,0,0,0,0,0,0
1455,1765897319941,0,0,0,0,0,0,0,0
1456,1765897320158,0,0,0,0,0,0,0,0
1457,1765897320410,0,0,0,0,0,0,0,0
1458,1765897320824,0,0,0,0,0,0,0,0
1459,1765897321939,0,0,0,0,0,0,0,0
1460,1765897322572,0,0,0,0,0,0,0,0
1461,1765897322822,0,0,0,0,0,0,0,0
1462,1765897323705,0,0,0,0,0,0,0,0
1463,1765897326470,0,0,0,0,0,0,0,0
1464,1765897326703,0,0,0,0,0,0,0,0
1465,1765897326919,0,0,0,0,0,0,0,0
1466,1765897327135,0,0,0,0,0,0,0,0
1467,1765897327367,0,0,0,0,0,0,0,0
1468,1765897328773,0,0,0,0,0,0,0,0
1469,1765897328832,0,0,0,0,0,0,0,0
1470,1765897328832,0,0,0,0,0,0,0,0
1471,1765897328832,0,0,0,0,0,0,0,0
1472,1765897328832,0,0,0,0,0,0,0,0
1473,1765897328832,0,0,0,0,0,0,0,0
1474,1765897329042,0,0,0,0,0,0,0,0
1475,1765897329246,0,0,0,0,0,0,0,0
1476,1765897329462,0,0,0,0,0,0,0,0
1477,1765897329741,0,0,0,0,0,0,0,0
1478,1765897329950,0,0,0,0,0,0,0,0
1479,1765897330161,0,0,0,0,0,0,0,0
1480,1765897330420,0,0,0,0,0,0,0,0
1481,1765897330645,0,0,0,0,0,0,0,0
1482,1765897330863,0,0,0,0,0,0,0,0
1483,1765897331095,0,0,0,0,0,0,0,0
1484,1765897331329,0,0,0,0,0,0,0,0
1485,1765897331546,0,0,0,0,0,0,0,0
1486,1765897331812,0,0,0,0,0,0,0,0
1487,1765897332028,0,0,0,0,0,0,0,0
1488,1765897332244,0,0,0,0,0,0,0,0
1489,1765897332478,0,0,0,0,0,0,0,0
1490,1765897332744,0,0,0,0,0,0,0,0
1491,1765897332962,0,0,0,0,0,0,0,0
1492,1765897333177,0,0,0,0,0,0,0,0
1493,1765897333410,0,0,0,0,0,0,0,0
1494,1765897333644,0,0,0,0,0,0,0,0
1495,1765897333894,0,0,0,0,0,0,0,0
1496,1765897334126,0,0,0,0,0,0,0,0
1497,1765897334360,0,0,0,0,0,0,0,0
1498,1765897334576,0,0,0,0,0,0,0,0
1499,1765897334827,0,0,0,0,0,0,0,0
1500,1765897335061,0,0,0,0,0,0,0,0
1501,1765897335275,0,0,0,0,0,0,0,0
1502,1765897335511,0,0,0,0,0,0,0,0
1503,1765897335725,0,0,0,0,0,0,0,0
1504,1765897335775,0,0,0,0,0,0,0,0
1505,1765897335992,0,0,0,0,0,0,0,0
1506,1765897336208,0,0,0,0,0,0,0,0
1507,1765897336441,0,0,0,0,0,0,0,0
1508,1765897336658,0,0,0,0,0,0,0,0
1509,1765897336925,0,0,0,0,0,0,0,0
1510,1765897337157,0,0,0,0,0,0,0,0
1511,1765897337373,0,0,0,0,0,0,0,0
1512,1765897337590,0,0,0,0,0,0,0,0
1513,1765897337823,0,0,0,0,0,0,0,0
1514,1765897337857,0,0,0,0,0,0,0,0
1515,1765897338073,0,0,0,0,0,0,0,0
1516,1765897338306,0,0,0,0,0,0,0,0
1517,1765897339702,0,0,0,0,0,0,0,0
1518,1765897339718,0,0,0,0,0,0,0,0
1519,1765897339733,0,0,0,0,0,0,0,0
1520,1765897339748,0,0,0,0,0,0,0,0
1521,1765897339748,0,0,0,0,0,0,0,0
1522,1765897339888,0,0,0,0,0,0,0,0
1523,1765897341004,0,0,0,0,0,0,0,0
1524,1765897341338,0,0,0,0,0,0,0,0
1525,1765897341985,0,0,0,0,0,0,0,0
1526,1765897342085,0,0,0,0,0,0,0,0
1527,1765897343535,0,0,0,0,0,0,0,0
1528,1765897343684,0,0,0,0,0,0,0,0
1529,1765897344466,0,0,0,0,0,0,0,0
1530,1765897345149,0,0,0,0,0,0,0,0
1531,1765897345267,0,0,0,0,0,0,0,0
1532,1765897345866,0,0,0,0,0,0,0,0
1533,1765897346133,0,0,0,0,0,0,0,0
1534,1765897346598,0,0,0,0,0,0,0,0
1535,1765897347366,0,0,0,0,0,0,0,0
1536,1765897347448,0,0,0,0,0,0,0,0
1537,1765897348098,0,0,0,0,0,0,0,0
1538,1765897348215,0,0,0,0,0,0,0,0
1539,1765897350681,0,0,0,0,0,0,0,0
1540,1765897350696,0,0,0,0,0,0,0,0
1541,1765897350745,0,0,0,0,0,0,0,0
1542,1765897350745,0,0,0,0,0,0,0,0
1543,1765897351595,0,0,0,0,0,0,0,0
1544,1765897351661,0,0,0,0,0,0,0,0
1545,1765897352076,0,0,0,0,0,0,0,0
1546,1765897352177,0,0,0,0,0,0,0,0
1547,1765897352510,0,0,0,0,0,0,0,0
1548,1765897353009,0,0,0,0,0,0,0,0
1549,1765897353275,0,0,0,0,0,0,0,0
1550,1765897353841,0,0,0,0,0,0,0,0
1551,1765897354058,0,0,0,0,0,0,0,0
1552,1765897354158,0,0,0,0,0,0,0,0
1553,1765897354808,0,0,0,0,0,0,0,0
1554,1765897355608,0,0,0,0,0,0,0,0
1555,1765897356306,0,0,0,0,0,0,0,0
1556,1765897358022,0,0,0,0,0,0,0,0
1557,1765897359636,0,0,0,0,0,0,0,0
1558,1765897361718,0,0,0,0,0,0,0,0
1559,1765897361735,0,0,0,0,0,0,0,0
1560,1765897363116,0,0,0,0,0,0,0,0
1561,1765897363349,0,0,0,0,0,0,0,0
1562,1765897363583,0,0,0,0,0,0,0,0
1563,1765897363816,0,0,0,0,0,0,0,0
1564,1765897364199,0,0,0,0,0,0,0,0
1565,1765897364432,0,0,0,0,0,0,0,0
1566,1765897364699,0,0,0,0,0,0,0,0
1567,1765897365498,0,0,0,0,0,0,0,0
1568,1765897365597,0,0,0,0,0,0,0,0
1569,1765897366280,0,0,0,0,0,0,0,0
1570,1765897366597,0,0,0,0,0,0,0,0
1571,1765897366814,0,0,0,0,0,0,0,0
1572,1765897367081,0,0,0,0,0,0,0,0
1573,1765897367446,0,0,0,0,0,0,0,0
1574,1765897367646,0,0,0,0,0,0,0,0
1575,1765897367979,0,0,0,0,0,0,0,0
1576,1765897368512,0,0,0,0,0,0,0,0
1577,1765897369161,0,0,0,0,0,0,0,0
1578,1765897370194,0,0,0,0,0,0,0,0
1579,1765897370860,0,0,0,0,0,0,0,0
1580,1765897371010,0,0,0,0,0,0,0,0
1581,1765897371926,0,0,0,0,0,0,0,0
1582,1765897372242,0,0,0,0,0,0,0,0
1583,1765897373575,0,0,0,0,0,0,0,0
1584,1765897373575,0,0,0,0,0,0,0,0
1585,1765897374657,0,0,0,0,0,0,0,0
1586,1765897375655,0,0,0,0,0,0,0,0
1587,1765897376339,0,0,0,0,0,0,0,0
1588,1765897376505,0,0,0,0,0,0,0,0
1589,1765897376837,0,0,0,0,0,0,0,0
1590,1765897377371,0,0,0,0,0,0,0,0
1591,1765897377637,0,0,0,0,0,0,0,0
1592,1765897378203,0,0,0,0,0,0,0,0
1593,1765897379037,0,0,0,0,0,0,0,0
1594,1765897379169,0,0,0,0,0,0,0,0
1595,1765897380002,0,0,0,0,0,0,0,0
1596,1765897380152,0,0,0,0,0,0,0,0
1597,1765897384749,0,0,0,0,0,0,0,0
1598,1765897386328,0,0,0,0,0,0,0,0
1599,1765897386445,0,0,0,0,0,0,0,0
1600,1765897386612,0,0,0,0,0,0,0,0
1601,1765897386879,0,0,0,0,0,0,0,0
1602,1765897387163,0,0,0,0,0,0,0,0
1603,1765897387279,0,0,0,0,0,0,0,0
1604,1765897387662,0,0,0,0,0,0,0,0
1605,1765897387961,0,0,0,0,0,0,0,0
1606,1765897388095,0,0,0,0,0,0,0,0
1607,1765897389610,0,0,0,0,0,0,0,0
1608,1765897390411,0,0,0,0,0,0,0,0
1609,1765897390594,0,0,0,0,0,0,0,0
1610,1765897390727,0,0,0,0,0,0,0,0
1611,1765897391409,0,0,0,0,0,0,0,0
1612,1765897391526,0,0,0,0,0,0,0,0
1613,1765897392392,0,0,0,0,0,0,0,0
1614,1765897393141,0,0,0,0,0,0,0,0
1615,1765897395544,0,0,0,0,0,0,0,0
1616,1765897395576,0,0,0,0,0,0,0,0
1617,1765897395593,0,0,0,0,0,0,0,0
1618,1765897395774,0,0,0,0,0,0,0,0
1619,1765897397523,0,0,0,0,0,0,0,0
1620,1765897397706,0,0,0,0,0,0,0,0
1621,1765897397955,0,0,0,0,0,0,0,0
1622,1765897398239,0,0,0,0,0,0,0,0
1623,1765897398388,0,0,0,0,0,0,0,0
1624,1765897398490,0,0,0,0,0,0,0,0
1625,1765897399173,0,0,0,0,0,0,0,0
1626,1765897399288,0,0,0,0,0,0,0,0
1627,1765897400254,0,0,0,0,0,0,0,0
1628,1765897402636,0,0,0,0,0,0,0,0
1629,1765897402703,0,0,0,0,0,0,0,0
1630,1765897403401,0,0,0,0,0,0,0,0
1631,1765897403485,0,0,0,0,0,0,0,0
1632,1765897404184,0,0,0,0,0,0,0,0
1633,1765897404300,0,0,0,0,0,0,0,0
1634,1765897404482,0,0,0,0,0,0,0,0
1635,1765897404749,0,0,0,0,0,0,0,0
1636,1765897405001,0,0,0,0,0,0,0,0
1637,1765897405149,0,0,0,0,0,0,0,0
1638,1765897406813,0,0,0,0,0,0,0,0
1639,1765897406832,0,0,0,0,0,0,0,0
1640,1765897406865,0,0,0,0,0,0,0,0
1641,1765897407498,0,0,0,0,0,0,0,0
1642,1765897407647,0,0,0,0,0,0,0,0
1643,1765897408329,0,0,0,0,0,0,0,0
1644,1765897408512,20822,0,0,0,0,0,0,0
1645,1765897409295,0,0,0,0,0,0,0,0
1646,1765897410495,0,0,0,0,0,0,0,0
1647,1765897411310,0,0,0,0,0,0,0,0
1648,1765897412875,0,0,0,0,0,0,0,0
1649,1765897413175,0,0,0,0,0,0,0,0
1650,1765897413725,0,0,0,0,0,0,0,0
1651,1765897414607,0,0,0,0,0,0,0,0
1652,1765897415556,0,0,0,0,0,0,0,0
1653,1765897415773,0,0,0,0,0,0,0,0
1654,1765897416554,0,0,0,0,0,0,0,0
1655,1765897418162,0,0,0,0,0,0,0,0
1656,1765897418172,0,0,0,0,0,0,0,0
1657,1765897418205,0,0,0,0,0,0,0,0
1658,1765897418221,0,0,0,0,0,0,0,0
1659,1765897418352,0,0,0,0,0,0,0,0
1660,1765897420770,0,0,0,0,0,0,0,0
1661,1765897421052,0,0,0,0,0,0,0,0
1662,1765897423001,0,0,0,0,0,0,0,0
1663,1765897423151,0,0,0,0,0,0,0,0
1664,1765897423933,1542,0,0,0,0,0,0,0
1665,1765897425415,0,0,0,0,0,0,0,0
1666,1765897427896,0,0,0,0,0,0,0,0
1667,1765897428862,0,0,0,0,0,0,0,0
1668,1765897428963,0,0,0,0,0,0,0,0
1669,1765897430561,0,0,0,0,0,0,0,0
1670,1765897432911,0,0,0,0,0,0,0,0
1671,1765897432926,0,0,0,0,0,0,0,0
1672,1765897432927,0,0,0,0,0,0,0,0
1673,1765897433510,0,0,0,0,0,0,0,0
1674,1765897434508,0,0,0,0,0,0,0,0
1675,1765897434574,0,0,0,0,0,0,0,0
1676,1765897435472,0,0,0,0,0,0,0,0
1677,1765897436156,0,0,0,0,0,0,0,0
1678,1765897437154,0,0,0,0,0,0,0,0
1679,1765897437304,0,0,0,0,0,0,0,0
1680,1765897437454,0,0,0,0,0,0,0,0
1681,1765897438303,0,0,0,0,0,0,0,0
1682,1765897439088,0,0,0,0,0,0,0,0
1683,1765897440485,0,0,0,0,0,0,0,0
1684,1765897440769,0,0,0,0,0,0,0,0
1685,1765897441136,0,0,0,0,0,0,0,0
1686,1765897442617,0,0,0,0,0,0,0,0
1687,1765897442732,0,0,0,0,0,0,0,0
1688,1765897444633,0,0,0,0,0,0,0,0
1689,1765897444666,0,0,0,0,0,0,0,0
1690,1765897445996,0,0,0,0,0,0,0,0
1691,1765897447727,0,0,0,0,0,0,0,0
1692,1765897447927,0,0,0,0,0,0,0,0
1693,1765897448194,0,0,0,0,0,0,0,0
1694,1765897448412,0,0,0,0,0,0,0,0
1695,1765897448544,0,0,0,0,0,0,0,0
1696,1765897448928,0,0,0,0,0,0,0,0
1697,1765897449194,0,0,0,0,0,0,0,0
1698,1765897449443,0,0,0,0,0,0,0,0
1699,1765897450227,0,0,0,0,0,0,0,0
1700,1765897450409,0,0,0,0,0,0,0,0
1701,1765897450708,0,0,0,0,0,0,0,0
1702,1765897451291,0,0,0,0,0,0,0,0
1703,1765897451541,0,0,0,0,0,0,0,0
1704,1765897451942,0,0,0,0,0,0,0,0
1705,1765897452340,0,0,0,0,0,0,0,0
1706,1765897452723,0,0,0,0,0,0,0,0
1707,1765897452824,0,0,0,0,0,0,0,0
1708,1765897454023,0,0,0,0,0,0,0,0
1709,1765897455622,0,0,0,0,0,0,0,0
1710,1765897455622,0,0,0,0,0,0,0,0
1711,1765897456437,0,0,0,0,0,0,0,0
1712,1765897456521,0,0,0,0,0,0,0,0
1713,1765897458203,0,0,0,0,0,0,0,0
1714,1765897459334,0,0,0,0,0,0,0,0
1715,1765897459484,0,0,0,0,0,0,0,0
1716,1765897461866,0,0,0,0,0,0,0,0
1717,1765897461999,0,0,0,0,0,0,0,0
1718,1765897462965,0,0,0,0,0,0,0,0
1719,1765897463565,0,0,0,0,0,0,0,0
1720,1765897463747,0,0,0,0,0,0,0,0
1721,1765897463847,0,0,0,0,0,0,0,0
1722,1765897464348,0,0,0,0,0,0,0,0
1723,1765897464514,0,0,0,0,0,0,0,0
1724,1765897464679,0,0,0,0,0,0,0,0
1725,1765897465280,0,0,0,0,0,0,0,0
1726,1765897466611,0,0,0,0,0,0,0,0
1727,1765897467027,0,0,0,0,0,0,0,0
1728,1765897467127,0,0,0,0,0,0,0,0
1729,1765897468492,0,0,0,0,0,0,0,0
1730,1765897468610,0,0,0,0,0,0,0,0
1731,1765897469942,0,0,0,0,0,0,0,0
1732,1765897470474,0,0,0,0,0,0,0,0
1733,1765897471041,0,0,0,0,0,0,0,0
1734,1765897471242,0,0,0,0,0,0,0,0
1735,1765897471491,0,0,0,0,0,0,0,0
1736,1765897471775,0,0,0,0,0,0,0,0
1737,1765897472056,0,0,0,0,0,0,0,0
1738,1765897472356,0,0,0,0,0,0,0,0
1739,1765897472456,0,0,0,0,0,0,0,0
1740,1765897474207,0,0,0,0,0,0,0,0
1741,1765897474273,0,0,0,0,0,0,0,0
1742,1765897475188,0,0,0,0,0,0,0,0
1743,1765897475937,0,0,0,0,0,0,0,0
1744,1765897477620,0,0,0,0,0,0,0,0
1745,1765897477620,0,0,0,0,0,0,0,0
1746,1765897479933,0,0,0,0,0,0,0,0
1747,1765897480049,0,0,0,0,0,0,0,0
1748,1765897481366,0,0,0,0,0,0,0,0
1749,1765897481482,0,0,0,0,0,0,0,0
1750,1765897481915,0,0,0,0,0,0,0,0
1751,1765897482132,0,0,0,0,0,0,0,0
1752,1765897483697,0,0,0,0,0,0,0,0
1753,1765897483880,0,0,0,0,0,0,0,0
1754,1765897483963,0,0,0,0,0,0,0,0
1755,1765897486297,0,0,0,0,0,0,0,0
1756,1765897486413,0,0,0,0,0,0,0,0
1757,1765897488659,0,0,0,0,0,0,0,0
1758,1765897488676,0,0,0,0,0,0,0,0
1759,1765897489742,0,0,0,0,0,0,0,0
1760,1765897490125,0,0,0,0,0,0,0,0
1761,1765897490424,0,0,0,0,0,0,0,0
1762,1765897490674,0,0,0,0,0,0,0,0
1763,1765897490907,0,0,0,0,0,0,0,0
1764,1765897491156,0,0,0,0,0,0,0,0
1765,1765897492705,0,0,0,0,0,0,0,0
1766,1765897492873,0,0,0,0,0,0,0,0
1767,1765897494338,0,0,0,0,0,0,0,0
1768,1765897494488,0,0,0,0,0,0,0,0
1769,1765897495138,0,0,0,0,0,0,0,0
1770,1765897495325,0,0,0,0,0,0,0,0
1771,1765897495970,0,0,0,0,0,0,0,0
1772,1765897496170,0,0,0,0,0,0,0,0
1773,1765897496303,0,0,0,0,0,0,0,0
1774,1765897497652,0,0,0,0,0,0,0,0
1775,1765897497768,0,0,0,0,0,0,0,0
1776,1765897497936,0,0,0,0,0,0,0,0
1777,1765897499585,0,0,0,0,0,0,0,0
1778,1765897499585,0,0,0,0,0,0,0,0
1779,1765897499649,0,0,0,0,0,0,0,0
1780,1765897499949,0,0,0,0,0,0,0,0
1781,1765897500183,0,0,0,0,0,0,0,0
1782,1765897500316,0,0,0,0,0,0,0,0
1783,1765897502064,0,0,0,0,0,0,0,0
1784,1765897502114,0,0,0,0,0,0,0,0
1785,1765897503813,0,0,0,0,0,0,0,0
1786,1765897504080,0,0,0,0,0,0,0,0
1787,1765897504364,0,0,0,0,0,0,0,0
1788,1765897504463,0,0,0,0,0,0,0,0
1789,1765897506028,0,0,0,0,0,0,0,0
1790,1765897506162,0,0,0,0,0,0,0,0
1791,1765897506295,0,0,0,0,0,0,0,0
1792,1765897507596,0,0,0,0,0,0,0,0
1793,1765897508393,0,0,0,0,0,0,0,0
1794,1765897508544,0,0,0,0,0,0,0,0
1795,1765897508793,0,0,0,0,0,0,0,0
1796,1765897510513,0,0,0,0,0,0,0,0
1797,1765897510521,0,0,0,0,0,0,0,0
1798,1765897510527,0,0,0,0,0,0,0,0
1799,1765897510557,0,0,0,0,0,0,0,0
1800,1765897510557,0,0,0,0,0,0,0,0
1801,1765897510574,0,0,0,0,0,0,0,0
1802,1765897510725,0,0,0,0,0,0,0,0
1803,1765897510923,0,0,0,0,0,0,0,0
1804,1765897512489,0,0,0,0,0,0,0,0
1805,1765897512638,0,0,0,0,0,0,0,0
1806,1765897512788,0,0,0,0,0,0,0,0
1807,1765897514187,0,0,0,0,0,0,0,0
1808,1765897514287,0,0,0,0,0,0,0,0
1809,1765897514488,0,0,0,0,0,0,0,0
1810,1765897514805,0,0,0,0,0,0,0,0
1811,1765897515037,0,0,0,0,0,0,0,0
1812,1765897515154,0,0,0,0,0,0,0,0
1813,1765897516637,0,0,0,0,0,0,0,0
1814,1765897516752,0,0,0,0,0,0,0,0
1815,1765897518371,0,0,0,0,0,0,0,0
1816,1765897518470,0,0,0,0,0,0,0,0
1817,1765897518636,0,0,0,0,0,0,0,0
1818,1765897518935,0,0,0,0,0,0,0,0
1819,1765897519170,0,0,0,0,0,0,0,0
1820,1765897519302,0,0,0,0,0,0,0,0
1821,1765897521518,0,0,0,0,0,0,0,0
1822,1765897521534,0,0,0,0,0,0,0,0
1823,1765897522467,0,0,0,0,0,0,0,0
1824,1765897523297,0,0,0,0,0,0,0,0
1825,1765897523414,0,0,0,0,0,0,0,0
1826,1765897523597,0,0,0,0,0,0,0,0
1827,1765897523897,0,0,0,0,0,0,0,0
1828,1765897524113,0,0,0,0,0,0,0,0
1829,1765897524265,0,0,0,0,0,0,0,0
1830,1765897525879,0,0,0,0,0,0,0,0
1831,1765897526163,0,0,0,0,0,0,0,0
1832,1765897527861,0,0,0,0,0,0,0,0
1833,1765897528077,0,0,0,0,0,0,0,0
1834,1765897528277,0,0,0,0,0,0,0,0
1835,1765897528577,0,0,0,0,0,0,0,0
1836,1765897528661,0,0,0,0,0,0,0,0
1837,1765897530009,0,0,0,0,0,0,0,0
1838,1765897530175,0,0,0,0,0,0,0,0
1839,1765897530309,0,0,0,0,0,0,0,0
1840,1765897532491,0,0,0,0,0,0,0,0
1841,1765897532507,0,0,0,0,0,0,0,0
1842,1765897532524,0,0,0,0,0,0,0,0
1843,1765897532589,0,0,0,0,0,0,0,0
1844,1765897533339,0,0,0,0,0,0,0,0
1845,1765897533356,0,0,0,0,0,0,0,0
1846,1765897534771,0,0,0,0,0,0,0,0
1847,1765897535038,0,0,0,0,0,0,0,0
1848,1765897535322,0,0,0,0,0,0,0,0
1849,1765897536721,0,0,0,0,0,0,0,0
1850,1765897537469,0,0,0,0,0,0,0,0
1851,1765897537589,0,0,0,0,0,0,0,0
1852,1765897537770,0,0,0,0,0,0,0,0
1853,1765897539351,0,0,0,0,0,0,0,0
1854,1765897539451,0,0,0,0,0,0,0,0
1855,1765897539834,0,0,0,0,0,0,0,0
1856,1765897540134,0,0,0,0,0,0,0,0
1857,1765897540318,0,0,0,0,0,0,0,0
1858,1765897541882,0,0,0,0,0,0,0,0
1859,1765897542000,0,0,0,0,0,0,0,0
1860,1765897543461,0,0,0,0,0,0,0,0
1861,1765897543530,0,0,0,0,0,0,0,0
1862,1765897543613,0,0,0,0,0,0,0,0
1863,1765897543829,0,0,0,0,0,0,0,0
1864,1765897544099,0,0,0,0,0,0,0,0
1865,1765897544332,0,0,0,0,0,0,0,0
1866,1765897544498,0,0,0,0,0,0,0,0
1867,1765897545280,0,0,0,0,0,0,0,0
1868,1765897545796,0,0,0,0,0,0,0,0
1869,1765897545896,0,0,0,0,0,0,0,0
1870,1765897549109,0,0,0,0,0,0,0,0
1871,1765897549292,0,0,0,0,0,0,0,0
1872,1765897549576,0,0,0,0,0,0,0,0
1873,1765897550009,0,0,0,0,0,0,0,0
1874,1765897550175,0,0,0,0,0,0,0,0
1875,1765897551873,0,0,0,0,0,0,0,0
1876,1765897551941,0,0,0,0,0,0,0,0
1877,1765897554537,0,0,0,0,0,0,0,0
1878,1765897554537,0,0,0,0,0,0,0,0
1879,1765897555585,0,0,0,0,0,0,0,0
1880,1765897555706,0,0,0,0,0,0,0,0
1881,1765897557205,0,0,0,0,0,0,0,0
1882,1765897558051,0,0,0,0,0,0,0,0
1883,1765897558467,0,0,0,0,0,0,0,0
1884,1765897559868,0,0,0,0,0,0,0,0
1885,1765897560133,0,0,0,0,0,0,0,0
1886,1765897560383,0,0,0,0,0,0,0,0
1887,1765897560566,0,0,0,0,0,0,0,0
1888,1765897560667,0,0,0,0,0,0,0,0
1889,1765897562215,0,0,0,0,0,0,0,0
1890,1765897562298,0,0,0,0,0,0,0,0
1891,1765897563679,0,0,0,0,0,0,0,0
1892,1765897563813,0,0,0,0,0,0,0,0
1893,1765897563996,0,0,0,0,0,0,0,0
1894,1765897565428,0,0,0,0,0,0,0,0
1895,1765897565445,0,0,0,0,0,0,0,0
1896,1765897566160,0,0,0,0,0,0,0,0
1897,1765897566259,0,0,0,0,0,0,0,0
1898,1765897567824,0,0,0,0,0,0,0,0
1899,1765897567925,0,0,0,0,0,0,0,0
1900,1765897569241,0,0,0,0,0,0,0,0
1901,1765897569657,0,0,0,0,0,0,0,0
1902,1765897569844,0,0,0,0,0,0,0,0
1903,1765897570041,0,0,0,0,0,0,0,0
1904,1765897571539,0,0,0,0,0,0,0,0
1905,1765897571690,0,0,0,0,0,0,0,0
1906,1765897571891,0,0,0,0,0,0,0,0
1907,1765897573255,0,0,0,0,0,0,0,0
1908,1765897573354,0,0,0,0,0,0,0,0
1909,1765897573504,0,0,0,0,0,0,0,0
1910,1765897573938,0,0,0,0,0,0,0,0
1911,1765897574237,0,0,0,0,0,0,0,0
1912,1765897576552,0,0,0,0,0,0,0,0
1913,1765897576568,0,0,0,0,0,0,0,0
1914,1765897576568,0,0,0,0,0,0,0,0
1915,1765897577634,0,0,0,0,0,0,0,0
1916,1765897577717,0,0,0,0,0,0,0,0
1917,1765897578432,0,0,0,0,0,0,0,0
1918,1765897578582,0,0,0,0,0,0,0,0
1919,1765897580147,0,0,0,0,0,0,0,0
1920,1765897580264,0,0,0,0,0,0,0,0
1921,1765897581497,0,0,0,0,0,0,0,0
1922,1765897581681,0,0,0,0,0,0,0,0
1923,1765897583746,0,0,0,0,0,0,0,0
1924,1765897583962,0,0,0,0,0,0,0,0
1925,1765897584611,0,0,0,0,0,0,0,0
1926,1765897585311,0,0,0,0,0,0,0,0
1927,1765897585744,0,0,0,0,0,0,0,0
1928,1765897585946,0,0,0,0,0,0,0,0
1929,1765897586243,0,0,0,0,0,0,0,0
1930,1765897586360,0,0,0,0,0,0,0,0
1931,1765897587908,0,0,0,0,0,0,0,0
1932,1765897587908,0,0,0,0,0,0,0,0
1933,1765897588041,0,0,0,0,0,0,0,0
1934,1765897589407,0,0,0,0,0,0,0,0
1935,1765897589557,0,0,0,0,0,0,0,0
1936,1765897589673,0,0,0,0,0,0,0,0
1937,1765897590324,0,0,0,0,0,0,0,0
1938,1765897590572,0,0,0,0,0,0,0,0
1939,1765897591938,0,0,0,0,0,0,0,0
1940,1765897592089,0,0,0,0,0,0,0,0
1941,1765897593588,0,0,0,0,0,0,0,0
1942,1765897593721,0,0,0,0,0,0,0,0
1943,1765897595152,0,0,0,0,0,0,0,0
1944,1765897595352,0,0,0,0,0,0,0,0
1945,1765897595619,0,0,0,0,0,0,0,0
1946,1765897595802,0,0,0,0,0,0,0,0
1947,1765897595952,0,0,0,0,0,0,0,0
1948,1765897597351,0,0,0,0,0,0,0,0
1949,1765897597484,0,0,0,0,0,0,0,0
1950,1765897599065,0,0,0,0,0,0,0,0
1951,1765897599148,0,0,0,0,0,0,0,0
1952,1765897599915,0,0,0,0,0,0,0,0
1953,1765897601464,0,0,0,0,0,0,0,0
1954,1765897601647,0,0,0,0,0,0,0,0
1955,1765897601780,0,0,0,0,0,0,0,0
1956,1765897603179,0,0,0,0,0,0,0,0
1957,1765897603346,0,0,0,0,0,0,0,0
1958,1765897603412,0,0,0,0,0,0,0,0
1959,1765897603895,0,0,0,0,0,0,0,0
1960,1765897604079,0,0,0,0,0,0,0,0
1961,1765897605394,0,0,0,0,0,0,0,0
1962,1765897605544,0,0,0,0,0,0,0,0
1963,1765897607077,0,0,0,0,0,0,0,0
1964,1765897607242,0,0,0,0,0,0,0,0
1965,1765897608575,0,0,0,0,0,0,0,0
1966,1765897610008,0,0,0,0,0,0,0,0
1967,1765897610024,0,0,0,0,0,0,0,0
1968,1765897610024,0,0,0,0,0,0,0,0
1969,1765897610041,0,0,0,0,0,0,0,0
1970,1765897610057,0,0,0,0,0,0,0,0
1971,1765897610772,0,0,0,0,0,0,0,0
1972,1765897610923,0,0,0,0,0,0,0,0
1973,1765897612504,0,0,0,0,0,0,0,0
1974,1765897612637,0,0,0,0,0,0,0,0
1975,1765897613238,0,0,0,0,0,0,0,0
1976,1765897613520,0,0,0,0,0,0,0,0
1977,1765897613653,0,0,0,0,0,0,0,0
1978,1765897615270,0,0,0,0,0,0,0,0
1979,1765897615435,0,0,0,0,0,0,0,0
1980,1765897615569,0,0,0,0,0,0,0,0
1981,1765897616402,0,0,0,0,0,0,0,0
1982,1765897617767,0,0,0,0,0,0,0,0
1983,1765897617933,0,0,0,0,0,0,0,0
1984,1765897619699,0,0,0,0,0,0,0,0
1985,1765897621213,0,0,0,0,0,0,0,0
1986,1765897621213,0,0,0,0,0,0,0,0
1987,1765897621896,0,0,0,0,0,0,0,0
1988,1765897623245,0,0,0,0,0,0,0,0
1989,1765897623661,0,0,0,0,0,0,0,0
1990,1765897624011,0,0,0,0,0,0,0,0
1991,1765897624144,0,0,0,0,0,0,0,0
1992,1765897624810,0,0,0,0,0,0,0,0
1993,1765897624927,0,0,0,0,0,0,0,0
1994,1765897625694,0,0,0,0,0,0,0,0
1995,1765897627425,0,0,0,0,0,0,0,0
1996,1765897627908,0,0,0,0,0,0,0,0
1997,1765897628075,0,0,0,0,0,0,0,0
1998,1765897629923,0,0,0,0,0,0,0,0
1999,1765897630056,0,0,0,0,0,0,0,0
2000,1765897632372,0,0,0,0,0,0,0,0
2001,1765897632404,0,0,0,0,0,0,0,0
2002,1765897632421,0,0,0,0,0,0,0,0
2003,1765897634618,0,0,0,0,0,0,0,0
2004,1765897637217,0,0,0,0,0,0,0,0
2005,1765897637417,0,0,0,0,0,0,0,0
2006,1765897639082,0,0,0,0,0,0,0,0
2007,1765897639216,0,0,0,0,0,0,0,0
2008,1765897639865,0,0,0,0,0,0,0,0
2009,1765897641547,0,0,0,0,0,0,0,0
2010,1765897641730,0,0,0,0,0,0,0,0
2011,1765897643945,0,0,0,0,0,0,0,0
2012,1765897643945,0,0,0,0,0,0,0,0
2013,1765897643962,0,0,0,0,0,0,0,0
2014,1765897643962,0,0,0,0,0,0,0,0
2015,1765897644110,0,0,0,0,0,0,0,0
2016,1765897645609,0,0,0,0,0,0,0,0
2017,1765897645710,0,0,0,0,0,0,0,0
2018,1765897647059,0,0,0,0,0,0,0,0
2019,1765897647225,0,0,0,0,0,0,0,0
2020,1765897647358,0,0,0,0,0,0,0,0
2021,1765897647642,0,0,0,0,0,0,0,0
2022,1765897647925,0,0,0,0,0,0,0,0
2023,1765897648008,0,0,0,0,0,0,0,0
2024,1765897650523,0,0,0,0,0,0,0,0
2025,1765897650689,0,0,0,0,0,0,0,0
2026,1765897650873,0,0,0,0,0,0,0,0
2027,1765897653105,0,0,0,0,0,0,0,0
2028,1765897653256,0,0,0,0,0,0,0,0
2029,1765897653387,0,0,0,0,0,0,0,0
2030,1765897655085,0,0,0,0,0,0,0,0
2031,1765897656150,0,0,0,0,0,0,0,0
2032,1765897656283,0,0,0,0,0,0,0,0
2033,1765897656900,0,0,0,0,0,0,0,0
2034,1765897656999,0,0,0,0,0,0,0,0
2035,1765897657466,0,0,0,0,0,0,0,0
2036,1765897657683,0,0,0,0,0,0,0,0
2037,1765897658133,0,0,0,0,0,0,0,0
2038,1765897659981,0,0,0,0,0,0,0,0
2039,1765897660098,0,0,0,0,0,0,0,0
2040,1765897661580,0,0,0,0,0,0,0,0
2041,1765897661730,0,0,0,0,0,0,0,0
2042,1765897662978,0,0,0,0,0,0,0,0
2043,1765897664228,0,0,0,0,0,0,0,0
2044,1765897664429,0,0,0,0,0,0,0,0
2045,1765897666080,0,0,0,0,0,0,0,0
2046,1765897666092,0,0,0,0,0,0,0,0
2047,1765897666109,0,0,0,0,0,0,0,0
2048,1765897666126,0,0,0,0,0,0,0,0
2049,1765897666142,0,0,0,0,0,0,0,0
2050,1765897666142,0,0,0,0,0,0,0,0
2051,1765897668540,0,0,0,0,0,0,0,0
2052,1765897668707,0,0,0,0,0,0,0,0
2053,1765897670989,0,0,0,0,0,0,0,0
2054,1765897671123,0,0,0,0,0,0,0,0
2055,1765897671355,0,0,0,0,0,0,0,0
2056,1765897671638,0,0,0,0,0,0,0,0
2057,1765897673122,0,0,0,0,0,0,0,0
2058,1765897673287,0,0,0,0,0,0,0,0
2059,1765897673403,0,0,0,0,0,0,0,0
2060,1765897675136,0,0,0,0,0,0,0,0
2061,1765897675402,0,0,0,0,0,0,0,0
2062,1765897675652,0,0,0,0,0,0,0,0
2063,1765897677683,0,0,0,0,0,0,0,0
2064,1765897677916,0,0,0,0,0,0,0,0
2065,1765897678781,0,0,0,0,0,0,0,0
2066,1765897680383,0,0,0,0,0,0,0,0
2067,1765897682963,0,0,0,0,0,0,0,0
2068,1765897683062,0,0,0,0,0,0,0,0
2069,1765897684578,0,0,0,0,0,0,0,0
2070,1765897684810,0,0,0,0,0,0,0,0
2071,1765897685094,0,0,0,0,0,0,0,0
2072,1765897685260,0,0,0,0,0,0,0,0
2073,1765897685393,0,0,0,0,0,0,0,0
2074,1765897686942,0,0,0,0,0,0,0,0
2075,1765897687092,0,0,0,0,0,0,0,0
2076,1765897689207,0,0,0,0,0,0,0,0
2077,1765897689224,0,0,0,0,0,0,0,0
2078,1765897689723,0,0,0,0,0,0,0,0
2079,1765897689822,0,0,0,0,0,0,0,0
2080,1765897690471,0,0,0,0,0,0,0,0
2081,1765897690571,0,0,0,0,0,0,0,0
2082,1765897691987,0,0,0,0,0,0,0,0
2083,1765897694420,0,0,0,0,0,0,0,0
2084,1765897694536,0,0,0,0,0,0,0,0
2085,1765897696085,0,0,0,0,0,0,0,0
2086,1765897696200,0,0,0,0,0,0,0,0
2087,1765897696435,0,0,0,0,0,0,0,0
2088,1765897696717,0,0,0,0,0,0,0,0
2089,1765897696902,0,0,0,0,0,0,0,0
2090,1765897697033,0,0,0,0,0,0,0,0
2091,1765897698432,0,0,0,0,0,0,0,0
2092,1765897700397,0,0,0,0,0,0,0,0
2093,1765897700398,0,0,0,0,0,0,0,0
2094,1765897700429,0,0,0,0,0,0,0,0
2095,1765897700446,0,0,0,0,0,0,0,0
2096,1765897701912,0,0,0,0,0,0,0,0
2097,1765897702045,0,0,0,0,0,0,0,0
2098,1765897702828,0,0,0,0,0,0,0,0
2099,1765897703611,0,0,0,0,0,0,0,0
2100,1765897704294,0,0,0,0,0,0,0,0
2101,1765897704443,0,0,0,0,0,0,0,0
2102,1765897705077,0,0,0,0,0,0,0,0
2103,1765897705376,0,0,0,0,0,0,0,0
2104,1765897705526,0,0,0,0,0,0,0,0
2105,1765897706892,0,0,0,0,0,0,0,0
2106,1765897706991,0,0,0,0,0,0,0,0
2107,1765897708706,0,0,0,0,0,0,0,0
2108,1765897709373,0,0,0,0,0,0,0,0
2109,1765897709490,0,0,0,0,0,0,0,0
2110,1765897711438,0,0,0,0,0,0,0,0
2111,1765897711454,0,0,0,0,0,0,0,0
2112,1765897711837,0,0,0,0,0,0,0,0
2113,1765897711920,0,0,0,0,0,0,0,0
2114,1765897712802,0,0,0,0,0,0,0,0
2115,1765897714351,0,0,0,0,0,0,0,0
2116,1765897714536,0,0,0,0,0,0,0,0
2117,1765897714701,0,0,0,0,0,0,0,0
2118,1765897717133,0,0,0,0,0,0,0,0
2119,1765897718100,0,0,0,0,0,0,0,0
2120,1765897718267,0,0,0,0,0,0,0,0
2121,1765897718365,0,0,0,0,0,0,0,0
2122,1765897719898,0,0,0,0,0,0,0,0
2123,1765897720198,0,0,0,0,0,0,0,0
2124,1765897720714,0,0,0,0,0,0,0,0
2125,1765897722562,0,0,0,0,0,0,0,0
2126,1765897722595,0,0,0,0,0,0,0,0
2127,1765897722596,0,0,0,0,0,0,0,0
2128,1765897722596,0,0,0,0,0,0,0,0
2129,1765897722861,0,0,0,0,0,0,0,0
2130,1765897724143,0,0,0,0,0,0,0,0
2131,1765897726557,0,0,0,0,0,0,0,0
2132,1765897726708,0,0,0,0,0,0,0,0
2133,1765897728390,0,0,0,0,0,0,0,0
2134,1765897728640,0,0,0,0,0,0,0,0
2135,1765897728826,0,0,0,0,0,0,0,0
2136,1765897729075,0,0,0,0,0,0,0,0
2137,1765897729224,0,0,0,0,0,0,0,0
2138,1765897730757,0,0,0,0,0,0,0,0
2139,1765897730890,0,0,0,0,0,0,0,0
2140,1765897731040,0,0,0,0,0,0,0,0
2141,1765897731489,0,0,0,0,0,0,0,0
2142,1765897731755,0,0,0,0,0,0,0,0
2143,1765897732056,0,0,0,0,0,0,0,0
2144,1765897732289,0,0,0,0,0,0,0,0
2145,1765897732571,0,0,0,0,0,0,0,0
2146,1765897734107,0,0,0,0,0,0,0,0
2147,1765897734235,0,0,0,0,0,0,0,0
2148,1765897734387,0,0,0,0,0,0,0,0
2149,1765897735801,0,0,0,0,0,0,0,0
2150,1765897737318,0,0,0,0,0,0,0,0
2151,1765897738949,0,0,0,0,0,0,0,0
2152,1765897739066,0,0,0,0,0,0,0,0
2153,1765897740532,0,0,0,0,0,0,0,0
2154,1765897741814,0,0,0,0,0,0,0,0
2155,1765897745143,0,0,0,0,0,0,0,0
2156,1765897745143,0,0,0,0,0,0,0,0
2157,1765897745877,0,0,0,0,0,0,0,0
2158,1765897746776,0,0,0,0,0,0,0,0
2159,1765897746974,0,0,0,0,0,0,0,0
2160,1765897747257,0,0,0,0,0,0,0,0
2161,1765897747491,0,0,0,0,0,0,0,0
2162,1765897748822,0,0,0,0,0,0,0,0
2163,1765897748923,0,0,0,0,0,0,0,0
2164,1765897749057,0,0,0,0,0,0,0,0
2165,1765897750472,0,0,0,0,0,0,0,0
2166,1765897750555,0,0,0,0,0,0,0,0
2167,1765897751355,0,0,0,0,0,0,0,0
2168,1765897751538,0,0,0,0,0,0,0,0
2169,1765897751822,0,0,0,0,0,0,0,0
2170,1765897752072,0,0,0,0,0,0,0,0
2171,1765897752187,0,0,0,0,0,0,0,0
2172,1765897756077,0,0,0,0,0,0,0,0
2173,1765897756084,0,0,0,0,0,0,0,0
2174,1765897756102,0,0,0,0,0,0,0,0
2175,1765897756117,0,0,0,0,0,0,0,0
2176,1765897756117,0,0,0,0,0,0,0,0
2177,1765897756134,0,0,0,0,0,0,0,0
2178,1765897757449,0,0,0,0,0,0,0,0
2179,1765897757565,0,0,0,0,0,0,0,0
2180,1765897758199,0,0,0,0,0,0,0,0
2181,1765897758481,0,0,0,0,0,0,0,0
2182,1765897759946,0,0,0,0,0,0,0,0
2183,1765897760063,0,0,0,0,0,0,0,0
2184,1765897761447,0,0,0,0,0,0,0,0
2185,1765897761547,0,0,0,0,0,0,0,0
2186,1765897764046,0,0,0,0,0,0,0,0
2187,1765897764710,0,0,0,0,0,0,0,0
2188,1765897778120,0,0,0,0,0,0,0,0
2189,1765897778149,0,0,0,0,0,0,0,0
2190,1765897780263,0,0,0,0,0,0,0,0
2191,1765897780730,0,0,0,0,0,0,0,0
2192,1765897780962,0,0,0,0,0,0,0,0
2193,1765897781080,0,0,0,0,0,0,0,0
2194,1765897781563,0,0,0,0,0,0,0,0
2195,1765897781779,0,0,0,0,0,0,0,0
2196,1765897783644,0,0,0,0,0,0,0,0
2197,1765897783761,0,0,0,0,0,0,0,0
2198,1765897785076,0,0,0,0,0,0,0,0
2199,1765897786943,0,0,0,0,0,0,0,0
2200,1765897789356,0,0,0,0,0,0,0,0
2201,1765897789439,0,0,0,0,0,0,0,0
2202,1765897790139,0,0,0,0,0,0,0,0
2203,1765897792886,0,0,0,0,0,0,0,0
2204,1765897793053,0,0,0,0,0,0,0,0
2205,1765897793168,0,0,0,0,0,0,0,0
2206,1765897794700,0,0,0,0,0,0,0,0
2207,1765897795599,0,0,0,0,0,0,0,0
2208,1765897795699,0,0,0,0,0,0,0,0
2209,1765897796484,0,0,0,0,0,0,0,0
2210,1765897798032,0,0,0,0,0,0,0,0
2211,1765897798199,0,0,0,0,0,0,0,0
2212,1765897798482,0,0,0,0,0,0,0,0
2213,1765897798748,0,0,0,0,0,0,0,0
2214,1765897798999,0,0,0,0,0,0,0,0
2215,1765897799281,0,0,0,0,0,0,0,0
2216,1765897799481,0,0,0,0,0,0,0,0
2217,1765897799630,0,0,0,0,0,0,0,0
2218,1765897799781,0,0,0,0,0,0,0,0
2219,1765897800397,0,0,0,0,0,0,0,0
2220,1765897800597,0,0,0,0,0,0,0,0
2221,1765897800798,0,0,0,0,0,0,0,0
2222,1765897801063,0,0,0,0,0,0,0,0
2223,1765897803143,0,0,0,0,0,0,0,0
2224,1765897803143,0,0,0,0,0,0,0,0
2225,1765897803144,0,0,0,0,0,0,0,0
2226,1765897803160,0,0,0,0,0,0,0,0
2227,1765897804076,0,0,0,0,0,0,0,0
2228,1765897804460,0,0,0,0,0,0,0,0
2229,1765897805010,0,0,0,0,0,0,0,0
2230,1765897805125,0,0,0,0,0,0,0,0
2231,1765897806008,0,0,0,0,0,0,0,0
2232,1765897806159,0,0,0,0,0,0,0,0
2233,1765897806258,0,0,0,0,0,0,0,0
2234,1765897806726,0,0,0,0,0,0,0,0
2235,1765897807092,0,0,0,0,0,0,0,0
2236,1765897807258,0,0,0,0,0,0,0,0
2237,1765897807724,0,0,0,0,0,0,0,0
2238,1765897809305,0,0,0,0,0,0,0,0
2239,1765897810038,0,0,0,0,0,0,0,0
2240,1765897810771,0,0,0,0,0,0,0,0
2241,1765897810905,0,0,0,0,0,0,0,0
2242,1765897811538,0,0,0,0,0,0,0,0
2243,1765897811670,0,0,0,0,0,0,0,0
2244,1765897812304,0,0,0,0,0,0,0,0
2245,1765897814217,0,0,0,0,0,0,0,0
2246,1765897814600,0,0,0,0,0,0,0,0
2247,1765897814666,0,0,0,0,0,0,0,0
2248,1765897816331,0,0,0,0,0,0,0,0
2249,1765897816532,0,0,0,0,0,0,0,0
2250,1765897818081,0,0,0,0,0,0,0,0
2251,1765897818230,0,0,0,0,0,0,0,0
2252,1765897819947,0,0,0,0,0,0,0,0
2253,1765897820080,0,0,0,0,0,0,0,0
2254,1765897820263,0,0,0,0,0,0,0,0
2255,1765897820712,0,0,0,0,0,0,0,0
2256,1765897822062,0,0,0,0,0,0,0,0
2257,1765897822195,0,0,0,0,0,0,0,0
2258,1765897823144,0,0,0,0,0,0,0,0
2259,1765897835549,0,0,0,0,0,0,0,0
2260,1765897835550,0,0,0,0,0,0,0,0
2261,1765897835566,0,0,0,0,0,0,0,0
2262,1765897835682,0,0,0,0,0,0,0,0
2263,1765897837115,0,0,0,0,0,0,0,0
2264,1765897837880,0,0,0,0,0,0,0,0
2265,1765897838380,0,0,0,0,0,0,0,0
2266,1765897838513,0,0,0,0,0,0,0,0
2267,1765897839362,0,0,0,0,0,0,0,0
2268,1765897839680,0,0,0,0,0,0,0,0
2269,1765897839962,0,0,0,0,0,0,0,0
2270,1765897840246,0,0,0,0,0,0,0,0
2271,1765897840878,0,0,0,0,0,0,0,0
2272,1765897841262,0,0,0,0,0,0,0,0
2273,1765897841412,0,0,0,0,0,0,0,0
2274,1765897843760,0,0,0,0,0,0,0,0
2275,1765897843893,0,0,0,0,0,0,0,0
2276,1765897846259,0,0,0,0,0,0,0,0
2277,1765897846358,0,0,0,0,0,0,0,0
2278,1765897848373,0,0,0,0,0,0,0,0
2279,1765897848389,0,0,0,0,0,0,0,0
2280,1765897848771,0,0,0,0,0,0,0,0
2281,1765897848921,0,0,0,0,0,0,0,0
2282,1765897849054,0,0,0,0,0,0,0,0
2283,1765897850586,0,0,0,0,0,0,0,0
2284,1765897850752,0,0,0,0,0,0,0,0
2285,1765897851004,0,0,0,0,0,0,0,0
2286,1765897851169,0,0,0,0,0,0,0,0
2287,1765897851503,0,0,0,0,0,0,0,0
2288,1765897851935,0,0,0,0,0,0,0,0
2289,1765897852052,0,0,0,0,0,0,0,0
2290,1765897852302,0,0,0,0,0,0,0,0
2291,1765897852568,0,0,0,0,0,0,0,0
2292,1765897852735,0,0,0,0,0,0,0,0
2293,1765897854418,0,0,0,0,0,0,0,0
2294,1765897855183,0,0,0,0,0,0,0,0
2295,1765897855866,0,0,0,0,0,0,0,0
2296,1765897856515,0,0,0,0,0,0,0,0
2297,1765897856881,0,0,0,0,0,0,0,0
2298,1765897857764,0,0,0,0,0,0,0,0
2299,1765897859579,0,0,0,0,0,0,0,0
2300,1765897859645,0,0,0,0,0,0,0,0
2301,1765897868022,0,0,0,0,0,0,0,0
2302,1765897868305,0,0,0,0,0,0,0,0
2303,1765897868538,0,0,0,0,0,0,0,0
2304,1765897871454,0,0,0,0,0,0,0,0
2305,1765897871919,0,0,0,0,0,0,0,0
2306,1765897874650,0,0,0,0,0,0,0,0
2307,1765897874817,0,0,0,0,0,0,0,0
2308,1765897875483,0,0,0,0,0,0,0,0
2309,1765897877964,0,0,0,0,0,0,0,0
2310,1765897879628,0,0,0,0,0,0,0,0
2311,1765897879778,0,0,0,0,0,0,0,0
2312,1765897880562,0,0,0,0,0,0,0,0
2313,1765897880727,0,0,0,0,0,0,0,0
2314,1765897885940,0,0,0,0,0,0,0,0
2315,1765897886090,0,0,0,0,0,0,0,0
2316,1765897886889,0,0,0,0,0,0,0,0
2317,1765897890204,0,0,0,0,0,0,0,0
2318,1765897890220,0,0,0,0,0,0,0,0
2319,1765897891636,0,0,0,0,0,0,0,0
2320,1765897891818,0,0,0,0,0,0,0,0
2321,1765897892185,0,0,0,0,0,0,0,0
2322,1765897892601,0,0,0,0,0,0,0,0
2323,1765897892734,0,0,0,0,0,0,0,0
2324,1765897892950,0,0,0,0,0,0,0,0
2325,1765897893435,0,0,0,0,0,0,0,0
2326,1765897893551,0,0,0,0,0,0,0,0
2327,1765897893750,0,0,0,0,0,0,0,0
2328,1765897894100,0,0,0,0,0,0,0,0
2329,1765897897315,0,0,0,0,0,0,0,0
2330,1765897898297,0,0,0,0,0,0,0,0
2331,1765897899146,0,0,0,0,0,0,0,0
2332,1765897899263,0,0,0,0,0,0,0,0
2333,1765897900129,0,0,0,0,0,0,0,0
2334,1765897902860,0,0,0,0,0,0,0,0
2335,1765897905212,0,0,0,0,0,0,0,0
2336,1765897905491,0,0,0,0,0,0,0,0
2337,1765897905624,0,0,0,0,0,0,0,0
2338,1765897909838,0,0,0,0,0,0,0,0
2339,1765897909987,0,0,0,0,0,0,0,0
2340,1765897910103,0,0,0,0,0,0,0,0
2341,1765897910753,0,0,0,0,0,0,0,0
2342,1765897911670,0,0,0,0,0,0,0,0
2343,1765897912735,0,0,0,0,0,0,0,0
2344,1765897913784,0,0,0,0,0,0,0,0
2345,1765897914050,0,0,0,0,0,0,0,0
2346,1765897914184,0,0,0,0,0,0,0,0
2347,1765897915150,0,0,0,0,0,0,0,0
2348,1765897915166,0,0,0,0,0,0,0,0
2349,1765897915665,0,0,0,0,0,0,0,0
2350,1765897915999,0,0,0,0,0,0,0,0
2351,1765897916216,0,0,0,0,0,0,0,0
2352,1765897916498,0,0,0,0,0,0,0,0
2353,1765897916748,0,0,0,0,0,0,0,0
2354,1765897917048,0,0,0,0,0,0,0,0
2355,1765897918978,0,0,0,0,0,0,0,0
2356,1765897919012,0,0,0,0,0,0,0,0
2357,1765897919045,0,0,0,0,0,0,0,0
2358,1765897919512,0,0,0,0,0,0,0,0
2359,1765897919695,0,0,0,0,0,0,0,0
2360,1765897920310,0,0,0,0,0,0,0,0
2361,1765897920643,0,0,0,0,0,0,0,0
2362,1765897920843,0,0,0,0,0,0,0,0
2363,1765897921210,0,0,0,0,0,0,0,0
2364,1765897921594,0,0,0,0,0,0,0,0
2365,1765897921759,0,0,0,0,0,0,0,0
2366,1765897921892,0,0,0,0,0,0,0,0
2367,1765897922625,0,0,0,0,0,0,0,0
2368,1765897922759,0,0,0,0,0,0,0,0
2369,1765897922875,0,0,0,0,0,0,0,0
2370,1765897923342,0,0,0,0,0,0,0,0
2371,1765897923575,0,0,0,0,0,0,0,0
2372,1765897924325,0,0,0,0,0,0,0,0
2373,1765897924425,0,0,0,0,0,0,0,0
2374,1765897924875,0,0,0,0,0,0,0,0
2375,1765897925208,0,0,0,0,0,0,0,0
2376,1765897925623,0,0,0,0,0,0,0,0
2377,1765897926057,0,0,0,0,0,0,0,0
2378,1765897926640,0,0,0,0,0,0,0,0
2379,1765897927155,0,0,0,0,0,0,0,0
2380,1765897927439,0,0,0,0,0,0,0,0
2381,1765897929998,0,0,0,0,0,0,0,0
2382,1765897930006,0,0,0,0,0,0,0,0
2383,1765897930021,0,0,0,0,0,0,0,0
2384,1765897930038,0,0,0,0,0,0,0,0
2385,1765897930038,0,0,0,0,0,0,0,0
2386,1765897930070,0,0,0,0,0,0,0,0
2387,1765897930203,0,0,0,0,0,0,0,0
2388,1765897932167,0,0,0,0,0,0,0,0
2389,1765897933003,0,0,0,0,0,0,0,0
2390,1765897933816,0,0,0,0,0,0,0,0
2391,1765897936266,0,0,0,0,0,0,0,0
2392,1765897936898,0,0,0,0,0,0,0,0
2393,1765897937864,0,0,0,0,0,0,0,0
2394,1765897938429,0,0,0,0,0,0,0,0
2395,1765897938563,0,0,0,0,0,0,0,0
2396,1765897938730,0,0,0,0,0,0,0,0
2397,1765897941161,0,0,0,0,0,0,0,0
2398,1765897941245,0,0,0,0,0,0,0,0
2399,1765897942160,0,0,0,0,0,0,0,0
2400,1765897944057,0,0,0,0,0,0,0,0
2401,1765897944074,0,0,0,0,0,0,0,0
2402,1765897944807,0,0,0,0,0,0,0,0
2403,1765897945672,0,0,0,0,0,0,0,0
2404,1765897946139,0,0,0,0,0,0,0,0
2405,1765897946539,0,0,0,0,0,0,0,0
2406,1765897948489,0,0,0,0,0,0,0,0
2407,1765897949287,0,0,0,0,0,0,0,0
2408,1765897949870,0,0,0,0,0,0,0,0
2409,1765897950103,0,0,0,0,0,0,0,0
2410,1765897950636,0,0,0,0,0,0,0,0
2411,1765897950903,0,0,0,0,0,0,0,0
2412,1765897952384,0,0,0,0,0,0,0,0
2413,1765897952935,0,0,0,0,0,0,0,0
2414,1765897953201,0,0,0,0,0,0,0,0
2415,1765897953334,0,0,0,0,0,0,0,0
2416,1765897955166,0,0,0,0,0,0,0,0
2417,1765897955214,0,0,0,0,0,0,0,0
2418,1765897957912,0,0,0,0,0,0,0,0
2419,1765897958562,0,0,0,0,0,0,0,0
2420,1765897958712,0,0,0,0,0,0,0,0
2421,1765897960477,0,0,0,0,0,0,0,0
2422,1765897961161,0,0,0,0,0,0,0,0
2423,1765897961928,0,0,0,0,0,0,0,0
2424,1765897962859,0,0,0,0,0,0,0,0
2425,1765897962992,0,0,0,0,0,0,0,0
2426,1765897963159,0,0,0,0,0,0,0,0
2427,1765897963625,0,0,0,0,0,0,0,0
2428,1765897963758,0,0,0,0,0,0,0,0
2429,1765897967040,0,0,0,0,0,0,0,0
2430,1765897968354,0,0,0,0,0,0,0,0
2431,1765897968705,0,0,0,0,0,0,0,0
2432,1765897972733,0,0,0,0,0,0,0,0
2433,1765897973283,0,0,0,0,0,0,0,0
2434,1765897973815,0,0,0,0,0,0,0,0
2435,1765897975565,0,0,0,0,0,0,0,0
2436,1765897975880,0,0,0,0,0,0,0,0
2437,1765897976364,0,0,0,0,0,0,0,0
2438,1765897976880,0,0,0,0,0,0,0,0
2439,1765897977179,0,0,0,0,0,0,0,0
2440,1765897977379,0,0,0,0,0,0,0,0
2441,1765897977979,0,0,0,0,0,0,0,0
2442,1765897978195,0,0,0,0,0,0,0,0
2443,1765897978347,0,0,0,0,0,0,0,0
2444,1765897979012,0,0,0,0,0,0,0,0
2445,1765897979163,0,0,0,0,0,0,0,0
2446,1765897979811,0,0,0,0,0,0,0,0
2447,1765897979945,0,0,0,0,0,0,0,0
2448,1765897980711,0,0,0,0,0,0,0,0
2449,1765897982276,0,0,0,0,0,0,0,0
2450,1765897983808,37008,0,0,0,0,0,0,0
2451,1765897986139,0,0,0,0,0,0,0,0
2452,1765897986305,0,0,0,0,0,0,0,0
2453,1765897986571,0,0,0,0,0,0,0,0
2454,1765897987537,0,0,0,0,0,0,0,0
2455,1765897988503,0,0,0,0,0,0,0,0
2456,1765897988637,0,0,0,0,0,0,0,0
2457,1765897989319,0,0,0,0,0,0,0,0
2458,1765897990419,0,0,0,0,0,0,0,0
2459,1765897990652,0,0,0,0,0,0,0,0
2460,1765897991236,0,0,0,0,0,0,0,0
2461,1765897991385,0,0,0,0,0,0,0,0
2462,1765897992052,0,0,0,0,0,0,0,0
2463,1765897992900,0,0,0,0,0,0,0,0
2464,1765897993450,0,0,0,0,0,0,0,0
2465,1765897994266,0,0,0,0,0,0,0,0
2466,1765897995665,0,0,0,0,0,0,0,0
2467,1765897995965,0,0,0,0,0,0,0,0
2468,1765897997679,0,0,0,0,0,0,0,0
2469,1765897997696,0,0,0,0,0,0,0,0
2470,1765897997729,0,0,0,0,0,0,0,0
2471,1765897997746,0,0,0,0,0,0,0,0
2472,1765898000760,0,0,0,0,0,0,0,0
2473,1765898000877,0,0,0,0,0,0,0,0
2474,1765898001692,0,0,0,0,0,0,0,0
2475,1765898002475,0,0,0,0,0,0,0,0
2476,1765898003292,0,0,0,0,0,0,0,0
2477,1765898003408,0,0,0,0,0,0,0,0
2478,1765898004424,0,0,0,0,0,0,0,0
2479,1765898004607,0,0,0,0,0,0,0,0
2480,1765898005307,0,0,0,0,0,0,0,0
2481,1765898006273,0,0,0,0,0,0,0,0
2482,1765898007072,0,0,0,0,0,0,0,0
2483,1765898008856,0,0,0,0,0,0,0,0
2484,1765898008871,0,0,0,0,0,0,0,0
2485,1765898008921,0,0,0,0,0,0,0,0
2486,1765898008952,0,0,0,0,0,0,0,0
2487,1765898009968,0,0,0,0,0,0,0,0
2488,1765898011001,0,0,0,0,0,0,0,0
2489,1765898011768,0,0,0,0,0,0,0,0
2490,1765898012034,0,0,0,0,0,0,0,0
2491,1765898012549,0,0,0,0,0,0,0,0
2492,1765898013350,0,0,0,0,0,0,0,0
2493,1765898013932,0,0,0,0,0,0,0,0
2494,1765898014899,0,0,0,0,0,0,0,0
2495,1765898015166,0,0,0,0,0,0,0,0
2496,1765898015897,0,0,0,0,0,0,0,0
2497,1765898017529,0,0,0,0,0,0,0,0
2498,1765898017697,0,0,0,0,0,0,0,0
2499,1765898018079,0,0,0,0,0,0,0,0
2500,1765898019882,0,0,0,0,0,0,0,0
2501,1765898019910,0,0,0,0,0,0,0,0
2502,1765898019910,24576,0,0,0,0,0,0,0
2503,1765898019927,0,0,0,0,0,0,0,0
2504,1765898019943,0,0,0,0,0,0,0,0
2505,1765898019944,0,0,0,0,0,0,0,0
2506,1765898020460,0,0,0,0,0,0,0,0
2507,1765898022141,0,0,0,0,0,0,0,0
2508,1765898026573,0,0,0,0,0,0,0,0
2509,1765898030319,0,0,0,0,0,0,0,0
2510,1765898030452,0,0,0,0,0,0,0,0
2511,1765898033616,0,0,0,0,0,0,0,0
2512,1765898034614,0,0,0,0,0,0,0,0
2513,1765898035147,0,0,0,0,0,0,0,0
2514,1765898035347,0,0,0,0,0,0,0,0
2515,1765898036279,0,0,0,0,0,0,0,0
2516,1765898037295,0,0,0,0,0,0,0,0
2517,1765898038112,0,0,0,0,0,0,0,0
2518,1765898039144,0,0,0,0,0,0,0,0
2519,1765898041925,0,0,0,0,0,0,0,0
2520,1765898042642,0,0,0,0,0,0,0,0
2521,1765898042725,0,0,0,0,0,0,0,0
2522,1765898045872,0,0,0,0,0,0,0,0
2523,1765898049187,0,0,0,0,0,0,0,0
2524,1765898049337,0,0,0,0,0,0,0,0
2525,1765898049486,0,0,0,0,0,0,0,0
2526,1765898050152,0,0,0,0,0,0,0,0
2527,1765898050285,0,0,0,0,0,0,0,0
2528,1765898050968,0,0,0,0,0,0,0,0
2529,1765898052701,0,0,0,0,0,0,0,0
2530,1765898052833,0,0,0,0,0,0,0,0
2531,1765898053000,0,0,0,0,0,0,0,0
2532,1765898053233,0,0,0,0,0,0,0,0
2533,1765898053665,0,0,0,0,0,0,0,0
2534,1765898053765,0,0,0,0,0,0,0,0
2535,1765898054381,0,0,0,0,0,0,0,0
2536,1765898056197,0,0,0,0,0,0,0,0
2537,1765898056397,0,0,0,0,0,0,0,0
2538,1765898058462,0,0,0,0,0,0,0,0
2539,1765898058512,0,0,0,0,0,0,0,0
2540,1765898059078,0,0,0,0,0,0,0,0
2541,1765898059493,0,0,0,0,0,0,0,0
2542,1765898060908,0,0,0,0,0,0,0,0
2543,1765898061875,0,0,0,0,0,0,0,0
2544,1765898061958,0,0,0,0,0,0,0,0
2545,1765898062508,0,0,0,0,0,0,0,0
2546,1765898063075,0,0,0,0,0,0,0,0
2547,1765898063224,0,0,0,0,0,0,0,0
2548,1765898063891,0,0,0,0,0,0,0,0
2549,1765898064040,0,0,0,0,0,0,0,0
2550,1765898064707,0,0,0,0,0,0,0,0
2551,1765898064823,0,0,0,0,0,0,0,0
2552,1765898065707,0,0,0,0,0,0,0,0
2553,1765898066656,0,0,0,0,0,0,0,0
2554,1765898067504,0,0,0,0,0,0,0,0
2555,1765898069835,0,0,0,0,0,0,0,0
2556,1765898069835,0,0,0,0,0,0,0,0
2557,1765898070633,0,0,0,0,0,0,0,0
2558,1765898070949,0,0,0,0,0,0,0,0
2559,1765898071650,0,0,0,0,0,0,0,0
2560,1765898071766,0,0,0,0,0,0,0,0
2561,1765898072432,0,0,0,0,0,0,0,0
2562,1765898074048,0,0,0,0,0,0,0,0
2563,1765898074530,0,0,0,0,0,0,0,0
2564,1765898074681,0,0,0,0,0,0,0,0
2565,1765898076713,0,0,0,0,0,0,0,0
2566,1765898078344,2560,0,0,0,0,0,0,0
2567,1765898079260,0,0,0,0,0,0,0,0
2568,1765898081059,0,0,0,0,0,0,0,0
2569,1765898081076,0,0,0,0,0,0,0,0
2570,1765898081109,0,0,0,0,0,0,0,0
2571,1765898081109,0,0,0,0,0,0,0,0
2572,1765898081841,0,0,0,0,0,0,0,0
2573,1765898082674,0,0,0,0,0,0,0,0
2574,1765898082690,0,0,0,0,0,0,0,0
2575,1765898083739,0,0,0,0,0,0,0,0
2576,1765898084323,0,0,0,0,0,0,0,0
2577,1765898084605,0,0,0,0,0,0,0,0
2578,1765898085304,0,0,0,0,0,0,0,0
2579,1765898085437,0,0,0,0,0,0,0,0
2580,1765898087471,0,0,0,0,0,0,0,0
2581,1765898088086,0,0,0,0,0,0,0,0
2582,1765898088636,0,0,0,0,0,0,0,0
2583,1765898089686,0,0,0,0,0,0,0,0
2584,1765898090168,0,0,0,0,0,0,0,0
2585,1765898092133,0,0,0,0,0,0,0,0
2586,1765898092167,0,0,0,0,0,0,0,0
2587,1765898092183,0,0,0,0,0,0,0,0
2588,1765898093499,0,0,0,0,0,0,0,0
2589,1765898093599,0,0,0,0,0,0,0,0
2590,1765898094447,0,0,0,0,0,0,0,0
2591,1765898094613,0,0,0,0,0,0,0,0
2592,1765898095264,0,0,0,0,0,0,0,0
2593,1765898095413,0,0,0,0,0,0,0,0
2594,1765898099011,0,0,0,0,0,0,0,0
2595,1765898103140,0,0,0,0,0,0,0,0
2596,1765898105404,0,0,0,0,0,0,0,0
2597,1765898106288,0,0,0,0,0,0,0,0
2598,1765898107537,0,0,0,0,0,0,0,0
2599,1765898107719,0,0,0,0,0,0,0,0
2600,1765898108670,0,0,0,0,0,0,0,0
2601,1765898109368,0,0,0,0,0,0,0,0
2602,1765898110401,0,0,0,0,0,0,0,0
2603,1765898110534,0,0,0,0,0,0,0,0
2604,1765898111400,0,0,0,0,0,0,0,0
2605,1765898112416,0,0,0,0,0,0,0,0
2606,1765898116128,0,0,0,0,0,0,0,0
2607,1765898116794,0,0,0,0,0,0,0,0
2608,1765898117428,0,0,0,0,0,0,0,0
2609,1765898117561,0,0,0,0,0,0,0,0
2610,1765898117944,0,0,0,0,0,0,0,0
2611,1765898118194,0,0,0,0,0,0,0,0
2612,1765898118327,0,0,0,0,0,0,0,0
2613,1765898118462,0,0,0,0,0,0,0,0
2614,1765898119161,0,0,0,0,0,0,0,0
2615,1765898119343,0,0,0,0,0,0,0,0
2616,1765898119459,0,0,0,0,0,0,0,0
2617,1765898120127,0,0,0,0,0,0,0,0
2618,1765898120309,0,0,0,0,0,0,0,0
2619,1765898123773,0,0,0,0,0,0,0,0
2620,1765898126105,0,0,0,0,0,0,0,0
2621,1765898126121,0,0,0,0,0,0,0,0
2622,1765898126122,0,0,0,0,0,0,0,0
2623,1765898126122,0,0,0,0,0,0,0,0
2624,1765898126171,0,0,0,0,0,0,0,0
2625,1765898127336,0,0,0,0,0,0,0,0
2626,1765898128469,0,0,0,0,0,0,0,0
2627,1765898132582,0,0,0,0,0,0,0,0
2628,1765898134430,0,0,0,0,0,0,0,0
2629,1765898135247,0,0,0,0,0,0,0,0
2630,1765898136146,0,0,0,0,0,0,0,0
2631,1765898136312,0,0,0,0,0,0,0,0
2632,1765898136929,0,0,0,0,0,0,0,0
2633,1765898137128,0,0,0,0,0,0,0,0
2634,1765898137761,0,0,0,0,0,0,0,0
2635,1765898137894,0,0,0,0,0,0,0,0
2636,1765898138661,0,0,0,0,0,0,0,0
2637,1765898138828,0,0,0,0,0,0,0,0
2638,1765898140759,0,0,0,0,0,0,0,0
2639,1765898140792,0,0,0,0,0,0,0,0
2640,1765898141841,0,0,0,0,0,0,0,0
2641,1765898142040,0,0,0,0,0,0,0,0
2642,1765898142324,0,0,0,0,0,0,0,0
2643,1765898142524,0,0,0,0,0,0,0,0
2644,1765898142672,0,0,0,0,0,0,0,0
2645,1765898143139,0,0,0,0,0,0,0,0
2646,1765898143355,0,0,0,0,0,0,0,0
2647,1765898143524,0,0,0,0,0,0,0,0
2648,1765898143689,0,0,0,0,0,0,0,0
2649,1765898144471,0,0,0,0,0,0,0,0
2650,1765898145171,0,0,0,0,0,0,0,0
2651,1765898145404,0,0,0,0,0,0,0,0
2652,1765898145704,0,0,0,0,0,0,0,0
2653,1765898145987,0,0,0,0,0,0,0,0
2654,1765898147020,0,0,0,0,0,0,0,0
2655,1765898147620,0,0,0,0,0,0,0,0
2656,1765898147819,0,0,0,0,0,0,0,0
2657,1765898148103,0,0,0,0,0,0,0,0
2658,1765898148269,0,0,0,0,0,0,0,0
2659,1765898148402,0,0,0,0,0,0,0,0
2660,1765898149936,0,0,0,0,0,0,0,0
2661,1765898150102,0,0,0,0,0,0,0,0
2662,1765898152066,0,0,0,0,0,0,0,0
2663,1765898152399,0,0,0,0,0,0,0,0
2664,1765898152482,0,0,0,0,0,0,0,0
2665,1765898153148,0,0,0,0,0,0,0,0
2666,1765898153248,0,0,0,0,0,0,0,0
2667,1765898153480,0,0,0,0,0,0,0,0
2668,1765898154796,0,0,0,0,0,0,0,0
2669,1765898155097,0,0,0,0,0,0,0,0
2670,1765898155313,0,0,0,0,0,0,0,0
2671,1765898156927,0,0,0,0,0,0,0,0
2672,1765898156978,0,0,0,0,0,0,0,0
2673,1765898157827,0,0,0,0,0,0,0,0
2674,1765898160427,0,0,0,0,0,0,0,0
2675,1765898160609,0,0,0,0,0,0,0,0
2676,1765898163475,0,0,0,0,0,0,0,0
2677,1765898163506,0,0,0,0,0,0,0,0
2678,1765898163539,0,0,0,0,0,0,0,0
2679,1765898164171,0,0,0,0,0,0,0,0
2680,1765898164288,0,0,0,0,0,0,0,0
2681,1765898164438,0,0,0,0,0,0,0,0
2682,1765898164654,0,0,0,0,0,0,0,0
2683,1765898164954,0,0,0,0,0,0,0,0
2684,1765898165203,0,0,0,0,0,0,0,0
2685,1765898166735,0,0,0,0,0,0,0,0
2686,1765898167319,0,0,0,0,0,0,0,0
2687,1765898167502,0,0,0,0,0,0,0,0
2688,1765898168087,0,0,0,0,0,0,0,0
2689,1765898168268,0,0,0,0,0,0,0,0
2690,1765898168535,0,0,0,0,0,0,0,0
2691,1765898169102,0,0,0,0,0,0,0,0
2692,1765898169650,0,0,0,0,0,0,0,0
2693,1765898169986,0,0,0,0,0,0,0,0
2694,1765898170751,0,0,0,0,0,0,0,0
2695,1765898172316,0,0,0,0,0,0,0,0
2696,1765898173131,0,0,0,0,0,0,0,0
2697,1765898175247,0,0,0,0,0,0,0,0
2698,1765898175248,0,0,0,0,0,0,0,0
2699,1765898175278,0,0,0,0,0,0,0,0
2700,1765898175581,0,0,0,0,0,0,0,0
2701,1765898175678,0,0,0,0,0,0,0,0
2702,1765898176311,0,0,0,0,0,0,0,0
2703,1765898176510,0,0,0,0,0,0,0,0
2704,1765898178110,0,0,0,0,0,0,0,0
2705,1765898178576,0,0,0,0,0,0,0,0
2706,1765898178859,0,0,0,0,0,0,0,0
2707,1765898179010,0,0,0,0,0,0,0,0
2708,1765898182042,0,0,0,0,0,0,0,0
2709,1765898182173,0,0,0,0,0,0,0,0
2710,1765898182906,0,0,0,0,0,0,0,0
2711,1765898184055,0,0,0,0,0,0,0,0
2712,1765898184206,0,0,0,0,0,0,0,0
2713,1765898186670,0,0,0,0,0,0,0,0
2714,1765898187352,0,0,0,0,0,0,0,0
2715,1765898187485,0,0,0,0,0,0,0,0
2716,1765898188318,0,0,0,0,0,0,0,0
2717,1765898189133,0,0,0,0,0,0,0,0
2718,1765898189283,0,0,0,0,0,0,0,0
2719,1765898189434,0,0,0,0,0,0,0,0
2720,1765898644000,0,0,0,0,0,0,0,0
2721,1765898644218,0,0,0,0,0,0,0,0
2722,1765898644434,0,0,0,0,0,0,0,0
2723,1765898645516,0,0,0,0,0,0,0,0
2724,1765898645749,0,0,0,0,0,0,0,0
2725,1765898645999,0,0,0,0,0,0,0,0
2726,1765898646232,0,0,0,0,0,0,0,0
2727,1765898646665,0,0,0,0,0,0,0,0
2728,1765898648164,0,0,0,0,0,0,0,0
2729,1765898649763,0,0,0,0,0,0,0,0
2730,1765898649879,0,0,0,0,0,0,0,0
2731,1765898650561,0,0,0,0,0,0,0,0
2732,1765898650678,0,0,0,0,0,0,0,0
