index,TEMPERATURE,1,2,3,4,5,6,7
0,-196,0,0,0,0,0,0,0
1,-196,0,0,0,0,0,0,0
2,-196,0,-1,0,0,0,0,0
3,-201,0,0,0,0,0,0,0
4,-194,0,0,0,0,0,0,0
5,-194,0,0,0,0,0,0,0
6,-199,0,0,0,0,0,0,0
7,-194,-8,0,0,0,0,0,0
8,-198,0,0,0,0,0,0,0
9,-199,0,0,0,0,0,0,0
10,-198,0,0,0,0,0,0,0
11,-190,-8,0,0,0,0,0,0
12,-194,0,12,0,0,0,0,0
13,-199,0,-10,0,0,0,0,0
14,-198,0,0,0,0,0,0,0
15,-196,-7,0,0,0,0,0,0
16,-198,0,0,0,0,0,0,0
17,-196,8082,-289,0,0,0,0,0
18,-199,0,0,0,0,0,0,0
19,-198,0,0,0,0,0,0,0
20,-194,0,0,0,0,0,0,0
21,-190,0,0,0,0,0,0,0
22,-192,0,0,0,0,0,0,0
23,-197,0,0,0,0,0,0,0
24,-198,0,0,0,0,0,0,0
25,-196,0,1,0,0,0,0,0
26,-198,-8,-1,0,0,0,0,0
27,-192,0,0,0,0,0,0,0
28,-198,-7,-1,0,0,0,0,0
29,-186,0,0,0,0,0,0,0
30,-196,-8,0,0,0,0,0,0
31,-196,0,0,0,0,0,0,0
32,-190,0,0,0,0,0,0,0
33,-190,0,0,0,0,0,0,0
34,-190,0,-1,0,0,0,0,0
35,-188,0,0,0,0,0,0,0
36,-193,-7,0,0,0,0,0,0
37,-196,0,0,0,0,0,0,0
38,-194,0,0,0,0,0,0,0
39,-194,0,0,0,0,0,0,0
40,-194,-8,0,0,0,0,0,0
41,-192,0,0,0,0,0,0,0
42,-190,0,0,0,0,0,0,0
43,-194,0,0,0,0,0,0,0
44,-194,-9,0,0,0,0,0,0
45,-188,0,0,0,0,0,0,0
46,-186,-8,-1,0,0,0,0,0
47,-190,0,0,0,0,0,0,0
48,-186,0,-1,0,0,0,0,0
49,-194,0,-1,0,0,0,0,0
50,-192,0,0,0,0,0,0,0
51,-190,0,0,0,0,0,0,0
52,-191,-7,1,0,0,0,0,0
53,-192,0,0,0,0,0,0,0
54,-186,-7,1,0,0,0,0,0
55,-188,0,0,0,0,0,0,0
56,-196,-7,0,0,0,0,0,0
57,-190,0,0,0,0,0,0,0
58,-194,0,0,0,0,0,0,0
59,-198,-7,-1,0,0,0,0,0
60,-192,0,0,0,0,0,0,0
61,-190,-7,0,0,0,0,0,0
62,-184,-7,-1,0,0,0,0,0
63,-198,0,0,0,0,0,0,0
64,-188,0,0,0,0,0,0,0
65,-186,0,-270,0,0,0,0,0
66,-192,0,0,0,0,0,0,0
67,-188,0,0,0,0,0,0,0
68,-181,0,0,0,0,0,0,0
69,-184,-7,0,0,0,0,0,0
70,-192,0,0,0,0,0,0,0
71,-192,0,-1,0,0,0,0,0
72,-184,-8,0,0,0,0,0,0
73,-190,0,0,0,0,0,0,0
74,-186,-7,-1,0,0,0,0,0
75,-188,0,0,0,0,0,0,0
76,-192,-9,-1,0,0,0,0,0
77,-196,0,0,0,0,0,0,0
78,-196,0,0,0,0,0,0,0
79,-192,0,0,0,0,0,0,0
80,-184,0,0,0,0,0,0,0
81,-179,0,0,0,0,0,0,0
82,-188,0,0,0,0,0,0,0
83,-179,0,0,0,0,0,0,0
84,-190,0,0,0,0,0,0,0
85,-186,0,-1,0,0,0,0,0
86,-188,0,0,0,0,0,0,0
87,-188,-7,0,0,0,0,0,0
88,-188,0,0,0,0,0,0,0
89,-177,-8,0,0,0,0,0,0
90,-188,0,0,0,0,0,0,0
91,-184,-7,-1,0,0,0,0,0
92,-188,0,0,0,0,0,0,0
93,-181,-8,-1,0,0,0,0,0
94,-190,-8,-1,0,0,0,0,0
95,-184,0,0,0,0,0,0,0
96,-192,0,-1,0,0,0,0,0
97,-144,0,0,0,0,0,0,0
98,-153,0,0,0,0,0,0,0
99,-153,0,0,0,0,0,0,0
100,-161,0,0,0,0,0,0,0
101,-163,0,0,0,0,0,0,0
102,-155,0,0,0,0,0,0,0
103,-148,0,-1,0,0,0,0,0
104,-163,0,0,0,0,0,0,0
105,-151,0,-1,0,0,0,0,0
106,-155,0,0,0,0,0,0,0
107,-148,0,0,0,0,0,0,0
108,-148,0,0,0,0,0,0,0
109,-157,0,0,0,0,0,0,0
110,-146,0,0,0,0,0,0,0
111,-153,-8,-1,0,0,0,0,0
112,-142,0,0,0,0,0,0,0
113,-162,0,0,0,0,0,0,0
114,-151,0,0,0,0,0,0,0
115,-153,0,0,0,0,0,0,0
116,-138,0,0,0,0,0,0,0
117,-159,0,0,0,0,0,0,0
118,-153,0,0,0,0,0,0,0
119,-148,0,0,0,0,0,0,0
120,-159,0,0,0,0,0,0,0
121,-159,0,0,0,0,0,0,0
122,-153,0,0,0,0,0,0,0
123,-157,0,0,0,0,0,0,0
124,-157,-6,-1,0,0,0,0,0
125,-159,0,0,0,0,0,0,0
126,-155,-8,0,0,0,0,0,0
127,-146,0,0,0,0,0,0,0
128,-159,0,0,0,0,0,0,0
129,-157,0,0,0,0,0,0,0
130,-148,0,0,0,0,0,0,0
131,-161,0,0,0,0,0,0,0
132,-148,0,0,0,0,0,0,0
133,-148,0,0,0,0,0,0,0
134,-153,-8,-1,0,0,0,0,0
135,-162,0,0,0,0,0,0,0
136,-146,0,0,0,0,0,0,0
137,-148,-7,-1,0,0,0,0,0
138,-148,0,0,0,0,0,0,0
139,-146,-8,0,0,0,0,0,0
140,-157,0,2,0,0,0,0,0
141,-155,0,0,0,0,0,0,0
142,-157,0,167,0,0,0,0,0
143,-153,0,-2,0,0,0,0,0
144,-157,0,0,0,0,0,0,0
145,-155,-7,0,0,0,0,0,0
146,-167,0,0,0,0,0,0,0
147,-148,-7,-1,0,0,0,0,0
148,-148,0,0,0,0,0,0,0
149,-161,-8,-1,0,0,0,0,0
150,-140,0,0,0,0,0,0,0
151,-144,0,0,0,0,0,0,0
152,-153,0,0,0,0,0,0,0
153,-148,0,0,0,0,0,0,0
154,-142,0,0,0,0,0,0,0
155,-153,0,0,0,0,0,0,0
156,-144,0,0,0,0,0,0,0
157,-153,0,0,0,0,0,0,0
158,-155,0,0,0,0,0,0,0
159,-140,-9,0,0,0,0,0,0
160,-151,0,2,0,0,0,0,0
161,-157,-9,0,0,0,0,0,0
162,-153,0,167,0,0,0,0,0
163,-136,0,0,0,0,0,0,0
164,-155,0,0,0,0,0,0,0
165,-142,0,-1,0,0,0,0,0
166,-161,-7,-1,0,0,0,0,0
167,-155,0,194,0,0,0,0,0
168,-148,-7,0,0,0,0,0,0
169,-155,0,0,0,0,0,0,0
170,-148,0,1,0,0,0,0,0
171,-142,0,0,0,0,0,0,0
172,-163,0,-1,0,0,0,0,0
173,-148,0,0,0,0,0,0,0
174,-153,-7,-1,0,0,0,0,0
175,-146,0,0,0,0,0,0,0
176,-144,0,0,0,0,0,0,0
177,-144,0,0,0,0,0,0,0
178,-144,-6,0,0,0,0,0,0
179,-155,-7,0,0,0,0,0,0
180,-155,0,201,0,0,0,0,0
181,-151,0,-1,0,0,0,0,0
182,-138,0,0,0,0,0,0,0
183,-148,0,-1,0,0,0,0,0
184,-146,0,2,0,0,0,0,0
185,-140,0,0,0,0,0,0,0
186,-142,0,0,0,0,0,0,0
187,-157,-6,0,0,0,0,0,0
188,-146,0,0,0,0,0,0,0
189,-142,-10,-1,0,0,0,0,0
190,-140,0,0,0,0,0,0,0
191,-140,0,0,0,0,0,0,0
192,-153,0,0,0,0,0,0,0
193,-142,-9,0,0,0,0,0,0
194,-151,0,0,0,0,0,0,0
195,-155,0,0,0,0,0,0,0
196,-148,-8,0,0,0,0,0,0
197,-151,0,201,0,0,0,0,0
198,-144,-8,0,0,0,0,0,0
199,-148,0,0,0,0,0,0,0
200,-146,0,-1,0,0,0,0,0
201,-146,0,2,0,0,0,0,0
202,-144,0,-1,0,0,0,0,0
203,-138,0,0,0,0,0,0,0
204,-151,-9,-1,0,0,0,0,0
205,-146,0,0,0,0,0,0,0
206,-144,-6,-1,0,0,0,0,0
207,-144,10,0,0,0,0,0,0
208,-135,0,0,0,0,0,0,0
209,-146,0,0,0,0,0,0,0
210,-139,0,0,0,0,0,0,0
211,-142,-9,-1,0,0,0,0,0
212,-146,-8,0,0,0,0,0,0
213,-153,0,0,0,0,0,0,0
214,-144,-9,0,0,0,0,0,0
215,-144,0,-1,0,0,0,0,0
216,-140,0,221,0,0,0,0,0
217,-142,0,0,0,0,0,0,0
218,-140,0,0,0,0,0,0,0
219,-140,0,255,0,0,0,0,0
220,-151,4,0,0,0,0,0,0
221,-136,-8,-1,0,0,0,0,0
222,-140,10,0,0,0,0,0,0
223,-151,0,0,0,0,0,0,0
224,-140,0,0,0,0,0,0,0
225,-140,0,0,0,0,0,0,0
226,-141,-8,-1,0,0,0,0,0
227,-146,-8,-256,0,0,0,0,0
228,-135,0,0,0,0,0,0,0
229,-140,-8,0,0,0,0,0,0
230,-142,0,221,0,0,0,0,0
231,-140,-6,-1,0,0,0,0,0
232,-142,0,0,0,0,0,0,0
233,-140,0,0,0,0,0,0,0
234,-135,0,0,0,0,0,0,0
235,-144,0,0,0,0,0,0,0
236,-142,10,0,0,0,0,0,0
237,-148,0,1,0,0,0,0,0
238,-142,0,0,0,0,0,0,0
239,-142,0,0,0,0,0,0,0
240,-140,0,0,0,0,0,0,0
241,-140,0,0,0,0,0,0,0
242,-142,-6,0,0,0,0,0,0
243,-153,0,251,0,0,0,0,0
244,-140,0,0,0,0,0,0,0
245,-138,0,0,0,0,0,0,0
246,-142,0,1,0,0,0,0,0
247,-133,0,242,0,0,0,0,0
248,-142,0,0,0,0,0,0,0
249,-136,0,0,0,0,0,0,0
250,-142,0,-1,0,0,0,0,0
251,-138,4,0,0,0,0,0,0
252,-138,0,0,0,0,0,0,0
253,-138,0,0,0,0,0,0,0
254,-135,0,0,0,0,0,0,0
255,-136,0,-1,0,0,0,0,0
256,-146,0,2,0,0,0,0,0
257,-132,-8,-1,0,0,0,0,0
258,-136,0,0,0,0,0,0,0
259,-136,-8,-1,0,0,0,0,0
260,-133,0,2,0,0,0,0,0
261,-148,-6,0,0,0,0,0,0
262,-150,-8,-1,0,0,0,0,0
263,-131,0,0,0,0,0,0,0
264,-146,0,-2,0,0,0,0,0
265,-133,10,0,0,0,0,0,0
266,-136,-8,-1,0,0,0,0,0
267,-135,-6,-1,0,0,0,0,0
268,-142,0,2,0,0,0,0,0
269,-146,-8,-1,0,0,0,0,0
270,-130,-8,0,0,0,0,0,0
271,-140,0,259,0,0,0,0,0
272,-146,-7,2,0,0,0,0,0
273,-140,0,0,0,0,0,0,0
274,-142,0,-1,0,0,0,0,0
275,-135,0,1,0,0,0,0,0
276,-138,0,0,0,0,0,0,0
277,-134,0,-1,0,0,0,0,0
278,-135,0,2,0,0,0,0,0
279,-133,0,1,0,0,0,0,0
280,-135,0,0,0,0,0,0,0
281,-140,0,-2,0,0,0,0,0
282,-138,0,2,0,0,0,0,0
283,-137,0,0,0,0,0,0,0
284,-134,0,0,0,0,0,0,0
285,-140,0,0,0,0,0,0,0
286,-137,0,0,0,0,0,0,0
287,-135,-8,0,0,0,0,0,0
288,-137,0,0,0,0,0,0,0
289,-136,0,-1,0,0,0,0,0
290,-138,0,0,0,0,0,0,0
291,-137,-8,1,0,0,0,0,0
292,-134,0,0,0,0,0,0,0
293,-137,0,-1,0,0,0,0,0
294,-136,-11,0,0,0,0,0,0
295,-138,0,-1,0,0,0,0,0
296,-142,0,259,0,0,0,0,0
297,-138,-10,3,0,0,0,0,0
298,-136,0,0,0,0,0,0,0
299,-134,0,-5,0,0,0,0,0
300,-139,0,273,0,0,0,0,0
301,-137,-7,2,0,0,0,0,0
302,-134,0,0,0,0,0,0,0
303,-135,0,-4,0,0,0,0,0
304,-135,0,0,0,0,0,0,0
305,-135,-7,2,0,0,0,0,0
306,-140,0,2,0,0,0,0,0
307,-135,0,2,0,0,0,0,0
308,-131,0,0,0,0,0,0,0
309,-136,0,284,0,0,0,0,0
310,-132,0,284,0,0,0,0,0
311,-138,0,-288,0,0,0,0,0
312,-136,0,0,0,0,0,0,0
313,-134,0,0,0,0,0,0,0
314,-131,0,0,0,0,0,0,0
315,-132,-7,-1,0,0,0,0,0
316,-129,0,0,0,0,0,0,0
317,-142,0,0,0,0,0,0,0
318,-134,0,0,0,0,0,0,0
319,-132,-6,-1,0,0,0,0,0
320,-133,0,0,0,0,0,0,0
321,-134,0,1,0,0,0,0,0
322,-130,0,0,0,0,0,0,0
323,-138,4,0,0,0,0,0,0
324,-133,0,0,0,0,0,0,0
325,-132,0,0,0,0,0,0,0
326,-132,0,0,0,0,0,0,0
327,-130,0,284,0,0,0,0,0
328,-130,-7,-1,0,0,0,0,0
329,-128,0,2,0,0,0,0,0
330,-135,8065,-286,0,0,0,0,0
331,-130,-7,0,0,0,0,0,0
332,-124,0,296,0,0,0,0,0
333,-133,-9,0,0,0,0,0,0
334,-128,0,0,0,0,0,0,0
335,-130,0,0,0,0,0,0,0
336,-128,0,-1,0,0,0,0,0
337,-124,0,0,0,0,0,0,0
338,-126,-8,-1,0,0,0,0,0
339,-118,0,0,0,0,0,0,0
340,-122,0,0,0,0,0,0,0
341,-124,0,0,0,0,0,0,0
342,-122,0,0,0,0,0,0,0
343,-120,0,0,0,0,0,0,0
344,-128,0,427,0,0,0,0,0
345,-122,-7,0,0,0,0,0,0
346,-126,10,3,0,0,0,0,0
347,-128,-7,-1,0,0,0,0,0
348,-124,0,66,58,0,0,0,0
349,-126,0,0,0,0,0,0,0
350,-126,0,61,52,0,0,0,0
351,-126,-8,0,0,0,0,0,0
352,-130,0,55,48,0,0,0,0
353,-128,0,0,0,0,0,0,0
354,-120,0,312,0,0,0,0,0
355,-124,-3,0,0,0,0,0,0
356,-120,-7,0,0,0,0,0,0
357,-118,0,0,0,0,0,0,0
358,-122,0,0,610,0,0,0,0
359,-113,-8,-1,0,0,0,0,0
360,-107,0,2,0,0,0,0,0
361,-120,0,-1,0,0,0,0,0
362,-126,0,328,0,0,0,0,0
363,-113,-8,0,0,0,0,0,0
364,-128,0,0,0,0,0,0,0
365,-118,-2,0,0,0,0,0,0
366,-124,0,0,0,0,0,0,0
367,-118,0,0,0,0,0,0,0
368,-118,0,0,0,0,0,0,0
369,-122,0,0,0,0,0,0,0
370,-120,0,1,0,0,0,0,0
371,-111,0,0,0,0,0,0,0
372,-120,0,0,0,0,0,0,0
373,-120,0,473,0,0,0,0,0
374,-122,0,0,0,0,0,0,0
375,-124,0,483,0,0,0,0,0
376,-130,8,-1,0,0,0,0,0
377,-111,10,5,0,0,0,0,0
378,-120,8,1,0,0,0,0,0
379,-120,5,484,484,0,0,0,0
380,-130,0,0,0,0,0,0,0
381,-120,5,485,485,0,0,0,0
382,-128,15,1,0,0,0,0,0
383,-122,0,63,58,0,0,0,0
384,-115,0,-4,0,0,0,0,0
385,-122,0,68,68,0,0,0,0
386,-111,0,-4,0,0,0,0,0
387,-126,0,316,0,0,0,0,0
388,-120,0,-5,0,0,0,0,0
389,-122,-3,2,0,0,0,0,0
390,-122,0,2,0,0,0,0,0
391,-124,-14,5,0,0,0,0,0
392,-128,0,6,0,0,0,0,0
393,-118,-10,-3,0,0,0,0,0
394,-118,0,332,0,0,0,0,0
395,-124,-16,-9,0,0,0,0,0
396,-132,-31,-5,0,0,0,0,0
397,-113,0,2,0,0,0,0,0
398,-126,-30,17,0,0,0,0,0
399,-115,0,0,0,0,0,0,0
400,-118,0,0,0,0,0,0,0
401,-115,0,0,0,0,0,0,0
402,-118,-55,-5,0,0,0,0,0
403,-115,0,0,0,0,0,0,0
404,-111,0,0,0,0,0,0,0
405,-120,0,0,0,0,0,0,0
406,-115,0,0,0,0,0,0,0
407,-113,0,0,0,0,0,0,0
408,-126,0,514,0,0,0,0,0
409,-107,-78,-20,0,0,0,0,0
410,-113,10,14,0,0,0,0,0
411,-113,0,3,0,0,0,0,0
412,-118,5,513,513,0,0,0,0
413,-109,0,16,0,0,0,0,0
414,-122,0,0,0,0,0,0,0
415,-122,0,335,303,0,0,0,0
416,-120,-86,0,0,0,0,0,0
417,-113,0,358,327,0,0,0,0
418,-111,0,7,0,0,0,0,0
419,-118,0,374,343,0,0,0,0
420,-122,-78,-27,0,0,0,0,0
421,-118,0,392,358,0,0,0,0
422,-122,0,1,0,0,0,0,0
423,-118,0,409,374,0,0,0,0
424,-120,-116,-3,0,0,0,0,0
425,-103,0,426,389,0,0,0,0
426,-107,0,-4,0,0,0,0,0
427,-120,547,0,1057,0,0,0,0
428,-113,-87,14,0,0,0,0,0
429,-115,0,324,0,0,0,0,0
430,-118,-89,-4,0,0,0,0,0
431,-118,0,-3,0,0,0,0,0
432,-115,-80,-20,0,0,0,0,0
433,-111,0,7,0,0,0,0,0
434,-120,-80,-8,0,0,0,0,0
435,-124,0,336,0,0,0,0,0
436,-109,0,-5,0,0,0,0,0
437,-105,0,3,1042,0,0,0,0
438,-120,-59,3,0,0,0,0,0
439,-113,525,3,1043,0,0,0,0
440,-126,0,-12,0,0,0,0,0
441,-115,0,336,0,0,0,0,0
442,-115,0,-412,0,0,0,0,0
443,-109,533,4,1028,0,0,0,0
444,-115,0,8,0,0,0,0,0
445,-113,-50,-24,0,0,0,0,0
446,-118,0,2,0,0,0,0,0
447,-105,0,8,0,0,0,0,0
448,-113,-50,-6,0,0,0,0,0
449,-117,0,-29,0,0,0,0,0
450,-109,-16,1,0,0,0,0,0
451,-111,0,2,0,0,0,0,0
452,-118,0,0,0,0,0,0,0
453,-113,0,-4,0,0,0,0,0
454,-113,0,340,0,0,0,0,0
455,-118,0,340,0,0,0,0,0
456,-109,-20,25,0,0,0,0,0
457,-115,0,2,11,0,0,0,0
458,-113,9,17,0,0,0,0,0
459,-122,0,340,0,0,0,0,0
460,-103,0,8,0,0,0,0,0
461,-113,19,-2,0,0,0,0,0
462,-113,0,340,0,0,0,0,0
463,-102,0,3,0,0,0,0,0
464,-111,0,5,0,0,0,0,0
465,-105,0,0,0,0,0,0,0
466,-107,0,4,0,0,0,0,0
467,-118,-13,-5,0,0,0,0,0
468,-103,0,0,0,0,0,0,0
469,-113,0,7,0,0,0,0,0
470,-115,0,0,0,0,0,0,0
471,-115,0,-4,0,0,0,0,0
472,-103,0,340,0,0,0,0,0
473,-107,0,-39,0,0,0,0,0
474,-102,0,0,1005,0,0,0,0
475,-113,-9,4,0,0,0,0,0
476,-106,0,0,0,0,0,0,0
477,-109,0,0,0,0,0,0,0
478,-103,0,0,0,0,0,0,0
479,-111,0,0,0,0,0,0,0
480,-111,1,4,0,0,0,0,0
481,-118,0,243,344,0,0,0,0
482,-112,0,2,0,0,0,0,0
483,-109,0,229,314,0,0,0,0
484,-111,17,5,0,0,0,0,0
485,-98,0,222,281,0,0,0,0
486,-117,0,4,0,0,0,0,0
487,-111,0,219,268,0,0,0,0
488,-113,0,1,968,0,0,0,0
489,-101,12,2,0,0,0,0,0
490,-109,0,0,1024,0,0,0,0
491,-113,19,21,0,0,0,0,0
492,-109,0,332,0,0,0,0,0
493,-103,0,2,0,0,0,0,0
494,-109,0,-14,0,0,0,0,0
495,-101,48,4,0,0,0,0,0
496,-110,0,0,0,0,0,0,0
497,-120,44,-8,0,0,0,0,0
498,-102,632,2,1085,0,0,0,0
499,-109,0,9,0,0,0,0,0
500,-111,0,2,1097,0,0,0,0
501,-115,35,18,0,0,0,0,0
502,-111,0,0,0,0,0,0,0
503,-111,0,19,0,0,0,0,0
504,-109,0,2,0,0,0,0,0
505,-107,0,5,0,0,0,0,0
506,-106,0,0,0,0,0,0,0
507,-102,21,15,0,0,0,0,0
508,-105,0,0,0,0,0,0,0
509,-107,0,0,0,0,0,0,0
510,-113,0,500,0,0,0,0,0
511,-104,0,44,0,0,0,0,0
512,-109,10,90,0,0,0,0,0
513,-106,0,0,0,0,0,0,0
514,-109,0,-22,0,0,0,0,0
515,-111,0,0,0,0,0,0,0
516,-109,42,6,0,0,0,0,0
517,-105,0,566,581,0,0,0,0
518,-109,0,577,593,0,0,0,0
519,-100,0,591,605,0,0,0,0
520,-109,0,-24,0,0,0,0,0
521,-103,0,606,620,0,0,0,0
522,-106,0,-33,0,0,0,0,0
523,-113,0,641,653,0,0,0,0
524,-102,477,0,1056,0,0,0,0
525,-106,475,0,1054,0,0,0,0
526,-111,0,2,0,0,0,0,0
527,-105,0,-19,0,0,0,0,0
528,-100,-7,0,397,0,0,0,0
529,-107,-7,0,397,0,0,0,0
530,-100,0,351,0,0,0,0,0
531,-95,0,490,628,0,0,0,0
532,-95,0,24,0,0,0,0,0
533,-97,5,794,794,0,0,0,0
534,-101,0,13,0,0,0,0,0
535,-89,0,790,0,0,0,0,0
536,-82,0,0,0,0,0,0,0
537,-99,0,0,0,0,0,0,0
538,-93,0,0,0,0,0,0,0
539,-97,303,-5,0,0,0,0,0
540,-91,316,0,0,0,0,0,0
541,-93,0,360,0,0,0,0,0
542,-91,296,11,0,0,0,0,0
543,-95,0,2,0,0,0,0,0
544,-85,0,0,0,0,0,0,0
545,-76,0,0,0,0,0,0,0
546,-82,0,165,0,0,0,0,0
547,-82,0,0,0,0,0,0,0
548,-97,0,-3,0,0,0,0,0
549,-91,0,2,0,0,0,0,0
550,-89,261,1,0,0,0,0,0
551,-80,0,0,0,0,0,0,0
552,-85,0,12,0,0,0,0,0
553,-82,221,2,0,0,0,0,0
554,-93,0,0,0,0,0,0,0
555,-97,0,0,0,0,0,0,0
556,-82,0,0,0,0,0,0,0
557,-93,158,-2,0,0,0,0,0
558,-78,0,0,0,0,0,0,0
559,-91,0,793,0,0,0,0,0
560,-99,0,0,0,0,0,0,0
561,-87,10,336,0,0,0,0,0
562,-93,0,9,0,0,0,0,0
563,-91,10,337,0,0,0,0,0
564,-85,73,-2,0,0,0,0,0
565,-91,0,513,593,0,0,0,0
566,-87,0,-1,0,0,0,0,0
567,-82,0,522,590,0,0,0,0
568,-91,54,-18,0,0,0,0,0
569,-97,0,526,587,0,0,0,0
570,-89,0,0,0,0,0,0,0
571,-95,0,531,586,0,0,0,0
572,-93,81,5,0,0,0,0,0
573,-87,0,534,586,0,0,0,0
574,-91,67,10,0,0,0,0,0
575,-85,5,793,793,0,0,0,0
576,-82,60,11,0,0,0,0,0
577,-101,0,543,586,0,0,0,0
578,-93,0,-7,0,0,0,0,0
579,-85,114,-7,0,0,0,0,0
580,-89,0,351,0,0,0,0,0
581,-80,125,-20,0,0,0,0,0
582,-89,0,2,0,0,0,0,0
583,-95,0,32,0,0,0,0,0
584,-93,79,10,0,0,0,0,0
585,-87,0,0,0,0,0,0,0
586,-80,0,251,0,0,0,0,0
587,-93,0,4,0,0,0,0,0
588,-85,0,363,0,0,0,0,0
589,-85,0,7,0,0,0,0,0
590,-97,0,515,556,0,0,0,0
591,-89,58,-2,0,0,0,0,0
592,-91,0,506,549,0,0,0,0
593,-91,0,-17,0,0,0,0,0
594,-93,709,0,1181,0,0,0,0
595,-93,0,-5,0,0,0,0,0
596,-87,719,5,1168,0,0,0,0
597,-91,0,1,0,0,0,0,0
598,-76,0,5,1171,0,0,0,0
599,-89,56,-5,0,0,0,0,0
600,-87,0,2,0,0,0,0,0
601,-89,0,0,0,0,0,0,0
602,-89,0,0,0,0,0,0,0
603,-91,58,18,0,0,0,0,0
604,-85,54,-15,0,0,0,0,0
605,-80,0,0,0,0,0,0,0
606,-82,0,790,0,0,0,0,0
607,-93,0,7,0,0,0,0,0
608,-89,0,791,0,0,0,0,0
609,-80,16,11,0,0,0,0,0
610,-82,0,791,0,0,0,0,0
611,-87,23,-8,0,0,0,0,0
612,-76,5,790,790,0,0,0,0
613,-78,0,0,0,0,0,0,0
614,-87,0,508,526,0,0,0,0
615,-87,-7,-18,0,0,0,0,0
616,-91,783,0,1200,0,0,0,0
617,-85,-20,-4,0,0,0,0,0
618,-78,-19,9,0,0,0,0,0
619,-74,0,353,0,0,0,0,0
620,-85,0,19,0,0,0,0,0
621,-80,0,20,0,0,0,0,0
622,-78,0,353,0,0,0,0,0
623,-71,-15,-6,0,0,0,0,0
624,-78,0,2,0,0,0,0,0
625,-87,0,2,0,0,0,0,0
626,-82,792,5,1191,0,0,0,0
627,-78,13,6,0,0,0,0,0
628,-85,792,5,1189,0,0,0,0
629,-87,0,-26,0,0,0,0,0
630,-85,5,-12,0,0,0,0,0
631,-76,0,21,0,0,0,0,0
632,-80,0,2,1188,0,0,0,0
633,-76,0,17,0,0,0,0,0
634,-76,0,2,0,0,0,0,0
635,-91,36,3,0,0,0,0,0
636,-87,0,0,0,0,0,0,0
637,-80,0,0,0,0,0,0,0
638,-78,0,0,0,0,0,0,0
639,-76,0,0,0,0,0,0,0
640,-82,0,0,0,0,0,0,0
641,-78,0,0,0,0,0,0,0
642,-78,0,0,0,0,0,0,0
643,-89,0,0,0,0,0,0,0
644,-76,0,0,0,0,0,0,0
645,-82,0,0,0,0,0,0,0
646,-78,0,0,0,0,0,0,0
647,-89,0,0,0,0,0,0,0
648,-78,0,0,0,0,0,0,0
649,-82,0,789,0,0,0,0,0
650,-74,0,0,0,0,0,0,0
651,-87,5,788,788,0,0,0,0
652,-72,0,-1,0,0,0,0,0
653,-80,5,791,791,0,0,0,0
654,-78,32,-4,0,0,0,0,0
655,-78,0,587,595,0,0,0,0
656,-80,0,21,0,0,0,0,0
657,-74,790,0,1211,0,0,0,0
658,-80,37,-27,0,0,0,0,0
659,-80,0,594,603,0,0,0,0
660,-82,18,-17,0,0,0,0,0
661,-91,0,21,0,0,0,0,0
662,-82,0,2,0,0,0,0,0
663,-78,30,-2,0,0,0,0,0
664,-78,0,22,0,0,0,0,0
665,-78,0,355,0,0,0,0,0
666,-78,0,11,0,0,0,0,0
667,-78,0,-9,0,0,0,0,0
668,-87,0,2,0,0,0,0,0
669,-72,21,-3,0,0,0,0,0
670,-78,0,0,0,0,0,0,0
671,-89,0,-21,0,0,0,0,0
672,-82,0,370,0,0,0,0,0
673,-76,17,2,0,0,0,0,0
674,-78,0,370,0,0,0,0,0
675,-72,0,0,0,0,0,0,0
676,-76,795,6,1193,0,0,0,0
677,-93,-2,-10,0,0,0,0,0
678,-76,0,370,0,0,0,0,0
679,-85,0,8,0,0,0,0,0
680,-76,791,6,1190,0,0,0,0
681,-72,-3,-1,0,0,0,0,0
682,-78,0,370,0,0,0,0,0
683,-87,0,-4,0,0,0,0,0
684,-80,0,0,0,0,0,0,0
685,-87,0,-10,0,0,0,0,0
686,-89,0,0,0,0,0,0,0
687,-80,4,-6,0,0,0,0,0
688,-82,0,0,0,0,0,0,0
689,-82,0,0,0,0,0,0,0
690,-78,0,0,0,0,0,0,0
691,-82,0,0,0,0,0,0,0
692,-82,0,0,0,0,0,0,0
693,-80,0,790,0,0,0,0,0
694,-85,0,0,0,0,0,0,0
695,-80,5,789,789,0,0,0,0
696,-85,0,7,0,0,0,0,0
697,-87,5,790,790,0,0,0,0
698,-87,0,8,0,0,0,0,0
699,-78,0,633,625,0,0,0,0
700,-79,0,-15,0,0,0,0,0
701,-80,-11,0,0,0,0,0,0
702,-87,0,357,0,0,0,0,0
703,-80,-15,-37,0,0,0,0,0
704,-87,0,2,0,0,0,0,0
705,-71,0,2,0,0,0,0,0
706,-85,-44,4,0,0,0,0,0
707,-85,0,2,0,0,0,0,0
708,-76,0,2,0,0,0,0,0
709,-80,-88,13,0,0,0,0,0
710,-76,0,2,0,0,0,0,0
711,-76,0,-5,0,0,0,0,0
712,-80,0,2,0,0,0,0,0
713,-76,-229,-13,0,0,0,0,0
714,-76,0,0,0,0,0,0,0
715,-74,0,-7,0,0,0,0,0
716,-78,0,0,0,0,0,0,0
717,-79,-305,-13,0,0,0,0,0
718,-76,791,8,1235,0,0,0,0
719,-71,0,8,0,0,0,0,0
720,-95,-311,-27,0,0,0,0,0
721,-80,0,2,0,0,0,0,0
722,-82,0,23,0,0,0,0,0
723,-87,-349,-14,0,0,0,0,0
724,-78,0,2,0,0,0,0,0
725,-74,0,-28,0,0,0,0,0
726,-80,0,372,0,0,0,0,0
727,-85,-327,18,0,0,0,0,0
728,-82,0,372,0,0,0,0,0
729,-82,0,17,0,0,0,0,0
730,-82,0,372,0,0,0,0,0
731,-89,-327,-55,0,0,0,0,0
732,-82,-330,5,0,0,0,0,0
733,-87,0,0,0,0,0,0,0
734,-85,0,0,0,0,0,0,0
735,-85,0,0,0,0,0,0,0
736,-76,5,782,782,0,0,0,0
737,-85,0,-29,0,0,0,0,0
738,-82,10,540,0,0,0,0,0
739,-78,0,-4,0,0,0,0,0
740,-82,0,546,0,0,0,0,0
741,-82,-359,-19,0,0,0,0,0
742,-93,10,550,0,0,0,0,0
743,-82,-335,8,0,0,0,0,0
744,-89,5,239,239,0,0,0,0
745,-78,-298,-35,0,0,0,0,0
746,-91,10,556,0,0,0,0,0
747,-94,-267,68,0,0,0,0,0
748,-87,0,1157,1003,0,0,0,0
749,-95,0,7,0,0,0,0,0
750,-82,0,1144,994,0,0,0,0
751,-99,-244,-76,0,0,0,0,0
752,-76,385,0,1011,0,0,0,0
753,-85,0,10,0,0,0,0,0
754,-80,0,1118,978,0,0,0,0
755,-85,-247,5,0,0,0,0,0
756,-93,426,0,1089,0,0,0,0
757,-82,0,43,0,0,0,0,0
758,-87,-264,-6,0,0,0,0,0
759,-89,0,361,0,0,0,0,0
760,-85,0,18,0,0,0,0,0
761,-91,-411,11,0,0,0,0,0
762,-91,0,2,0,0,0,0,0
763,-78,-496,13,0,0,0,0,0
764,-85,641,8,1205,0,0,0,0
765,-87,0,10,0,0,0,0,0
766,-93,0,0,1145,0,0,0,0
767,-80,0,-15,0,0,0,0,0
768,-87,0,0,0,0,0,0,0
769,-85,0,-11,0,0,0,0,0
770,-78,0,0,0,0,0,0,0
771,-89,0,37,0,0,0,0,0
772,-78,0,0,0,0,0,0,0
773,-93,0,0,0,0,0,0,0
774,-95,0,0,0,0,0,0,0
775,-73,0,0,0,0,0,0,0
776,-85,0,0,0,0,0,0,0
777,-87,0,506,0,0,0,0,0
778,-97,0,-7,0,0,0,0,0
779,-78,10,617,0,0,0,0,0
780,-80,0,0,0,0,0,0,0
781,-80,5,521,521,0,0,0,0
782,-89,0,-2,0,0,0,0,0
783,-82,10,622,0,0,0,0,0
784,-82,-416,-49,0,0,0,0,0
785,-91,0,989,782,0,0,0,0
786,-82,-436,-26,0,0,0,0,0
787,-89,472,0,1081,0,0,0,0
788,-67,0,-18,0,0,0,0,0
789,-82,0,2,0,0,0,0,0
790,-87,0,-5,0,0,0,0,0
791,-82,512,5,1098,0,0,0,0
792,-85,-449,-21,0,0,0,0,0
793,-72,532,5,1104,0,0,0,0
794,-91,0,22,0,0,0,0,0
795,-91,0,376,0,0,0,0,0
796,-76,-473,-27,0,0,0,0,0
797,-76,0,376,0,0,0,0,0
798,-82,0,9,0,0,0,0,0
799,-91,0,376,0,0,0,0,0
800,-82,-486,-17,0,0,0,0,0
801,-74,0,2,0,0,0,0,0
802,-76,-449,15,0,0,0,0,0
803,-80,0,2,0,0,0,0,0
804,-82,-493,-2,0,0,0,0,0
805,-80,0,10,0,0,0,0,0
806,-76,0,2,0,0,0,0,0
807,-91,-437,9,0,0,0,0,0
808,-89,0,0,0,0,0,0,0
809,-76,0,0,0,0,0,0,0
810,-76,0,0,0,0,0,0,0
811,-89,0,395,0,0,0,0,0
812,-89,0,14,0,0,0,0,0
813,-80,10,668,0,0,0,0,0
814,-78,-434,-11,0,0,0,0,0
815,-80,0,976,766,0,0,0,0
816,-89,-420,-3,0,0,0,0,0
817,-95,355,0,1021,0,0,0,0
818,-76,0,-11,0,0,0,0,0
819,-85,0,6,0,0,0,0,0
820,-80,0,0,0,0,0,0,0
821,-78,-297,-55,0,0,0,0,0
822,-87,261,2,943,0,0,0,0
823,-89,0,-12,0,0,0,0,0
824,-87,0,0,0,0,0,0,0
825,-72,-249,-24,0,0,0,0,0
826,-76,239,2,953,0,0,0,0
827,-78,0,7,0,0,0,0,0
828,-80,-253,18,0,0,0,0,0
829,-85,0,-24,0,0,0,0,0
830,-78,0,0,0,0,0,0,0
831,-78,0,-3,0,0,0,0,0
832,-91,0,0,0,0,0,0,0
833,-87,-219,0,0,0,0,0,0
834,-82,0,0,0,0,0,0,0
835,-80,0,0,0,0,0,0,0
836,-82,0,0,0,0,0,0,0
837,-85,10,713,0,0,0,0,0
838,-87,0,6,0,0,0,0,0
839,-80,0,572,0,0,0,0,0
840,-78,0,0,0,0,0,0,0
841,-93,10,718,0,0,0,0,0
842,-87,-51,-29,0,0,0,0,0
843,-74,0,573,0,0,0,0,0
844,-87,0,56,0,0,0,0,0
845,-78,10,723,0,0,0,0,0
846,-84,0,0,0,0,0,0,0
847,-82,127,-18,0,0,0,0,0
848,-80,0,-9,0,0,0,0,0
849,-85,0,-7,0,0,0,0,0
850,-78,123,-25,0,0,0,0,0
851,-89,120,-22,0,0,0,0,0
852,-80,0,21,0,0,0,0,0
853,-80,0,2,0,0,0,0,0
854,-85,88,15,0,0,0,0,0
855,-78,0,0,1041,0,0,0,0
856,-85,0,-16,0,0,0,0,0
857,-71,0,0,0,0,0,0,0
858,-85,0,0,0,0,0,0,0
859,-78,0,0,0,0,0,0,0
860,-78,0,545,0,0,0,0,0
861,-80,0,0,0,0,0,0,0
862,-95,0,939,973,0,0,0,0
863,-71,0,0,0,0,0,0,0
864,-78,0,956,980,0,0,0,0
865,-87,0,-6,0,0,0,0,0
866,-82,0,970,985,0,0,0,0
867,-82,-48,25,0,0,0,0,0
868,-82,0,983,990,0,0,0,0
869,-76,0,368,0,0,0,0,0
870,-72,0,-29,0,0,0,0,0
871,-78,0,368,0,0,0,0,0
872,-85,-65,4,0,0,0,0,0
873,-93,0,0,0,0,0,0,0
874,-99,0,0,0,0,0,0,0
875,-82,0,0,0,0,0,0,0
876,-93,0,376,0,0,0,0,0
877,-91,0,969,949,0,0,0,0
878,-78,0,-6,0,0,0,0,0
879,-71,-117,-13,0,0,0,0,0
880,-69,323,3,997,0,0,0,0
881,-86,0,22,0,0,0,0,0
882,-76,0,0,1004,0,0,0,0
883,-78,0,-36,0,0,0,0,0
884,-79,0,0,0,0,0,0,0
885,-76,-92,16,0,0,0,0,0
886,-76,0,0,0,0,0,0,0
887,-84,0,0,0,0,0,0,0
888,-77,0,0,0,0,0,0,0
889,-74,0,493,0,0,0,0,0
890,-71,0,5,0,0,0,0,0
891,-85,5,492,492,0,0,0,0
892,-78,-50,26,0,0,0,0,0
893,-68,5,490,490,0,0,0,0
894,-74,0,-10,0,0,0,0,0
895,-82,0,818,775,0,0,0,0
896,-71,-22,5,0,0,0,0,0
897,-75,0,812,776,0,0,0,0
898,-69,0,-14,0,0,0,0,0
899,-73,0,807,777,0,0,0,0
900,-71,71,15,0,0,0,0,0
901,-74,465,0,1062,0,0,0,0
902,-76,0,-7,0,0,0,0,0
903,-72,451,0,1035,0,0,0,0
904,-71,93,-48,0,0,0,0,0
905,-78,0,779,778,0,0,0,0
906,-78,0,24,0,0,0,0,0
907,-76,0,768,776,0,0,0,0
908,-82,162,-20,0,0,0,0,0
909,-82,0,756,775,0,0,0,0
910,-74,0,-246,0,0,0,0,0
911,-72,0,369,0,0,0,0,0
912,-85,185,-11,0,0,0,0,0
913,-78,0,369,0,0,0,0,0
914,-74,0,6,0,0,0,0,0
915,-69,243,33,0,0,0,0,0
916,-76,0,369,0,0,0,0,0
917,-77,0,28,0,0,0,0,0
918,-76,0,369,0,0,0,0,0
919,-71,331,-3,0,0,0,0,0
920,-74,0,2,0,0,0,0,0
921,-81,0,-1,0,0,0,0,0
922,-74,0,2,0,0,0,0,0
923,-72,0,10,0,0,0,0,0
924,-71,352,3,934,0,0,0,0
925,-78,347,-9,0,0,0,0,0
926,-80,0,385,0,0,0,0,0
927,-76,0,36,0,0,0,0,0
928,-75,332,-3,0,0,0,0,0
929,-72,0,0,984,0,0,0,0
930,-68,337,-6,0,0,0,0,0
931,-74,351,-34,0,0,0,0,0
932,-85,0,2,0,0,0,0,0
933,-69,350,1,0,0,0,0,0
934,-72,0,0,0,0,0,0,0
935,-72,0,0,0,0,0,0,0
936,-67,0,0,0,0,0,0,0
937,-71,0,0,0,0,0,0,0
938,-72,0,0,0,0,0,0,0
939,-72,0,572,0,0,0,0,0
940,-68,0,0,0,0,0,0,0
941,-71,0,565,0,0,0,0,0
942,-85,0,-11,0,0,0,0,0
943,-74,10,923,0,0,0,0,0
944,-72,353,28,0,0,0,0,0
945,-74,0,531,688,0,0,0,0
946,-76,0,-15,0,0,0,0,0
947,-71,0,529,688,0,0,0,0
948,-69,323,10,0,0,0,0,0
949,-74,0,528,687,0,0,0,0
950,-72,0,11,0,0,0,0,0
951,-70,0,529,686,0,0,0,0
952,-68,329,-1,0,0,0,0,0
953,-72,571,0,1109,0,0,0,0
954,-75,0,14,0,0,0,0,0
955,-67,590,0,1130,0,0,0,0
956,-76,333,23,0,0,0,0,0
957,-72,0,532,687,0,0,0,0
958,-71,0,3,0,0,0,0,0
959,-71,0,534,689,0,0,0,0
960,-76,343,20,0,0,0,0,0
961,-71,633,0,1156,0,0,0,0
962,-76,0,-35,0,0,0,0,0
963,-69,643,0,1160,0,0,0,0
964,-78,374,-37,0,0,0,0,0
965,-77,0,17,0,0,0,0,0
966,-74,663,0,1163,0,0,0,0
967,-71,339,39,0,0,0,0,0
968,-74,669,0,1163,0,0,0,0
969,-78,344,-15,0,0,0,0,0
970,-73,676,0,1167,0,0,0,0
971,-74,0,0,0,0,0,0,0
972,-75,349,0,0,0,0,0,0
973,-69,692,0,1171,0,0,0,0
974,-78,0,14,0,0,0,0,0
975,-68,0,559,723,0,0,0,0
976,-70,0,18,0,0,0,0,0
977,-78,0,560,726,0,0,0,0
978,-67,0,2,0,0,0,0,0
979,-76,0,563,728,0,0,0,0
980,-69,362,4,0,0,0,0,0
981,-69,0,566,732,0,0,0,0
982,-66,403,19,0,0,0,0,0
983,-71,0,569,736,0,0,0,0
984,-68,0,25,0,0,0,0,0
985,-71,0,572,741,0,0,0,0
986,-66,365,27,0,0,0,0,0
987,-69,0,577,748,0,0,0,0
988,-71,0,-9,0,0,0,0,0
989,-66,5,734,734,0,0,0,0
990,-68,0,0,0,0,0,0,0
991,-71,0,594,770,0,0,0,0
992,-71,0,0,0,0,0,0,0
993,-71,5,733,733,0,0,0,0
994,-73,0,23,0,0,0,0,0
995,-72,0,721,0,0,0,0,0
996,-68,0,0,0,0,0,0,0
997,-67,10,980,0,0,0,0,0
998,-64,0,8,0,0,0,0,0
999,-70,10,982,0,0,0,0,0
1000,-66,448,18,0,0,0,0,0
1001,-70,10,987,0,0,0,0,0
1002,-71,0,0,0,0,0,0,0
1003,-80,0,0,0,0,0,0,0
1004,-77,433,8,0,0,0,0,0
1005,-71,0,0,0,0,0,0,0
1006,-69,0,16,0,0,0,0,0
1007,-78,0,0,1104,0,0,0,0
1008,-70,0,-12,0,0,0,0,0
1009,-68,0,388,0,0,0,0,0
1010,-69,0,1,0,0,0,0,0
1011,-68,425,8,0,0,0,0,0
1012,-68,666,7,1094,0,0,0,0
1013,-70,0,-3,0,0,0,0,0
1014,-70,0,388,0,0,0,0,0
1015,-70,433,-7,0,0,0,0,0
1016,-71,0,-34,0,0,0,0,0
1017,-70,659,7,1109,0,0,0,0
1018,-68,404,37,0,0,0,0,0
1019,-73,0,388,0,0,0,0,0
1020,-72,0,10,0,0,0,0,0
1021,-76,0,0,0,0,0,0,0
1022,-70,0,14,0,0,0,0,0
1023,-64,0,2,0,0,0,0,0
1024,-71,414,-12,0,0,0,0,0
1025,-70,0,2,0,0,0,0,0
1026,-73,421,7,0,0,0,0,0
1027,-70,627,0,1102,0,0,0,0
1028,-68,0,-4,0,0,0,0,0
1029,-66,0,649,845,0,0,0,0
1030,-66,0,-17,0,0,0,0,0
1031,-76,0,645,842,0,0,0,0
1032,-71,0,470,0,0,0,0,0
1033,-70,0,642,838,0,0,0,0
1034,-71,0,2,0,0,0,0,0
1035,-71,404,-8,0,0,0,0,0
1036,-72,5,672,672,0,0,0,0
1037,-72,0,4,0,0,0,0,0
1038,-64,0,632,826,0,0,0,0
1039,-64,393,15,0,0,0,0,0
1040,-72,0,375,0,0,0,0,0
1041,-68,0,-1,0,0,0,0,0
1042,-68,397,18,0,0,0,0,0
1043,-68,0,375,0,0,0,0,0
1044,-68,0,8,0,0,0,0,0
1045,-75,0,273,0,0,0,0,0
1046,-70,662,0,1158,0,0,0,0
1047,-68,0,19,0,0,0,0,0
1048,-71,664,0,1158,0,0,0,0
1049,-73,411,2,0,0,0,0,0
1050,-69,663,0,1155,0,0,0,0
1051,-70,0,-1,0,0,0,0,0
1052,-68,0,641,832,0,0,0,0
1053,-67,0,-28,0,0,0,0,0
1054,-68,0,643,834,0,0,0,0
1055,-71,413,8,0,0,0,0,0
1056,-67,0,-22,0,0,0,0,0
1057,-68,0,647,840,0,0,0,0
1058,-64,0,12,0,0,0,0,0
1059,-66,10,1065,0,0,0,0,0
1060,-71,10,1068,0,0,0,0,0
1061,-73,0,0,0,0,0,0,0
1062,-71,0,0,0,0,0,0,0
1063,-68,0,0,0,0,0,0,0
1064,-62,-113,8,0,0,0,0,0
1065,-66,0,0,0,0,0,0,0
1066,-70,0,12,0,0,0,0,0
1067,-70,0,2,0,0,0,0,0
1068,-66,0,17,0,0,0,0,0
1069,-68,0,390,0,0,0,0,0
1070,-65,-62,-6,0,0,0,0,0
1071,-73,-97,9,0,0,0,0,0
1072,-68,0,391,0,0,0,0,0
1073,-71,0,-32,0,0,0,0,0
1074,-75,0,0,0,0,0,0,0
1075,-66,0,-11,0,0,0,0,0
1076,-71,-181,-52,0,0,0,0,0
1077,-71,0,376,0,0,0,0,0
1078,-70,0,-18,0,0,0,0,0
1079,-69,0,783,756,0,0,0,0
1080,-81,0,13,0,0,0,0,0
1081,-73,680,0,1177,0,0,0,0
1082,-70,-215,-17,0,0,0,0,0
1083,-69,0,804,753,0,0,0,0
1084,-62,0,-34,0,0,0,0,0
1085,-81,0,814,751,0,0,0,0
1086,-69,-387,-13,0,0,0,0,0
1087,-66,0,825,747,0,0,0,0
1088,-68,-452,-1,0,0,0,0,0
1089,-71,0,838,740,0,0,0,0
1090,-70,0,41,0,0,0,0,0
1091,-71,5,791,791,0,0,0,0
1092,-68,0,0,0,0,0,0,0
1093,-68,0,790,0,0,0,0,0
1094,-68,0,6,0,0,0,0,0
1095,-68,10,1114,0,0,0,0,0
1096,-76,-371,22,0,0,0,0,0
1097,-71,0,877,717,0,0,0,0
1098,-68,0,-22,0,0,0,0,0
1099,-70,5,793,793,0,0,0,0
1100,-70,-363,-20,0,0,0,0,0
1101,-67,0,882,714,0,0,0,0
1102,-75,-372,1,0,0,0,0,0
1103,-71,783,0,1208,0,0,0,0
1104,-71,0,1,0,0,0,0,0
1105,-71,0,2,0,0,0,0,0
1106,-77,-361,-9,0,0,0,0,0
1107,-68,0,2,0,0,0,0,0
1108,-70,0,-11,0,0,0,0,0
1109,-68,786,7,1211,0,0,0,0
1110,-73,0,-36,0,0,0,0,0
1111,-70,0,392,0,0,0,0,0
1112,-66,-370,6,0,0,0,0,0
1113,-71,0,392,0,0,0,0,0
1114,-73,0,-26,0,0,0,0,0
1115,-70,0,0,0,0,0,0,0
1116,-72,-343,-24,0,0,0,0,0
1117,-66,0,0,0,0,0,0,0
1118,-68,0,0,0,0,0,0,0
1119,-68,0,-11,0,0,0,0,0
1120,-68,0,853,682,0,0,0,0
1121,-71,-350,19,0,0,0,0,0
1122,-64,789,0,1201,0,0,0,0
1123,-60,0,0,0,0,0,0,0
1124,-66,-337,31,0,0,0,0,0
1125,-76,0,377,0,0,0,0,0
1126,-67,-326,37,0,0,0,0,0
1127,-70,785,7,1199,0,0,0,0
1128,-66,-275,-1,0,0,0,0,0
1129,-64,8183,631,0,0,0,0,0
1130,-71,785,7,1198,0,0,0,0
1131,-64,330,-49,1194,0,0,0,0
1132,-60,0,0,0,0,0,0,0
1133,-71,0,55,0,0,0,0,0
1134,-70,348,4,0,0,0,0,0
1135,-68,377,9,0,0,0,0,0
1136,-68,0,397,0,0,0,0,0
1137,-66,0,-1,0,0,0,0,0
1138,-62,0,0,0,0,0,0,0
1139,-66,373,47,0,0,0,0,0
1140,-65,0,34,0,0,0,0,0
1141,-68,0,0,0,0,0,0,0
1142,-64,0,790,0,0,0,0,0
1143,-68,0,0,0,0,0,0,0
1144,-64,0,788,0,0,0,0,0
1145,-66,328,-32,0,0,0,0,0
1146,-68,10,1397,0,0,0,0,0
1147,-62,0,9,0,0,0,0,0
1148,-71,10,1400,0,0,0,0,0
1149,-64,0,0,0,0,0,0,0
1150,-68,10,1403,0,0,0,0,0
1151,-66,124,-27,0,0,0,0,0
1152,-70,0,1051,1195,0,0,0,0
1153,-66,0,-36,0,0,0,0,0
1154,-71,0,1073,1200,0,0,0,0
1155,-64,-39,-45,0,0,0,0,0
1156,-68,678,0,1169,0,0,0,0
1157,-66,0,2,0,0,0,0,0
1158,-66,-130,96,0,0,0,0,0
1159,-66,0,384,0,0,0,0,0
1160,-60,0,-59,0,0,0,0,0
1161,-64,0,-5,0,0,0,0,0
1162,-64,0,398,0,0,0,0,0
1163,-66,0,-64,0,0,0,0,0
1164,-66,0,0,0,0,0,0,0
1165,-66,0,22,0,0,0,0,0
1166,-71,0,0,0,0,0,0,0
1167,-71,0,-23,0,0,0,0,0
1168,-66,0,0,0,0,0,0,0
1169,-70,298,34,0,0,0,0,0
1170,-68,0,0,0,0,0,0,0
1171,-73,0,0,0,0,0,0,0
1172,-69,0,0,0,0,0,0,0
1173,-68,10,1455,0,0,0,0,0
1174,-66,0,0,0,0,0,0,0
1175,-68,0,790,0,0,0,0,0
1176,-64,335,45,0,0,0,0,0
1177,-62,0,1297,1378,0,0,0,0
1178,-66,396,-4,0,0,0,0,0
1179,-68,807,0,1261,0,0,0,0
1180,-70,0,20,0,0,0,0,0
1181,-70,0,2,0,0,0,0,0
1182,-66,0,3,0,0,0,0,0
1183,-66,0,0,0,0,0,0,0
1184,-68,397,-1,0,0,0,0,0
1185,-64,0,0,0,0,0,0,0
1186,-66,0,41,0,0,0,0,0
1187,-75,442,2,0,0,0,0,0
1188,-68,0,2,0,0,0,0,0
1189,-66,0,-8,0,0,0,0,0
1190,-64,0,0,1047,0,0,0,0
1191,-70,0,16,0,0,0,0,0
1192,-62,0,2,0,0,0,0,0
1193,-71,518,15,0,0,0,0,0
1194,-66,0,0,0,0,0,0,0
1195,-68,0,7,0,0,0,0,0
1196,-66,0,-31,0,0,0,0,0
1197,-68,5,0,0,0,0,0,0
1198,-68,0,35,0,0,0,0,0
1199,-70,0,0,0,0,0,0,0
1200,-71,0,-10,0,0,0,0,0
1201,-68,0,0,0,0,0,0,0
1202,-64,469,36,0,0,0,0,0
1203,-62,0,0,0,0,0,0,0
1204,-66,0,24,0,0,0,0,0
1205,-70,0,385,0,0,0,0,0
1206,-70,477,-15,0,0,0,0,0
1207,-70,0,386,0,0,0,0,0
1208,-66,0,17,0,0,0,0,0
1209,-68,0,2,0,0,0,0,0
1210,-62,405,12,0,0,0,0,0
1211,-60,0,6,0,0,0,0,0
1212,-73,336,-33,0,0,0,0,0
1213,-70,50,0,11,0,0,0,0
1214,-67,0,-23,0,0,0,0,0
1215,-66,0,400,0,0,0,0,0
1216,-66,0,-16,0,0,0,0,0
1217,-62,0,-20,0,0,0,0,0
1218,-62,0,400,0,0,0,0,0
1219,-62,309,-11,0,0,0,0,0
1220,-66,0,2,0,0,0,0,0
1221,-64,0,9,0,0,0,0,0
1222,-60,0,2,0,0,0,0,0
1223,-66,253,8,0,0,0,0,0
1224,-68,0,0,0,0,0,0,0
1225,-66,0,0,0,0,0,0,0
1226,-66,0,0,0,0,0,0,0
1227,-66,10,1522,0,0,0,0,0
1228,-64,0,0,0,0,0,0,0
1229,-66,10,1527,0,0,0,0,0
1230,-66,0,0,0,0,0,0,0
1231,-64,5,789,789,0,0,0,0
1232,-66,96,-6,0,0,0,0,0
1233,-62,0,1594,1336,0,0,0,0
1234,-71,0,8,0,0,0,0,0
1235,-64,0,1074,639,0,0,0,0
1236,-64,32,-8,0,0,0,0,0
1237,-68,0,108,349,0,0,0,0
1238,-66,0,3,0,0,0,0,0
1239,-66,24,0,-1136,0,0,0,0
1240,-66,81,6,0,0,0,0,0
1241,-62,0,2,0,0,0,0,0
1242,-71,0,24,0,0,0,0,0
1243,-66,0,2,0,0,0,0,0
1244,-73,0,-22,0,0,0,0,0
1245,-71,0,0,1230,0,0,0,0
1246,-68,24,-30,0,0,0,0,0
1247,-64,0,400,0,0,0,0,0
1248,-67,0,38,0,0,0,0,0
1249,-66,0,0,1036,0,0,0,0
1250,-66,0,-11,0,0,0,0,0
1251,-68,0,2,0,0,0,0,0
1252,-70,-11,12,0,0,0,0,0
1253,-62,0,0,0,0,0,0,0
1254,-66,0,0,0,0,0,0,0
1255,-67,0,0,0,0,0,0,0
1256,-71,10,1555,0,0,0,0,0
1257,-73,0,6,0,0,0,0,0
1258,-66,0,94,113,0,0,0,0
1259,-74,0,4,0,0,0,0,0
1260,-66,0,386,0,0,0,0,0
1261,-66,0,-29,0,0,0,0,0
1262,-67,0,0,0,0,0,0,0
1263,-70,-47,5,0,0,0,0,0
1264,-68,0,0,0,0,0,0,0
1265,-74,0,2,1137,0,0,0,0
1266,-68,-45,-16,0,0,0,0,0
1267,-68,0,2,0,0,0,0,0
1268,-66,0,-8,0,0,0,0,0
1269,-62,0,0,0,0,0,0,0
1270,-71,0,2,0,0,0,0,0
1271,-61,0,0,0,0,0,0,0
1272,-64,-99,-2,0,0,0,0,0
1273,-73,0,0,0,0,0,0,0
1274,-66,0,0,0,0,0,0,0
1275,-70,0,0,0,0,0,0,0
1276,-65,0,793,0,0,0,0,0
1277,-70,0,0,0,0,0,0,0
1278,-70,0,0,0,0,0,0,0
1279,-62,0,0,0,0,0,0,0
1280,-64,0,791,0,0,0,0,0
1281,-66,0,-5,0,0,0,0,0
1282,-64,5,794,794,0,0,0,0
1283,-68,-175,-13,0,0,0,0,0
1284,-66,0,414,360,0,0,0,0
1285,-68,-181,6,0,0,0,0,0
1286,-64,779,0,1200,0,0,0,0
1287,-64,0,-17,0,0,0,0,0
1288,-60,0,386,0,0,0,0,0
1289,-66,-269,2,0,0,0,0,0
1290,-62,0,386,0,0,0,0,0
1291,-66,0,-17,0,0,0,0,0
1292,-66,0,2,0,0,0,0,0
1293,-62,0,18,0,0,0,0,0
1294,-68,-316,2,0,0,0,0,0
1295,-70,0,-17,0,0,0,0,0
1296,-64,0,400,0,0,0,0,0
1297,-62,-341,4,0,0,0,0,0
1298,-68,0,0,0,0,0,0,0
1299,-64,-354,5,0,0,0,0,0
1300,-71,0,0,0,0,0,0,0
1301,-62,0,-2,0,0,0,0,0
1302,-75,0,0,0,0,0,0,0
1303,-62,0,0,0,0,0,0,0
1304,-66,0,0,0,0,0,0,0
1305,-66,0,794,0,0,0,0,0
1306,-69,0,0,0,0,0,0,0
1307,-62,0,1588,0,0,0,0,0
1308,-70,0,-8,0,0,0,0,0
1309,-66,0,684,516,0,0,0,0
1310,-70,-430,-1,0,0,0,0,0
1311,-64,0,710,532,0,0,0,0
1312,-66,0,22,0,0,0,0,0
1313,-66,0,0,0,0,0,0,0
1314,-64,0,505,0,0,0,0,0
1315,-68,811,0,1212,0,0,0,0
1316,-65,0,9,0,0,0,0,0
1317,-64,0,17,0,0,0,0,0
1318,-64,0,2,0,0,0,0,0
1319,-69,-481,0,0,0,0,0,0
1320,-68,0,-5,0,0,0,0,0
1321,-66,0,0,0,0,0,0,0
1322,-68,-498,29,0,0,0,0,0
1323,-71,0,0,0,0,0,0,0
1324,-66,-500,43,0,0,0,0,0
1325,-70,0,2,0,0,0,0,0
1326,-64,0,-18,0,0,0,0,0
1327,-64,-496,18,0,0,0,0,0
1328,-68,0,0,1221,0,0,0,0
1329,-70,9106,-232,0,0,0,0,0
1330,-64,0,2,0,0,0,0,0
1331,-62,0,0,0,0,0,0,0
1332,-66,0,0,0,0,0,0,0
1333,-64,0,790,0,0,0,0,0
1334,-68,-312,-20,0,0,0,0,0
1335,-60,0,0,0,0,0,0,0
1336,-64,0,951,742,0,0,0,0
1337,-68,0,-386,0,0,0,0,0
1338,-67,0,961,764,0,0,0,0
1339,-71,0,0,764,0,0,0,0
1340,-60,0,25,0,0,0,0,0
1341,-70,-62,31,0,0,0,0,0
1342,-71,0,387,0,0,0,0,0
1343,-62,0,-20,0,0,0,0,0
1344,-68,0,387,0,0,0,0,0
1345,-68,0,2,0,0,0,0,0
1346,-69,10,1717,0,0,0,0,0
1347,-73,502,4,0,0,0,0,0
1348,-64,0,0,0,0,0,0,0
1349,-62,0,392,0,0,0,0,0
1350,-66,53,-2,0,0,0,0,0
1351,-64,779,0,1108,0,0,0,0
1352,-66,0,0,0,0,0,0,0
1353,-66,0,172,201,0,0,0,0
1354,-64,29,-3,0,0,0,0,0
1355,-64,783,0,1090,0,0,0,0
1356,-70,0,-1,0,0,0,0,0
1357,-58,0,157,176,0,0,0,0
1358,-64,0,-1,0,0,0,0,0
1359,-66,786,0,1071,0,0,0,0
1360,-66,0,-2,0,0,0,0,0
1361,-58,757,0,1051,0,0,0,0
1362,-64,0,-2,0,0,0,0,0
1363,-62,0,127,138,0,0,0,0
1364,-70,-5,5,0,0,0,0,0
1365,-66,0,115,124,0,0,0,0
1366,-62,0,0,0,0,0,0,0
1367,-64,5,784,784,0,0,0,0
1368,-62,0,2,0,0,0,0,0
1369,-62,10,1841,0,0,0,0,0
1370,-64,0,0,0,0,0,0,0
1371,-68,-10,2,0,0,0,0,0
1372,-60,0,0,0,0,0,0,0
1373,-64,-7,-2,0,0,0,0,0
1374,-64,0,406,0,0,0,0,0
1375,-64,0,0,0,0,0,0,0
1376,-62,0,0,0,0,0,0,0
1377,-68,752,0,1037,0,0,0,0
1378,-64,-7,0,0,0,0,0,0
1379,-64,0,0,0,0,0,0,0
1380,-64,0,0,0,0,0,0,0
1381,-64,0,0,0,0,0,0,0
1382,-62,-8,1,0,0,0,0,0
1383,-68,0,-1,0,0,0,0,0
1384,-54,0,0,0,0,0,0,0
1385,-64,-7,-1,0,0,0,0,0
1386,-64,0,408,0,0,0,0,0
1387,-64,0,-8,0,0,0,0,0
1388,-66,0,2,0,0,0,0,0
1389,-66,-6,5,0,0,0,0,0
1390,-66,0,408,0,0,0,0,0
1391,-66,0,-2,0,0,0,0,0
1392,-62,-6,1,0,0,0,0,0
1393,-60,0,2,0,0,0,0,0
1394,-62,0,1,0,0,0,0,0
1395,-62,-6,-1,0,0,0,0,0
1396,-64,0,0,0,0,0,0,0
1397,-62,0,0,0,0,0,0,0
1398,-64,0,408,0,0,0,0,0
1399,-64,-9,2,0,0,0,0,0
1400,-62,0,0,0,0,0,0,0
1401,-56,0,0,0,0,0,0,0
1402,-60,0,0,0,0,0,0,0
1403,-68,0,0,0,0,0,0,0
1404,-68,0,127,0,0,0,0,0
1405,-66,3,-1,0,0,0,0,0
1406,-64,5,213,213,0,0,0,0
1407,-66,-9,-2,0,0,0,0,0
1408,-68,0,0,0,0,0,0,0
1409,-68,0,2,0,0,0,0,0
1410,-58,0,0,0,0,0,0,0
1411,-64,-3,-2,0,0,0,0,0
1412,-58,0,0,0,0,0,0,0
1413,-64,0,-2,0,0,0,0,0
1414,-64,-1,-1,0,0,0,0,0
1415,-64,0,393,0,0,0,0,0
1416,-66,0,-1,0,0,0,0,0
1417,-62,-5,0,0,0,0,0,0
1418,-64,0,2,0,0,0,0,0
1419,-64,-5,0,0,0,0,0,0
1420,-60,0,2,0,0,0,0,0
1421,-62,0,1,0,0,0,0,0
1422,-66,0,0,0,0,0,0,0
1423,-62,-7,-2,0,0,0,0,0
1424,-66,0,0,0,0,0,0,0
1425,-64,0,0,0,0,0,0,0
1426,-64,0,0,0,0,0,0,0
1427,-62,0,0,0,0,0,0,0
1428,-64,0,0,0,0,0,0,0
1429,-62,10,1846,0,0,0,0,0
1430,-58,-8,1,0,0,0,0,0
1431,-62,0,375,169,0,0,0,0
1432,-64,-14,-1,0,0,0,0,0
1433,-56,0,5,0,0,0,0,0
1434,-62,0,0,0,0,0,0,0
1435,-64,-7,-2,0,0,0,0,0
1436,-60,0,-2,0,0,0,0,0
1437,-56,-13,-6,0,0,0,0,0
1438,-60,0,0,0,0,0,0,0
1439,-64,0,0,0,0,0,0,0
1440,-62,10,1864,0,0,0,0,0
1441,-54,0,0,0,0,0,0,0
1442,-60,0,557,87,0,0,0,0
1443,-60,-11,0,0,0,0,0,0
1444,-60,0,2,0,0,0,0,0
1445,-66,-10,1,0,0,0,0,0
1446,-62,0,408,0,0,0,0,0
1447,-66,0,-2,0,0,0,0,0
1448,-56,-3,-2,0,0,0,0,0
1449,-64,0,408,0,0,0,0,0
1450,-56,0,0,0,0,0,0,0
1451,-58,0,408,0,0,0,0,0
1452,-62,0,-1,0,0,0,0,0
1453,-60,0,0,0,0,0,0,0
1454,-62,-1,-1,0,0,0,0,0
1455,-60,0,0,0,0,0,0,0
1456,-54,0,791,0,0,0,0,0
1457,-60,0,0,0,0,0,0,0
1458,-60,5,791,791,0,0,0,0
1459,-64,0,-3,0,0,0,0,0
1460,-60,5,791,791,0,0,0,0
1461,-52,7,-3,0,0,0,0,0
1462,-60,0,123,76,0,0,0,0
1463,-62,0,-3,0,0,0,0,0
1464,-60,0,0,0,0,0,0,0
1465,-60,17,-2,0,0,0,0,0
1466,-66,0,393,0,0,0,0,0
1467,-64,24,1,0,0,0,0,0
1468,-60,0,2,0,0,0,0,0
1469,-62,0,-4,0,0,0,0,0
1470,-54,0,1,0,0,0,0,0
1471,-60,0,408,0,0,0,0,0
1472,-58,46,9,0,0,0,0,0
1473,-62,56,3,0,0,0,0,0
1474,-56,0,0,0,0,0,0,0
1475,-62,0,0,0,0,0,0,0
1476,-68,0,0,0,0,0,0,0
1477,-60,0,791,0,0,0,0,0
1478,-64,0,0,0,0,0,0,0
1479,-66,0,0,0,0,0,0,0
1480,-64,0,4,0,0,0,0,0
1481,-62,0,790,0,0,0,0,0
1482,-58,0,19,0,0,0,0,0
1483,-62,0,161,180,0,0,0,0
1484,-58,105,5,0,0,0,0,0
1485,-66,783,0,1210,0,0,0,0
1486,-66,127,9,0,0,0,0,0
1487,-62,0,0,0,0,0,0,0
1488,-58,0,-8,0,0,0,0,0
1489,-58,0,0,0,0,0,0,0
1490,-58,146,-3,0,0,0,0,0
1491,-62,0,0,0,0,0,0,0
1492,-64,817,2,1168,0,0,0,0
1493,-60,0,-26,0,0,0,0,0
1494,-62,169,-1,0,0,0,0,0
1495,-66,0,0,0,0,0,0,0
1496,-58,182,-10,0,0,0,0,0
1497,-68,0,408,0,0,0,0,0
1498,-64,199,-16,0,0,0,0,0
1499,-64,0,0,0,0,0,0,0
1500,-64,200,-2,0,0,0,0,0
1501,-66,196,0,0,0,0,0,0
1502,-58,0,787,0,0,0,0,0
1503,-66,0,0,0,0,0,0,0
1504,-68,0,788,0,0,0,0,0
1505,-52,0,13,0,0,0,0,0
1506,-56,0,314,395,0,0,0,0
1507,-58,237,-13,0,0,0,0,0
1508,-58,807,0,1223,0,0,0,0
1509,-66,249,-3,0,0,0,0,0
1510,-64,0,393,0,0,0,0,0
1511,-64,260,-4,0,0,0,0,0
1512,-56,812,4,1198,0,0,0,0
1513,-64,0,-24,0,0,0,0,0
1514,-60,808,5,1201,0,0,0,0
1515,-64,277,2,0,0,0,0,0
1516,-68,805,5,1206,0,0,0,0
1517,-60,0,-27,0,0,0,0,0
1518,-62,293,5,0,0,0,0,0
1519,-58,0,2,0,0,0,0,0
1520,-62,0,-7,0,0,0,0,0
1521,-66,0,0,0,0,0,0,0
1522,-66,0,0,0,0,0,0,0
1523,-66,0,0,0,0,0,0,0
1524,-64,0,0,0,0,0,0,0
1525,-58,0,0,0,0,0,0,0
1526,-60,0,793,0,0,0,0,0
1527,-64,0,0,0,0,0,0,0
1528,-62,0,785,0,0,0,0,0
1529,-60,310,-6,0,0,0,0,0
1530,-54,10,1906,0,0,0,0,0
1531,-64,0,-12,0,0,0,0,0
1532,-60,10,1908,0,0,0,0,0
1533,-64,0,0,0,0,0,0,0
1534,-60,10,1910,0,0,0,0,0
1535,-64,0,47,0,0,0,0,0
1536,-62,5,792,792,0,0,0,0
1537,-60,310,19,0,0,0,0,0
1538,-64,0,534,683,0,0,0,0
1539,-60,0,-35,0,0,0,0,0
1540,-66,0,558,698,0,0,0,0
1541,-66,0,8,0,0,0,0,0
1542,-56,0,575,711,0,0,0,0
1543,-62,101,-20,0,0,0,0,0
1544,-62,0,595,725,0,0,0,0
1545,-66,0,-29,0,0,0,0,0
1546,-58,0,616,732,0,0,0,0
1547,-64,7,19,0,0,0,0,0
1548,-64,0,12,0,0,0,0,0
1549,-58,0,393,0,0,0,0,0
1550,-60,27,-16,0,0,0,0,0
1551,-60,0,2,0,0,0,0,0
1552,-64,0,-34,0,0,0,0,0
1553,-66,-51,-39,0,0,0,0,0
1554,-66,790,8,1221,0,0,0,0
1555,-68,-118,6,0,0,0,0,0
1556,-68,0,409,0,0,0,0,0
1557,-64,0,-33,0,0,0,0,0
1558,-62,0,409,0,0,0,0,0
1559,-54,-185,-1,0,0,0,0,0
1560,-60,0,2,0,0,0,0,0
1561,-66,-193,3,0,0,0,0,0
1562,-60,0,0,0,0,0,0,0
1563,-64,0,1,0,0,0,0,0
1564,-56,0,0,0,0,0,0,0
1565,-60,-177,1,0,0,0,0,0
1566,-66,0,0,0,0,0,0,0
1567,-64,10,1953,0,0,0,0,0
1568,-66,-284,6,0,0,0,0,0
1569,-60,5,792,792,0,0,0,0
1570,-66,0,-26,0,0,0,0,0
1571,-66,0,12,0,0,0,0,0
1572,-58,818,0,1231,0,0,0,0
1573,-66,-384,-11,0,0,0,0,0
1574,-61,812,0,1227,0,0,0,0
1575,-64,0,15,0,0,0,0,0
1576,-62,0,2,0,0,0,0,0
1577,-64,0,395,0,0,0,0,0
1578,-70,0,-5,0,0,0,0,0
1579,-70,0,0,0,0,0,0,0
1580,-64,0,-19,0,0,0,0,0
1581,-60,0,410,0,0,0,0,0
1582,-66,0,-7,0,0,0,0,0
1583,-64,0,410,0,0,0,0,0
1584,-56,8157,399,0,0,0,0,0
1585,-64,0,-13,0,0,0,0,0
1586,-68,0,0,0,0,0,0,0
1587,-64,0,792,0,0,0,0,0
1588,-68,0,0,0,0,0,0,0
1589,-66,0,794,0,0,0,0,0
1590,-68,0,0,0,0,0,0,0
1591,-64,10,2005,0,0,0,0,0
1592,-64,10,2008,0,0,0,0,0
1593,-73,-436,22,0,0,0,0,0
1594,-66,0,1134,933,0,0,0,0
1595,-64,0,-47,0,0,0,0,0
1596,-64,0,1137,935,0,0,0,0
1597,-64,-414,19,0,0,0,0,0
1598,-66,0,397,0,0,0,0,0
1599,-71,-415,33,0,0,0,0,0
1600,-64,0,0,0,0,0,0,0
1601,-64,0,34,0,0,0,0,0
1602,-64,0,46,0,0,0,0,0
1603,-62,-320,-13,0,0,0,0,0
1604,-62,0,56,0,0,0,0,0
1605,-62,0,0,0,0,0,0,0
1606,-70,-175,-17,0,0,0,0,0
1607,-66,0,0,0,0,0,0,0
1608,-62,0,0,0,0,0,0,0
1609,-66,0,0,0,0,0,0,0
1610,-60,0,792,0,0,0,0,0
1611,-68,0,0,0,0,0,0,0
1612,-62,0,792,0,0,0,0,0
1613,-66,108,6,0,0,0,0,0
1614,-60,0,790,0,0,0,0,0
1615,-66,0,-6,0,0,0,0,0
1616,-66,5,791,791,0,0,0,0
1617,-70,221,-21,0,0,0,0,0
1618,-68,0,1091,1049,0,0,0,0
1619,-64,0,-40,0,0,0,0,0
1620,-64,0,1078,1061,0,0,0,0
1621,-71,0,19,0,0,0,0,0
1622,-66,0,1067,1072,0,0,0,0
1623,-56,0,24,0,0,0,0,0
1624,-68,0,1055,1081,0,0,0,0
1625,-64,253,9,0,0,0,0,0
1626,-62,794,0,1241,0,0,0,0
1627,-66,238,9,0,0,0,0,0
1628,-60,0,0,0,0,0,0,0
1629,-64,251,0,0,0,0,0,0
1630,-58,0,413,0,0,0,0,0
1631,-58,234,18,0,0,0,0,0
1632,-60,0,413,0,0,0,0,0
1633,-64,215,-2,0,0,0,0,0
1634,-66,0,413,0,0,0,0,0
1635,-64,0,10,0,0,0,0,0
1636,-64,0,2,0,0,0,0,0
1637,-66,0,3,0,0,0,0,0
1638,-68,0,0,0,0,0,0,0
1639,-68,0,0,0,0,0,0,0
1640,-62,0,0,0,0,0,0,0
1641,-62,0,0,0,0,0,0,0
1642,-64,0,0,0,0,0,0,0
1643,-62,10,2107,0,0,0,0,0
1644,-62,0,20,0,0,0,0,0
1645,-62,5,790,790,0,0,0,0
1646,-66,-299,3,0,0,0,0,0
1647,-64,0,1048,1042,0,0,0,0
1648,-68,0,1,0,0,0,0,0
1649,-62,5,791,791,0,0,0,0
1650,-68,-321,12,0,0,0,0,0
1651,-64,0,1061,1009,0,0,0,0
1652,-62,-301,18,0,0,0,0,0
1653,-66,0,398,0,0,0,0,0
1654,-64,0,18,0,0,0,0,0
1655,-66,-365,-20,0,0,0,0,0
1656,-62,0,10,1217,0,0,0,0
1657,-66,-370,27,0,0,0,0,0
1658,-62,784,10,1218,0,0,0,0
1659,-62,0,-39,0,0,0,0,0
1660,-60,0,2,0,0,0,0,0
1661,-66,-351,-56,0,0,0,0,0
1662,-66,0,0,0,0,0,0,0
1663,-64,-342,-9,0,0,0,0,0
1664,-66,0,0,0,0,0,0,0
1665,-66,0,0,0,0,0,0,0
1666,-64,0,0,0,0,0,0,0
1667,-56,0,0,0,0,0,0,0
1668,-62,-330,-33,0,0,0,0,0
1669,-62,10,2153,0,0,0,0,0
1670,-66,-368,-40,0,0,0,0,0
1671,-64,0,2156,0,0,0,0,0
1672,-62,0,18,0,0,0,0,0
1673,-58,789,0,1218,0,0,0,0
1674,-60,0,-28,0,0,0,0,0
1675,-60,0,399,0,0,0,0,0
1676,-64,-323,-7,0,0,0,0,0
1677,-66,0,11,0,0,0,0,0
1678,-64,0,415,0,0,0,0,0
1679,-62,-363,11,0,0,0,0,0
1680,-60,0,415,0,0,0,0,0
1681,-66,0,26,0,0,0,0,0
1682,-64,0,2,0,0,0,0,0
1683,-62,-364,-7,0,0,0,0,0
1684,-64,787,9,1218,0,0,0,0
1685,-60,-352,-14,0,0,0,0,0
1686,-64,-367,-25,0,0,0,0,0
1687,-70,0,20,0,0,0,0,0
1688,-64,0,0,0,0,0,0,0
1689,-68,0,0,0,0,0,0,0
1690,-68,0,0,0,0,0,0,0
1691,-68,0,0,0,0,0,0,0
1692,-64,0,-8,0,0,0,0,0
1693,-62,5,789,789,0,0,0,0
1694,-68,0,45,0,0,0,0,0
1695,-62,5,791,791,0,0,0,0
1696,-70,0,1139,935,0,0,0,0
1697,-70,-493,-9,0,0,0,0,0
1698,-66,0,0,0,0,0,0,0
1699,-64,0,-5,0,0,0,0,0
1700,-64,792,10,1231,0,0,0,0
1701,-66,-484,-47,0,0,0,0,0
1702,-64,0,0,0,0,0,0,0
1703,-65,-365,-14,0,0,0,0,0
1704,-64,0,0,0,0,0,0,0
1705,-62,0,-40,0,0,0,0,0
1706,-66,0,0,0,0,0,0,0
1707,-68,0,0,0,0,0,0,0
1708,-66,0,0,0,0,0,0,0
1709,-64,0,0,0,0,0,0,0
1710,-60,0,0,0,0,0,0,0
1711,-66,0,595,0,0,0,0,0
1712,-64,102,-57,0,0,0,0,0
1713,-65,10,2278,0,0,0,0,0
1714,-71,0,0,0,0,0,0,0
1715,-64,5,627,627,0,0,0,0
1716,-66,0,13,0,0,0,0,0
1717,-68,0,1271,1222,0,0,0,0
1718,-70,134,9,0,0,0,0,0
1719,-66,0,1270,1239,0,0,0,0
1720,-58,83,17,0,0,0,0,0
1721,-64,0,402,0,0,0,0,0
1722,-64,0,-20,0,0,0,0,0
1723,-64,-82,-1,0,0,0,0,0
1724,-68,0,-40,0,0,0,0,0
1725,-70,-224,-2,0,0,0,0,0
1726,-70,0,2,0,0,0,0,0
1727,-68,0,-19,0,0,0,0,0
1728,-71,-266,-52,0,0,0,0,0
1729,-66,0,0,0,0,0,0,0
1730,-62,0,-26,0,0,0,0,0
1731,-64,-340,-19,0,0,0,0,0
1732,-70,675,11,1120,0,0,0,0
1733,-64,0,-26,0,0,0,0,0
1734,-64,0,0,0,0,0,0,0
1735,-64,-322,10,0,0,0,0,0
1736,-64,0,0,0,0,0,0,0
1737,-64,0,14,0,0,0,0,0
1738,-64,0,7,983,0,0,0,0
1739,-68,-230,60,0,0,0,0,0
1740,-66,0,24,0,0,0,0,0
1741,-64,0,7,1066,0,0,0,0
1742,-64,0,-2,0,0,0,0,0
1743,-60,-211,28,0,0,0,0,0
1744,-68,0,0,0,0,0,0,0
1745,-62,0,0,0,0,0,0,0
1746,-72,0,0,0,0,0,0,0
1747,-70,0,0,0,0,0,0,0
1748,-71,0,0,0,0,0,0,0
1749,-71,0,774,0,0,0,0,0
1750,-70,0,0,0,0,0,0,0
1751,-70,0,0,0,0,0,0,0
1752,-64,-236,-39,0,0,0,0,0
1753,-70,0,441,0,0,0,0,0
1754,-68,0,0,0,0,0,0,0
1755,-70,0,2385,0,0,0,0,0
1756,-64,0,0,0,0,0,0,0
1757,-66,5,451,451,0,0,0,0
1758,-62,-289,16,0,0,0,0,0
1759,-62,5,520,520,0,0,0,0
1760,-70,0,-48,0,0,0,0,0
1761,-64,5,531,531,0,0,0,0
1762,-66,-415,-39,0,0,0,0,0
1763,-60,0,1420,1287,0,0,0,0
1764,-64,0,0,0,0,0,0,0
1765,-62,5,564,564,0,0,0,0
1766,-68,-464,15,0,0,0,0,0
1767,-64,0,1432,1275,0,0,0,0
1768,-68,0,-23,0,0,0,0,0
1769,-64,0,0,1128,0,0,0,0
1770,-78,-454,-18,0,0,0,0,0
1771,-71,553,0,1118,0,0,0,0
1772,-66,0,41,0,0,0,0,0
1773,-66,550,0,1116,0,0,0,0
1774,-66,-452,26,0,0,0,0,0
1775,-66,0,403,0,0,0,0,0
1776,-64,0,23,0,0,0,0,0
1777,-69,0,-19,0,0,0,0,0
1778,-68,0,403,0,0,0,0,0
1779,-68,0,17,0,0,0,0,0
1780,-68,2,4,0,0,0,0,0
1781,-66,0,17,0,0,0,0,0
1782,-68,449,0,1062,0,0,0,0
1783,-68,249,11,0,0,0,0,0
1784,-68,432,0,1060,0,0,0,0
1785,-66,313,20,0,0,0,0,0
1786,-66,0,1322,1264,0,0,0,0
1787,-66,0,55,0,0,0,0,0
1788,-69,0,1284,1262,0,0,0,0
1789,-68,364,14,0,0,0,0,0
1790,-66,0,1250,1258,0,0,0,0
1791,-64,399,22,0,0,0,0,0
1792,-71,5,0,0,0,0,0,0
1793,-70,0,-17,0,0,0,0,0
1794,-64,5,103,103,0,0,0,0
1795,-62,0,178,0,0,0,0,0
1796,-64,0,0,0,0,0,0,0
1797,-64,0,425,0,0,0,0,0
1798,-70,403,11,0,0,0,0,0
1799,-66,0,2,0,0,0,0,0
1800,-62,371,13,0,0,0,0,0
1801,-66,0,19,0,0,0,0,0
1802,-60,0,2,0,0,0,0,0
1803,-64,0,0,13,0,0,0,0
1804,-60,427,8,0,0,0,0,0
1805,-64,0,419,0,0,0,0,0
1806,-60,397,0,0,0,0,0,0
1807,-60,43,0,14,0,0,0,0
1808,-64,402,7,0,0,0,0,0
1809,-62,36,0,14,0,0,0,0
1810,-68,363,-5,0,0,0,0,0
1811,-70,0,-9,0,0,0,0,0
1812,-62,0,0,159,0,0,0,0
1813,-66,326,-7,0,0,0,0,0
1814,-64,318,-3,0,0,0,0,0
1815,-60,0,0,0,0,0,0,0
1816,-70,0,19,0,0,0,0,0
1817,-66,0,0,0,0,0,0,0
1818,-64,301,25,0,0,0,0,0
1819,-64,0,2,0,0,0,0,0
1820,-58,252,16,0,0,0,0,0
1821,-62,0,2,0,0,0,0,0
1822,-58,0,-368,0,0,0,0,0
1823,-60,20,0,702,0,0,0,0
1824,-66,0,-5,0,0,0,0,0
1825,-64,18,0,826,0,0,0,0
1826,-64,205,21,0,0,0,0,0
1827,-64,0,754,749,0,0,0,0
1828,-64,170,7,0,0,0,0,0
1829,-60,0,677,783,0,0,0,0
1830,-56,0,-26,0,0,0,0,0
1831,-60,5,791,791,0,0,0,0
1832,-66,0,-31,0,0,0,0,0
1833,-56,222,35,0,0,0,0,0
1834,-60,5,784,784,0,0,0,0
1835,-60,0,10,0,0,0,0,0
1836,-62,5,779,779,0,0,0,0
1837,-58,181,24,0,0,0,0,0
1838,-66,10,2519,0,0,0,0,0
1839,-56,0,0,0,0,0,0,0
1840,-64,0,3,0,0,0,0,0
1841,-64,0,0,0,0,0,0,0
1842,-58,0,0,0,0,0,0,0
1843,-66,0,0,0,0,0,0,0
1844,-60,0,-4,0,0,0,0,0
1845,-60,0,0,0,0,0,0,0
1846,-66,0,11,0,0,0,0,0
1847,-64,0,0,0,0,0,0,0
1848,-56,246,-1,0,0,0,0,0
1849,-62,0,0,1117,0,0,0,0
1850,-68,0,38,0,0,0,0,0
1851,-64,0,2,0,0,0,0,0
1852,-60,261,9,0,0,0,0,0
1853,-60,0,3,1123,0,0,0,0
1854,-66,268,-2,0,0,0,0,0
1855,-64,752,3,1125,0,0,0,0
1856,-66,281,10,0,0,0,0,0
1857,-60,0,2,0,0,0,0,0
1858,-62,0,13,0,0,0,0,0
1859,-64,0,403,0,0,0,0,0
1860,-64,296,12,0,0,0,0,0
1861,-62,0,403,0,0,0,0,0
1862,-60,299,10,0,0,0,0,0
1863,-66,0,387,491,0,0,0,0
1864,-62,0,16,0,0,0,0,0
1865,-64,0,0,1217,0,0,0,0
1866,-64,335,3,0,0,0,0,0
1867,-66,0,-21,0,0,0,0,0
1868,-58,774,0,1229,0,0,0,0
1869,-62,337,-3,0,0,0,0,0
1870,-56,0,455,586,0,0,0,0
1871,-70,351,-6,0,0,0,0,0
1872,-64,0,469,604,0,0,0,0
1873,-64,0,-26,0,0,0,0,0
1874,-68,0,481,622,0,0,0,0
1875,-64,359,19,0,0,0,0,0
1876,-64,5,793,793,0,0,0,0
1877,-64,372,-9,0,0,0,0,0
1878,-64,5,786,786,0,0,0,0
1879,-60,0,5,0,0,0,0,0
1880,-66,10,2545,0,0,0,0,0
1881,-60,0,0,0,0,0,0,0
1882,-60,0,717,0,0,0,0,0
1883,-60,0,0,0,0,0,0,0
1884,-58,0,721,0,0,0,0,0
1885,-54,0,0,0,0,0,0,0
1886,-62,385,14,0,0,0,0,0
1887,-64,0,0,0,0,0,0,0
1888,-56,0,0,0,0,0,0,0
1889,-68,0,0,0,0,0,0,0
1890,-62,385,-26,0,0,0,0,0
1891,-60,0,0,0,0,0,0,0
1892,-66,0,0,0,0,0,0,0
1893,-68,7691,-8,0,0,0,0,0
1894,-60,0,0,0,0,0,0,0
1895,-66,383,10,0,0,0,0,0
1896,-66,0,0,0,0,0,0,0
1897,-62,0,-1,0,0,0,0,0
1898,-58,0,7,1136,0,0,0,0
1899,-62,353,-2,0,0,0,0,0
1900,-62,0,0,0,0,0,0,0
1901,-64,0,0,0,0,0,0,0
1902,-66,0,6,0,0,0,0,0
1903,-64,364,39,0,0,0,0,0
1904,-62,0,2,0,0,0,0,0
1905,-60,352,-9,0,0,0,0,0
1906,-56,0,16,0,0,0,0,0
1907,-60,347,-4,0,0,0,0,0
1908,-58,730,0,1181,0,0,0,0
1909,-62,0,10,0,0,0,0,0
1910,-58,0,-19,0,0,0,0,0
1911,-60,0,562,729,0,0,0,0
1912,-64,0,0,0,0,0,0,0
1913,-62,5,789,789,0,0,0,0
1914,-58,0,10,0,0,0,0,0
1915,-56,0,555,720,0,0,0,0
1916,-60,359,-8,0,0,0,0,0
1917,-54,5,789,789,0,0,0,0
1918,-52,330,11,0,0,0,0,0
1919,-56,5,793,793,0,0,0,0
1920,-60,0,0,0,0,0,0,0
1921,-64,0,792,0,0,0,0,0
1922,-58,10,2598,0,0,0,0,0
1923,-54,0,0,0,0,0,0,0
1924,-64,0,-31,0,0,0,0,0
1925,-64,0,0,0,0,0,0,0
1926,-56,0,0,0,0,0,0,0
1927,-64,0,0,0,0,0,0,0
1928,-56,0,0,0,0,0,0,0
1929,-60,0,533,690,0,0,0,0
1930,-56,0,21,0,0,0,0,0
1931,-60,0,532,689,0,0,0,0
1932,-62,0,-4,0,0,0,0,0
1933,-49,0,405,0,0,0,0,0
1934,-58,323,-11,0,0,0,0,0
1935,-62,784,7,1179,0,0,0,0
1936,-54,0,0,0,0,0,0,0
1937,-58,0,-5,0,0,0,0,0
1938,-60,0,7,1181,0,0,0,0
1939,-58,253,13,0,0,0,0,0
1940,-64,0,0,0,0,0,0,0
1941,-60,10,2625,0,0,0,0,0
1942,-52,0,0,0,0,0,0,0
1943,-60,0,791,0,0,0,0,0
1944,-60,150,25,0,0,0,0,0
1945,-49,10,2629,0,0,0,0,0
1946,-66,0,-21,0,0,0,0,0
1947,-62,10,2631,0,0,0,0,0
1948,-54,48,17,0,0,0,0,0
1949,-58,0,23,0,0,0,0,0
1950,-56,10,2635,0,0,0,0,0
1951,-62,0,2,0,0,0,0,0
1952,-52,0,-16,0,0,0,0,0
1953,-54,5,792,792,0,0,0,0
1954,-52,-4,-6,0,0,0,0,0
1955,-60,5,791,791,0,0,0,0
1956,-66,-173,7,0,0,0,0,0
1957,-62,0,421,0,0,0,0,0
1958,-58,0,23,0,0,0,0,0
1959,-68,0,0,0,0,0,0,0
1960,-66,0,421,0,0,0,0,0
1961,-64,0,790,0,0,0,0,0
1962,-66,4,20,0,0,0,0,0
1963,-62,4,20,0,0,0,0,0
1964,-66,793,9,1217,0,0,0,0
1965,-64,0,2,0,0,0,0,0
1966,-72,285,30,0,0,0,0,0
1967,-68,0,0,0,0,0,0,0
1968,-66,0,31,0,0,0,0,0
1969,-64,0,0,0,0,0,0,0
1970,-71,236,-43,0,0,0,0,0
1971,-66,0,0,0,0,0,0,0
1972,-62,0,0,0,0,0,0,0
1973,-60,0,0,0,0,0,0,0
1974,-64,0,591,0,0,0,0,0
1975,-68,0,-6,0,0,0,0,0
1976,-62,0,1070,1190,0,0,0,0
1977,-66,175,-16,0,0,0,0,0
1978,-62,661,0,1136,0,0,0,0
1979,-70,172,-80,0,0,0,0,0
1980,-68,0,410,0,0,0,0,0
1981,-70,0,23,0,0,0,0,0
1982,-66,0,22,0,0,0,0,0
1983,-66,0,0,0,0,0,0,0
1984,-64,191,-32,0,0,0,0,0
1985,-66,0,4,0,0,0,0,0
1986,-68,510,7,1026,0,0,0,0
1987,-66,167,19,0,0,0,0,0
1988,-66,0,426,0,0,0,0,0
1989,-66,193,2,0,0,0,0,0
1990,-68,0,0,0,0,0,0,0
1991,-64,0,22,0,0,0,0,0
1992,-62,0,0,0,0,0,0,0
1993,-67,173,-29,0,0,0,0,0
1994,-66,0,0,0,0,0,0,0
1995,-62,0,0,0,0,0,0,0
1996,-68,0,0,0,0,0,0,0
1997,-66,0,522,0,0,0,0,0
1998,-64,0,0,0,0,0,0,0
1999,-66,0,546,0,0,0,0,0
2000,-60,0,54,0,0,0,0,0
2001,-66,0,554,0,0,0,0,0
2002,-64,0,0,0,0,0,0,0
2003,-62,5,556,556,0,0,0,0
2004,-60,262,29,0,0,0,0,0
2005,-58,0,955,1047,0,0,0,0
2006,-62,0,29,0,0,0,0,0
2007,-60,0,940,1041,0,0,0,0
2008,-66,295,0,0,0,0,0,0
2009,-64,522,0,1112,0,0,0,0
2010,-66,0,-7,0,0,0,0,0
2011,-60,0,924,1035,0,0,0,0
2012,-66,0,916,1034,0,0,0,0
2013,-62,0,31,0,0,0,0,0
2014,-62,0,910,1035,0,0,0,0
2015,-58,372,-8,0,0,0,0,0
2016,-64,573,0,1176,0,0,0,0
2017,-60,0,-7,0,0,0,0,0
2018,-66,0,2,0,0,0,0,0
2019,-68,0,3,0,0,0,0,0
2020,-54,0,427,0,0,0,0,0
2021,-62,380,22,0,0,0,0,0
2022,-60,0,427,0,0,0,0,0
2023,-64,386,-14,0,0,0,0,0
2024,-60,0,0,0,0,0,0,0
2025,-56,0,0,0,0,0,0,0
2026,-62,0,0,0,0,0,0,0
2027,-62,0,765,0,0,0,0,0
2028,-62,0,598,0,0,0,0,0
2029,-58,404,29,0,0,0,0,0
2030,-66,10,2951,0,0,0,0,0
2031,-58,0,-11,0,0,0,0,0
2032,-64,10,2955,0,0,0,0,0
2033,-64,249,14,0,0,0,0,0
2034,-68,10,2958,0,0,0,0,0
2035,-64,166,-58,0,0,0,0,0
2036,-68,672,0,1152,0,0,0,0
2037,-56,0,19,0,0,0,0,0
2038,-60,656,0,1149,0,0,0,0
2039,-60,-22,0,0,0,0,0,0
2040,-54,0,2,0,0,0,0,0
2041,-64,-148,-34,0,0,0,0,0
2042,-54,0,0,0,0,0,0,0
2043,-66,0,-72,0,0,0,0,0
2044,-64,0,0,0,0,0,0,0
2045,-62,-254,-44,0,0,0,0,0
2046,-60,630,10,1128,0,0,0,0
2047,-64,0,-6,0,0,0,0,0
2048,-64,-245,72,0,0,0,0,0
2049,-62,0,427,0,0,0,0,0
2050,-66,-243,-24,0,0,0,0,0
2051,-68,0,0,0,0,0,0,0
2052,-66,0,-5,0,0,0,0,0
2053,-64,111,5,0,0,0,0,0
2054,-58,0,0,0,0,0,0,0
2055,-62,0,0,0,0,0,0,0
2056,-62,10,3011,0,0,0,0,0
2057,-58,0,0,0,0,0,0,0
2058,-62,0,444,0,0,0,0,0
2059,-58,0,0,0,0,0,0,0
2060,-62,5,544,544,0,0,0,0
2061,-64,0,22,0,0,0,0,0
2062,-61,0,1226,1292,0,0,0,0
2063,-64,471,-15,0,0,0,0,0
2064,-66,0,1218,1310,0,0,0,0
2065,-64,0,64,0,0,0,0,0
2066,-64,610,0,1192,0,0,0,0
2067,-66,0,-2,0,0,0,0,0
2068,-66,0,3,0,0,0,0,0
2069,-64,0,0,1210,0,0,0,0
2070,-56,577,4,0,0,0,0,0
2071,-58,644,12,1165,0,0,0,0
2072,-62,0,6,0,0,0,0,0
2073,-58,634,11,1131,0,0,0,0
2074,-64,580,4,0,0,0,0,0
2075,-62,0,427,0,0,0,0,0
2076,-60,0,-22,0,0,0,0,0
2077,-62,0,427,0,0,0,0,0
2078,-64,0,-36,0,0,0,0,0
2079,-64,620,40,0,0,0,0,0
2080,-60,0,0,0,0,0,0,0
2081,-56,0,0,0,0,0,0,0
2082,-62,0,0,0,0,0,0,0
2083,-58,10,3073,0,0,0,0,0
2084,-62,585,39,0,0,0,0,0
2085,-64,0,1198,1455,0,0,0,0
2086,-64,0,44,0,0,0,0,0
2087,-68,545,0,1099,0,0,0,0
2088,-70,546,20,0,0,0,0,0
2089,-68,0,413,0,0,0,0,0
2090,-64,0,48,0,0,0,0,0
2091,-66,0,413,0,0,0,0,0
2092,-66,0,-27,0,0,0,0,0
2093,-64,0,2,1019,0,0,0,0
2094,-62,464,22,0,0,0,0,0
2095,-60,0,2,0,0,0,0,0
2096,-66,379,-28,0,0,0,0,0
2097,-58,0,0,0,0,0,0,0
2098,-60,0,0,0,0,0,0,0
2099,-64,0,0,0,0,0,0,0
2100,-64,0,0,0,0,0,0,0
2101,-58,0,-1,0,0,0,0,0
2102,-66,10,3117,0,0,0,0,0
2103,-56,-158,-39,0,0,0,0,0
2104,-56,0,1190,1363,0,0,0,0
2105,-68,0,48,0,0,0,0,0
2106,-58,5,726,726,0,0,0,0
2107,-66,-358,16,0,0,0,0,0
2108,-68,0,1238,1309,0,0,0,0
2109,-64,0,6,0,0,0,0,0
2110,-62,5,774,774,0,0,0,0
2111,-64,-343,7,0,0,0,0,0
2112,-68,0,1281,1275,0,0,0,0
2113,-64,0,-13,0,0,0,0,0
2114,-64,691,0,1227,0,0,0,0
2115,-68,-403,-29,0,0,0,0,0
2116,-64,0,413,0,0,0,0,0
2117,-64,-371,25,0,0,0,0,0
2118,-66,0,18,0,0,0,0,0
2119,-62,-431,19,0,0,0,0,0
2120,-62,0,0,0,0,0,0,0
2121,-64,0,-7,0,0,0,0,0
2122,-60,0,0,0,0,0,0,0
2123,-68,0,18,0,0,0,0,0
2124,-62,-470,17,0,0,0,0,0
2125,-66,0,2,0,0,0,0,0
2126,-60,0,-35,0,0,0,0,0
2127,-66,0,2,0,0,0,0,0
2128,-68,-454,-21,0,0,0,0,0
2129,-71,0,-14,0,0,0,0,0
2130,-70,0,0,0,0,0,0,0
2131,-70,0,0,0,0,0,0,0
2132,-62,0,0,0,0,0,0,0
2133,-66,0,0,0,0,0,0,0
2134,-68,0,0,0,0,0,0,0
2135,-66,-487,-27,0,0,0,0,0
2136,-66,0,0,0,0,0,0,0
2137,-64,0,0,0,0,0,0,0
2138,-68,0,0,0,0,0,0,0
2139,-60,0,0,0,0,0,0,0
2140,-68,0,481,0,0,0,0,0
2141,-73,-381,-55,0,0,0,0,0
2142,-67,0,499,0,0,0,0,0
2143,-64,0,0,0,0,0,0,0
2144,-68,0,431,0,0,0,0,0
2145,-64,1,2,0,0,0,0,0
2146,-66,10,3226,0,0,0,0,0
2147,-64,0,-12,0,0,0,0,0
2148,-64,5,328,328,0,0,0,0
2149,-66,414,-3,0,0,0,0,0
2150,-64,0,1300,1187,0,0,0,0
2151,-60,0,19,0,0,0,0,0
2152,-66,0,1245,1210,0,0,0,0
2153,-68,492,6,0,0,0,0,0
2154,-68,0,1211,1224,0,0,0,0
2155,-73,501,6,0,0,0,0,0
2156,-71,0,413,0,0,0,0,0
2157,-68,0,65,0,0,0,0,0
2158,-70,0,2,0,0,0,0,0
2159,-62,0,1,0,0,0,0,0
2160,-64,0,-26,0,0,0,0,0
2161,-66,590,27,0,0,0,0,0
2162,-66,0,0,0,0,0,0,0
2163,-64,0,2,0,0,0,0,0
2164,-58,0,0,0,0,0,0,0
2165,-62,530,13,0,0,0,0,0
2166,-60,0,0,0,0,0,0,0
2167,-70,0,0,0,0,0,0,0
2168,-68,0,0,0,0,0,0,0
2169,-66,0,9,0,0,0,0,0
2170,-66,0,0,0,0,0,0,0
2171,-58,0,203,0,0,0,0,0
2172,-66,479,6,0,0,0,0,0
2173,-64,10,3285,0,0,0,0,0
2174,-68,0,-26,0,0,0,0,0
2175,-66,5,228,228,0,0,0,0
2176,-66,0,0,0,0,0,0,0
2177,-66,5,337,337,0,0,0,0
2178,-66,386,27,0,0,0,0,0
2179,-64,0,782,1009,0,0,0,0
2180,-64,0,11,0,0,0,0,0
2181,-58,5,454,454,0,0,0,0
2182,-62,0,738,955,0,0,0,0
2183,-64,0,2,0,0,0,0,0
2184,-64,324,0,1055,0,0,0,0
2185,-58,390,6,0,0,0,0,0
2186,-60,0,2,0,0,0,0,0
2187,-70,358,6,0,0,0,0,0
2188,-62,0,413,0,0,0,0,0
2189,-60,0,0,0,0,0,0,0
2190,-64,0,-8,0,0,0,0,0
2191,-68,538,6,1096,0,0,0,0
2192,-60,381,-15,0,0,0,0,0
2193,-66,0,2,0,0,0,0,0
2194,-60,0,-28,0,0,0,0,0
2195,-62,0,-17,0,0,0,0,0
2196,-64,338,13,0,0,0,0,0
2197,-60,0,2,0,0,0,0,0
2198,-64,0,-28,0,0,0,0,0
2199,-62,0,0,0,0,0,0,0
2200,-60,0,7,0,0,0,0,0
2201,-60,10,3341,0,0,0,0,0
2202,-66,0,0,0,0,0,0,0
2203,-64,10,3344,0,0,0,0,0
2204,-68,0,0,0,0,0,0,0
2205,-62,5,667,667,0,0,0,0
2206,-60,288,-13,0,0,0,0,0
2207,-62,0,538,697,0,0,0,0
2208,-66,0,11,0,0,0,0,0
2209,-58,659,0,1124,0,0,0,0
2210,-58,0,-8,0,0,0,0,0
2211,-62,0,0,0,0,0,0,0
2212,-66,671,5,1087,0,0,0,0
2213,-56,0,-31,0,0,0,0,0
2214,-58,0,0,0,0,0,0,0
2215,-60,0,0,0,0,0,0,0
2216,-64,0,2,0,0,0,0,0
2217,-62,0,-29,0,0,0,0,0
2218,-64,0,0,0,0,0,0,0
2219,-56,0,413,0,0,0,0,0
2220,-62,0,0,0,0,0,0,0
2221,-60,0,2,0,0,0,0,0
2222,-54,0,11,0,0,0,0,0
2223,-64,0,0,0,0,0,0,0
2224,-58,254,-4,0,0,0,0,0
2225,-60,0,0,0,0,0,0,0
2226,-66,0,701,0,0,0,0,0
2227,-60,0,0,0,0,0,0,0
2228,-66,0,788,0,0,0,0,0
2229,-60,0,0,0,0,0,0,0
2230,-66,151,9,0,0,0,0,0
2231,-66,0,0,1206,0,0,0,0
2232,-64,0,35,0,0,0,0,0
2233,-62,208,23,0,0,0,0,0
2234,-68,227,36,0,0,0,0,0
2235,-71,0,0,0,0,0,0,0
2236,-58,228,28,0,0,0,0,0
2237,-64,0,0,1106,0,0,0,0
2238,-62,0,-2,0,0,0,0,0
2239,-62,0,419,0,0,0,0,0
2240,-62,282,30,0,0,0,0,0
2241,-64,0,0,0,0,0,0,0
2242,-58,0,-24,0,0,0,0,0
2243,-62,0,2,0,0,0,0,0
2244,-62,334,-15,0,0,0,0,0
2245,-56,358,21,0,0,0,0,0
2246,-68,679,0,1202,0,0,0,0
2247,-62,376,-6,0,0,0,0,0
2248,-54,0,771,889,0,0,0,0
2249,-62,0,20,0,0,0,0,0
2250,-56,10,3508,0,0,0,0,0
2251,-64,0,-25,0,0,0,0,0
2252,-62,10,3511,0,0,0,0,0
2253,-62,0,0,0,0,0,0,0
2254,-56,0,795,0,0,0,0,0
2255,-56,0,0,0,0,0,0,0
2256,-52,0,792,0,0,0,0,0
2257,-62,0,0,0,0,0,0,0
2258,-64,178,-12,0,0,0,0,0
2259,-54,0,9,1208,0,0,0,0
2260,-58,17,-51,0,0,0,0,0
2261,-58,771,9,1211,0,0,0,0
2262,-60,-105,-37,0,0,0,0,0
2263,-56,0,-52,0,0,0,0,0
2264,-58,-404,-37,0,0,0,0,0
2265,-64,0,16,0,0,0,0,0
2266,-52,0,0,0,0,0,0,0
2267,-58,-400,12,0,0,0,0,0
2268,-62,0,0,0,0,0,0,0
2269,-62,0,27,0,0,0,0,0
2270,-58,0,2,0,0,0,0,0
2271,-62,0,-35,0,0,0,0,0
2272,-60,0,2,0,0,0,0,0
2273,-62,-321,-44,0,0,0,0,0
2274,-56,0,420,0,0,0,0,0
2275,-66,0,4,0,0,0,0,0
2276,-58,0,1015,895,0,0,0,0
2277,-60,-383,40,0,0,0,0,0
2278,-60,0,420,0,0,0,0,0
2279,-66,0,-28,0,0,0,0,0
2280,-56,-392,-23,0,0,0,0,0
2281,-52,0,2,0,0,0,0,0
2282,-64,0,17,0,0,0,0,0
2283,-60,0,420,0,0,0,0,0
2284,-64,-371,71,0,0,0,0,0
2285,-60,786,9,1224,0,0,0,0
2286,-47,-292,-1,0,0,0,0,0
2287,-60,787,9,1223,0,0,0,0
2288,-66,0,-34,0,0,0,0,0
2289,-60,0,2,0,0,0,0,0
2290,-64,-237,-4,0,0,0,0,0
2291,-60,0,0,0,0,0,0,0
2292,-54,0,-9,0,0,0,0,0
2293,-66,0,0,0,0,0,0,0
2294,-64,-376,-11,0,0,0,0,0
2295,-56,0,0,0,0,0,0,0
2296,-64,0,0,0,0,0,0,0
2297,-62,0,0,0,0,0,0,0
2298,-62,-410,19,0,0,0,0,0
2299,-52,0,0,0,0,0,0,0
2300,-54,0,791,0,0,0,0,0
2301,-56,0,0,0,0,0,0,0
2302,-58,0,0,0,0,0,0,0
2303,-62,0,0,0,0,0,0,0
2304,-62,0,793,0,0,0,0,0
2305,-52,0,791,0,0,0,0,0
2306,-66,0,7,0,0,0,0,0
2307,-62,10,3605,0,0,0,0,0
2308,-62,-240,11,0,0,0,0,0
2309,-66,5,792,792,0,0,0,0
2310,-64,0,-28,0,0,0,0,0
2311,-62,0,1057,922,0,0,0,0
2312,-56,0,-27,0,0,0,0,0
2313,-52,0,1054,921,0,0,0,0
2314,-62,-364,-45,0,0,0,0,0
2315,-68,0,-12,0,0,0,0,0
2316,-60,0,421,0,0,0,0,0
2317,-64,-526,-2,0,0,0,0,0
2318,-60,0,2,0,0,0,0,0
2319,-62,0,-29,0,0,0,0,0
2320,-68,0,2,0,0,0,0,0
2321,-64,0,5,0,0,0,0,0
2322,-58,0,0,0,0,0,0,0
2323,-62,-365,-16,0,0,0,0,0
2324,-68,0,0,0,0,0,0,0
2325,-60,-307,-1,0,0,0,0,0
2326,-58,0,0,0,0,0,0,0
2327,-62,5,792,792,0,0,0,0
2328,-64,0,41,0,0,0,0,0
2329,-60,0,1001,829,0,0,0,0
2330,-64,0,17,0,0,0,0,0
2331,-66,0,989,827,0,0,0,0
2332,-62,-193,11,0,0,0,0,0
2333,-68,788,0,1216,0,0,0,0
2334,-64,0,-2,0,0,0,0,0
2335,-62,0,961,825,0,0,0,0
2336,-58,0,42,0,0,0,0,0
2337,-66,0,953,816,0,0,0,0
2338,-62,0,-14,0,0,0,0,0
2339,-62,794,0,1215,0,0,0,0
2340,-66,-27,-21,0,0,0,0,0
2341,-62,0,2,0,0,0,0,0
2342,-64,0,11,0,0,0,0,0
2343,-62,0,0,0,0,0,0,0
2344,-56,-35,15,0,0,0,0,0
2345,-64,0,0,0,0,0,0,0
2346,-64,-44,30,0,0,0,0,0
2347,-60,0,438,0,0,0,0,0
2348,-58,-37,-34,0,0,0,0,0
2349,-66,0,438,0,0,0,0,0
2350,-62,-56,-19,0,0,0,0,0
2351,-62,0,40,0,0,0,0,0
2352,-64,0,0,0,0,0,0,0
2353,-64,0,-18,0,0,0,0,0
2354,-64,0,0,0,0,0,0,0
2355,-56,0,792,0,0,0,0,0
2356,-62,-74,36,0,0,0,0,0
2357,-54,10,3690,0,0,0,0,0
2358,-58,0,0,0,0,0,0,0
2359,-62,0,3692,0,0,0,0,0
2360,-62,0,11,0,0,0,0,0
2361,-58,5,792,792,0,0,0,0
2362,-64,-66,-23,0,0,0,0,0
2363,-64,0,828,787,0,0,0,0
2364,-66,0,-57,0,0,0,0,0
2365,-56,0,-18,0,0,0,0,0
2366,-64,0,421,0,0,0,0,0
2367,-60,0,-21,0,0,0,0,0
2368,-62,0,0,1222,0,0,0,0
2369,-56,-149,13,0,0,0,0,0
2370,-66,790,0,1226,0,0,0,0
2371,-56,0,-11,0,0,0,0,0
2372,-62,-145,-17,0,0,0,0,0
2373,-64,0,423,0,0,0,0,0
2374,-62,-174,-12,0,0,0,0,0
2375,-64,0,2,0,0,0,0,0
2376,-66,0,-22,0,0,0,0,0
2377,-62,0,2,0,0,0,0,0
2378,-60,-291,-1,0,0,0,0,0
2379,-41,0,2,0,0,0,0,0
2380,-62,-354,1,0,0,0,0,0
2381,-58,0,2,0,0,0,0,0
2382,-64,0,13,0,0,0,0,0
2383,-64,0,36,0,0,0,0,0
2384,-58,794,9,1224,0,0,0,0
2385,-64,-409,10,0,0,0,0,0
2386,-66,794,9,1226,0,0,0,0
2387,-62,0,7,0,0,0,0,0
2388,-62,794,9,1227,0,0,0,0
2389,-64,-454,-24,0,0,0,0,0
2390,-68,0,16,0,0,0,0,0
2391,-64,0,0,0,0,0,0,0
2392,-66,-465,-19,0,0,0,0,0
2393,-68,0,0,0,0,0,0,0
2394,-64,0,44,0,0,0,0,0
2395,-64,0,0,0,0,0,0,0
2396,-64,0,793,0,0,0,0,0
2397,-64,0,0,0,0,0,0,0
2398,-68,0,0,0,0,0,0,0
2399,-68,-484,7,0,0,0,0,0
2400,-66,10,3759,0,0,0,0,0
2401,-64,0,0,0,0,0,0,0
2402,-64,5,791,791,0,0,0,0
2403,-64,-507,-8,0,0,0,0,0
2404,-64,10,3765,0,0,0,0,0
2405,-68,0,0,0,0,0,0,0
2406,-63,5,791,791,0,0,0,0
2407,-66,0,0,0,0,0,0,0
2408,-70,10,3771,0,0,0,0,0
2409,-66,0,-12,0,0,0,0,0
2410,-67,0,791,791,0,0,0,0
2411,-64,0,-32,0,0,0,0,0
2412,-66,-554,-52,0,0,0,0,0
2413,-67,0,424,0,0,0,0,0
2414,-65,-590,-33,0,0,0,0,0
2415,-66,0,0,1236,0,0,0,0
2416,-66,0,-15,0,0,0,0,0
2417,-62,0,-21,0,0,0,0,0
2418,-65,-581,5,0,0,0,0,0
2419,-66,0,44,0,0,0,0,0
2420,-68,-567,-256,0,0,0,0,0
2421,-70,0,0,0,0,0,0,0
2422,-63,0,16,0,0,0,0,0
2423,-70,0,0,0,0,0,0,0
2424,-70,-233,78,0,0,0,0,0
2425,-68,0,0,0,0,0,0,0
2426,-64,0,0,0,0,0,0,0
2427,-70,0,792,0,0,0,0,0
2428,-64,0,0,0,0,0,0,0
2429,-66,0,793,0,0,0,0,0
2430,-64,315,23,0,0,0,0,0
2431,-71,0,788,0,0,0,0,0
2432,-71,0,2,0,0,0,0,0
2433,-64,5,786,786,0,0,0,0
2434,-74,364,-37,0,0,0,0,0
2435,-75,0,1410,1395,0,0,0,0
2436,-73,0,-44,0,0,0,0,0
2437,-64,0,1412,1433,0,0,0,0
2438,-70,395,-32,0,0,0,0,0
2439,-71,0,1417,1466,0,0,0,0
2440,-66,381,-13,0,0,0,0,0
2441,-69,757,0,1221,0,0,0,0
2442,-70,0,-12,0,0,0,0,0
2443,-70,0,425,0,0,0,0,0
2444,-68,0,51,0,0,0,0,0
2445,-68,0,2,0,0,0,0,0
2446,-64,291,19,0,0,0,0,0
2447,-71,0,0,0,0,0,0,0
2448,-70,195,6,0,0,0,0,0
2449,-64,0,0,0,0,0,0,0
2450,-66,-47,-18,0,0,0,0,0
2451,-70,0,0,0,0,0,0,0
2452,-66,0,-47,0,0,0,0,0
2453,-70,-363,-7,0,0,0,0,0
2454,-70,0,2,0,0,0,0,0
2455,-66,0,-38,0,0,0,0,0
2456,-58,0,0,0,0,0,0,0
2457,-70,-442,101,0,0,0,0,0
2458,-64,0,2,1218,0,0,0,0
2459,-68,-406,26,0,0,0,0,0
2460,-64,0,0,0,0,0,0,0
2461,-73,0,-51,0,0,0,0,0
2462,-69,0,0,0,0,0,0,0
2463,-71,0,0,0,0,0,0,0
2464,-71,0,0,0,0,0,0,0
2465,-68,10,3924,0,0,0,0,0
2466,-66,0,0,0,0,0,0,0
2467,-77,10,3928,0,0,0,0,0
2468,-71,-523,-69,0,0,0,0,0
2469,-75,10,3933,0,0,0,0,0
2470,-75,0,0,0,0,0,0,0
2471,-69,0,1687,1494,0,0,0,0
2472,-68,0,11,0,0,0,0,0
2473,-64,0,-4,0,0,0,0,0
2474,-78,-612,34,0,0,0,0,0
2475,-74,373,7,991,0,0,0,0
2476,-71,-550,8,0,0,0,0,0
2477,-71,0,-251,0,0,0,0,0
2478,-69,0,441,0,0,0,0,0
2479,-74,-559,19,0,0,0,0,0
2480,-69,0,-20,0,0,0,0,0
2481,-71,0,441,0,0,0,0,0
2482,-71,0,-8,0,0,0,0,0
2483,-71,0,0,0,0,0,0,0
2484,-68,-495,45,0,0,0,0,0
2485,-74,0,0,0,0,0,0,0
2486,-70,-400,30,0,0,0,0,0
2487,-75,0,0,0,0,0,0,0
2488,-71,0,0,0,0,0,0,0
2489,-68,-214,14,0,0,0,0,0
2490,-71,5,539,539,0,0,0,0
2491,-64,0,-17,0,0,0,0,0
2492,-76,0,1548,1332,0,0,0,0
2493,-71,0,-54,0,0,0,0,0
2494,-69,0,1517,1339,0,0,0,0
2495,-65,0,-30,0,0,0,0,0
2496,-70,0,1488,1342,0,0,0,0
2497,-73,0,-20,0,0,0,0,0
2498,-69,0,1459,1354,0,0,0,0
2499,-68,307,-13,0,0,0,0,0
2500,-71,373,0,1055,0,0,0,0
2501,-69,307,30,0,0,0,0,0
2502,-71,0,426,0,0,0,0,0
2503,-68,421,10,0,0,0,0,0
2504,-68,0,426,0,0,0,0,0
2505,-66,0,9,0,0,0,0,0
2506,-68,532,-32,0,0,0,0,0
2507,-66,0,0,0,0,0,0,0
2508,-70,607,40,0,0,0,0,0
2509,-66,0,0,0,0,0,0,0
2510,-64,0,47,0,0,0,0,0
2511,-64,311,-36,0,0,0,0,0
2512,-71,0,0,0,0,0,0,0
2513,-66,0,0,0,0,0,0,0
2514,-64,0,0,0,0,0,0,0
2515,-71,0,0,0,0,0,0,0
2516,-64,0,0,0,0,0,0,0
2517,-65,0,0,0,0,0,0,0
2518,-58,0,0,0,0,0,0,0
2519,-70,10,4097,0,0,0,0,0
2520,-69,0,3,0,0,0,0,0
2521,-66,424,53,0,0,0,0,0
2522,-68,5,794,794,0,0,0,0
2523,-71,0,-10,0,0,0,0,0
2524,-68,10,4102,0,0,0,0,0
2525,-66,397,-5,0,0,0,0,0
2526,-64,5,791,791,0,0,0,0
2527,-71,0,-26,0,0,0,0,0
2528,-69,0,569,738,0,0,0,0
2529,-68,384,12,0,0,0,0,0
2530,-62,0,575,747,0,0,0,0
2531,-66,386,35,0,0,0,0,0
2532,-66,413,3,0,0,0,0,0
2533,-70,800,0,1220,0,0,0,0
2534,-68,0,-4,0,0,0,0,0
2535,-70,0,1,0,0,0,0,0
2536,-68,0,2,0,0,0,0,0
2537,-68,379,-15,0,0,0,0,0
2538,-66,0,2,0,0,0,0,0
2539,-62,0,0,0,0,0,0,0
2540,-66,383,10,0,0,0,0,0
2541,-72,380,2,0,0,0,0,0
2542,-58,0,442,0,0,0,0,0
2543,-70,0,-19,0,0,0,0,0
2544,-70,0,0,0,0,0,0,0
2545,-66,379,11,0,0,0,0,0
2546,-66,0,0,0,0,0,0,0
2547,-58,0,0,0,0,0,0,0
2548,-68,0,0,0,0,0,0,0
2549,-64,0,0,0,0,0,0,0
2550,-67,0,0,0,0,0,0,0
2551,-66,0,0,0,0,0,0,0
2552,-68,0,0,0,0,0,0,0
2553,-66,10,4141,0,0,0,0,0
2554,-64,367,-23,0,0,0,0,0
2555,-70,0,795,795,0,0,0,0
2556,-64,372,16,0,0,0,0,0
2557,-68,10,4146,0,0,0,0,0
2558,-68,0,4,0,0,0,0,0
2559,-66,5,792,792,0,0,0,0
2560,-71,383,-16,0,0,0,0,0
2561,-68,0,600,776,0,0,0,0
2562,-66,399,2,0,0,0,0,0
2563,-68,0,600,776,0,0,0,0
2564,-68,0,-15,0,0,0,0,0
2565,-64,0,599,776,0,0,0,0
2566,-66,390,-4,0,0,0,0,0
2567,-66,0,599,775,0,0,0,0
2568,-68,792,0,1208,0,0,0,0
2569,-62,0,-28,0,0,0,0,0
2570,-68,0,0,0,0,0,0,0
2571,-68,0,1,0,0,0,0,0
2572,-66,0,0,1213,0,0,0,0
2573,-58,377,7,0,0,0,0,0
2574,-70,792,8,1188,0,0,0,0
2575,-66,0,20,0,0,0,0,0
2576,-62,790,8,1187,0,0,0,0
2577,-62,384,-8,0,0,0,0,0
2578,-64,0,443,0,0,0,0,0
2579,-64,0,-2,0,0,0,0,0
2580,-62,0,0,0,0,0,0,0
2581,-62,398,27,0,0,0,0,0
2582,-64,0,2,0,0,0,0,0
2583,-56,0,28,0,0,0,0,0
2584,-68,0,0,0,0,0,0,0
2585,-56,389,6,0,0,0,0,0
2586,-64,0,30,0,0,0,0,0
2587,-68,0,2,0,0,0,0,0
2588,-64,259,-20,0,0,0,0,0
2589,-68,0,2,0,0,0,0,0
2590,-64,0,-32,0,0,0,0,0
2591,-62,79,-20,0,0,0,0,0
2592,-68,0,0,1204,0,0,0,0
2593,-62,0,-5,0,0,0,0,0
2594,-60,0,2,0,0,0,0,0
2595,-60,-11,13,0,0,0,0,0
2596,-64,0,0,1215,0,0,0,0
2597,-68,0,13,0,0,0,0,0
2598,-62,0,616,0,0,0,0,0
2599,-64,0,0,0,0,0,0,0
2600,-60,0,0,0,0,0,0,0
2601,-64,0,0,0,0,0,0,0
2602,-64,0,790,0,0,0,0,0
2603,-70,0,0,0,0,0,0,0
2604,-66,0,791,0,0,0,0,0
2605,-64,-181,-9,0,0,0,0,0
2606,-64,5,791,791,0,0,0,0
2607,-70,0,246,0,0,0,0,0
2608,-66,10,4216,0,0,0,0,0
2609,-64,-222,4,0,0,0,0,0
2610,-70,5,790,790,0,0,0,0
2611,-68,0,-10,0,0,0,0,0
2612,-64,10,4222,0,0,0,0,0
2613,-64,0,0,0,0,0,0,0
2614,-65,5,789,789,0,0,0,0
2615,-64,0,11,0,0,0,0,0
2616,-60,0,940,860,0,0,0,0
2617,-60,-271,-37,0,0,0,0,0
2618,-68,800,0,1224,0,0,0,0
2619,-71,0,-12,0,0,0,0,0
2620,-62,0,971,871,0,0,0,0
2621,-62,-272,-37,0,0,0,0,0
2622,-62,0,982,875,0,0,0,0
2623,-66,0,22,0,0,0,0,0
2624,-61,0,992,880,0,0,0,0
2625,-70,0,12,0,0,0,0,0
2626,-66,10,4244,0,0,0,0,0
2627,-66,0,0,0,0,0,0,0
2628,-75,5,792,792,0,0,0,0
2629,-64,0,-2,0,0,0,0,0
2630,-66,10,4250,0,0,0,0,0
2631,-66,-533,11,0,0,0,0,0
2632,-66,10,4252,0,0,0,0,0
2633,-71,-569,12,0,0,0,0,0
2634,-62,0,793,0,0,0,0,0
2635,-64,0,16,0,0,0,0,0
2636,-62,10,4258,0,0,0,0,0
2637,-71,0,0,0,0,0,0,0
2638,-66,0,793,0,0,0,0,0
2639,-66,0,0,0,0,0,0,0
2640,-70,0,793,0,0,0,0,0
2641,-62,0,0,0,0,0,0,0
2642,-64,0,794,0,0,0,0,0
2643,-68,0,0,0,0,0,0,0
2644,-66,0,789,0,0,0,0,0
2645,-66,0,0,0,0,0,0,0
2646,-68,-584,51,0,0,0,0,0
2647,-71,0,0,0,0,0,0,0
2648,-66,0,45,0,0,0,0,0
2649,-71,-590,-3,0,0,0,0,0
2650,-64,0,0,0,0,0,0,0
2651,-70,0,-58,0,0,0,0,0
2652,-68,786,8,1210,0,0,0,0
2653,-70,0,10,0,0,0,0,0
2654,-64,0,0,0,0,0,0,0
2655,-70,0,0,0,0,0,0,0
2656,-66,0,-3,0,0,0,0,0
2657,-66,-248,-21,0,0,0,0,0
2658,-68,0,-26,0,0,0,0,0
2659,-68,0,2,0,0,0,0,0
2660,-62,0,-10,0,0,0,0,0
2661,-70,134,18,0,0,0,0,0
2662,-66,0,445,0,0,0,0,0
2663,-65,0,-17,0,0,0,0,0
2664,-62,0,0,1227,0,0,0,0
2665,-64,0,36,0,0,0,0,0
2666,-64,782,8,1181,0,0,0,0
2667,-64,277,25,0,0,0,0,0
2668,-70,271,38,0,0,0,0,0
2669,-60,792,0,1238,0,0,0,0
2670,-66,0,17,0,0,0,0,0
2671,-66,793,0,1237,0,0,0,0
2672,-64,300,10,0,0,0,0,0
2673,-66,0,825,863,0,0,0,0
2674,-60,294,16,0,0,0,0,0
2675,-66,0,808,870,0,0,0,0
2676,-62,0,-2,0,0,0,0,0
2677,-66,0,798,873,0,0,0,0
2678,-60,301,26,0,0,0,0,0
2679,-66,0,31,0,0,0,0,0
2680,-62,0,778,878,0,0,0,0
2681,-64,0,5,0,0,0,0,0
2682,-62,10,4336,0,0,0,0,0
2683,-68,301,32,0,0,0,0,0
2684,-68,5,792,792,0,0,0,0
2685,-64,0,-15,0,0,0,0,0
2686,-64,10,4341,0,0,0,0,0
2687,-62,0,0,0,0,0,0,0
2688,-68,0,0,0,0,0,0,0
2689,-58,0,0,0,0,0,0,0
2690,-64,0,0,0,0,0,0,0
2691,-64,0,0,0,0,0,0,0
2692,-64,0,793,0,0,0,0,0
2693,-62,0,0,0,0,0,0,0
2694,-62,0,-20,0,0,0,0,0
2695,-64,0,0,1192,0,0,0,0
2696,-68,0,-26,0,0,0,0,0
2697,-68,0,0,0,0,0,0,0
2698,-62,304,-1,0,0,0,0,0
2699,-66,0,0,1195,0,0,0,0
2700,-64,0,-13,0,0,0,0,0
2701,-64,0,2,0,0,0,0,0
2702,-66,303,-23,0,0,0,0,0
2703,-68,791,9,1196,0,0,0,0
2704,-60,0,26,0,0,0,0,0
2705,-68,0,-4,0,0,0,0,0
2706,-64,0,6,0,0,0,0,0
2707,-64,0,2,0,0,0,0,0
2708,-64,0,2,0,0,0,0,0
2709,-66,0,0,1216,0,0,0,0
2710,-68,0,-7,0,0,0,0,0
2711,-66,0,2,0,0,0,0,0
2712,-62,0,-14,0,0,0,0,0
2713,-66,165,-24,0,0,0,0,0
2714,-62,789,0,1215,0,0,0,0
2715,-64,0,6,0,0,0,0,0
2716,-62,0,773,860,0,0,0,0
2717,-68,0,0,0,0,0,0,0
2718,-62,10,4392,0,0,0,0,0
2719,-64,0,-15,0,0,0,0,0
2720,-66,10,4395,0,0,0,0,0
2721,-60,0,0,0,0,0,0,0
2722,-66,0,790,0,0,0,0,0
2723,-62,0,0,0,0,0,0,0
2724,-58,0,28,0,0,0,0,0
2725,-62,0,2,0,0,0,0,0
2726,-64,172,22,0,0,0,0,0
2727,-58,0,-3,0,0,0,0,0
2728,-58,163,-30,0,0,0,0,0
2729,-66,0,0,0,0,0,0,0
2730,-66,186,5,0,0,0,0,0
2731,-60,191,0,0,0,0,0,0
2732,-66,0,0,0,0,0,0,0
2733,-60,174,-10,0,0,0,0,0
2734,-62,795,0,1224,0,0,0,0
2735,-64,0,-40,0,0,0,0,0
2736,-58,0,-44,0,0,0,0,0
2737,-58,5,791,791,0,0,0,0
2738,-68,240,8,0,0,0,0,0
2739,-56,10,4425,0,0,0,0,0
2740,-64,0,0,0,0,0,0,0
2741,-66,0,792,0,0,0,0,0
2742,-64,0,0,0,0,0,0,0
2743,-52,0,-68,0,0,0,0,0
2744,-64,0,793,0,0,0,0,0
2745,-64,0,3,0,0,0,0,0
2746,-60,0,2,0,0,0,0,0
2747,-64,0,0,0,0,0,0,0
2748,-66,0,-2,0,0,0,0,0
2749,-64,0,449,0,0,0,0,0
2750,-66,260,-22,0,0,0,0,0
2751,-60,0,450,0,0,0,0,0
2752,-66,189,-9,0,0,0,0,0
2753,-60,0,0,1109,0,0,0,0
2754,-60,0,-588,0,0,0,0,0
2755,-64,128,-9,0,0,0,0,0
2756,-56,0,0,0,0,0,0,0
2757,-60,0,0,0,0,0,0,0
2758,-60,0,0,0,0,0,0,0
2759,-64,0,106,0,0,0,0,0
2760,-60,0,1,0,0,0,0,0
2761,-62,5,108,108,0,0,0,0
2762,-64,71,4,0,0,0,0,0
2763,-62,318,0,996,0,0,0,0
2764,-66,0,434,0,0,0,0,0
2765,-60,0,-21,0,0,0,0,0
2766,-58,363,4,984,0,0,0,0
2767,-66,0,-14,0,0,0,0,0
2768,-60,0,450,0,0,0,0,0
2769,-66,52,-49,0,0,0,0,0
2770,-62,49,-46,0,0,0,0,0
2771,-62,0,4,0,0,0,0,0
2772,-68,10,4518,0,0,0,0,0
2773,-60,67,-10,0,0,0,0,0
2774,-66,50,-5,0,0,0,0,0
2775,-62,0,434,0,0,0,0,0
2776,-58,0,-4,0,0,0,0,0
2777,-68,0,-7,0,0,0,0,0
2778,-58,48,-4,0,0,0,0,0
2779,-54,0,0,0,0,0,0,0
2780,-60,0,-1,0,0,0,0,0
2781,-52,0,0,0,0,0,0,0
2782,-58,0,448,0,0,0,0,0
2783,-56,214,-9,0,0,0,0,0
2784,-54,10,4612,0,0,0,0,0
2785,-52,222,-11,0,0,0,0,0
2786,-60,5,495,495,0,0,0,0
2787,-56,0,2,0,0,0,0,0
2788,-54,425,0,1008,0,0,0,0
2789,-56,0,-1,0,0,0,0,0
2790,-56,0,434,0,0,0,0,0
2791,-54,0,-13,0,0,0,0,0
2792,-52,443,3,947,0,0,0,0
2793,-54,211,-7,0,0,0,0,0
2794,-64,0,0,0,0,0,0,0
2795,-58,187,0,0,0,0,0,0
2796,-64,0,0,0,0,0,0,0
2797,-56,0,0,0,0,0,0,0
2798,-58,0,0,0,0,0,0,0
2799,-52,0,260,0,0,0,0,0
2800,-52,0,0,0,0,0,0,0
2801,-62,0,0,0,0,0,0,0
2802,-58,0,0,0,0,0,0,0
2803,-56,0,515,0,0,0,0,0
2804,-64,0,-6,0,0,0,0,0
2805,-43,5,565,565,0,0,0,0
2806,-52,99,-18,0,0,0,0,0
2807,-43,0,320,397,0,0,0,0
2808,-56,0,-15,0,0,0,0,0
2809,-62,0,313,387,0,0,0,0
2810,-60,129,-14,0,0,0,0,0
2811,-54,0,307,378,0,0,0,0
2812,-56,0,-5,0,0,0,0,0
2813,-60,464,0,997,0,0,0,0
2814,-62,0,-24,0,0,0,0,0
2815,-47,0,2,0,0,0,0,0
2816,-64,147,-4,0,0,0,0,0
2817,-54,473,2,949,0,0,0,0
2818,-54,154,-8,0,0,0,0,0
2819,-58,486,2,952,0,0,0,0
2820,-58,0,13,0,0,0,0,0
2821,-62,171,-5,0,0,0,0,0
2822,-60,0,2,0,0,0,0,0
2823,-47,162,15,0,0,0,0,0
2824,-52,0,0,0,0,0,0,0
2825,-58,0,20,0,0,0,0,0
2826,-54,0,0,0,0,0,0,0
2827,-54,148,15,0,0,0,0,0
2828,-58,0,0,0,0,0,0,0
2829,-56,0,109,0,0,0,0,0
2830,-54,0,0,0,0,0,0,0
2831,-47,5,0,0,0,0,0,0
2832,-58,95,15,0,0,0,0,0
2833,-49,10,4644,0,0,0,0,0
2834,-49,0,0,0,0,0,0,0
2835,-60,5,0,0,0,0,0,0
2836,-58,56,-4,0,0,0,0,0
2837,-60,10,4644,0,0,0,0,0
2838,-52,0,-8,0,0,0,0,0
2839,-56,5,0,0,0,0,0,0
2840,-54,11,2,0,0,0,0,0
2841,-49,10,4644,0,0,0,0,0
2842,-47,0,-6,0,0,0,0,0
2843,-49,0,0,0,0,0,0,0
2844,-54,-8,-2,0,0,0,0,0
2845,-52,0,0,0,0,0,0,0
2846,-56,0,-2,0,0,0,0,0
2847,-58,0,0,0,0,0,0,0
2848,-45,-5,2,0,0,0,0,0
2849,-60,0,0,0,0,0,0,0
2850,-47,-5,-4,0,0,0,0,0
2851,-52,0,0,0,0,0,0,0
2852,-58,-4,0,0,0,0,0,0
2853,-58,0,434,0,0,0,0,0
2854,-58,-8,0,0,0,0,0,0
2855,-52,0,434,0,0,0,0,0
2856,-52,0,-2,0,0,0,0,0
2857,-45,0,2,0,0,0,0,0
2858,-60,-6,0,0,0,0,0,0
2859,-60,0,434,0,0,0,0,0
2860,-58,0,0,0,0,0,0,0
2861,-56,0,0,0,0,0,0,0
2862,-56,-8,0,0,0,0,0,0
2863,-54,0,451,0,0,0,0,0
2864,-54,-7,1,0,0,0,0,0
2865,-58,0,2,0,0,0,0,0
2866,-56,0,0,0,0,0,0,0
2867,-45,0,0,0,0,0,0,0
2868,-58,-7,0,0,0,0,0,0
2869,-60,0,0,0,0,0,0,0
2870,-54,-6,-1,0,0,0,0,0
2871,-47,0,0,0,0,0,0,0
2872,-56,-6,0,0,0,0,0,0
2873,-58,0,0,0,0,0,0,0
2874,-62,0,0,0,0,0,0,0
2875,-56,0,0,0,0,0,0,0
2876,-49,0,0,0,0,0,0,0
2877,-58,10,4644,0,0,0,0,0
2878,-58,-9,-1,0,0,0,0,0
2879,-62,0,0,0,0,0,0,0
2880,-54,0,-1,0,0,0,0,0
2881,-60,0,0,0,0,0,0,0
2882,-47,0,-2,0,0,0,0,0
2883,-54,0,0,0,0,0,0,0
2884,-54,-5,1,0,0,0,0,0
2885,-54,0,0,0,0,0,0,0
2886,-66,0,0,0,0,0,0,0
2887,-56,0,0,0,0,0,0,0
2888,-62,-9,0,0,0,0,0,0
2889,-47,0,434,0,0,0,0,0
2890,-58,0,-1,0,0,0,0,0
2891,-54,0,2,0,0,0,0,0
2892,-64,0,-1,0,0,0,0,0
2893,-56,-8,-2,0,0,0,0,0
2894,-43,0,451,0,0,0,0,0
2895,-45,0,-1,0,0,0,0,0
2896,-45,-6,-1,0,0,0,0,0
2897,-49,0,2,0,0,0,0,0
2898,-58,0,1,0,0,0,0,0
2899,-60,-10,-1,0,0,0,0,0
2900,-64,0,0,0,0,0,0,0
2901,-56,0,0,0,0,0,0,0
2902,-56,0,0,0,0,0,0,0
2903,-54,0,0,0,0,0,0,0
2904,-49,0,0,0,0,0,0,0
2905,-45,0,0,0,0,0,0,0
2906,-54,0,0,0,0,0,0,0
2907,-49,0,0,0,0,0,0,0
2908,-47,0,4644,0,0,0,0,0
2909,-49,-7,-1,0,0,0,0,0
2910,-49,10,4644,0,0,0,0,0
2911,-49,-10,-1,0,0,0,0,0
2912,-54,5,0,0,0,0,0,0
2913,-56,0,-1,0,0,0,0,0
2914,-52,5,0,0,0,0,0,0
2915,-54,-7,0,0,0,0,0,0
2916,-56,0,0,0,0,0,0,0
2917,-64,0,-1,0,0,0,0,0
2918,-45,0,434,0,0,0,0,0
2919,-47,0,-256,0,0,0,0,0
2920,-54,0,0,0,0,0,0,0
2921,-52,-7,-1,0,0,0,0,0
2922,-47,0,2,0,0,0,0,0
2923,-52,0,0,0,0,0,0,0
2924,-54,0,0,0,0,0,0,0
2925,-56,-7,-1,0,0,0,0,0
2926,-60,0,0,0,0,0,0,0
2927,-58,0,1,0,0,0,0,0
2928,-47,-5,0,0,0,0,0,0
2929,-49,0,0,0,0,0,0,0
2930,-52,0,0,0,0,0,0,0
2931,-58,-8,-1,0,0,0,0,0
2932,-56,0,2,0,0,0,0,0
2933,-54,-6,-1,0,0,0,0,0
2934,-45,0,0,0,0,0,0,0
2935,-49,0,0,0,0,0,0,0
2936,-58,0,0,0,0,0,0,0
2937,-45,0,0,0,0,0,0,0
2938,-52,0,0,0,0,0,0,0
2939,-54,0,0,0,0,0,0,0
2940,-52,-8,-3,0,0,0,0,0
2941,-52,10,4644,0,0,0,0,0
2942,-56,0,-1,0,0,0,0,0
2943,-43,10,4644,0,0,0,0,0
2944,-52,-7,1,0,0,0,0,0
2945,-47,10,4644,0,0,0,0,0
2946,-42,0,-1,0,0,0,0,0
2947,-49,5,0,0,0,0,0,0
2948,-43,-7,1,0,0,0,0,0
2949,-49,10,4644,0,0,0,0,0
2950,-60,0,0,0,0,0,0,0
2951,-49,5,0,0,0,0,0,0
2952,-54,-7,0,0,0,0,0,0
2953,-52,5,0,0,0,0,0,0
2954,-49,0,0,0,0,0,0,0
2955,-41,0,0,0,0,0,0,0
2956,-56,-7,0,0,0,0,0,0
2957,-38,0,0,0,0,0,0,0
2958,-39,0,-1,0,0,0,0,0
2959,-49,0,0,0,0,0,0,0
2960,-54,0,1,0,0,0,0,0
2961,-54,0,2,0,0,0,0,0
2962,-47,-9,-256,0,0,0,0,0
2963,-56,0,0,0,0,0,0,0
2964,-52,0,0,0,0,0,0,0
2965,-60,0,0,0,0,0,0,0
2966,-52,0,0,0,0,0,0,0
2967,-60,-8,0,0,0,0,0,0
2968,-41,0,2,0,0,0,0,0
2969,-47,0,-1,0,0,0,0,0
2970,-43,0,0,0,0,0,0,0
2971,-47,-6,-1,0,0,0,0,0
2972,-45,0,0,0,0,0,0,0
2973,-41,0,0,0,0,0,0,0
2974,-52,0,0,0,0,0,0,0
2975,-60,0,0,0,0,0,0,0
2976,-49,0,0,0,0,0,0,0
2977,-49,0,0,0,0,0,0,0
2978,-47,-6,-1,0,0,0,0,0
2979,-39,5,0,0,0,0,0,0
2980,-39,-8,-1,0,0,0,0,0
2981,-45,5,0,0,0,0,0,0
2982,-47,0,-1,0,0,0,0,0
2983,-54,0,0,0,0,0,0,0
2984,-38,-6,0,0,0,0,0,0
2985,-56,0,0,0,0,0,0,0
2986,-47,0,0,0,0,0,0,0
2987,-56,0,0,0,0,0,0,0
2988,-49,-7,0,0,0,0,0,0
2989,-45,0,434,0,0,0,0,0
2990,-54,0,0,0,0,0,0,0
2991,-49,0,434,0,0,0,0,0
2992,-54,0,-2,0,0,0,0,0
2993,-54,0,2,0,0,0,0,0
2994,-55,-8,-2,0,0,0,0,0
2995,-47,0,451,0,0,0,0,0
2996,-38,0,-1,0,0,0,0,0
2997,-58,0,451,0,0,0,0,0
2998,-58,0,-1,0,0,0,0,0
2999,-52,0,2,0,0,0,0,0
3000,-52,-8,-1,0,0,0,0,0
3001,-45,0,2,0,0,0,0,0
3002,-45,0,0,0,0,0,0,0
3003,-45,-6,-1,0,0,0,0,0
3004,-36,0,1,0,0,0,0,0
3005,-54,-6,-1,0,0,0,0,0
3006,-38,0,-1,0,0,0,0,0
3007,-58,0,0,0,0,0,0,0
3008,-56,10,4644,0,0,0,0,0
3009,-54,0,-1,0,0,0,0,0
3010,-41,1,0,0,0,0,0,0
3011,-54,-8,0,0,0,0,0,0
3012,-43,0,0,0,0,0,0,0
3013,-39,0,0,0,0,0,0,0
3014,-52,0,0,0,0,0,0,0
3015,-45,-8,0,0,0,0,0,0
3016,-49,0,0,0,0,0,0,0
3017,-41,0,-1,0,0,0,0,0
3018,-49,0,0,0,0,0,0,0
3019,-45,0,-2,0,0,0,0,0
3020,-36,0,1,0,0,0,0,0
3021,-43,0,434,0,0,0,0,0
