index,date,FRONT_LEFT_SPEED,FRONT_RIGHT_SPEED,REAR_LEFT_SPEED,REAR_RIGHT_SPEED,1,2,3,4
0,1765820036739,0,0,0,0,0,0,0,0
1,1765820037253,0,0,0,0,0,0,0,0
2,1765820037756,0,0,0,0,0,0,0,0
3,1765820038338,0,0,0,0,0,0,0,0
4,1765820038622,0,0,0,0,0,0,0,0
5,1765820038806,0,0,0,0,0,0,0,0
6,1765820039122,0,0,0,0,0,0,0,0
7,1765820039289,0,0,0,0,0,0,0,0
8,1765820039640,0,0,0,0,0,0,0,0
9,1765820039839,0,0,0,0,0,0,0,0
10,1765820040122,0,0,0,0,0,0,0,0
11,1765820040671,0,0,0,0,0,0,0,0
12,1765820041155,0,0,0,0,0,0,0,0
13,1765820041455,0,0,0,0,0,0,0,0
14,1765820041638,0,0,0,0,0,0,0,0
15,1765820042005,0,0,0,0,0,0,0,0
16,1765820042205,0,0,0,0,0,0,0,0
17,1765820042487,0,0,0,0,0,0,0,0
18,1765820042688,0,0,0,0,0,0,0,0
19,1765820043054,0,0,0,0,0,0,0,0
20,1765820043539,0,0,0,0,0,0,0,0
21,1765820043988,0,0,0,0,0,0,0,0
22,1765820044354,0,0,0,0,0,0,0,0
23,1765820044554,0,0,0,0,0,0,0,0
24,1765820044821,0,0,0,0,0,0,0,0
25,1765820045021,0,0,0,0,0,0,0,0
26,1765820045306,0,0,0,0,0,0,0,0
27,1765820045822,0,0,0,0,0,0,0,0
28,1765820046106,0,0,0,0,0,0,0,0
29,1765820046289,0,0,0,0,0,0,0,0
30,1765820046638,0,0,0,0,0,0,0,0
31,1765820046838,0,0,0,0,0,0,0,0
32,1765820047139,0,0,0,0,0,0,0,0
33,1765820047322,0,0,0,0,0,0,0,0
34,1765820047606,0,0,0,0,0,0,0,0
35,1765820048121,0,0,0,0,0,0,0,0
36,1765820048422,0,0,0,0,0,0,0,0
37,1765820048605,0,0,0,0,0,0,0,0
38,1765820048972,0,0,0,0,0,0,0,0
39,1765820049105,0,0,0,0,0,0,0,0
40,1765820049439,0,0,0,0,0,0,0,0
41,1765820049639,0,0,0,0,0,0,0,0
42,1765820049923,0,0,0,0,0,0,0,0
43,1765820050472,0,0,0,0,0,0,0,0
44,1765820050939,0,0,0,0,0,0,0,0
45,1765820051255,0,0,0,0,0,0,0,0
46,1765820051438,0,0,0,0,0,0,0,0
47,1765820051787,0,0,0,0,0,0,0,0
48,1765820051989,0,0,0,0,0,0,0,0
49,1765820052272,0,0,0,0,0,0,0,0
50,1765820052472,0,0,0,0,0,0,0,0
51,1765820052855,0,0,0,0,0,0,0,0
52,1765820053305,0,0,0,0,0,0,0,0
53,1765820053589,0,0,0,0,0,0,0,0
54,1765820053789,0,0,0,0,0,0,0,0
55,1765820054155,0,0,0,0,0,0,0,0
56,1765820054354,0,0,0,0,0,0,0,0
57,1765820054638,0,0,0,0,0,0,0,0
58,1765820054821,0,0,0,0,0,0,0,0
59,1765820055121,0,0,0,0,0,0,0,0
60,1765820055655,0,0,0,0,0,0,0,0
61,1765820056138,0,0,0,0,0,0,0,0
62,1765820056672,0,0,0,0,0,0,0,0
63,1765820056955,0,0,0,0,0,0,0,0
64,1765820057155,0,0,0,0,0,0,0,0
65,1765820057438,0,0,0,0,0,0,0,0
66,1765820057988,0,0,0,0,0,0,0,0
67,1765820058188,0,0,0,0,0,0,0,0
68,1765820058472,0,0,0,0,0,0,0,0
69,1765820058972,0,0,0,0,0,0,0,0
70,1765820059322,0,0,0,0,0,0,0,0
71,1765820059472,0,0,0,0,0,0,0,0
72,1765820059755,0,0,0,0,0,0,0,0
73,1765820059955,0,0,0,0,0,0,0,0
74,1765820060339,0,0,0,0,0,0,0,0
75,1765820060505,0,0,0,0,0,0,0,0
76,1765820060788,0,0,0,0,0,0,0,0
77,1765820061271,0,0,0,0,0,0,0,0
78,1765820061622,0,0,0,0,0,0,0,0
79,1765820061855,0,0,0,0,0,0,0,0
80,1765820062139,0,0,0,0,0,0,0,0
81,1765820062372,0,0,0,0,0,0,0,0
82,1765820062707,0,0,0,0,0,0,0,0
83,1765820062856,0,0,0,0,0,0,0,0
84,1765820063189,0,0,0,0,0,0,0,0
85,1765820063388,0,0,0,0,0,0,0,0
86,1765820063671,0,0,0,0,0,0,0,0
87,1765820064257,0,0,0,0,0,0,0,0
88,1765820064455,0,0,0,0,0,0,0,0
89,1765820064755,0,0,0,0,0,0,0,0
90,1765820065255,0,0,0,0,0,0,0,0
91,1765820216157,0,0,0,0,0,0,0,0
92,1765820216321,0,0,0,0,0,0,0,0
93,1765820216687,0,0,0,0,0,0,0,0
94,1765820216836,0,0,0,0,0,0,0,0
95,1765820217153,0,0,0,0,0,0,0,0
96,1765820217353,0,0,0,0,0,0,0,0
97,1765820217637,0,0,0,0,0,0,0,0
98,1765820218203,0,0,0,0,0,0,0,0
99,1765820218670,0,0,0,0,0,0,0,0
100,1765820219004,0,0,0,0,0,0,0,0
101,1765820219136,0,0,0,0,0,0,0,0
102,1765820219518,0,0,0,0,0,0,0,0
103,1765820219702,0,0,0,0,0,0,0,0
104,1765820219987,0,0,0,0,0,0,0,0
105,1765820220537,0,0,0,0,0,0,0,0
106,1765820221019,0,0,0,0,0,0,0,0
107,1765820221302,0,0,0,0,0,0,0,0
108,1765820221486,0,0,0,0,0,0,0,0
109,1765820221821,0,0,0,0,0,0,0,0
110,1765820222019,0,0,0,0,0,0,0,0
111,1765820222303,0,0,0,0,0,0,0,0
112,1765820222803,0,0,0,0,0,0,0,0
113,1765820223319,0,0,0,0,0,0,0,0
114,1765820223603,0,0,0,0,0,0,0,0
115,1765820223786,0,0,0,0,0,0,0,0
116,1765820224153,0,0,0,0,0,0,0,0
117,1765820224353,0,0,0,0,0,0,0,0
118,1765820224620,0,0,0,0,0,0,0,0
119,1765820225086,0,0,0,0,0,0,0,0
120,1765820225637,0,0,0,0,0,0,0,0
121,1765820225919,0,0,0,0,0,0,0,0
122,1765820226087,0,0,0,0,0,0,0,0
123,1765820226452,0,0,0,0,0,0,0,0
124,1765820226919,0,0,0,0,0,0,0,0
125,1765820227386,0,0,0,0,0,0,0,0
126,1765820227953,0,0,0,0,0,0,0,0
127,1765820228220,0,0,0,0,0,0,0,0
128,1765820228419,0,0,0,0,0,0,0,0
129,1765820228736,0,0,0,0,0,0,0,0
130,1765820229252,0,0,0,0,0,0,0,0
131,1765820229737,0,0,0,0,0,0,0,0
132,1765820230269,0,0,0,0,0,0,0,0
133,1765820230552,0,0,0,0,0,0,0,0
134,1765820230771,0,0,0,0,0,0,0,0
135,1765820231038,0,0,0,0,0,0,0,0
136,1765820231288,0,0,0,0,0,0,0,0
137,1765820231585,0,0,0,0,0,0,0,0
138,1765820231804,0,0,0,0,0,0,0,0
139,1765820232084,0,0,0,0,0,0,0,0
140,1765820232585,0,0,0,0,0,0,0,0
141,1765820233118,0,0,0,0,0,0,0,0
142,1765820233402,0,0,0,0,0,0,0,0
143,1765820233601,0,0,0,0,0,0,0,0
144,1765820233968,0,0,0,0,0,0,0,0
145,1765820234168,0,0,0,0,0,0,0,0
146,1765820234435,0,0,0,0,0,0,0,0
147,1765820234668,0,0,0,0,0,0,0,0
148,1765820234951,0,0,0,0,0,0,0,0
149,1765820235518,0,0,0,0,0,0,0,0
150,1765820236018,0,0,0,0,0,0,0,0
151,1765820236534,0,0,0,0,0,0,0,0
152,1765820237068,0,0,0,0,0,0,0,0
153,1765820237368,0,0,0,0,0,0,0,0
154,1765820237567,0,0,0,0,0,0,0,0
155,1765820237935,0,0,0,0,0,0,0,0
156,1765820238152,0,0,0,0,0,0,0,0
157,1765820238434,0,0,0,0,0,0,0,0
158,1765820238652,0,0,0,0,0,0,0,0
159,1765820238951,0,0,0,0,0,0,0,0
160,1765820239168,0,0,0,0,0,0,0,0
161,1765820239535,0,0,0,0,0,0,0,0
162,1765820239768,0,0,0,0,0,0,0,0
163,1765820240051,0,0,0,0,0,0,0,0
164,1765820240268,0,0,0,0,0,0,0,0
165,1765820240585,0,0,0,0,0,0,0,0
166,1765820241119,0,0,0,0,0,0,0,0
167,1765820241334,0,0,0,0,0,0,0,0
168,1765820241619,0,0,0,0,0,0,0,0
169,1765820242219,0,0,0,0,0,0,0,0
170,1765820242703,0,0,0,0,0,0,0,0
171,1765820242987,0,0,0,0,0,0,0,0
172,1765820243202,0,0,0,0,0,0,0,0
173,1765820243789,0,0,0,0,0,0,0,0
174,1765820244073,0,0,0,0,0,0,0,0
175,1765820244270,0,0,0,0,0,0,0,0
176,1765820244569,0,0,0,0,0,0,0,0
177,1765820372017,0,0,0,0,0,0,0,0
178,1765820372301,0,0,0,0,0,0,0,0
179,1765820372517,0,0,0,0,0,0,0,0
180,1765820372866,0,0,0,0,0,0,0,0
181,1765820373084,0,0,0,0,0,0,0,0
182,1765820373367,0,0,0,0,0,0,0,0
183,1765820373601,0,0,0,0,0,0,0,0
184,1765820373917,0,0,0,0,0,0,0,0
185,1765820374434,0,0,0,0,0,0,0,0
186,1765820374934,0,0,0,0,0,0,0,0
187,1765820375501,0,0,0,0,0,0,0,0
188,1765820375984,0,0,0,0,0,0,0,0
189,1765820376284,0,0,0,0,0,0,0,0
190,1765820376483,0,0,0,0,0,0,0,0
191,1765820376835,0,0,0,0,0,0,0,0
192,1765820377067,0,0,0,0,0,0,0,0
193,1765820377351,0,0,0,0,0,0,0,0
194,1765820377566,0,0,0,0,0,0,0,0
195,1765820377867,0,0,0,0,0,0,0,0
196,1765820378433,0,0,0,0,0,0,0,0
197,1765820378650,0,0,0,0,0,0,0,0
198,1765820378933,0,0,0,0,0,0,0,0
199,1765820379468,0,0,0,0,0,0,0,0
200,1765820380025,0,0,0,0,0,0,0,0
201,1765820380283,0,0,0,0,0,0,0,0
202,1765820380484,0,0,0,0,0,0,0,0
203,1765820380850,0,0,0,0,0,0,0,0
204,1765820381034,0,0,0,0,0,0,0,0
205,1765820381317,0,0,0,0,0,0,0,0
206,1765820381533,0,0,0,0,0,0,0,0
207,1765820381817,0,0,0,0,0,0,0,0
208,1765820382368,0,0,0,0,0,0,0,0
209,1765820382834,0,0,0,0,0,0,0,0
210,1765820383334,0,0,0,0,0,0,0,0
211,1765820383651,0,0,0,0,0,0,0,0
212,1765820383834,0,0,0,0,0,0,0,0
213,1765820384117,0,0,0,0,0,0,0,0
214,1765820384651,0,0,0,0,0,0,0,0
215,1765820385101,0,0,0,0,0,0,0,0
216,1765820385418,0,0,0,0,0,0,0,0
217,1765820385583,0,0,0,0,0,0,0,0
218,1765820385901,0,0,0,0,0,0,0,0
219,1765820386084,0,0,0,0,0,0,0,0
220,1765820386384,0,0,0,0,0,0,0,0
221,1765820386917,0,0,0,0,0,0,0,0
222,1765820387200,0,0,0,0,0,0,0,0
223,1765820387367,0,0,0,0,0,0,0,0
224,1765820387650,0,0,0,0,0,0,0,0
225,1765820387851,0,0,0,0,0,0,0,0
226,1765820388217,0,0,0,0,0,0,0,0
227,1765820388668,0,0,0,0,0,0,0,0
228,1765820389151,0,0,0,0,0,0,0,0
229,1765820389501,0,0,0,0,0,0,0,0
230,1765820389684,0,0,0,0,0,0,0,0
231,1765820389967,0,0,0,0,0,0,0,0
232,1765820390517,0,0,0,0,0,0,0,0
233,1765820390961,0,0,0,0,0,0,0,0
234,1765820391284,0,0,0,0,0,0,0,0
235,1765820391434,0,0,0,0,0,0,0,0
236,1765820391799,0,0,0,0,0,0,0,0
237,1765820391967,0,0,0,0,0,0,0,0
238,1765820392267,0,0,0,0,0,0,0,0
239,1765820392801,0,0,0,0,0,0,0,0
240,1765820393268,0,0,0,0,0,0,0,0
241,1765820393567,0,0,0,0,0,0,0,0
242,1765820393717,0,0,0,0,0,0,0,0
243,1765820394084,0,0,0,0,0,0,0,0
244,1765820394268,0,0,0,0,0,0,0,0
245,1765820394550,0,0,0,0,0,0,0,0
246,1765820395017,0,0,0,0,0,0,0,0
247,1765820395367,0,0,0,0,0,0,0,0
248,1765820395566,0,0,0,0,0,0,0,0
249,1765820395817,0,0,0,0,0,0,0,0
250,1765820396000,0,0,0,0,0,0,0,0
251,1765820396352,0,0,0,0,0,0,0,0
252,1765820396834,0,0,0,0,0,0,0,0
253,1765820397301,0,0,0,0,0,0,0,0
254,1765820502732,0,0,0,0,0,0,0,0
255,1765820502916,0,0,0,0,0,0,0,0
256,1765820503282,0,0,0,0,0,0,0,0
257,1765820503481,0,0,0,0,0,0,0,0
258,1765820503766,0,0,0,0,0,0,0,0
259,1765820504249,0,0,0,0,0,0,0,0
260,1765820504799,0,0,0,0,0,0,0,0
261,1765820505083,0,0,0,0,0,0,0,0
262,1765820505283,0,0,0,0,0,0,0,0
263,1765820505666,0,0,0,0,0,0,0,0
264,1765820505799,0,0,0,0,0,0,0,0
265,1765820506132,0,0,0,0,0,0,0,0
266,1765820506333,0,0,0,0,0,0,0,0
267,1765820506616,0,0,0,0,0,0,0,0
268,1765820507216,0,0,0,0,0,0,0,0
269,1765820507699,0,0,0,0,0,0,0,0
270,1765820508182,0,0,0,0,0,0,0,0
271,1765820508766,0,0,0,0,0,0,0,0
272,1765820509032,0,0,0,0,0,0,0,0
273,1765820509248,0,0,0,0,0,0,0,0
274,1765820509599,0,0,0,0,0,0,0,0
275,1765820509782,0,0,0,0,0,0,0,0
276,1765820510115,0,0,0,0,0,0,0,0
277,1765820510316,0,0,0,0,0,0,0,0
278,1765820510616,0,0,0,0,0,0,0,0
279,1765820511166,0,0,0,0,0,0,0,0
280,1765820511382,0,0,0,0,0,0,0,0
281,1765820511681,0,0,0,0,0,0,0,0
282,1765820512182,0,0,0,0,0,0,0,0
283,1765820512749,0,0,0,0,0,0,0,0
284,1765820513049,0,0,0,0,0,0,0,0
285,1765820513266,0,0,0,0,0,0,0,0
286,1765820513799,0,0,0,0,0,0,0,0
287,1765820514149,0,0,0,0,0,0,0,0
288,1765820514365,0,0,0,0,0,0,0,0
289,1765820514649,0,0,0,0,0,0,0,0
290,1765820514882,0,0,0,0,0,0,0,0
291,1765820515266,0,0,0,0,0,0,0,0
292,1765820515483,0,0,0,0,0,0,0,0
293,1765820515782,0,0,0,0,0,0,0,0
294,1765820515966,0,0,0,0,0,0,0,0
295,1765820516266,0,0,0,0,0,0,0,0
296,1765820516482,0,0,0,0,0,0,0,0
297,1765820516866,0,0,0,0,0,0,0,0
298,1765820517083,0,0,0,0,0,0,0,0
299,1765820517365,0,0,0,0,0,0,0,0
300,1765820517565,0,0,0,0,0,0,0,0
301,1765820517898,0,0,0,0,0,0,0,0
302,1765820518415,0,0,0,0,0,0,0,0
303,1765820518898,0,0,0,0,0,0,0,0
304,1765820519465,0,0,0,0,0,0,0,0
305,1765820519765,0,0,0,0,0,0,0,0
306,1765820519932,0,0,0,0,0,0,0,0
307,1765820520216,0,0,0,0,0,0,0,0
308,1765820520415,0,0,0,0,0,0,0,0
309,1765820520765,0,0,0,0,0,0,0,0
310,1765820520966,0,0,0,0,0,0,0,0
311,1765820521248,0,0,0,0,0,0,0,0
312,1765820521748,0,0,0,0,0,0,0,0
313,1765820522048,0,0,0,0,0,0,0,0
314,1765820522265,0,0,0,0,0,0,0,0
315,1765820522549,0,0,0,0,0,0,0,0
316,1765820522749,0,0,0,0,0,0,0,0
317,1765820523082,0,0,0,0,0,0,0,0
318,1765820523532,0,0,0,0,0,0,0,0
319,1765820524015,0,0,0,0,0,0,0,0
320,1765820524367,0,0,0,0,0,0,0,0
321,1765820524550,0,0,0,0,0,0,0,0
322,1765820524833,0,0,0,0,0,0,0,0
323,1765820525365,0,0,0,0,0,0,0,0
324,1765820525849,0,0,0,0,0,0,0,0
325,1765820526118,0,0,0,0,0,0,0,0
326,1765820526315,0,0,0,0,0,0,0,0
327,1765820526682,0,0,0,0,0,0,0,0
328,1765820526865,0,0,0,0,0,0,0,0
329,1765820527149,0,0,0,0,0,0,0,0
330,1765820527649,0,0,0,0,0,0,0,0
331,1765820528149,0,0,0,0,0,0,0,0
332,1765820528432,0,0,0,0,0,0,0,0
333,1765820528652,0,0,0,0,0,0,0,0
334,1765820581981,0,0,0,0,0,0,0,0
335,1765820582482,0,0,0,0,0,0,0,0
336,1765820582964,0,0,0,0,0,0,0,0
337,1765820583331,0,0,0,0,0,0,0,0
338,1765820583530,0,0,0,0,0,0,0,0
339,1765820583816,0,0,0,0,0,0,0,0
340,1765820584048,0,0,0,0,0,0,0,0
341,1765820584396,0,0,0,0,0,0,0,0
342,1765820584566,0,0,0,0,0,0,0,0
343,1765820584898,0,0,0,0,0,0,0,0
344,1765820585098,0,0,0,0,0,0,0,0
345,1765820585381,0,0,0,0,0,0,0,0
346,1765820585946,0,0,0,0,0,0,0,0
347,1765820586448,0,0,0,0,0,0,0,0
348,1765820586932,0,0,0,0,0,0,0,0
349,1765820587281,0,0,0,0,0,0,0,0
350,1765820587448,0,0,0,0,0,0,0,0
351,1765820587748,0,0,0,0,0,0,0,0
352,1765820588298,0,0,0,0,0,0,0,0
353,1765820588748,0,0,0,0,0,0,0,0
354,1765820589031,0,0,0,0,0,0,0,0
355,1765820589198,0,0,0,0,0,0,0,0
356,1765820589565,0,0,0,0,0,0,0,0
357,1765820589748,0,0,0,0,0,0,0,0
358,1765820590031,0,0,0,0,0,0,0,0
359,1765820590498,0,0,0,0,0,0,0,0
360,1765820590998,0,0,0,0,0,0,0,0
361,1765820591281,0,0,0,0,0,0,0,0
362,1765820591465,0,0,0,0,0,0,0,0
363,1765820591831,0,0,0,0,0,0,0,0
364,1765820592265,0,0,0,0,0,0,0,0
365,1765820592629,0,0,0,0,0,0,0,0
366,1765820592730,0,0,0,0,0,0,0,0
367,1765820593065,0,0,0,0,0,0,0,0
368,1765820593232,0,0,0,0,0,0,0,0
369,1765820593515,0,0,0,0,0,0,0,0
370,1765820594048,0,0,0,0,0,0,0,0
371,1765820594515,0,0,0,0,0,0,0,0
372,1765820594798,0,0,0,0,0,0,0,0
373,1765820594981,0,0,0,0,0,0,0,0
374,1765820595348,0,0,0,0,0,0,0,0
375,1765820595815,0,0,0,0,0,0,0,0
376,1765820596281,0,0,0,0,0,0,0,0
377,1765820596598,0,0,0,0,0,0,0,0
378,1765820596798,0,0,0,0,0,0,0,0
379,1765820597081,0,0,0,0,0,0,0,0
380,1765820597615,0,0,0,0,0,0,0,0
381,1765820598064,0,0,0,0,0,0,0,0
382,1765820598382,0,0,0,0,0,0,0,0
383,1765820598532,0,0,0,0,0,0,0,0
384,1765820598898,0,0,0,0,0,0,0,0
385,1765820599081,0,0,0,0,0,0,0,0
386,1765820599364,0,0,0,0,0,0,0,0
387,1765820599881,0,0,0,0,0,0,0,0
388,1765820600165,0,0,0,0,0,0,0,0
389,1765820600348,0,0,0,0,0,0,0,0
390,1765820600614,0,0,0,0,0,0,0,0
391,1765820601148,0,0,0,0,0,0,0,0
392,1765820601614,0,0,0,0,0,0,0,0
393,1765820602115,0,0,0,0,0,0,0,0
394,1765820602431,0,0,0,0,0,0,0,0
395,1765820602598,0,0,0,0,0,0,0,0
396,1765820602881,0,0,0,0,0,0,0,0
397,1765820603414,0,0,0,0,0,0,0,0
398,1765820603882,0,0,0,0,0,0,0,0
399,1765820604216,0,0,0,0,0,0,0,0
400,1765820604331,0,0,0,0,0,0,0,0
401,1765820604698,0,0,0,0,0,0,0,0
402,1765820604882,0,0,0,0,0,0,0,0
403,1765820605148,0,0,0,0,0,0,0,0
404,1765820605681,0,0,0,0,0,0,0,0
405,1765820605964,0,0,0,0,0,0,0,0
406,1765820606164,0,0,0,0,0,0,0,0
407,1765820606432,0,0,0,0,0,0,0,0
408,1765820606964,0,0,0,0,0,0,0,0
409,1765820607431,0,0,0,0,0,0,0,0
410,1765820607783,0,0,0,0,0,0,0,0
411,1765820607947,0,0,0,0,0,0,0,0
412,1765820608248,0,0,0,0,0,0,0,0
413,1765820608448,0,0,0,0,0,0,0,0
414,1765820608731,0,0,0,0,0,0,0,0
415,1765820663564,0,0,0,0,0,0,0,0
416,1765820663931,0,0,0,0,0,0,0,0
417,1765820664230,0,0,0,0,0,0,0,0
418,1765820664597,0,0,0,0,0,0,0,0
419,1765820664864,0,0,0,0,0,0,0,0
420,1765820665247,0,0,0,0,0,0,0,0
421,1765820665530,0,0,0,0,0,0,0,0
422,1765820665896,0,0,0,0,0,0,0,0
423,1765820666180,0,0,0,0,0,0,0,0
424,1765820666547,0,0,0,0,0,0,0,0
425,1765820666831,0,0,0,0,0,0,0,0
426,1765820667180,0,0,0,0,0,0,0,0
427,1765820667496,0,0,0,0,0,0,0,0
428,1765820667847,0,0,0,0,0,0,0,0
429,1765820668163,0,0,0,0,0,0,0,0
430,1765820668513,0,0,0,0,0,0,0,0
431,1765820668780,0,0,0,0,0,0,0,0
432,1765820669189,0,0,0,0,0,0,0,0
433,1765820669190,0,0,0,0,0,0,0,0
434,1765820669431,0,0,0,0,0,0,0,0
435,1765820669730,0,0,0,0,0,0,0,0
436,1765820669813,0,0,0,0,0,0,0,0
437,1765820670097,0,0,0,0,0,0,0,0
438,1765820670364,0,0,0,0,0,0,0,0
439,1765820670447,0,0,0,0,0,0,0,0
440,1765820670747,0,0,0,0,0,0,0,0
441,1765820671029,0,0,0,0,0,0,0,0
442,1765820671096,0,0,0,0,0,0,0,0
443,1765820671396,0,0,0,0,0,0,0,0
444,1765820671695,0,0,0,0,0,0,0,0
445,1765820671762,0,0,0,0,0,0,0,0
446,1765820672031,0,0,0,0,0,0,0,0
447,1765820672331,0,0,0,0,0,0,0,0
448,1765820672679,0,0,0,0,0,0,0,0
449,1765820672980,0,0,0,0,0,0,0,0
450,1765820673330,0,0,0,0,0,0,0,0
451,1765820673630,0,0,0,0,0,0,0,0
452,1765820673997,0,0,0,0,0,0,0,0
453,1765820674280,0,0,0,0,0,0,0,0
454,1765820674664,0,0,0,0,0,0,0,0
455,1765820674930,0,0,0,0,0,0,0,0
456,1765820675313,0,0,0,0,0,0,0,0
457,1765820675596,0,0,0,0,0,0,0,0
458,1765820675947,0,0,0,0,0,0,0,0
459,1765820676247,0,0,0,0,0,0,0,0
460,1765820676596,0,0,0,0,0,0,0,0
461,1765820676912,0,0,0,0,0,0,0,0
462,1765820677263,0,0,0,0,0,0,0,0
463,1765820677547,0,0,0,0,0,0,0,0
464,1765820677930,0,0,0,0,0,0,0,0
465,1765820678213,0,0,0,0,0,0,0,0
466,1765820678597,0,0,0,0,0,0,0,0
467,1765820678880,0,0,0,0,0,0,0,0
468,1765820679247,0,0,0,0,0,0,0,0
469,1765820679530,0,0,0,0,0,0,0,0
470,1765820679896,0,0,0,0,0,0,0,0
471,1765820680196,0,0,0,0,0,0,0,0
472,1765820680547,0,0,0,0,0,0,0,0
473,1765820680864,0,0,0,0,0,0,0,0
474,1765820681231,0,0,0,0,0,0,0,0
475,1765820681531,0,0,0,0,0,0,0,0
476,1765820681930,0,0,0,0,0,0,0,0
477,1765820682213,0,0,0,0,0,0,0,0
478,1765820682597,0,0,0,0,0,0,0,0
479,1765820682897,0,0,0,0,0,0,0,0
480,1765820683013,0,0,0,0,0,0,0,0
481,1765820683314,0,0,0,0,0,0,0,0
482,1765820683680,0,0,0,0,0,0,0,0
483,1765820683980,0,0,0,0,0,0,0,0
484,1765820684380,0,0,0,0,0,0,0,0
485,1765820684680,0,0,0,0,0,0,0,0
486,1765820685080,0,0,0,0,0,0,0,0
487,1765820685379,0,0,0,0,0,0,0,0
488,1765820685747,0,0,0,0,0,0,0,0
489,1765820686062,0,0,0,0,0,0,0,0
490,1765820686447,0,0,0,0,0,0,0,0
491,1765820686763,0,0,0,0,0,0,0,0
492,1765820686863,0,0,0,0,0,0,0,0
493,1765820687147,0,0,0,0,0,0,0,0
494,1765820687564,0,0,0,0,0,0,0,0
495,1765820687830,0,0,0,0,0,0,0,0
496,1765820688212,0,0,0,0,0,0,0,0
497,1765820688530,0,0,0,0,0,0,0,0
498,1765820688930,0,0,0,0,0,0,0,0
499,1765820689232,0,0,0,0,0,0,0,0
500,1765820689631,0,0,0,0,0,0,0,0
501,1765820689896,0,0,0,0,0,0,0,0
502,1765820690280,0,0,0,0,0,0,0,0
503,1765820690564,0,0,0,0,0,0,0,0
504,1765820690930,0,0,0,0,0,0,0,0
505,1765820691213,0,0,0,0,0,0,0,0
506,1765820691564,0,0,0,0,0,0,0,0
507,1765820691880,0,0,0,0,0,0,0,0
508,1765820692231,0,0,0,0,0,0,0,0
509,1765820692531,0,0,0,0,0,0,0,0
510,1765820692898,0,0,0,0,0,0,0,0
511,1765820693181,0,0,0,0,0,0,0,0
512,1765820693530,0,0,0,0,0,0,0,0
513,1765820693813,0,0,0,0,0,0,0,0
514,1765820797463,0,0,0,0,0,0,0,0
515,1765820797662,0,0,0,0,0,0,0,0
516,1765820798011,0,0,0,0,0,0,0,0
517,1765820798195,0,0,0,0,0,0,0,0
518,1765820798479,0,0,0,0,0,0,0,0
519,1765820798945,0,0,0,0,0,0,0,0
520,1765820799279,0,0,0,0,0,0,0,0
521,1765820799462,0,0,0,0,0,0,0,0
522,1765820799745,0,0,0,0,0,0,0,0
523,1765820799945,0,0,0,0,0,0,0,0
524,1765820800278,0,0,0,0,0,0,0,0
525,1765820800463,0,0,0,0,0,0,0,0
526,1765820800745,0,0,0,0,0,0,0,0
527,1765820801212,0,0,0,0,0,0,0,0
528,1765820801545,0,0,0,0,0,0,0,0
529,1765820801729,0,0,0,0,0,0,0,0
530,1765820802012,0,0,0,0,0,0,0,0
531,1765820802546,0,0,0,0,0,0,0,0
532,1765820802995,0,0,0,0,0,0,0,0
533,1765820803278,0,0,0,0,0,0,0,0
534,1765820803462,0,0,0,0,0,0,0,0
535,1765820803828,0,0,0,0,0,0,0,0
536,1765820803995,0,0,0,0,0,0,0,0
537,1765820804296,0,0,0,0,0,0,0,0
538,1765820804745,0,0,0,0,0,0,0,0
539,1765820805111,0,0,0,0,0,0,0,0
540,1765820805262,0,0,0,0,0,0,0,0
541,1765820805545,0,0,0,0,0,0,0,0
542,1765820806080,0,0,0,0,0,0,0,0
543,1765820806545,0,0,0,0,0,0,0,0
544,1765820806845,0,0,0,0,0,0,0,0
545,1765820807011,0,0,0,0,0,0,0,0
546,1765820807362,0,0,0,0,0,0,0,0
547,1765820807545,0,0,0,0,0,0,0,0
548,1765820807810,0,0,0,0,0,0,0,0
549,1765820808345,0,0,0,0,0,0,0,0
550,1765820808810,0,0,0,0,0,0,0,0
551,1765820809095,0,0,0,0,0,0,0,0
552,1765820809261,0,0,0,0,0,0,0,0
553,1765820809645,0,0,0,0,0,0,0,0
554,1765820809810,0,0,0,0,0,0,0,0
555,1765820810095,0,0,0,0,0,0,0,0
556,1765820810546,0,0,0,0,0,0,0,0
557,1765820810912,0,0,0,0,0,0,0,0
558,1765820811079,0,0,0,0,0,0,0,0
559,1765820811378,0,0,0,0,0,0,0,0
560,1765820811562,0,0,0,0,0,0,0,0
561,1765820811910,0,0,0,0,0,0,0,0
562,1765820812378,0,0,0,0,0,0,0,0
563,1765820812679,0,0,0,0,0,0,0,0
564,1765820812861,0,0,0,0,0,0,0,0
565,1765820813229,0,0,0,0,0,0,0,0
566,1765820813411,0,0,0,0,0,0,0,0
567,1765820813694,0,0,0,0,0,0,0,0
568,1765820814195,0,0,0,0,0,0,0,0
569,1765820814678,0,0,0,0,0,0,0,0
570,1765820814962,0,0,0,0,0,0,0,0
571,1765820815146,0,0,0,0,0,0,0,0
572,1765820815512,0,0,0,0,0,0,0,0
573,1765820815695,0,0,0,0,0,0,0,0
574,1765820816045,0,0,0,0,0,0,0,0
575,1765820816461,0,0,0,0,0,0,0,0
576,1765820816977,0,0,0,0,0,0,0,0
577,1765820817278,0,0,0,0,0,0,0,0
578,1765820817478,0,0,0,0,0,0,0,0
579,1765820817827,0,0,0,0,0,0,0,0
580,1765820817961,0,0,0,0,0,0,0,0
581,1765820818295,0,0,0,0,0,0,0,0
582,1765820818512,0,0,0,0,0,0,0,0
583,1765820818794,0,0,0,0,0,0,0,0
584,1765820819362,0,0,0,0,0,0,0,0
585,1765820819862,0,0,0,0,0,0,0,0
586,1765820820362,0,0,0,0,0,0,0,0
587,1765820820694,0,0,0,0,0,0,0,0
588,1765820820912,0,0,0,0,0,0,0,0
589,1765820821195,0,0,0,0,0,0,0,0
590,1765820821412,0,0,0,0,0,0,0,0
591,1765820821762,0,0,0,0,0,0,0,0
592,1765820986560,0,0,0,0,0,0,0,0
593,1765820986726,0,0,0,0,0,0,0,0
594,1765820987026,0,0,0,0,0,0,0,0
595,1765820987477,0,0,0,0,0,0,0,0
596,1765820988009,0,0,0,0,0,0,0,0
597,1765820988310,0,0,0,0,0,0,0,0
598,1765820988493,0,0,0,0,0,0,0,0
599,1765820988842,0,0,0,0,0,0,0,0
600,1765820989310,0,0,0,0,0,0,0,0
601,1765820989776,0,0,0,0,0,0,0,0
602,1765820990126,0,0,0,0,0,0,0,0
603,1765820990309,0,0,0,0,0,0,0,0
604,1765820990593,0,0,0,0,0,0,0,0
605,1765820990793,0,0,0,0,0,0,0,0
606,1765820991111,0,0,0,0,0,0,0,0
607,1765820991659,0,0,0,0,0,0,0,0
608,1765820991876,0,0,0,0,0,0,0,0
609,1765820992159,0,0,0,0,0,0,0,0
610,1765820992709,0,0,0,0,0,0,0,0
611,1765820993210,0,0,0,0,0,0,0,0
612,1765820993509,0,0,0,0,0,0,0,0
613,1765820993694,0,0,0,0,0,0,0,0
614,1765820994076,0,0,0,0,0,0,0,0
615,1765820994260,0,0,0,0,0,0,0,0
616,1765820994560,0,0,0,0,0,0,0,0
617,1765820994776,0,0,0,0,0,0,0,0
618,1765820995059,0,0,0,0,0,0,0,0
619,1765820995593,0,0,0,0,0,0,0,0
620,1765820996093,0,0,0,0,0,0,0,0
621,1765820996627,0,0,0,0,0,0,0,0
622,1765820996943,0,0,0,0,0,0,0,0
623,1765820997126,0,0,0,0,0,0,0,0
624,1765820997426,0,0,0,0,0,0,0,0
625,1765820997626,0,0,0,0,0,0,0,0
626,1765820998010,0,0,0,0,0,0,0,0
627,1765820998193,0,0,0,0,0,0,0,0
628,1765820998493,0,0,0,0,0,0,0,0
629,1765820998693,0,0,0,0,0,0,0,0
630,1765820998975,0,0,0,0,0,0,0,0
631,1765820999527,0,0,0,0,0,0,0,0
632,1765820999794,0,0,0,0,0,0,0,0
633,1765820999976,0,0,0,0,0,0,0,0
634,1765821000326,0,0,0,0,0,0,0,0
635,1765821000460,0,0,0,0,0,0,0,0
636,1765821000793,0,0,0,0,0,0,0,0
637,1765821001226,0,0,0,0,0,0,0,0
638,1765821001776,0,0,0,0,0,0,0,0
639,1765821002059,0,0,0,0,0,0,0,0
640,1765821002297,0,0,0,0,0,0,0,0
641,1765821002526,0,0,0,0,0,0,0,0
642,1765821003026,0,0,0,0,0,0,0,0
643,1765821003309,0,0,0,0,0,0,0,0
644,1765821003509,0,0,0,0,0,0,0,0
645,1765821003842,0,0,0,0,0,0,0,0
646,1765821004292,0,0,0,0,0,0,0,0
647,1765821004509,0,0,0,0,0,0,0,0
648,1765821004776,0,12288,0,0,0,0,0,0
649,1765821005310,0,0,0,0,0,0,0,0
650,1765821005593,0,0,0,0,0,0,0,0
651,1765821005759,0,0,0,0,0,0,0,0
652,1765821006126,0,0,0,0,0,0,0,0
653,1765821006609,0,0,0,0,0,0,0,0
654,1765821007059,0,0,0,0,0,0,0,0
655,1765821007593,0,0,0,0,0,0,0,0
656,1765821007876,0,0,0,0,0,0,0,0
657,1765821008059,0,0,0,0,0,0,0,0
658,1765821008326,0,0,0,0,0,0,0,0
659,1765821008876,0,0,0,0,0,0,0,0
660,1765821009326,0,0,0,0,0,0,0,0
661,1765821009693,0,0,0,0,0,0,0,0
662,1765821009826,0,0,0,0,0,0,0,0
663,1765821010142,0,0,0,0,0,0,0,0
664,1765821010326,0,0,0,0,0,0,0,0
665,1765821010625,0,0,0,0,0,0,0,0
666,1765821011143,0,0,0,0,0,0,0,0
667,1765821011426,0,0,0,0,0,0,0,0
668,1765821011609,0,0,0,0,0,0,0,0
669,1765821011944,0,0,0,0,0,0,0,0
670,1765821012393,0,0,0,0,0,0,0,0
671,1765821012860,0,0,0,0,0,0,0,0
672,1765821013241,0,0,0,0,0,0,0,0
673,1765821013376,0,0,0,0,0,0,0,0
674,1765821013661,0,0,0,0,0,0,0,0
675,1765821014110,0,0,0,0,0,0,0,0
676,1765821014641,0,0,0,0,0,0,0,0
677,1765821014926,0,0,0,0,0,0,0,0
678,1765821015079,0,0,0,0,0,0,0,0
679,1765821015461,0,0,0,0,0,0,0,0
680,1765821015910,0,0,0,0,0,0,0,0
681,1765821284123,0,0,0,0,0,0,0,0
682,1765821286124,0,0,0,0,0,0,0,0
683,1765821286290,0,0,0,0,0,0,0,0
684,1765821286458,0,0,0,0,0,0,0,0
685,1765821288657,0,0,0,0,0,0,0,0
686,1765821288857,0,0,0,0,0,0,0,0
687,1765821289024,0,0,0,0,0,0,0,0
688,1765821289222,0,0,0,0,0,0,0,0
689,1765821289422,0,0,0,0,0,0,0,0
690,1765821291857,0,0,0,0,0,0,0,0
691,1765821292056,0,0,0,0,0,0,0,0
692,1765821292222,0,0,0,0,0,0,0,0
693,1765821292389,0,0,0,0,0,0,0,0
694,1765821294856,0,0,0,0,0,0,0,0
695,1765821295039,0,0,0,0,0,0,0,0
696,1765821295207,0,0,0,0,0,0,0,0
697,1765821295389,0,0,0,0,0,0,0,0
698,1765821295572,0,0,0,0,0,0,0,0
699,1765821297389,0,0,0,0,0,0,0,0
700,1765821297557,0,0,0,0,0,0,0,0
701,1765821297722,0,0,0,0,0,0,0,0
702,1765821297889,0,0,0,0,0,0,0,0
703,1765821299873,0,0,0,0,0,0,0,0
704,1765821300039,0,0,0,0,0,0,0,0
705,1765821300189,0,0,0,0,0,0,0,0
706,1765821302005,0,0,0,0,0,0,0,0
707,1765821302189,0,0,0,0,0,0,0,0
708,1765821302339,0,0,0,0,0,0,0,0
709,1765821302556,0,0,0,0,0,0,0,0
710,1765821302706,0,0,0,0,0,0,0,0
711,1765821305189,0,0,0,0,0,0,0,0
712,1765821305373,0,0,0,0,0,0,0,0
713,1765821305540,0,0,0,0,0,0,0,0
714,1765821305721,0,0,0,0,0,0,0,0
715,1765821305889,0,0,0,0,0,0,0,0
716,1765821308140,0,0,0,0,0,0,0,0
717,1765821308339,0,0,0,0,0,0,0,0
718,1765821308489,0,0,0,0,0,0,0,0
719,1765821308688,0,0,0,0,0,0,0,0
720,1765821444787,0,0,0,0,0,0,0,0
721,1765821444987,0,0,0,0,0,0,0,0
722,1765821445154,0,0,0,0,0,0,0,0
723,1765821445337,0,0,0,0,0,0,0,0
724,1765821445520,0,0,0,0,0,0,0,0
725,1765821445721,0,0,0,0,0,0,0,0
726,1765821447971,0,0,0,0,0,0,0,0
727,1765821448186,0,0,0,0,0,0,0,0
728,1765821448321,0,0,0,0,0,0,0,0
729,1765821448520,0,0,0,0,0,0,0,0
730,1765821448704,0,0,0,0,0,0,0,0
731,1765821448904,0,0,0,0,0,0,0,0
732,1765821451571,0,0,0,0,0,0,0,0
733,1765821451770,0,0,0,0,0,0,0,0
734,1765821451952,0,0,0,0,0,0,0,0
735,1765821452137,0,0,0,0,0,0,0,0
736,1765821452353,0,0,0,0,0,0,0,0
737,1765821452571,0,0,0,0,0,0,0,0
738,1765821452769,0,0,0,0,0,0,0,0
739,1765821455887,0,0,0,0,0,0,0,0
740,1765821456071,0,0,0,0,0,0,0,0
741,1765821456271,0,0,0,0,0,0,0,0
742,1765821456454,0,0,0,0,0,0,0,0
743,1765821456636,0,0,0,0,0,0,0,0
744,1765821456820,0,0,0,0,0,0,0,0
745,1765821459087,0,0,0,0,0,0,0,0
746,1765821459254,0,0,0,0,0,0,0,0
747,1765821459452,0,0,0,0,0,0,0,0
748,1765821459604,0,0,0,0,0,0,0,0
749,1765821459804,0,0,0,0,0,0,0,0
750,1765821462254,0,0,0,0,0,0,0,0
751,1765821462454,0,0,0,0,0,0,0,0
752,1765821462636,0,0,0,0,0,0,0,0
753,1765821462837,0,0,0,0,0,0,0,0
754,1765821463037,0,0,0,0,0,0,0,0
755,1765821463220,0,0,0,0,0,0,0,0
756,1765821463437,0,0,0,0,0,0,0,0
757,1765821871982,0,0,0,0,0,0,0,0
758,1765821875549,0,0,0,0,0,0,0,0
759,1765821875765,0,0,0,0,0,0,0,0
760,1765821875965,0,0,0,0,0,0,0,0
761,1765821876149,0,0,0,0,0,0,0,0
762,1765821876349,0,0,0,0,0,0,0,0
763,1765821876548,0,0,0,0,0,0,0,0
764,1765821876764,0,0,0,0,0,0,0,0
765,1765821876948,0,0,0,0,0,0,0,0
766,1765821880298,0,0,0,0,0,0,0,0
767,1765821880482,0,0,0,0,0,0,0,0
768,1765821880665,0,0,0,0,0,0,0,0
769,1765821880849,0,0,0,0,0,0,0,0
770,1765821881046,0,0,0,0,0,0,0,0
771,1765821883464,0,0,0,0,0,0,0,0
772,1765821883632,0,0,0,0,0,0,0,0
773,1765821883832,0,0,0,0,0,0,0,0
774,1765821884032,0,0,0,0,0,0,0,0
775,1765821884215,0,0,0,0,0,0,0,0
776,1765821884432,0,0,0,0,0,0,0,0
777,1765821888432,0,0,0,0,0,0,0,0
778,1765821888648,0,0,0,0,0,0,0,0
779,1765821888865,0,0,0,0,0,0,0,0
780,1765821889048,0,0,0,0,0,0,0,0
781,1765821889248,0,0,0,0,0,0,0,0
782,1765821889465,0,0,0,0,0,0,0,0
783,1765821889632,0,0,0,0,0,0,0,0
784,1765821889849,0,0,0,0,0,0,0,0
785,1765821890031,0,0,0,0,0,0,0,0
786,1765821890247,0,0,0,0,0,0,0,0
787,1765821893166,0,0,0,0,0,0,0,0
788,1765821893350,0,0,0,0,0,0,0,0
789,1765821893549,0,0,0,0,0,0,0,0
790,1765821893733,0,0,0,0,0,0,0,0
791,1765821893915,0,0,0,0,0,0,0,0
792,1765821894085,0,0,0,0,0,0,0,0
793,1765821988148,0,0,0,0,0,0,0,0
794,1765821991430,0,0,0,0,0,0,0,0
795,1765821991981,0,0,0,0,0,0,0,0
796,1765821992448,0,0,0,0,0,0,0,0
797,1765821994547,0,0,0,0,0,0,0,0
798,1765821995613,0,0,0,0,0,0,0,0
799,1765821996112,0,0,0,0,0,0,0,0
800,1765821996630,0,0,0,0,0,0,0,0
801,1765821997196,0,0,0,0,0,0,0,0
802,1765821997730,0,0,0,0,0,0,0,0
803,1765821998264,0,0,0,0,0,0,0,0
804,1765821998814,0,0,0,0,0,0,0,0
805,1765821999364,0,0,0,0,0,0,0,0
806,1765822003214,0,0,0,0,0,0,0,0
807,1765822003763,0,0,0,0,0,0,0,0
808,1765822005947,0,0,0,0,0,0,0,0
809,1765822006480,0,0,0,0,0,0,0,0
810,1765822006963,0,0,0,0,0,0,0,0
811,1765822008563,0,0,0,0,0,0,0,0
812,1765822009080,0,0,0,0,0,0,0,0
813,1765822009614,0,0,0,0,0,0,0,0
814,1765822011797,0,0,0,0,0,0,0,0
815,1765822012313,0,0,0,0,0,0,0,0
816,1765822012813,0,0,0,0,0,0,0,0
817,1765822013330,0,0,0,0,0,0,0,0
818,1765822013897,0,0,0,0,0,0,0,0
819,1765822016717,0,0,0,0,0,0,0,0
820,1765822017114,0,0,0,0,0,0,0,0
821,1765822017630,0,0,0,0,0,0,0,0
822,1765822019764,0,0,0,0,0,0,0,0
823,1765822020313,0,0,0,0,0,0,0,0
824,1765822121145,0,0,0,0,0,0,0,0
825,1765822121760,0,0,0,0,0,0,0,0
826,1765822123995,0,0,0,0,0,0,0,0
827,1765822124562,0,0,0,0,0,0,0,0
828,1765822127162,0,0,0,0,0,0,0,0
829,1765822127662,0,0,0,0,0,0,0,0
830,1765822128711,0,0,0,0,0,0,0,0
831,1765822129210,0,0,0,0,0,0,0,0
832,1765822129711,0,0,0,0,0,0,0,0
833,1765822131912,0,0,0,0,0,0,0,0
834,1765822132512,0,0,0,0,0,0,0,0
835,1765822133111,0,0,0,0,0,0,0,0
836,1765822134262,0,0,0,0,0,0,0,0
837,1765822135477,0,0,0,0,0,0,0,0
838,1765822136094,0,0,0,0,0,0,0,0
839,1765822137762,0,0,0,0,0,0,0,0
840,1765822138328,0,0,0,0,0,0,0,0
841,1765822138944,0,0,0,0,0,0,0,0
842,1765822141094,0,0,0,0,0,0,0,0
843,1765822142111,0,0,0,0,0,0,0,0
844,1765822142595,0,0,0,0,0,0,0,0
845,1765822143644,0,0,0,0,0,0,0,0
846,1765822144128,0,0,0,0,0,0,0,0
847,1765822146311,0,0,0,0,0,0,0,0
848,1765822147494,0,0,0,0,0,0,0,0
849,1765822148695,0,0,0,0,0,0,0,0
850,1765822149878,0,0,0,0,0,0,0,0
851,1765822252160,0,0,0,0,0,0,0,0
852,1765822254577,0,0,0,0,0,0,0,0
853,1765822254793,0,0,0,0,0,0,0,0
854,1765822254943,0,0,0,0,0,0,0,0
855,1765822255143,0,0,0,0,0,0,0,0
856,1765822258260,0,0,0,0,0,0,0,0
857,1765822258460,0,0,0,0,0,0,0,0
858,1765822258660,0,0,0,0,0,0,0,0
859,1765822258860,0,0,0,0,0,0,0,0
860,1765822259059,0,0,0,0,0,0,0,0
861,1765822259244,0,0,0,0,0,0,0,0
862,1765822259459,0,0,0,0,0,0,0,0
863,1765822259659,0,0,0,0,0,0,0,0
864,1765822259844,0,0,0,0,0,0,0,0
865,1765822263210,0,0,0,0,0,0,0,0
866,1765822263393,0,0,0,0,0,0,0,0
867,1765822263594,0,0,0,0,0,0,0,0
868,1765822263777,0,0,0,0,0,0,0,0
869,1765822263959,0,0,0,0,0,0,0,0
870,1765822266610,0,0,0,0,0,0,0,0
871,1765822266793,0,0,0,0,0,0,0,0
872,1765822266993,0,0,0,0,0,0,0,0
873,1765822267143,0,0,0,0,0,0,0,0
874,1765822267360,0,0,0,0,0,0,0,0
875,1765822270010,0,0,0,0,0,0,0,0
876,1765822270210,0,0,0,0,0,0,0,0
877,1765822270410,0,0,0,0,0,0,0,0
878,1765822270576,0,0,0,0,0,0,0,0
879,1765822270759,0,0,0,0,0,0,0,0
880,1765822270960,0,0,0,0,0,0,0,0
881,1765822271159,0,0,0,0,0,0,0,0
882,1765822274076,0,0,0,0,0,0,0,0
883,1765822274276,0,0,0,0,0,0,0,0
884,1765822274442,0,0,0,0,0,0,0,0
885,1765822274676,0,0,0,0,0,0,0,0
886,1765822274843,0,0,0,0,0,0,0,0
887,1765822275043,0,0,0,0,0,0,0,0
888,1765822277726,0,0,0,0,0,0,0,0
889,1765822277910,0,0,0,0,0,0,0,0
890,1765822278093,0,0,0,0,0,0,0,0
891,1765822278260,0,0,0,0,0,0,0,0
892,1765822278460,0,0,0,0,0,0,0,0
893,1765822281126,0,0,0,0,0,0,0,0
894,1765822281310,0,0,0,0,0,0,0,0
895,1765822281510,0,0,0,0,0,0,0,0
896,1765822281693,0,0,0,0,0,0,0,0
897,1765822281908,0,0,0,0,0,0,0,0
898,1765822282077,0,0,0,0,0,0,0,0
899,1765822282293,0,0,0,0,0,0,0,0
900,1765822282493,0,0,0,0,0,0,0,0
901,1765822427940,0,0,0,0,0,0,0,0
902,1765822428491,0,0,0,0,0,0,0,0
903,1765822429691,0,0,0,0,0,0,0,0
904,1765822430308,0,0,0,0,0,0,0,0
905,1765822431492,0,0,0,0,0,0,0,0
906,1765822433774,0,0,0,0,0,0,0,0
907,1765822434341,0,0,0,0,0,0,0,0
908,1765822436357,0,0,0,0,0,0,0,0
909,1765822437358,0,0,0,0,0,0,0,0
910,1765822438841,0,0,0,0,0,0,0,0
911,1765822440457,0,0,0,0,0,0,0,0
912,1765822441057,0,0,0,0,0,0,0,0
913,1765822441657,0,0,0,0,0,0,0,0
914,1765822442257,0,0,0,0,0,0,0,0
915,1765822443441,0,0,0,0,0,0,0,0
916,1765822444024,0,0,0,0,0,0,0,0
917,1765822444608,0,0,0,0,0,0,0,0
918,1765822445157,0,0,0,0,0,0,0,0
919,1765822445707,0,0,0,0,0,0,0,0
920,1765822447857,0,0,0,0,0,0,0,0
921,1765822448874,0,0,0,0,0,0,0,0
922,1765822451507,0,0,0,0,0,0,0,0
923,1765822452040,0,0,0,0,0,0,0,0
924,1765822452624,0,0,0,0,0,0,0,0
925,1765822585122,0,0,0,0,0,0,0,0
926,1765822585671,0,0,0,0,0,0,0,0
927,1765822587789,0,0,0,0,0,0,0,0
928,1765822588306,0,0,0,0,0,0,0,0
929,1765822589973,0,0,0,0,0,0,0,0
930,1765822590538,0,0,0,0,0,0,0,0
931,1765822591260,0,0,0,0,0,0,0,0
932,1765822591688,0,0,0,0,0,0,0,0
933,1765822592237,0,0,0,0,0,0,0,0
934,1765822594455,0,0,0,0,0,0,0,0
935,1765822595038,0,0,0,0,0,0,0,0
936,1765822596205,0,0,0,0,0,0,0,0
937,1765822597821,0,0,0,0,0,0,0,0
938,1765822598406,0,0,0,0,0,0,0,0
939,1765822598938,0,0,0,0,0,0,0,0
940,1765822599422,0,0,0,0,0,0,0,0
941,1765822599989,0,0,0,0,0,0,0,0
942,1765822601022,0,0,0,0,0,0,0,0
943,1765822602257,0,0,0,0,0,0,0,0
944,1765822604389,0,0,0,0,0,0,0,0
945,1765822604939,0,0,0,0,0,0,0,0
946,1765822606672,0,0,0,0,0,0,0,0
947,1765822607272,0,0,0,0,0,0,0,0
948,1765822607855,0,0,0,0,0,0,0,0
949,1765822610572,0,0,0,0,0,0,0,0
950,1765822611139,0,0,0,0,0,0,0,0
951,1765822611656,0,0,0,0,0,0,0,0
952,1765822612272,0,0,0,0,0,0,0,0
953,1765822612773,0,0,0,0,0,0,0,0
954,1765822613322,0,0,0,0,0,0,0,0
955,1765822613855,0,0,0,0,0,0,0,0
956,1765822614405,0,0,0,0,0,0,0,0
957,1765822614989,0,0,0,0,0,0,0,0
958,1765822616138,0,0,0,0,0,0,0,0
959,1765822617273,0,0,0,0,0,0,0,0
960,1765822617805,0,0,0,0,0,0,0,0
961,1765822618356,0,0,0,0,0,0,0,0
962,1765822781870,0,0,0,0,0,0,0,0
963,1765822782420,0,0,0,0,0,0,0,0
964,1765822783420,0,0,0,0,0,0,0,0
965,1765822784487,0,0,0,0,0,0,0,0
966,1765822787336,0,0,0,0,0,0,0,0
967,1765822788285,0,0,0,0,0,0,0,0
968,1765822788820,0,0,0,0,0,0,0,0
969,1765822789370,0,0,0,0,0,0,0,0
970,1765822790520,0,0,0,0,0,0,0,0
971,1765822791102,0,0,0,0,0,0,0,0
972,1765822791620,0,0,0,0,0,0,0,0
973,1765822792220,0,0,0,0,0,0,0,0
974,1765822792753,0,0,0,0,0,0,0,0
975,1765822793321,0,0,0,0,0,0,0,0
976,1765822794420,0,0,0,0,0,0,0,0
977,1765822794970,0,0,0,0,0,0,0,0
978,1765822795970,0,0,0,0,0,0,0,0
979,1765822798323,0,0,0,0,0,0,0,0
980,1765822798670,0,0,0,0,0,0,0,0
981,1765822799204,209,0,0,0,0,0,0,0
982,1765822799801,0,0,0,0,0,0,0,0
983,1765822800319,0,0,0,0,0,0,0,0
984,1765822800869,0,0,0,0,0,0,0,0
985,1765822801470,0,0,0,0,0,0,0,0
986,1765822801969,0,0,0,0,0,0,0,0
987,1765822802537,0,0,0,0,0,0,0,0
988,1765822803021,18,0,0,0,0,0,0,0
989,1765822803556,0,0,0,0,0,0,0,0
990,1765822804135,0,0,0,0,0,0,0,0
991,1765822805219,0,0,0,0,0,0,0,0
992,1765822806819,0,0,0,0,0,0,0,0
993,1765822807369,0,0,0,0,0,0,0,0
994,1765822807919,0,0,0,0,0,0,0,0
995,1765822808435,0,0,0,0,0,0,0,0
996,1765822808955,0,0,0,0,0,0,0,0
997,1765822810570,0,0,0,0,0,0,0,0
998,1765822811136,0,0,0,0,0,0,0,0
999,1765822811670,0,0,0,0,0,0,0,0
1000,1765822812220,0,0,0,0,0,0,0,0
1001,1765822812786,0,0,0,0,0,0,0,0
1002,1765822815003,0,0,0,0,0,0,0,0
1003,1765822816103,0,0,0,0,0,0,0,0
1004,1765822817203,0,0,0,0,0,0,0,0
1005,1765822818853,0,0,0,0,0,0,0,0
1006,1765822819353,0,0,0,0,0,0,0,0
1007,1765822819853,0,0,0,0,0,0,0,0
1008,1765822821386,0,0,0,0,0,0,0,0
1009,1765822821986,0,0,0,0,0,0,0,0
1010,1765822822486,0,0,0,0,0,0,0,0
1011,1765822823036,0,0,0,0,0,0,0,0
1012,1765823207498,0,0,0,0,0,0,0,0
1013,1765823207848,0,0,0,0,0,0,0,0
1014,1765823208147,0,0,0,0,0,0,0,0
1015,1765823208464,0,0,0,0,0,0,0,0
1016,1765823208748,0,0,0,0,0,0,0,0
1017,1765823209032,0,0,0,0,0,0,0,0
1018,1765823209063,0,0,0,0,0,0,0,0
1019,1765823209347,0,0,0,0,0,0,0,0
1020,1765823209630,0,0,0,0,0,0,0,0
1021,1765823209947,0,0,0,0,0,0,0,0
1022,1765823210231,0,0,0,0,0,0,0,0
1023,1765823210547,0,0,0,0,0,0,0,0
1024,1765823210831,0,0,0,0,0,0,0,0
1025,1765823211114,0,0,0,0,0,0,0,0
1026,1765823211430,0,0,0,0,0,0,0,0
1027,1765823211698,0,0,0,0,0,0,0,0
1028,1765823212014,0,0,0,0,0,0,0,0
1029,1765823212297,0,0,0,0,0,0,0,0
1030,1765823212614,0,0,0,0,0,0,0,0
1031,1765823212914,0,0,0,0,0,0,0,0
1032,1765823213181,0,0,0,0,0,0,0,0
1033,1765823213498,0,0,0,0,0,0,0,0
1034,1765823213781,0,0,0,0,0,0,0,0
1035,1765823214098,0,0,0,0,0,0,0,0
1036,1765823214513,0,0,0,0,0,0,0,0
1037,1765823214713,0,0,0,0,0,0,0,0
1038,1765823214998,0,0,0,0,0,0,0,0
1039,1765823215265,0,0,0,0,0,0,0,0
1040,1765823215581,0,0,0,0,0,0,0,0
1041,1765823215864,0,0,0,0,0,0,0,0
1042,1765823216182,0,0,0,0,0,0,0,0
1043,1765823216464,0,0,0,0,0,0,0,0
1044,1765823216749,0,0,0,0,0,0,0,0
1045,1765823216797,0,0,0,0,0,0,0,0
1046,1765823217063,0,0,0,0,0,0,0,0
1047,1765823217347,0,0,0,0,0,0,0,0
1048,1765823217648,0,0,0,0,0,0,0,0
1049,1765823217947,0,0,0,0,0,0,0,0
1050,1765823218265,0,0,0,0,0,0,0,0
1051,1765823218547,0,0,0,0,0,0,0,0
1052,1765823218831,0,0,0,0,0,0,0,0
1053,1765823219148,0,0,0,0,0,0,0,0
1054,1765823219413,0,0,0,0,0,0,0,0
1055,1765823219749,0,0,0,0,0,0,0,0
1056,1765823220030,0,0,0,0,0,0,0,0
1057,1765823220347,0,0,0,0,0,0,0,0
1058,1765823719525,0,0,0,0,0,0,0,0
1059,1765823719691,0,0,0,0,0,0,0,0
1060,1765823719874,0,0,0,0,0,0,0,0
1061,1765823720058,0,0,0,0,0,0,0,0
1062,1765823723124,0,0,0,0,0,0,0,0
1063,1765823723308,0,0,0,0,0,0,0,0
1064,1765823723526,0,0,0,0,0,0,0,0
1065,1765823723691,0,0,0,0,0,0,0,0
1066,1765823723957,0,0,0,0,0,0,0,0
1067,1765823724107,0,0,0,0,0,0,0,0
1068,1765823724407,0,0,0,0,0,0,0,0
1069,1765823724573,0,0,0,0,0,0,0,0
1070,1765823724841,0,0,0,0,0,0,0,0
1071,1765823724957,0,0,0,0,0,0,0,0
1072,1765823728291,0,0,0,0,0,0,0,0
1073,1765823728491,0,0,0,0,0,0,0,0
1074,1765823728641,0,0,0,0,0,0,0,0
1075,1765823728824,0,0,0,0,0,0,0,0
1076,1765823729025,0,0,0,0,0,0,0,0
1077,1765823731274,0,0,0,0,0,0,0,0
1078,1765823731424,0,0,0,0,0,0,0,0
1079,1765823731625,0,0,0,0,0,0,0,0
1080,1765823731808,0,0,0,0,0,0,0,0
1081,1765823732291,0,0,0,0,0,0,0,0
1082,1765823732441,0,0,0,0,0,0,0,0
1083,1765823732758,0,0,0,0,0,0,0,0
1084,1765823732925,0,0,0,0,0,0,0,0
1085,1765823733125,0,0,0,0,0,0,0,0
1086,1765823736207,0,0,0,0,0,0,0,0
1087,1765823736391,0,0,0,0,0,0,0,0
1088,1765823736590,0,0,0,0,0,0,0,0
1089,1765823736775,0,0,0,0,0,0,0,0
1090,1765823739424,0,0,0,0,0,0,0,0
1091,1765823739592,0,0,0,0,0,0,0,0
1092,1765823739825,0,0,0,0,0,0,0,0
1093,1765823739975,0,0,0,0,0,0,0,0
1094,1765823740208,0,0,0,0,0,0,0,0
1095,1765823740375,0,0,0,0,0,0,0,0
1096,1765823740725,0,0,0,0,0,0,0,0
1097,1765823740858,0,0,0,0,0,0,0,0
1098,1765823741158,0,0,0,0,0,0,0,0
1099,1765823741274,0,0,0,0,0,0,0,0
1100,1765823743941,0,0,0,0,0,0,0,0
1101,1765823744108,0,0,0,0,0,0,0,0
1102,1765823744389,0,0,0,0,0,0,0,0
1103,1765823747775,0,0,0,0,0,0,0,0
1104,1765823747941,0,0,0,0,0,0,0,0
1105,1765823748141,0,0,0,0,0,0,0,0
1106,1765823748308,0,0,0,0,0,0,0,0
1107,1765823748607,0,0,0,0,0,0,0,0
1108,1765823748808,0,0,0,0,0,0,0,0
1109,1765823749125,0,0,0,0,0,0,0,0
1110,1765823749308,0,0,0,0,0,0,0,0
1111,1765823749541,0,0,0,0,0,0,0,0
1112,1765823749725,0,0,0,0,0,0,0,0
1113,1765823749924,0,0,0,0,0,0,0,0
1114,1765823750076,0,0,0,0,0,0,0,0
1115,1765823753357,0,0,0,0,0,0,0,0
1116,1765823753524,0,0,0,0,0,0,0,0
1117,1765823753706,0,0,0,0,0,0,0,0
1118,1765823756108,0,0,0,0,0,0,0,0
1119,1765823756241,0,0,0,0,0,0,0,0
1120,1765823756491,0,0,0,0,0,0,0,0
1121,1765823756658,0,0,0,0,0,0,0,0
1122,1765823756941,0,0,0,0,0,0,0,0
1123,1765823757091,0,0,0,0,0,0,0,0
1124,1765823862056,0,0,0,0,0,0,0,0
1125,1765823862556,0,0,0,0,0,0,0,0
1126,1765823862756,0,0,0,0,0,0,0,0
1127,1765823862974,0,0,0,0,0,0,0,0
1128,1765823863173,0,0,0,0,0,0,0,0
1129,1765823863406,0,0,0,0,0,0,0,0
1130,1765823863640,0,0,0,0,0,0,0,0
1131,1765823863856,0,0,0,0,0,0,0,0
1132,1765823864090,0,0,0,0,0,0,0,0
1133,1765823864355,0,0,0,0,0,0,0,0
1134,1765823864523,0,0,0,0,0,0,0,0
1135,1765823864739,0,0,0,0,0,0,0,0
1136,1765823864906,0,0,0,0,0,0,0,0
1137,1765823865122,0,0,0,0,0,0,0,0
1138,1765823865322,0,0,0,0,0,0,0,0
1139,1765823865573,0,0,0,0,0,0,0,0
1140,1765823865789,0,0,0,0,0,0,0,0
1141,1765823865990,0,0,0,0,0,0,0,0
1142,1765823866206,0,0,0,0,0,0,0,0
1143,1765823871055,0,0,0,0,0,0,0,0
1144,1765823871239,0,0,0,0,0,0,0,0
1145,1765823871473,0,0,0,0,0,0,0,0
1146,1765823872172,0,0,0,0,0,0,0,0
1147,1765823872389,0,0,0,0,0,0,0,0
1148,1765823872606,0,0,0,0,0,0,0,0
1149,1765823872855,0,0,0,0,0,0,0,0
1150,1765823873089,0,0,0,0,0,0,0,0
1151,1765823873255,0,0,0,0,0,0,0,0
1152,1765823873489,0,0,0,0,0,0,0,0
1153,1765823875889,0,0,0,0,0,0,0,0
1154,1765823876122,0,0,0,0,0,0,0,0
1155,1765823876340,0,0,0,0,0,0,0,0
1156,1765823876522,0,0,0,0,0,0,0,0
1157,1765823876723,0,0,0,0,0,0,0,0
1158,1765823876972,0,0,0,0,0,0,0,0
1159,1765823877172,0,0,0,0,0,0,0,0
1160,1765823877339,0,0,0,0,0,0,0,0
1161,1765823878422,0,0,0,0,0,0,0,0
1162,1765823878856,0,0,0,0,0,0,0,0
1163,1765823879154,0,0,0,0,0,0,0,0
1164,1765823879355,0,0,0,0,0,0,0,0
1165,1765823879539,0,0,0,0,0,0,0,0
1166,1765823879754,0,0,0,0,0,0,0,0
1167,1765823879989,0,0,0,0,0,0,0,0
1168,1765823880172,0,0,0,0,0,0,0,0
1169,1765823881921,0,0,0,0,0,0,0,0
1170,1765823889823,0,0,0,0,0,0,0,0
1171,1765823890008,0,0,0,0,0,0,0,0
1172,1765823890222,0,0,0,0,0,0,0,0
1173,1765823890489,0,0,0,0,0,0,0,0
1174,1765823974105,0,0,0,0,0,0,0,0
1175,1765823974372,0,0,0,0,0,0,0,0
1176,1765823974590,0,0,0,0,0,0,0,0
1177,1765823974871,0,0,0,0,0,0,0,0
1178,1765823975038,0,0,0,0,0,0,0,0
1179,1765823975255,0,0,0,0,0,0,0,0
1180,1765823975503,0,0,0,0,0,0,0,0
1181,1765823975688,0,0,0,0,0,0,0,0
1182,1765823975906,0,0,0,0,0,0,0,0
1183,1765823976170,0,0,0,0,0,0,0,0
1184,1765823976471,0,0,0,0,0,0,0,0
1185,1765823976621,0,0,0,0,0,0,0,0
1186,1765823976805,0,0,0,0,0,0,0,0
1187,1765823977038,0,0,0,0,0,0,0,0
1188,1765823977255,0,0,0,0,0,0,0,0
1189,1765823977472,0,0,0,0,0,0,0,0
1190,1765823977704,0,0,0,0,0,0,0,0
1191,1765823977838,0,0,0,0,0,0,0,0
1192,1765823978071,0,0,0,0,0,0,0,0
1193,1765823988855,0,0,0,0,0,0,0,0
1194,1765823989071,0,0,0,0,0,0,0,0
1195,1765823989271,0,0,0,0,0,0,0,0
1196,1765823989471,0,0,0,0,0,0,0,0
1197,1765823989671,0,0,0,0,0,0,0,0
1198,1765823989937,0,0,0,0,0,0,0,0
1199,1765823990155,0,0,0,0,0,0,0,0
1200,1765823990388,0,0,0,0,0,0,0,0
1201,1765823990572,0,0,0,0,0,0,0,0
1202,1765823990805,0,0,0,0,0,0,0,0
1203,1765823991055,0,0,0,0,0,0,0,0
1204,1765823991271,0,0,0,0,0,0,0,0
1205,1765823991504,0,0,0,0,0,0,0,0
1206,1765823991671,0,0,0,0,0,0,0,0
1207,1765823991888,0,0,0,0,0,0,0,0
1208,1765823992104,0,0,0,0,0,0,0,0
1209,1765823992338,0,0,0,0,0,0,0,0
1210,1765823992538,0,0,0,0,0,0,0,0
1211,1765823992788,0,0,0,0,0,0,0,0
1212,1765823992955,0,0,0,0,0,0,0,0
1213,1765823993237,0,0,0,0,0,0,0,0
1214,1765823993388,0,0,0,0,0,0,0,0
1215,1765823993588,0,0,0,0,0,0,0,0
1216,1765823993788,0,0,0,0,0,0,0,0
1217,1765823999320,0,0,0,0,0,0,0,0
1218,1765823999555,0,0,0,0,0,0,0,0
1219,1765823999804,0,0,0,0,0,0,0,0
1220,1765824000020,0,0,0,0,0,0,0,0
1221,1765824000187,0,0,0,0,0,0,0,0
1222,1765824000405,0,0,0,0,0,0,0,0
1223,1765824000654,0,0,0,0,0,0,0,0
1224,1765824000904,0,0,0,0,0,0,0,0
1225,1765824001021,0,0,0,0,0,0,0,0
1226,1765824001238,0,0,0,0,0,0,0,0
1227,1765824001471,0,0,0,0,0,0,0,0
1228,1765824001737,0,0,0,0,0,0,0,0
1229,1765824001904,0,0,0,0,0,0,0,0
1230,1765824002138,0,0,0,0,0,0,0,0
1231,1765824002304,0,0,0,0,0,0,0,0
1232,1765824002504,0,0,0,0,0,0,0,0
1233,1765824002787,0,0,0,0,0,0,0,0
1234,1765824002971,0,0,0,0,0,0,0,0
1235,1765824003171,0,0,0,0,0,0,0,0
1236,1765824003355,0,0,0,0,0,0,0,0
1237,1765824164735,0,0,0,0,0,0,0,0
1238,1765824164969,0,0,0,0,0,0,0,0
1239,1765824165168,0,0,0,0,0,0,0,0
1240,1765824165302,0,0,0,0,0,0,0,0
1241,1765824167452,0,0,0,0,0,0,0,0
1242,1765824167702,0,0,0,0,0,0,0,0
1243,1765824167852,0,0,0,0,0,0,0,0
1244,1765824168085,0,0,0,0,0,0,0,0
1245,1765824168268,0,0,0,0,0,0,0,0
1246,1765824169235,0,0,0,0,0,0,0,0
1247,1765824170352,0,0,0,0,0,0,0,0
1248,1765824171002,0,0,0,0,0,0,0,0
1249,1765824171452,0,0,0,0,0,0,0,0
1250,1765824171918,0,0,0,0,0,0,0,0
1251,1765824172118,0,0,0,0,0,0,0,0
1252,1765824172351,0,0,0,0,0,0,0,0
1253,1765824172585,0,0,0,0,0,0,0,0
1254,1765824172818,0,0,0,0,0,0,0,0
1255,1765824173035,0,14592,0,0,0,0,0,0
1256,1765824188435,0,0,0,0,0,0,0,0
1257,1765824188668,0,0,0,0,0,0,0,0
1258,1765824394682,0,0,0,0,0,0,0,0
1259,1765824394865,0,0,0,0,0,0,0,0
1260,1765824395132,0,0,0,0,0,0,0,0
1261,1765824395549,0,0,0,0,0,0,0,0
1262,1765824395799,0,0,0,0,0,0,0,0
1263,1765824396582,0,0,0,0,0,0,0,0
1264,1765824396832,0,0,0,0,0,0,0,0
1265,1765824397082,0,0,0,0,0,0,0,0
1266,1765824397282,0,0,0,0,0,0,0,0
1267,1765824397516,0,0,0,0,0,0,0,0
1268,1765824402665,0,0,0,0,0,0,0,0
1269,1765824402949,0,0,0,0,0,0,0,0
1270,1765824405882,0,0,0,0,0,0,0,0
1271,1765824406082,0,0,0,0,0,0,0,0
1272,1765824406265,0,0,0,0,0,0,0,0
1273,1765824406549,0,0,0,0,0,0,0,0
1274,1765824406714,0,0,0,0,0,0,0,0
1275,1765824406998,0,0,0,0,0,0,0,0
1276,1765824408299,0,0,0,0,0,0,0,0
1277,1765824408532,0,0,0,0,0,0,0,0
1278,1765824408982,0,0,0,0,0,0,0,0
1279,1765824409198,0,0,0,0,0,0,0,0
1280,1765824409415,0,0,0,0,0,0,0,0
1281,1765824409599,0,0,0,0,0,0,0,0
1282,1765824411749,0,0,0,0,0,0,0,0
1283,1765824411849,0,0,0,0,0,0,0,0
1284,1765824412098,0,0,0,0,0,0,0,0
1285,1765824412332,0,0,0,0,0,0,0,0
1286,1765824412748,0,0,0,0,0,0,0,0
1287,1765824412965,0,0,0,0,0,0,0,0
1288,1765824413214,0,0,0,0,0,0,0,0
1289,1765824413381,0,0,0,0,0,0,0,0
1290,1765824413647,0,0,0,0,0,0,0,0
1291,1765824413864,0,0,0,0,0,0,0,0
1292,1765824414114,0,0,0,0,0,0,0,0
1293,1765824414732,0,0,0,0,0,0,0,0
1294,1765824414964,0,0,0,0,0,0,0,0
1295,1765824415149,0,0,0,0,0,0,0,0
1296,1765824415432,0,0,0,0,0,0,0,0
1297,1765824416648,0,0,0,0,0,0,0,0
1298,1765824416865,0,0,0,0,0,0,0,0
1299,1765824417082,0,0,0,0,0,0,0,0
1300,1765824417299,0,0,0,0,0,0,0,0
1301,1765824417499,0,0,0,0,0,0,0,0
1302,1765824417681,0,0,0,0,0,0,0,0
1303,1765824417931,0,0,0,0,0,0,0,0
1304,1765824418497,0,0,0,0,0,0,0,0
1305,1765824418731,0,0,0,0,0,0,0,0
1306,1765824419014,0,0,0,0,0,0,0,0
1307,1765824419198,0,0,0,0,0,0,0,0
1308,1765824419431,0,0,0,0,0,0,0,0
1309,1765824419682,0,0,0,0,0,0,0,0
1310,1765824419881,0,0,0,0,0,0,0,0
1311,1765824420132,0,0,0,0,0,0,0,0
1312,1765824420368,0,0,0,0,0,0,0,0
1313,1765824420601,0,0,0,0,0,0,0,0
1314,1765824420734,0,0,0,0,0,0,0,0
1315,1765824420932,0,0,0,0,0,0,0,0
1316,1765824421165,0,0,0,0,0,0,0,0
1317,1765824421581,0,0,0,0,0,0,0,0
1318,1765824422899,0,0,0,0,0,0,0,0
1319,1765824423165,0,0,0,0,0,0,0,0
1320,1765824642113,0,0,0,0,0,0,0,0
1321,1765824642412,0,0,0,0,0,0,0,0
1322,1765824642613,0,0,0,0,0,0,0,0
1323,1765824642862,0,0,0,0,0,0,0,0
1324,1765824643029,0,0,0,0,0,0,0,0
1325,1765824643230,0,0,0,0,0,0,0,0
1326,1765824643479,0,0,0,0,0,0,0,0
1327,1765824643698,0,0,0,0,0,0,0,0
1328,1765824644331,0,0,0,0,0,0,0,0
1329,1765824646295,0,0,0,0,0,0,0,0
1330,1765824646412,0,0,0,0,0,0,0,0
1331,1765824646645,0,0,0,0,0,0,0,0
1332,1765824646895,0,0,0,0,0,0,0,0
1333,1765824649378,0,0,0,0,0,0,0,0
1334,1765824651397,0,0,0,0,0,0,0,0
1335,1765824653678,0,0,0,0,0,0,0,0
1336,1765824654596,0,0,0,0,0,0,0,0
1337,1765824654864,0,0,0,0,0,0,0,0
1338,1765824655612,0,0,0,0,0,0,0,0
1339,1765824657796,0,0,0,0,0,0,0,0
1340,1765824657929,0,0,0,0,0,0,0,0
1341,1765824658229,0,0,0,0,0,0,0,0
1342,1765824658296,0,0,0,0,0,0,0,0
1343,1765824658529,0,0,0,0,0,0,0,0
1344,1765824659296,0,0,0,0,0,0,0,0
1345,1765824659513,0,0,0,0,0,0,0,0
1346,1765824660595,0,0,0,0,0,0,0,0
1347,1765824660763,0,0,0,0,0,0,0,0
1348,1765824661212,0,0,0,0,0,0,0,0
1349,1765824661612,0,0,0,0,0,0,0,0
1350,1765824661962,0,0,0,0,0,0,0,0
1351,1765824662295,0,0,0,0,0,0,0,0
1352,1765824663012,0,0,0,0,0,0,0,0
1353,1765824663213,0,0,0,0,0,0,0,0
1354,1765824664046,0,0,0,0,0,0,0,0
1355,1765824664246,0,0,0,0,0,0,0,0
1356,1765824664429,0,0,0,0,0,0,0,0
1357,1765824664562,0,0,0,0,0,0,0,0
1358,1765824664929,0,0,0,0,0,0,0,0
1359,1765824665729,0,0,0,0,0,0,0,0
1360,1765824665946,0,0,0,0,0,0,0,0
1361,1765824667044,0,0,0,0,0,0,0,0
1362,1765824667479,0,0,0,0,0,0,0,0
1363,1765824670013,0,0,0,0,0,0,0,0
1364,1765824670396,0,0,0,0,0,0,0,0
1365,1765824670813,0,0,0,0,0,0,0,0
1366,1765824673412,0,0,0,0,0,0,0,0
1367,1765824674796,0,0,0,0,0,0,0,0
1368,1765824675062,0,0,0,0,0,0,0,0
1369,1765824675896,0,0,0,0,0,0,0,0
1370,1765824676312,0,0,0,0,0,0,0,0
1371,1765824676446,0,0,0,0,0,0,0,0
1372,1765824676745,0,0,0,0,0,0,0,0
1373,1765824677779,0,0,0,0,0,0,0,0
1374,1765824678744,0,0,0,0,0,0,0,0
1375,1765824678862,0,0,0,0,0,0,0,0
1376,1765824679312,0,0,0,0,0,0,0,0
1377,1765824679646,0,0,0,0,0,0,0,0
1378,1765824680212,0,0,0,0,0,0,0,0
1379,1765824680429,0,0,0,0,0,0,0,0
1380,1765824680662,0,0,0,0,0,0,0,0
1381,1765824682279,0,0,0,0,0,0,0,0
1382,1765824684379,0,0,0,0,0,0,0,0
1383,1765824684613,0,0,0,0,0,0,0,0
1384,1765824685645,0,0,0,0,0,0,0,0
1385,1765824686995,0,0,0,0,0,0,0,0
1386,1765824687229,0,0,0,0,0,0,0,0
1387,1765824688111,0,0,0,0,0,0,0,0
1388,1765824688228,0,0,0,0,0,0,0,0
1389,1765824688462,0,0,0,0,0,0,0,0
1390,1765824689329,0,0,0,0,0,0,0,0
1391,1765824689662,0,0,0,0,0,0,0,0
1392,1765824690629,0,0,0,0,0,0,0,0
1393,1765824690878,0,0,0,0,0,0,0,0
1394,1765824691762,0,0,0,0,0,0,0,0
1395,1765824691895,0,0,0,0,0,0,0,0
1396,1765824692179,0,0,0,0,0,0,0,0
1397,1765824692312,0,0,0,0,0,0,0,0
1398,1765824692529,0,0,0,0,0,0,0,0
1399,1765824693512,0,0,0,0,0,0,0,0
1400,1765824694579,0,0,0,0,0,0,0,0
1401,1765824694712,0,0,0,0,0,0,0,0
1402,1765824695204,0,0,0,0,0,0,0,0
1403,1765824695212,0,0,0,0,0,0,0,0
1404,1765824695562,0,0,0,0,0,0,0,0
1405,1765824696245,0,0,0,0,0,0,0,0
1406,1765824696462,0,0,0,0,0,0,0,0
1407,1765824696728,0,0,0,0,0,0,0,0
1408,1765824697512,0,0,0,0,0,0,0,0
1409,1765824697662,0,0,0,0,0,0,0,0
1410,1765824698095,0,0,288,202,0,0,0,0
1411,1765824698362,0,0,419,242,0,0,0,0
1412,1765824700079,0,0,4670,3881,0,0,0,0
1413,1765824700112,0,0,4898,4278,0,0,0,0
1414,1765824700495,0,0,5039,4637,0,0,0,0
1415,1765824701962,0,0,5551,5444,0,0,0,0
1416,1765824702412,0,0,5624,5543,0,0,0,0
1417,1765824702662,0,0,5656,5581,0,0,0,0
1418,1765824702828,0,0,5693,5618,0,0,0,0
1419,1765824703044,0,0,5716,5646,0,0,0,0
1420,1765824703345,0,0,5738,5673,0,0,0,0
1421,1765824703662,0,0,5785,5725,0,0,0,0
1422,1765824703912,0,0,5809,5746,0,0,0,0
1423,1765824704128,0,0,0,0,0,0,0,0
1424,1765824704795,0,0,0,0,0,0,0,0
1425,1765824705045,0,0,0,0,0,0,0,0
1426,1765824705828,0,0,0,0,0,0,0,0
