index,date,ENERGY,OVERLOAD,TEMPERATURE_1,TEMPERATURE_2,1,2,3,4
0,1765820036839,0,0,0,0,0,0,0,0
1,1765820037070,0,0,0,0,0,0,0,0
2,1765820037355,0,0,0,0,0,0,0,0
3,1765820037604,0,0,0,0,0,0,0,0
4,1765820037890,0,0,0,0,0,0,0,0
5,1765820038439,0,0,0,0,0,0,0,0
6,1765820038906,0,0,0,0,0,0,0,0
7,1765820039455,0,0,0,0,0,0,0,0
8,1765820039755,0,0,0,0,0,0,0,0
9,1765820039939,0,0,0,0,0,0,0,0
10,1765820040221,0,0,0,0,0,0,0,0
11,1765820040422,0,0,0,0,0,0,0,0
12,1765820040789,0,0,0,0,0,0,0,0
13,1765820040972,0,0,0,0,0,0,0,0
14,1765820041255,0,0,0,0,0,0,0,0
15,1765820041755,0,0,0,0,0,0,0,0
16,1765820042305,0,0,0,0,0,0,0,0
17,1765820042588,0,0,0,0,0,0,0,0
18,1765820042787,0,0,0,0,0,0,0,0
19,1765820043155,0,0,0,0,0,0,0,0
20,1765820043338,0,0,0,0,0,0,0,0
21,1765820043638,0,0,0,0,0,0,0,0
22,1765820043822,0,0,0,0,0,0,0,0
23,1765820044105,0,0,0,0,0,0,0,0
24,1765820044654,0,0,0,0,0,0,0,0
25,1765820044937,0,0,0,0,0,0,0,0
26,1765820045105,0,0,0,0,0,0,0,0
27,1765820045472,0,0,0,0,0,0,0,0
28,1765820045589,0,0,0,0,0,0,0,0
29,1765820045922,0,0,0,0,0,0,0,0
30,1765820046389,0,0,0,0,0,0,0,0
31,1765820046955,0,0,0,0,0,0,0,0
32,1765820047238,0,0,0,0,0,0,0,0
33,1765820047422,0,0,0,0,0,0,0,0
34,1765820047756,0,0,0,0,0,0,0,0
35,1765820048239,0,0,0,0,0,0,0,0
36,1765820048438,0,0,0,0,0,0,0,0
37,1765820048721,0,0,0,0,0,0,0,0
38,1765820049255,0,0,0,0,0,0,0,0
39,1765820049539,0,0,0,0,0,0,0,0
40,1765820049755,0,0,0,0,0,0,0,0
41,1765820050021,0,0,0,0,0,0,0,0
42,1765820050222,0,0,0,0,0,0,0,0
43,1765820050589,0,0,0,0,0,0,0,0
44,1765820050772,0,0,0,0,0,0,0,0
45,1765820051073,0,0,0,0,0,0,0,0
46,1765820051572,0,0,0,0,0,0,0,0
47,1765820052104,0,0,0,0,0,0,0,0
48,1765820052389,0,0,0,0,0,0,0,0
49,1765820052587,0,0,0,0,0,0,0,0
50,1765820052938,0,0,0,0,0,0,0,0
51,1765820053122,0,0,0,0,0,0,0,0
52,1765820053405,0,0,0,0,0,0,0,0
53,1765820053589,0,0,0,0,0,0,0,0
54,1765820053888,0,0,0,0,0,0,0,0
55,1765820054455,0,0,0,0,0,0,0,0
56,1765820054738,0,0,0,0,0,0,0,0
57,1765820054922,0,0,0,0,0,0,0,0
58,1765820055288,0,0,0,0,0,0,0,0
59,1765820055405,0,0,0,0,0,0,0,0
60,1765820055773,0,0,0,0,0,0,0,0
61,1765820055954,0,0,0,0,0,0,0,0
62,1765820056239,0,0,0,0,0,0,0,0
63,1765820056787,0,0,0,0,0,0,0,0
64,1765820057255,0,0,0,0,0,0,0,0
65,1765820057588,0,0,0,0,0,0,0,0
66,1765820057738,0,0,0,0,0,0,0,0
67,1765820058088,0,0,0,0,0,0,0,0
68,1765820058289,0,0,0,0,0,0,0,0
69,1765820058570,0,0,0,0,0,0,0,0
70,1765820058772,0,0,0,0,0,0,0,0
71,1765820059122,0,0,0,0,0,0,0,0
72,1765820059589,0,0,0,0,0,0,0,0
73,1765820059888,0,0,0,0,0,0,0,0
74,1765820060073,0,0,0,0,0,0,0,0
75,1765820060422,0,0,0,0,0,0,0,0
76,1765820060622,0,0,0,0,0,0,0,0
77,1765820060905,0,0,0,0,0,0,0,0
78,1765820061088,0,0,0,0,0,0,0,0
79,1765820061421,0,0,0,0,0,0,0,0
80,1765820061955,0,0,0,0,0,0,0,0
81,1765820062456,0,0,0,0,0,0,0,0
82,1765820063005,0,0,0,0,0,0,0,0
83,1765820063288,0,0,0,0,0,0,0,0
84,1765820063488,0,0,0,0,0,0,0,0
85,1765820063772,0,0,0,0,0,0,0,0
86,1765820063989,0,0,0,0,0,0,0,0
87,1765820064372,0,0,0,0,0,0,0,0
88,1765820064571,0,0,0,0,0,0,0,0
89,1765820064855,0,0,0,0,0,0,0,0
90,1765820065071,0,0,0,0,0,0,0,0
91,1765820216421,0,0,0,0,0,0,0,0
92,1765820216786,0,0,0,0,0,0,0,0
93,1765820216970,0,0,0,0,0,0,0,0
94,1765820217270,0,0,0,0,0,0,0,0
95,1765820217453,0,0,0,0,0,0,0,0
96,1765820217737,0,0,0,0,0,0,0,0
97,1765820217936,0,0,0,0,0,0,0,0
98,1765820218303,0,0,0,0,0,0,0,0
99,1765820218503,0,0,0,0,0,0,0,0
100,1765820218786,0,0,0,0,0,0,0,0
101,1765820219286,0,0,0,0,0,0,0,0
102,1765820219603,0,0,0,0,0,0,0,0
103,1765820219801,0,0,0,0,0,0,0,0
104,1765820220069,0,0,0,0,0,0,0,0
105,1765820220328,0,0,0,0,0,0,0,0
106,1765820220653,0,0,0,0,0,0,0,0
107,1765820220820,0,0,0,0,0,0,0,0
108,1765820221103,0,0,0,0,0,0,0,0
109,1765820221587,0,0,0,0,0,0,0,0
110,1765820221936,0,0,0,0,0,0,0,0
111,1765820222137,0,0,0,0,0,0,0,0
112,1765820222420,0,0,0,0,0,0,0,0
113,1765820222619,0,0,0,0,0,0,0,0
114,1765820222953,0,0,0,0,0,0,0,0
115,1765820223437,0,0,0,0,0,0,0,0
116,1765820223885,0,0,0,0,0,0,0,0
117,1765820224253,0,0,0,0,0,0,0,0
118,1765820224437,0,0,0,0,0,0,0,0
119,1765820224736,0,0,0,0,0,0,0,0
120,1765820224903,0,0,0,0,0,0,0,0
121,1765820225236,0,0,0,0,0,0,0,0
122,1765820225736,0,0,0,0,0,0,0,0
123,1765820226203,0,0,0,0,0,0,0,0
124,1765820226553,0,0,0,0,0,0,0,0
125,1765820226736,0,0,0,0,0,0,0,0
126,1765820227004,0,0,0,0,0,0,0,0
127,1765820227203,0,0,0,0,0,0,0,0
128,1765820227486,0,0,0,0,0,0,0,0
129,1765820228053,0,0,0,0,0,0,0,0
130,1765820228503,0,0,0,0,0,0,0,0
131,1765820228886,0,0,0,0,0,0,0,0
132,1765820229018,0,0,0,0,0,0,0,0
133,1765820229353,0,0,0,0,0,0,0,0
134,1765820229554,0,0,0,0,0,0,0,0
135,1765820229836,0,0,0,0,0,0,0,0
136,1765820230386,0,0,0,0,0,0,0,0
137,1765820230586,0,0,0,0,0,0,0,0
138,1765820230874,0,0,0,0,0,0,0,0
139,1765820231274,0,0,0,0,0,0,0,0
140,1765820231337,0,0,0,0,0,0,0,0
141,1765820231705,0,0,0,0,0,0,0,0
142,1765820231901,0,0,0,0,0,0,0,0
143,1765820232201,0,0,0,0,0,0,0,0
144,1765820232386,0,0,0,0,0,0,0,0
145,1765820232751,0,0,0,0,0,0,0,0
146,1765820232901,0,0,0,0,0,0,0,0
147,1765820233217,0,0,0,0,0,0,0,0
148,1765820233701,0,0,0,0,0,0,0,0
149,1765820234268,0,0,0,0,0,0,0,0
150,1765820234551,0,0,0,0,0,0,0,0
151,1765820234768,0,0,0,0,0,0,0,0
152,1765820235101,0,0,0,0,0,0,0,0
153,1765820235251,0,0,0,0,0,0,0,0
154,1765820235634,0,0,0,0,0,0,0,0
155,1765820235834,0,0,0,0,0,0,0,0
156,1765820236118,0,0,0,0,0,0,0,0
157,1765820236336,0,0,0,0,0,0,0,0
158,1765820236685,0,0,0,0,0,0,0,0
159,1765820236853,0,0,0,0,0,0,0,0
160,1765820237184,0,0,0,0,0,0,0,0
161,1765820237684,0,0,0,0,0,0,0,0
162,1765820238235,0,0,0,0,0,0,0,0
163,1765820238785,0,0,0,0,0,0,0,0
164,1765820239101,0,0,0,0,0,0,0,0
165,1765820239285,0,0,0,0,0,0,0,0
166,1765820239635,0,0,0,0,0,0,0,0
167,1765820239868,0,0,0,0,0,0,0,0
168,1765820240168,0,0,0,0,0,0,0,0
169,1765820240368,0,0,0,0,0,0,0,0
170,1765820240718,0,0,0,0,0,0,0,0
171,1765820240868,0,0,0,0,0,0,0,0
172,1765820241217,0,0,0,0,0,0,0,0
173,1765820241434,0,0,0,0,0,0,0,0
174,1765820241735,0,0,0,0,0,0,0,0
175,1765820241952,0,0,0,0,0,0,0,0
176,1765820242336,0,0,0,0,0,0,0,0
177,1765820242521,0,0,0,0,0,0,0,0
178,1765820242801,0,0,0,0,0,0,0,0
179,1765820243021,0,0,0,0,0,0,0,0
180,1765820243319,0,0,0,0,0,0,0,0
181,1765820243892,0,0,0,0,0,0,0,0
182,1765820244371,0,0,0,0,0,0,0,0
183,1765820244739,0,0,0,0,0,0,0,0
184,1765820244853,0,0,0,0,0,0,0,0
185,1765820372134,0,0,0,0,0,0,0,0
186,1765820372618,0,0,0,0,0,0,0,0
187,1765820373184,0,0,0,0,0,0,0,0
188,1765820373468,0,0,0,0,0,0,0,0
189,1765820373684,0,0,0,0,0,0,0,0
190,1765820374034,0,0,0,0,0,0,0,0
191,1765820374201,0,0,0,0,0,0,0,0
192,1765820374551,0,0,0,0,0,0,0,0
193,1765820374752,0,0,0,0,0,0,0,0
194,1765820375034,0,0,0,0,0,0,0,0
195,1765820375251,0,0,0,0,0,0,0,0
196,1765820375618,0,0,0,0,0,0,0,0
197,1765820375801,0,0,0,0,0,0,0,0
198,1765820376101,0,0,0,0,0,0,0,0
199,1765820376584,0,0,0,0,0,0,0,0
200,1765820377167,0,0,0,0,0,0,0,0
201,1765820377466,0,0,0,0,0,0,0,0
202,1765820377667,0,0,0,0,0,0,0,0
203,1765820378034,0,0,0,0,0,0,0,0
204,1765820378200,0,0,0,0,0,0,0,0
205,1765820378517,0,0,0,0,0,0,0,0
206,1765820378735,0,0,0,0,0,0,0,0
207,1765820379034,0,0,0,0,0,0,0,0
208,1765820379218,0,0,0,0,0,0,0,0
209,1765820379584,0,0,0,0,0,0,0,0
210,1765820379768,0,0,0,0,0,0,0,0
211,1765820380083,0,0,0,0,0,0,0,0
212,1765820380299,0,0,0,0,0,0,0,0
213,1765820380599,0,0,0,0,0,0,0,0
214,1765820381150,0,0,0,0,0,0,0,0
215,1765820381633,0,0,0,0,0,0,0,0
216,1765820381984,0,0,0,0,0,0,0,0
217,1765820382101,0,0,0,0,0,0,0,0
218,1765820382467,0,0,0,0,0,0,0,0
219,1765820382650,0,0,0,0,0,0,0,0
220,1765820382934,0,0,0,0,0,0,0,0
221,1765820383467,0,0,0,0,0,0,0,0
222,1765820383768,0,0,0,0,0,0,0,0
223,1765820383934,0,0,0,0,0,0,0,0
224,1765820384217,0,0,0,0,0,0,0,0
225,1765820384401,0,0,0,0,0,0,0,0
226,1765820384751,0,0,0,0,0,0,0,0
227,1765820384918,0,0,0,0,0,0,0,0
228,1765820385217,0,0,0,0,0,0,0,0
229,1765820385716,0,0,0,0,0,0,0,0
230,1765820386017,0,0,0,0,0,0,0,0
231,1765820386201,0,0,0,0,0,0,0,0
232,1765820386484,0,0,0,0,0,0,0,0
233,1765820387017,0,0,0,0,0,0,0,0
234,1765820387484,0,0,0,0,0,0,0,0
235,1765820387801,0,0,0,0,0,0,0,0
236,1765820387950,0,0,0,0,0,0,0,0
237,1765820388317,0,0,0,0,0,0,0,0
238,1765820388500,0,0,0,0,0,0,0,0
239,1765820388767,0,0,0,0,0,0,0,0
240,1765820389301,0,0,0,0,0,0,0,0
241,1765820389801,0,0,0,0,0,0,0,0
242,1765820390066,0,0,0,0,0,0,0,0
243,1765820390251,0,0,0,0,0,0,0,0
244,1765820390601,0,0,0,0,0,0,0,0
245,1765820390784,0,0,0,0,0,0,0,0
246,1765820391067,0,0,0,0,0,0,0,0
247,1765820391567,0,0,0,0,0,0,0,0
248,1765820392067,0,0,0,0,0,0,0,0
249,1765820392351,0,0,0,0,0,0,0,0
250,1765820392550,0,0,0,0,0,0,0,0
251,1765820392901,0,0,0,0,0,0,0,0
252,1765820393084,0,0,0,0,0,0,0,0
253,1765820393367,0,0,0,0,0,0,0,0
254,1765820393834,0,0,0,0,0,0,0,0
255,1765820394184,0,0,0,0,0,0,0,0
256,1765820394350,0,0,0,0,0,0,0,0
257,1765820394650,0,0,0,0,0,0,0,0
258,1765820394834,0,0,0,0,0,0,0,0
259,1765820395184,0,0,0,0,0,0,0,0
260,1765820395651,0,0,0,0,0,0,0,0
261,1765820395950,0,0,0,0,0,0,0,0
262,1765820396106,0,0,0,0,0,0,0,0
263,1765820396468,0,0,0,0,0,0,0,0
264,1765820396668,0,0,0,0,0,0,0,0
265,1765820396950,0,0,0,0,0,0,0,0
266,1765820397401,0,0,0,0,0,0,0,0
267,1765820502534,0,0,0,0,0,0,0,0
268,1765820502832,0,0,0,0,0,0,0,0
269,1765820503015,0,0,0,0,0,0,0,0
270,1765820503398,0,0,0,0,0,0,0,0
271,1765820503566,0,0,0,0,0,0,0,0
272,1765820503849,0,0,0,0,0,0,0,0
273,1765820504081,0,0,0,0,0,0,0,0
274,1765820504416,0,0,0,0,0,0,0,0
275,1765820504916,0,0,0,0,0,0,0,0
276,1765820505399,0,0,0,0,0,0,0,0
277,1765820505766,0,0,0,0,0,0,0,0
278,1765820505949,0,0,0,0,0,0,0,0
279,1765820506249,0,0,0,0,0,0,0,0
280,1765820506432,0,0,0,0,0,0,0,0
281,1765820506781,0,0,0,0,0,0,0,0
282,1765820506949,0,0,0,0,0,0,0,0
283,1765820507316,0,0,0,0,0,0,0,0
284,1765820507515,0,0,0,0,0,0,0,0
285,1765820507800,0,0,0,0,0,0,0,0
286,1765820507998,0,0,0,0,0,0,0,0
287,1765820508366,0,0,0,0,0,0,0,0
288,1765820508866,0,0,0,0,0,0,0,0
289,1765820509350,0,0,0,0,0,0,0,0
290,1765820509934,0,0,0,0,0,0,0,0
291,1765820510216,0,0,0,0,0,0,0,0
292,1765820510432,0,0,0,0,0,0,0,0
293,1765820510716,0,0,0,0,0,0,0,0
294,1765820510916,0,0,0,0,0,0,0,0
295,1765820511298,0,0,0,0,0,0,0,0
296,1765820511483,0,0,0,0,0,0,0,0
297,1765820511781,0,0,0,0,0,0,0,0
298,1765820511999,0,0,0,0,0,0,0,0
299,1765820512332,0,0,0,0,0,0,0,0
300,1765820512866,0,0,0,0,0,0,0,0
301,1765820513099,0,0,0,0,0,0,0,0
302,1765820513383,0,0,0,0,0,0,0,0
303,1765820513965,0,0,0,0,0,0,0,0
304,1765820514483,0,0,0,0,0,0,0,0
305,1765820514714,0,0,0,0,0,0,0,0
306,1765820514999,0,0,0,0,0,0,0,0
307,1765820515583,0,0,0,0,0,0,0,0
308,1765820516099,0,0,0,0,0,0,0,0
309,1765820516416,0,0,0,0,0,0,0,0
310,1765820516599,0,0,0,0,0,0,0,0
311,1765820517182,0,0,0,0,0,0,0,0
312,1765820517464,0,0,0,0,0,0,0,0
313,1765820517718,0,0,0,0,0,0,0,0
314,1765820518048,0,0,0,0,0,0,0,0
315,1765820518198,0,0,0,0,0,0,0,0
316,1765820518532,0,0,0,0,0,0,0,0
317,1765820518731,0,0,0,0,0,0,0,0
318,1765820519015,0,0,0,0,0,0,0,0
319,1765820519565,0,0,0,0,0,0,0,0
320,1765820519765,0,0,0,0,0,0,0,0
321,1765820520048,0,0,0,0,0,0,0,0
322,1765820520365,0,0,0,0,0,0,0,0
323,1765820520515,0,0,0,0,0,0,0,0
324,1765820520865,0,0,0,0,0,0,0,0
325,1765820521065,0,0,0,0,0,0,0,0
326,1765820521349,0,0,0,0,0,0,0,0
327,1765820521532,0,0,0,0,0,0,0,0
328,1765820521882,0,0,0,0,0,0,0,0
329,1765820522365,0,0,0,0,0,0,0,0
330,1765820522649,0,0,0,0,0,0,0,0
331,1765820522833,0,0,0,0,0,0,0,0
332,1765820523182,0,0,0,0,0,0,0,0
333,1765820523365,0,0,0,0,0,0,0,0
334,1765820523633,0,0,0,0,0,0,0,0
335,1765820524149,0,0,0,0,0,0,0,0
336,1765820524651,0,0,0,0,0,0,0,0
337,1765820524933,0,0,0,0,0,0,0,0
338,1765820525115,0,0,0,0,0,0,0,0
339,1765820525482,0,0,0,0,0,0,0,0
340,1765820525666,0,0,0,0,0,0,0,0
341,1765820525949,0,0,0,0,0,0,0,0
342,1765820526415,0,0,0,0,0,0,0,0
343,1765820526982,0,0,0,0,0,0,0,0
344,1765820527248,0,0,0,0,0,0,0,0
345,1765820527432,0,0,0,0,0,0,0,0
346,1765820527764,0,0,0,0,0,0,0,0
347,1765820527949,0,0,0,0,0,0,0,0
348,1765820528249,0,0,0,0,0,0,0,0
349,1765820581732,0,0,0,0,0,0,0,0
350,1765820582098,0,0,0,0,0,0,0,0
351,1765820582298,0,0,0,0,0,0,0,0
352,1765820582598,0,0,0,0,0,0,0,0
353,1765820583131,0,0,0,0,0,0,0,0
354,1765820583665,0,0,0,0,0,0,0,0
355,1765820584147,0,0,0,0,0,0,0,0
356,1765820584514,0,0,0,0,0,0,0,0
357,1765820584715,0,0,0,0,0,0,0,0
358,1765820584999,0,0,0,0,0,0,0,0
359,1765820585215,0,0,0,0,0,0,0,0
360,1765820585498,0,0,0,0,0,0,0,0
361,1765820585698,0,0,0,0,0,0,0,0
362,1765820586065,0,0,0,0,0,0,0,0
363,1765820586265,0,0,0,0,0,0,0,0
364,1765820586549,0,0,0,0,0,0,0,0
365,1765820587082,0,0,0,0,0,0,0,0
366,1765820587565,0,0,0,0,0,0,0,0
367,1765820587847,0,0,0,0,0,0,0,0
368,1765820588030,0,0,0,0,0,0,0,0
369,1765820588383,0,0,0,0,0,0,0,0
370,1765820588565,0,0,0,0,0,0,0,0
371,1765820588832,0,0,0,0,0,0,0,0
372,1765820589313,0,0,0,0,0,0,0,0
373,1765820589664,0,0,0,0,0,0,0,0
374,1765820589848,0,0,0,0,0,0,0,0
375,1765820590131,0,0,0,0,0,0,0,0
376,1765820590298,0,0,0,0,0,0,0,0
377,1765820590665,0,0,0,0,0,0,0,0
378,1765820591115,0,0,0,0,0,0,0,0
379,1765820591398,0,0,0,0,0,0,0,0
380,1765820591565,0,0,0,0,0,0,0,0
381,1765820591915,0,0,0,0,0,0,0,0
382,1765820592082,0,0,0,0,0,0,0,0
383,1765820592349,0,0,0,0,0,0,0,0
384,1765820592848,0,0,0,0,0,0,0,0
385,1765820593181,0,0,0,0,0,0,0,0
386,1765820593348,0,0,0,0,0,0,0,0
387,1765820593632,0,0,0,0,0,0,0,0
388,1765820593799,0,0,0,0,0,0,0,0
389,1765820594165,0,0,0,0,0,0,0,0
390,1765820594631,0,0,0,0,0,0,0,0
391,1765820594946,0,0,0,0,0,0,0,0
392,1765820595098,0,0,0,0,0,0,0,0
393,1765820595448,0,0,0,0,0,0,0,0
394,1765820595614,0,0,0,0,0,0,0,0
395,1765820595898,0,0,0,0,0,0,0,0
396,1765820596432,0,0,0,0,0,0,0,0
397,1765820596898,0,0,0,0,0,0,0,0
398,1765820597181,0,0,0,0,0,0,0,0
399,1765820597364,0,0,0,0,0,0,0,0
400,1765820597713,0,0,0,0,0,0,0,0
401,1765820597898,0,0,0,0,0,0,0,0
402,1765820598164,0,0,0,0,0,0,0,0
403,1765820598665,0,0,0,0,0,0,0,0
404,1765820598981,0,0,0,0,0,0,0,0
405,1765820599181,0,0,0,0,0,0,0,0
406,1765820599464,0,0,0,0,0,0,0,0
407,1765820599998,0,0,0,0,0,0,0,0
408,1765820600447,0,0,0,0,0,0,0,0
409,1765820600764,0,0,0,0,0,0,0,0
410,1765820600898,0,0,0,0,0,0,0,0
411,1765820601247,0,0,0,0,0,0,0,0
412,1765820601431,0,0,0,0,0,0,0,0
413,1765820601714,0,0,0,0,0,0,0,0
414,1765820602248,0,0,0,0,0,0,0,0
415,1765820602532,0,0,0,0,0,0,0,0
416,1765820602698,0,0,0,0,0,0,0,0
417,1765820603165,0,0,0,0,0,0,0,0
418,1765820603555,0,0,0,0,0,0,0,0
419,1765820603715,0,0,0,0,0,0,0,0
420,1765820603998,0,0,0,0,0,0,0,0
421,1765820604481,0,0,0,0,0,0,0,0
422,1765820604797,0,0,0,0,0,0,0,0
423,1765820604964,0,0,0,0,0,0,0,0
424,1765820605248,0,0,0,0,0,0,0,0
425,1765820605797,0,0,0,0,0,0,0,0
426,1765820606265,0,0,0,0,0,0,0,0
427,1765820606615,0,0,0,0,0,0,0,0
428,1765820606714,0,0,0,0,0,0,0,0
429,1765820607082,0,0,0,0,0,0,0,0
430,1765820607265,0,0,0,0,0,0,0,0
431,1765820607531,0,0,0,0,0,0,0,0
432,1765820608065,0,0,0,0,0,0,0,0
433,1765820608364,0,0,0,0,0,0,0,0
434,1765820608548,0,0,0,0,0,0,0,0
435,1765820663680,0,0,0,0,0,0,0,0
436,1765820664029,0,0,0,0,0,0,0,0
437,1765820664347,0,0,0,0,0,0,0,0
438,1765820664697,0,0,0,0,0,0,0,0
439,1765820664980,0,0,0,0,0,0,0,0
440,1765820665347,0,0,0,0,0,0,0,0
441,1765820665631,0,0,0,0,0,0,0,0
442,1765820665998,0,0,0,0,0,0,0,0
443,1765820666280,0,0,0,0,0,0,0,0
444,1765820666631,0,0,0,0,0,0,0,0
445,1765820666947,0,0,0,0,0,0,0,0
446,1765820667297,0,0,0,0,0,0,0,0
447,1765820667596,0,0,0,0,0,0,0,0
448,1765820667948,0,0,0,0,0,0,0,0
449,1765820668264,0,0,0,0,0,0,0,0
450,1765820668614,0,0,0,0,0,0,0,0
451,1765820668880,0,0,0,0,0,0,0,0
452,1765820669263,0,0,0,0,0,0,0,0
453,1765820669531,0,0,0,0,0,0,0,0
454,1765820669914,0,0,0,0,0,0,0,0
455,1765820670197,0,0,0,0,0,0,0,0
456,1765820670547,0,0,0,0,0,0,0,0
457,1765820670846,0,0,0,0,0,0,0,0
458,1765820671213,0,0,0,0,0,0,0,0
459,1765820671496,0,0,0,0,0,0,0,0
460,1765820671847,0,0,0,0,0,0,0,0
461,1765820672162,0,0,0,0,0,0,0,0
462,1765820672513,0,0,0,0,0,0,0,0
463,1765820672781,0,0,0,0,0,0,0,0
464,1765820673081,0,0,0,0,0,0,0,0
465,1765820673146,0,0,0,0,0,0,0,0
466,1765820673447,0,0,0,0,0,0,0,0
467,1765820673747,0,0,0,0,0,0,0,0
468,1765820673814,0,0,0,0,0,0,0,0
469,1765820674098,0,0,0,0,0,0,0,0
470,1765820674397,0,0,0,0,0,0,0,0
471,1765820674446,0,0,0,0,0,0,0,0
472,1765820674764,0,0,0,0,0,0,0,0
473,1765820675047,0,0,0,0,0,0,0,0
474,1765820675114,0,0,0,0,0,0,0,0
475,1765820675414,0,0,0,0,0,0,0,0
476,1765820675681,0,0,0,0,0,0,0,0
477,1765820675764,0,0,0,0,0,0,0,0
478,1765820676081,0,0,0,0,0,0,0,0
479,1765820676347,0,0,0,0,0,0,0,0
480,1765820676430,0,0,0,0,0,0,0,0
481,1765820676697,0,0,0,0,0,0,0,0
482,1765820677013,0,0,0,0,0,0,0,0
483,1765820677080,0,0,0,0,0,0,0,0
484,1765820677362,0,0,0,0,0,0,0,0
485,1765820677680,0,0,0,0,0,0,0,0
486,1765820677747,0,0,0,0,0,0,0,0
487,1765820678030,0,0,0,0,0,0,0,0
488,1765820678314,0,0,0,0,0,0,0,0
489,1765820678380,0,0,0,0,0,0,0,0
490,1765820678697,0,0,0,0,0,0,0,0
491,1765820678980,0,0,0,0,0,0,0,0
492,1765820679047,0,0,0,0,0,0,0,0
493,1765820679364,0,0,0,0,0,0,0,0
494,1765820679647,0,0,0,0,0,0,0,0
495,1765820679729,0,0,0,0,0,0,0,0
496,1765820680106,0,0,0,0,0,0,0,0
497,1765820680314,0,0,0,0,0,0,0,0
498,1765820680380,0,0,0,0,0,0,0,0
499,1765820680664,0,0,0,0,0,0,0,0
500,1765820680947,0,0,0,0,0,0,0,0
501,1765820681064,0,0,0,0,0,0,0,0
502,1765820681329,0,0,0,0,0,0,0,0
503,1765820681647,0,0,0,0,0,0,0,0
504,1765820681747,0,0,0,0,0,0,0,0
505,1765820682030,0,0,0,0,0,0,0,0
506,1765820682414,0,0,0,0,0,0,0,0
507,1765820682729,0,0,0,0,0,0,0,0
508,1765820683114,0,0,0,0,0,0,0,0
509,1765820683413,0,0,0,0,0,0,0,0
510,1765820683812,0,0,0,0,0,0,0,0
511,1765820684113,0,0,0,0,0,0,0,0
512,1765820684497,0,0,0,0,0,0,0,0
513,1765820684797,0,0,0,0,0,0,0,0
514,1765820684881,0,0,0,0,0,0,0,0
515,1765820685180,0,0,0,0,0,0,0,0
516,1765820685479,0,0,0,0,0,0,0,0
517,1765820685580,0,0,0,0,0,0,0,0
518,1765820685879,0,0,0,0,0,0,0,0
519,1765820686264,0,0,0,0,0,0,0,0
520,1765820686563,0,0,0,0,0,0,0,0
521,1765820686947,0,0,0,0,0,0,0,0
522,1765820687247,0,0,0,0,0,0,0,0
523,1765820687664,0,0,0,0,0,0,0,0
524,1765820687947,0,0,0,0,0,0,0,0
525,1765820688347,0,0,0,0,0,0,0,0
526,1765820688647,0,0,0,0,0,0,0,0
527,1765820688747,0,0,0,0,0,0,0,0
528,1765820689030,0,0,0,0,0,0,0,0
529,1765820689347,0,0,0,0,0,0,0,0
530,1765820689446,0,0,0,0,0,0,0,0
531,1765820689730,0,0,0,0,0,0,0,0
532,1765820690081,0,0,0,0,0,0,0,0
533,1765820690397,0,0,0,0,0,0,0,0
534,1765820690663,0,0,0,0,0,0,0,0
535,1765820690730,0,0,0,0,0,0,0,0
536,1765820691046,0,0,0,0,0,0,0,0
537,1765820691330,0,0,0,0,0,0,0,0
538,1765820691397,0,0,0,0,0,0,0,0
539,1765820691697,0,0,0,0,0,0,0,0
540,1765820691981,0,0,0,0,0,0,0,0
541,1765820692046,0,0,0,0,0,0,0,0
542,1765820692330,0,0,0,0,0,0,0,0
543,1765820692631,0,0,0,0,0,0,0,0
544,1765820692697,0,0,0,0,0,0,0,0
545,1765820692978,0,0,0,0,0,0,0,0
546,1765820693282,0,0,0,0,0,0,0,0
547,1765820693363,0,0,0,0,0,0,0,0
548,1765820693631,0,0,0,0,0,0,0,0
549,1765820693931,0,0,0,0,0,0,0,0
550,1765820797278,0,0,0,0,0,0,0,0
551,1765820797762,0,0,0,0,0,0,0,0
552,1765820798296,0,0,0,0,0,0,0,0
553,1765820798579,0,0,0,0,0,0,0,0
554,1765820798745,0,0,0,0,0,0,0,0
555,1765820799112,0,0,0,0,0,0,0,0
556,1765820799562,0,0,0,0,0,0,0,0
557,1765820799846,0,0,0,0,0,0,0,0
558,1765820800028,0,0,0,0,0,0,0,0
559,1765820800395,0,0,0,0,0,0,0,0
560,1765820800579,0,0,0,0,0,0,0,0
561,1765820800862,0,0,0,0,0,0,0,0
562,1765820801046,0,0,0,0,0,0,0,0
563,1765820801345,0,0,0,0,0,0,0,0
564,1765820801845,0,0,0,0,0,0,0,0
565,1765820802129,0,0,0,0,0,0,0,0
566,1765820802312,0,0,0,0,0,0,0,0
567,1765820802645,0,0,0,0,0,0,0,0
568,1765820802829,0,0,0,0,0,0,0,0
569,1765820803112,0,0,0,0,0,0,0,0
570,1765820803579,0,0,0,0,0,0,0,0
571,1765820803912,0,0,0,0,0,0,0,0
572,1765820804095,0,0,0,0,0,0,0,0
573,1765820804377,0,0,0,0,0,0,0,0
574,1765820804562,0,0,0,0,0,0,0,0
575,1765820804896,0,0,0,0,0,0,0,0
576,1765820805362,0,0,0,0,0,0,0,0
577,1765820805645,0,0,0,0,0,0,0,0
578,1765820805829,0,0,0,0,0,0,0,0
579,1765820806195,0,0,0,0,0,0,0,0
580,1765820806362,0,0,0,0,0,0,0,0
581,1765820806662,0,0,0,0,0,0,0,0
582,1765820807129,0,0,0,0,0,0,0,0
583,1765820807646,0,0,0,0,0,0,0,0
584,1765820807929,0,0,0,0,0,0,0,0
585,1765820808110,0,0,0,0,0,0,0,0
586,1765820808445,0,0,0,0,0,0,0,0
587,1765820808644,0,0,0,0,0,0,0,0
588,1765820808912,0,0,0,0,0,0,0,0
589,1765820809229,0,0,0,0,0,0,0,0
590,1765820809395,0,0,0,0,0,0,0,0
591,1765820809745,0,0,0,0,0,0,0,0
592,1765820809928,0,0,0,0,0,0,0,0
593,1765820810195,0,0,0,0,0,0,0,0
594,1765820810378,0,0,0,0,0,0,0,0
595,1765820810728,0,0,0,0,0,0,0,0
596,1765820811212,0,0,0,0,0,0,0,0
597,1765820811479,0,0,0,0,0,0,0,0
598,1765820811679,0,0,0,0,0,0,0,0
599,1765820812028,0,0,0,0,0,0,0,0
600,1765820812212,0,0,0,0,0,0,0,0
601,1765820812495,0,0,0,0,0,0,0,0
602,1765820812695,0,0,0,0,0,0,0,0
603,1765820812995,0,0,0,0,0,0,0,0
604,1765820813494,0,0,0,0,0,0,0,0
605,1765820813794,0,0,0,0,0,0,0,0
606,1765820813962,0,0,0,0,0,0,0,0
607,1765820814312,0,0,0,0,0,0,0,0
608,1765820814478,0,0,0,0,0,0,0,0
609,1765820814779,0,0,0,0,0,0,0,0
610,1765820815245,0,0,0,0,0,0,0,0
611,1765820815595,0,0,0,0,0,0,0,0
612,1765820815811,0,0,0,0,0,0,0,0
613,1765820816095,0,0,0,0,0,0,0,0
614,1765820816278,0,0,0,0,0,0,0,0
615,1765820816612,0,0,0,0,0,0,0,0
616,1765820817096,0,0,0,0,0,0,0,0
617,1765820817579,0,0,0,0,0,0,0,0
618,1765820817928,0,0,0,0,0,0,0,0
619,1765820818111,0,0,0,0,0,0,0,0
620,1765820818395,0,0,0,0,0,0,0,0
621,1765820818612,0,0,0,0,0,0,0,0
622,1765820818895,0,0,0,0,0,0,0,0
623,1765820819112,0,0,0,0,0,0,0,0
624,1765820819478,0,0,0,0,0,0,0,0
625,1765820819678,0,0,0,0,0,0,0,0
626,1765820819963,0,0,0,0,0,0,0,0
627,1765820820495,0,0,0,0,0,0,0,0
628,1765820821028,0,0,0,0,0,0,0,0
629,1765820821512,0,0,0,0,0,0,0,0
630,1765820986310,0,0,0,0,0,0,0,0
631,1765820986843,0,0,0,0,0,0,0,0
632,1765820987109,0,0,0,0,0,0,0,0
633,1765820987310,0,0,0,0,0,0,0,0
634,1765820987610,0,0,0,0,0,0,0,0
635,1765820988126,0,0,0,0,0,0,0,0
636,1765820988610,0,0,0,0,0,0,0,0
637,1765820988942,0,0,0,0,0,0,0,0
638,1765820989110,0,0,0,0,0,0,0,0
639,1765820989410,0,0,0,0,0,0,0,0
640,1765820989592,0,0,0,0,0,0,0,0
641,1765820989877,0,0,0,0,0,0,0,0
642,1765820990425,0,0,0,0,0,0,0,0
643,1765820990909,0,0,0,0,0,0,0,0
644,1765820991353,0,0,0,0,0,0,0,0
645,1765820991442,0,0,0,0,0,0,0,0
646,1765820991759,0,0,0,0,0,0,0,0
647,1765820991977,0,0,0,0,0,0,0,0
648,1765820992260,0,0,0,0,0,0,0,0
649,1765820992460,0,0,0,0,0,0,0,0
650,1765820992826,0,0,0,0,0,0,0,0
651,1765820993026,0,0,0,0,0,0,0,0
652,1765820993327,0,0,0,0,0,0,0,0
653,1765820993525,0,0,0,0,0,0,0,0
654,1765820993827,0,0,0,0,0,0,0,0
655,1765820994377,0,0,0,0,0,0,0,0
656,1765820994876,0,0,0,0,0,0,0,0
657,1765820995227,0,0,0,0,0,0,0,0
658,1765820995359,0,0,0,0,0,0,0,0
659,1765820995710,0,0,0,0,0,0,0,0
660,1765820995909,0,0,0,0,0,0,0,0
661,1765820996209,0,0,0,0,0,0,0,0
662,1765820996394,0,0,0,0,0,0,0,0
663,1765820996759,0,0,0,0,0,0,0,0
664,1765820997260,0,0,0,0,0,0,0,0
665,1765820997760,0,0,0,0,0,0,0,0
666,1765820998309,0,0,0,0,0,0,0,0
667,1765820998593,0,0,0,0,0,0,0,0
668,1765820998793,0,0,0,0,0,0,0,0
669,1765820999127,0,0,0,0,0,0,0,0
670,1765820999259,0,0,0,0,0,0,0,0
671,1765820999610,0,0,0,0,0,0,0,0
672,1765821000076,0,0,0,0,0,0,0,0
673,1765821000610,0,0,0,0,0,0,0,0
674,1765821000910,0,0,0,0,0,0,0,0
675,1765821001060,0,0,0,0,0,0,0,0
676,1765821001343,0,0,0,0,0,0,0,0
677,1765821001876,0,0,0,0,0,0,0,0
678,1765821002160,0,0,0,0,0,0,0,0
679,1765821002325,0,0,0,0,0,0,0,0
680,1765821002676,0,0,0,0,0,0,0,0
681,1765821002793,0,0,0,0,0,0,0,0
682,1765821003126,0,0,0,0,0,0,0,0
683,1765821003592,0,0,0,0,0,0,0,0
684,1765821004125,0,0,0,0,0,0,0,0
685,1765821004410,0,0,0,0,0,0,0,0
686,1765821004593,0,0,0,0,0,0,0,0
687,1765821004926,0,0,0,0,0,0,0,0
688,1765821005427,0,0,0,0,0,0,0,0
689,1765821005876,0,0,0,0,0,0,0,0
690,1765821006226,0,0,0,0,0,0,0,0
691,1765821006426,0,0,0,0,0,0,0,0
692,1765821006692,0,0,0,0,0,0,0,0
693,1765821006876,0,0,0,0,0,0,0,0
694,1765821007159,0,0,0,0,0,0,0,0
695,1765821007709,0,0,0,0,0,0,0,0
696,1765821007977,0,0,0,0,0,0,0,0
697,1765821008160,0,0,0,0,0,0,0,0
698,1765821008526,0,0,0,0,0,0,0,0
699,1765821008626,0,0,0,0,0,0,0,0
700,1765821008976,0,0,0,0,0,0,0,0
701,1765821009159,0,0,0,0,0,0,0,0
702,1765821009443,0,0,0,0,0,0,0,0
703,1765821009960,0,0,0,0,0,0,0,0
704,1765821010259,0,0,0,0,0,0,0,0
705,1765821010426,0,0,0,0,0,0,0,0
706,1765821010726,0,0,0,0,0,0,0,0
707,1765821011259,0,0,0,0,0,0,0,0
708,1765821011726,0,0,0,0,0,0,0,0
709,1765821012043,0,0,0,0,0,0,0,0
710,1765821012209,0,0,0,0,0,0,0,0
711,1765821012493,0,0,0,0,0,0,0,0
712,1765821012676,0,0,0,0,0,0,0,0
713,1765821012959,0,0,0,0,0,0,0,0
714,1765821013493,0,0,0,0,0,0,0,0
715,1765821013761,0,0,0,0,0,0,0,0
716,1765821013944,0,0,0,0,0,0,0,0
717,1765821014260,0,0,0,0,0,0,0,0
718,1765821014743,0,0,0,0,0,0,0,0
719,1765821015027,0,0,0,0,0,0,0,0
720,1765821015211,0,0,0,0,0,0,0,0
721,1765821015562,0,0,0,0,0,0,0,0
722,1765821015726,0,0,0,0,0,0,0,0
723,1765821016009,0,0,0,0,0,0,0,0
724,1765821284323,0,0,0,0,0,0,0,0
725,1765821284488,0,0,0,0,0,0,0,0
726,1765821284656,0,0,0,0,0,0,0,0
727,1765821284823,0,0,0,0,0,0,0,0
728,1765821286822,0,0,0,0,0,0,0,0
729,1765821287005,0,0,0,0,0,0,0,0
730,1765821287174,0,0,0,0,0,0,0,0
731,1765821287340,0,0,0,0,0,0,0,0
732,1765821289606,0,0,0,0,0,0,0,0
733,1765821289789,0,0,0,0,0,0,0,0
734,1765821289989,0,0,0,0,0,0,0,0
735,1765821290156,0,0,0,0,0,0,0,0
736,1765821290356,0,0,0,0,0,0,0,0
737,1765821290522,0,0,0,0,0,0,0,0
738,1765821292757,0,0,0,0,0,0,0,0
739,1765821292939,0,0,0,0,0,0,0,0
740,1765821293122,0,0,0,0,0,0,0,0
741,1765821293306,0,0,0,0,0,0,0,0
742,1765821293506,0,0,0,0,0,0,0,0
743,1765821295756,0,0,0,0,0,0,0,0
744,1765821295924,0,0,0,0,0,0,0,0
745,1765821296090,0,0,0,0,0,0,0,0
746,1765821296256,0,0,0,0,0,0,0,0
747,1765821298072,0,0,0,0,0,0,0,0
748,1765821298255,0,0,0,0,0,0,0,0
749,1765821298423,0,0,0,0,0,0,0,0
750,1765821298606,0,0,0,0,0,0,0,0
751,1765821300573,0,0,0,0,0,0,0,0
752,1765821300742,0,0,0,0,0,0,0,0
753,1765821300905,0,0,0,0,0,0,0,0
754,1765821302905,0,0,0,0,0,0,0,0
755,1765821303093,0,0,0,0,0,0,0,0
756,1765821303256,0,0,0,0,0,0,0,0
757,1765821303473,0,0,0,0,0,0,0,0
758,1765821303672,0,0,0,0,0,0,0,0
759,1765821303839,0,0,0,0,0,0,0,0
760,1765821306089,0,0,0,0,0,0,0,0
761,1765821306289,0,0,0,0,0,0,0,0
762,1765821306456,0,0,0,0,0,0,0,0
763,1765821306638,0,0,0,0,0,0,0,0
764,1765821306821,0,0,0,0,0,0,0,0
765,1765821309072,0,0,0,0,0,0,0,0
766,1765821309239,0,0,0,0,0,0,0,0
767,1765821309421,0,0,0,0,0,0,0,0
768,1765821309572,0,0,0,0,0,0,0,0
769,1765821445921,0,0,0,0,0,0,0,0
770,1765821446072,0,0,0,0,0,0,0,0
771,1765821446255,0,0,0,0,0,0,0,0
772,1765821446454,0,0,0,0,0,0,0,0
773,1765821446621,0,0,0,0,0,0,0,0
774,1765821449254,0,0,0,0,0,0,0,0
775,1765821449437,0,0,0,0,0,0,0,0
776,1765821449637,0,0,0,0,0,0,0,0
777,1765821449820,0,0,0,0,0,0,0,0
778,1765821452954,0,0,0,0,0,0,0,0
779,1765821453137,0,0,0,0,0,0,0,0
780,1765821453320,0,0,0,0,0,0,0,0
781,1765821453521,0,0,0,0,0,0,0,0
782,1765821453704,0,0,0,0,0,0,0,0
783,1765821453887,0,0,0,0,0,0,0,0
784,1765821454086,0,0,0,0,0,0,0,0
785,1765821457004,0,0,0,0,0,0,0,0
786,1765821457237,0,0,0,0,0,0,0,0
787,1765821457370,0,0,0,0,0,0,0,0
788,1765821457570,0,0,0,0,0,0,0,0
789,1765821457771,0,0,0,0,0,0,0,0
790,1765821457954,0,0,0,0,0,0,0,0
791,1765821459987,0,0,0,0,0,0,0,0
792,1765821460170,0,0,0,0,0,0,0,0
793,1765821460370,0,0,0,0,0,0,0,0
794,1765821460537,0,0,0,0,0,0,0,0
795,1765821460753,0,0,0,0,0,0,0,0
796,1765821463743,0,0,0,0,0,0,0,0
797,1765821463786,0,0,0,0,0,0,0,0
798,1765821463987,0,0,0,0,0,0,0,0
799,1765821464154,0,0,0,0,0,0,0,0
800,1765821464338,0,0,0,0,0,0,0,0
801,1765821872181,0,0,0,0,0,0,0,0
802,1765821872382,0,0,0,0,0,0,0,0
803,1765821872580,0,0,0,0,0,0,0,0
804,1765821872799,0,0,0,0,0,0,0,0
805,1765821873014,0,0,0,0,0,0,0,0
806,1765821873198,0,0,0,0,0,0,0,0
807,1765821873367,0,0,0,0,0,0,0,0
808,1765821873580,0,0,0,0,0,0,0,0
809,1765821877130,0,0,0,0,0,0,0,0
810,1765821877332,0,0,0,0,0,0,0,0
811,1765821877532,0,0,0,0,0,0,0,0
812,1765821877732,0,0,0,0,0,0,0,0
813,1765821877932,0,0,0,0,0,0,0,0
814,1765821878115,0,0,0,0,0,0,0,0
815,1765821878315,0,0,0,0,0,0,0,0
816,1765821881199,0,0,0,0,0,0,0,0
817,1765821881365,0,0,0,0,0,0,0,0
818,1765821881549,0,0,0,0,0,0,0,0
819,1765821881749,0,0,0,0,0,0,0,0
820,1765821881933,0,0,0,0,0,0,0,0
821,1765821884398,0,0,0,0,0,0,0,0
822,1765821884615,0,0,0,0,0,0,0,0
823,1765821884815,0,0,0,0,0,0,0,0
824,1765821885030,0,0,0,0,0,0,0,0
825,1765821885214,0,0,0,0,0,0,0,0
826,1765821885432,0,0,0,0,0,0,0,0
827,1765821885614,0,0,0,0,0,0,0,0
828,1765821885782,0,0,0,0,0,0,0,0
829,1765821890230,0,0,0,0,0,0,0,0
830,1765821890448,0,0,0,0,0,0,0,0
831,1765821890631,0,0,0,0,0,0,0,0
832,1765821890831,0,0,0,0,0,0,0,0
833,1765821891031,0,0,0,0,0,0,0,0
834,1765821891215,0,0,0,0,0,0,0,0
835,1765821891398,0,0,0,0,0,0,0,0
836,1765821891615,0,0,0,0,0,0,0,0
837,1765821894281,0,0,0,0,0,0,0,0
838,1765821894448,0,0,0,0,0,0,0,0
839,1765821894682,0,0,0,0,0,0,0,0
840,1765821894850,0,0,0,0,0,0,0,0
841,1765821895047,0,0,0,0,0,0,0,0
842,1765821987230,0,0,0,0,0,0,0,0
843,1765821987747,0,0,0,0,0,0,0,0
844,1765821988314,0,0,0,0,0,0,0,0
845,1765821988947,0,0,0,0,0,0,0,0
846,1765821990513,0,0,0,0,0,0,0,0
847,1765821991563,0,0,0,0,0,0,0,0
848,1765821992096,0,0,0,0,0,0,0,0
849,1765821992580,0,0,0,0,0,0,0,0
850,1765821994196,0,0,0,0,0,0,0,0
851,1765821994729,0,0,0,0,0,0,0,0
852,1765821995763,0,0,0,0,0,0,0,0
853,1765821996280,0,0,0,0,0,0,0,0
854,1765821996814,0,0,0,0,0,0,0,0
855,1765821997330,0,0,0,0,0,0,0,0
856,1765821997897,0,0,0,0,0,0,0,0
857,1765821998996,0,0,0,0,0,0,0,0
858,1765821999529,0,0,0,0,0,0,0,0
859,1765822000630,0,0,0,0,0,0,0,0
860,1765822001163,0,0,0,0,0,0,0,0
861,1765822002280,0,0,0,0,0,0,0,0
862,1765822002830,0,0,0,0,0,0,0,0
863,1765822003913,0,0,0,0,0,0,0,0
864,1765822004463,0,0,0,0,0,0,0,0
865,1765822005030,0,0,0,0,0,0,0,0
866,1765822006630,0,0,0,0,0,0,0,0
867,1765822007146,0,0,0,0,0,0,0,0
868,1765822007647,0,0,0,0,0,0,0,0
869,1765822008730,0,0,0,0,0,0,0,0
870,1765822009245,0,0,0,0,0,0,0,0
871,1765822009780,0,0,0,0,0,0,0,0
872,1765822010313,0,0,0,0,0,0,0,0
873,1765822012463,0,0,0,0,0,0,0,0
874,1765822012997,0,0,0,0,0,0,0,0
875,1765822013529,0,0,0,0,0,0,0,0
876,1765822014062,0,0,0,0,0,0,0,0
877,1765822014563,0,0,0,0,0,0,0,0
878,1765822017279,0,0,0,0,0,0,0,0
879,1765822017796,0,0,0,0,0,0,0,0
880,1765822019914,0,0,0,0,0,0,0,0
881,1765822020430,0,0,0,0,0,0,0,0
882,1765822121345,0,0,0,0,0,0,0,0
883,1765822121911,0,0,0,0,0,0,0,0
884,1765822123578,0,0,0,0,0,0,0,0
885,1765822124195,0,0,0,0,0,0,0,0
886,1765822124745,0,0,0,0,0,0,0,0
887,1765822126245,0,0,0,0,0,0,0,0
888,1765822127295,0,0,0,0,0,0,0,0
889,1765822127811,0,0,0,0,0,0,0,0
890,1765822129362,0,0,0,0,0,0,0,0
891,1765822132112,0,0,0,0,0,0,0,0
892,1765822132695,0,0,0,0,0,0,0,0
893,1765822133862,0,0,0,0,0,0,0,0
894,1765822135061,0,0,0,0,0,0,0,0
895,1765822137362,0,0,0,0,0,0,0,0
896,1765822137962,0,0,0,0,0,0,0,0
897,1765822138512,0,0,0,0,0,0,0,0
898,1765822139661,0,0,0,0,0,0,0,0
899,1765822141245,0,0,0,0,0,0,0,0
900,1765822142261,0,0,0,0,0,0,0,0
901,1765822142729,0,0,0,0,0,0,0,0
902,1765822143778,0,0,0,0,0,0,0,0
903,1765822144279,0,0,0,0,0,0,0,0
904,1765822144795,0,0,0,0,0,0,0,0
905,1765822147029,0,0,0,0,0,0,0,0
906,1765822148229,0,0,0,0,0,0,0,0
907,1765822149445,0,0,0,0,0,0,0,0
908,1765822252327,0,0,0,0,0,0,0,0
909,1765822252527,0,0,0,0,0,0,0,0
910,1765822252727,0,0,0,0,0,0,0,0
911,1765822252894,0,0,0,0,0,0,0,0
912,1765822253076,0,0,0,0,0,0,0,0
913,1765822255310,0,0,0,0,0,0,0,0
914,1765822255510,0,0,0,0,0,0,0,0
915,1765822255677,0,0,0,0,0,0,0,0
916,1765822255894,0,0,0,0,0,0,0,0
917,1765822256077,0,0,0,0,0,0,0,0
918,1765822256242,0,0,0,0,0,0,0,0
919,1765822260042,0,0,0,0,0,0,0,0
920,1765822260243,0,0,0,0,0,0,0,0
921,1765822260426,0,0,0,0,0,0,0,0
922,1765822260626,0,0,0,0,0,0,0,0
923,1765822260827,0,0,0,0,0,0,0,0
924,1765822261142,0,0,0,0,0,0,0,0
925,1765822261410,0,0,0,0,0,0,0,0
926,1765822264310,0,0,0,0,0,0,0,0
927,1765822264493,0,0,0,0,0,0,0,0
928,1765822264693,0,0,0,0,0,0,0,0
929,1765822264893,0,0,0,0,0,0,0,0
930,1765822265076,0,0,0,0,0,0,0,0
931,1765822267726,0,0,0,0,0,0,0,0
932,1765822267909,0,0,0,0,0,0,0,0
933,1765822268076,0,0,0,0,0,0,0,0
934,1765822268276,0,0,0,0,0,0,0,0
935,1765822268443,0,0,0,0,0,0,0,0
936,1765822271360,0,0,0,0,0,0,0,0
937,1765822271527,0,0,0,0,0,0,0,0
938,1765822271760,0,0,0,0,0,0,0,0
939,1765822271943,0,0,0,0,0,0,0,0
940,1765822272142,0,0,0,0,0,0,0,0
941,1765822272327,0,0,0,0,0,0,0,0
942,1765822272527,0,0,0,0,0,0,0,0
943,1765822275226,0,0,0,0,0,0,0,0
944,1765822275425,0,0,0,0,0,0,0,0
945,1765822275610,0,0,0,0,0,0,0,0
946,1765822275794,0,0,0,0,0,0,0,0
947,1765822276176,0,0,0,0,0,0,0,0
948,1765822278643,0,0,0,0,0,0,0,0
949,1765822278810,0,0,0,0,0,0,0,0
950,1765822278993,0,0,0,0,0,0,0,0
951,1765822279193,0,0,0,0,0,0,0,0
952,1765822279359,0,0,0,0,0,0,0,0
953,1765822279560,0,0,0,0,0,0,0,0
954,1765822282693,0,0,0,0,0,0,0,0
955,1765822428174,0,0,0,0,0,0,0,0
956,1765822429875,0,0,0,0,0,0,0,0
957,1765822431040,0,0,0,0,0,0,0,0
958,1765822431673,0,0,0,0,0,0,0,0
959,1765822433375,0,0,0,0,0,0,0,0
960,1765822433992,0,0,0,0,0,0,0,0
961,1765822434508,0,0,0,0,0,0,0,0
962,1765822435524,0,0,0,0,0,0,0,0
963,1765822436491,0,0,0,0,0,0,0,0
964,1765822437508,0,0,0,0,0,0,0,0
965,1765822437957,0,0,0,0,0,0,0,0
966,1765822438975,0,0,0,0,0,0,0,0
967,1765822440075,0,0,0,0,0,0,0,0
968,1765822440640,0,0,0,0,0,0,0,0
969,1765822441842,0,0,0,0,0,0,0,0
970,1765822443640,0,0,0,0,0,0,0,0
971,1765822444224,0,0,0,0,0,0,0,0
972,1765822447973,0,0,0,0,0,0,0,0
973,1765822449007,0,0,0,0,0,0,0,0
974,1765822449491,0,0,0,0,0,0,0,0
975,1765822450189,0,0,0,0,0,0,0,0
976,1765822451658,0,0,0,0,0,0,0,0
977,1765822452206,0,0,0,0,0,0,0,0
978,1765822453374,0,0,0,0,0,0,0,0
979,1765822585289,0,0,0,0,0,0,0,0
980,1765822585822,0,0,0,0,0,0,0,0
981,1765822587956,0,0,0,0,0,0,0,0
982,1765822588489,0,0,0,0,0,0,0,0
983,1765822588989,0,0,0,0,0,0,0,0
984,1765822589622,0,0,0,0,0,0,0,0
985,1765822590156,0,0,0,0,0,0,0,0
986,1765822590705,0,0,0,0,0,0,0,0
987,1765822592955,0,0,0,0,0,0,0,0
988,1765822594055,0,0,0,0,0,0,0,0
989,1765822594621,0,0,0,0,0,0,0,0
990,1765822595238,0,0,0,0,0,0,0,0
991,1765822599072,0,0,0,0,0,0,0,0
992,1765822599606,0,0,0,0,0,0,0,0
993,1765822600155,0,0,0,0,0,0,0,0
994,1765822603973,0,0,0,0,0,0,0,0
995,1765822604572,0,0,0,0,0,0,0,0
996,1765822606239,0,0,0,0,0,0,0,0
997,1765822606872,0,0,0,0,0,0,0,0
998,1765822607422,0,0,0,0,0,0,0,0
999,1765822611289,0,0,0,0,0,0,0,0
1000,1765822611838,0,0,0,0,0,0,0,0
1001,1765822612922,0,0,0,0,0,0,0,0
1002,1765822613489,0,0,0,0,0,0,0,0
1003,1765822614021,0,0,0,0,0,0,0,0
1004,1765822614589,0,0,0,0,0,0,0,0
1005,1765822616305,0,0,0,0,0,0,0,0
1006,1765822616822,0,0,0,0,0,0,0,0
1007,1765822617440,0,0,0,0,0,0,0,0
1008,1765822617989,0,0,0,0,0,0,0,0
1009,1765822782553,0,0,0,0,0,0,0,0
1010,1765822783037,0,0,0,0,0,0,0,0
1011,1765822783603,0,0,0,0,0,0,0,0
1012,1765822785168,0,0,0,0,0,0,0,0
1013,1765822786204,0,0,0,0,0,0,0,0
1014,1765822786754,0,0,0,0,0,0,0,0
1015,1765822787870,0,0,0,0,0,0,0,0
1016,1765822788470,0,0,0,0,0,0,0,0
1017,1765822789020,0,0,0,0,0,0,0,0
1018,1765822789586,0,0,0,0,0,0,0,0
1019,1765822790070,0,0,0,0,0,0,0,0
1020,1765822790653,0,0,0,0,0,0,0,0
1021,1765822791237,0,0,0,0,0,0,0,0
1022,1765822791787,0,0,0,0,0,0,0,0
1023,1765822795119,0,0,0,0,0,0,0,0
1024,1765822795587,0,0,0,0,0,0,0,0
1025,1765822796153,0,0,0,0,0,0,0,0
1026,1765822798335,0,0,0,0,0,0,0,0
1027,1765822798820,0,0,0,0,0,0,0,0
1028,1765822799370,0,0,0,0,0,0,0,0
1029,1765822802153,0,0,0,0,0,0,0,0
1030,1765822803187,0,0,0,0,0,0,0,0
1031,1765822803737,0,0,0,0,0,0,0,0
1032,1765822804287,0,0,0,0,0,0,0,0
1033,1765822804803,0,0,0,0,0,0,0,0
1034,1765822805370,0,0,0,0,0,0,0,0
1035,1765822806954,0,0,0,0,0,0,0,0
1036,1765822808053,0,0,0,0,0,0,0,0
1037,1765822808603,0,0,0,0,0,0,0,0
1038,1765822809086,0,0,0,0,0,0,0,0
1039,1765822810703,0,0,0,0,0,0,0,0
1040,1765822813486,0,0,0,0,0,0,0,0
1041,1765822814586,0,0,0,0,0,0,0,0
1042,1765822815136,0,0,0,0,0,0,0,0
1043,1765822815685,0,0,0,0,0,0,0,0
1044,1765822816253,0,0,0,0,0,0,0,0
1045,1765822816787,0,0,0,0,0,0,0,0
1046,1765822817919,0,0,0,0,0,0,0,0
1047,1765822818970,0,0,0,0,0,0,0,0
1048,1765822819520,0,0,0,0,0,0,0,0
1049,1765822820002,0,0,0,0,0,0,0,0
1050,1765822821553,0,0,0,0,0,0,0,0
1051,1765822822170,0,0,0,0,0,0,0,0
1052,1765822822636,0,0,0,0,0,0,0,0
1053,1765822823220,0,0,0,0,0,0,0,0
1054,1765822823771,0,0,0,0,0,0,0,0
1055,1765823207330,0,0,0,0,0,0,0,0
1056,1765823207599,0,0,0,0,0,0,0,0
1057,1765823207665,0,0,0,0,0,0,0,0
1058,1765823207965,0,0,0,0,0,0,0,0
1059,1765823208248,0,0,0,0,0,0,0,0
1060,1765823208564,0,0,0,0,0,0,0,0
1061,1765823208848,0,0,0,0,0,0,0,0
1062,1765823209165,0,0,0,0,0,0,0,0
1063,1765823209447,0,0,0,0,0,0,0,0
1064,1765823209730,0,0,0,0,0,0,0,0
1065,1765823209763,0,0,0,0,0,0,0,0
1066,1765823210048,0,0,0,0,0,0,0,0
1067,1765823210331,0,0,0,0,0,0,0,0
1068,1765823210648,0,0,0,0,0,0,0,0
1069,1765823210931,0,0,0,0,0,0,0,0
1070,1765823211248,0,0,0,0,0,0,0,0
1071,1765823211531,0,0,0,0,0,0,0,0
1072,1765823211815,0,0,0,0,0,0,0,0
1073,1765823212131,0,0,0,0,0,0,0,0
1074,1765823212414,0,0,0,0,0,0,0,0
1075,1765823212730,0,0,0,0,0,0,0,0
1076,1765823212998,0,0,0,0,0,0,0,0
1077,1765823213315,0,0,0,0,0,0,0,0
1078,1765823213615,0,0,0,0,0,0,0,0
1079,1765823213897,0,0,0,0,0,0,0,0
1080,1765823214213,0,0,0,0,0,0,0,0
1081,1765823214513,0,0,0,0,0,0,0,0
1082,1765823214798,0,0,0,0,0,0,0,0
1083,1765823215097,0,0,0,0,0,0,0,0
1084,1765823215415,0,0,0,0,0,0,0,0
1085,1765823215698,0,0,0,0,0,0,0,0
1086,1765823215981,0,0,0,0,0,0,0,0
1087,1765823216281,0,0,0,0,0,0,0,0
1088,1765823216564,0,0,0,0,0,0,0,0
1089,1765823216881,0,0,0,0,0,0,0,0
1090,1765823217181,0,0,0,0,0,0,0,0
1091,1765823217497,0,0,0,0,0,0,0,0
1092,1765823217764,0,0,0,0,0,0,0,0
1093,1765823218048,0,0,0,0,0,0,0,0
1094,1765823218364,0,0,0,0,0,0,0,0
1095,1765823218632,0,0,0,0,0,0,0,0
1096,1765823218964,0,0,0,0,0,0,0,0
1097,1765823219246,0,0,0,0,0,0,0,0
1098,1765823219532,0,0,0,0,0,0,0,0
1099,1765823219564,0,0,0,0,0,0,0,0
1100,1765823219847,0,0,0,0,0,0,0,0
1101,1765823220114,0,0,0,0,0,0,0,0
1102,1765823717478,0,0,0,0,0,0,0,0
1103,1765823717642,0,0,0,0,0,0,0,0
1104,1765823717825,0,0,0,0,0,0,0,0
1105,1765823718025,0,0,0,0,0,0,0,0
1106,1765823720442,0,0,0,0,0,0,0,0
1107,1765823720608,0,0,0,0,0,0,0,0
1108,1765823720808,0,0,0,0,0,0,0,0
1109,1765823720974,0,0,0,0,0,0,0,0
1110,1765823721141,0,0,0,0,0,0,0,0
1111,1765823724690,0,0,0,0,0,0,0,0
1112,1765823725057,0,0,0,0,0,0,0,0
1113,1765823725374,0,0,0,0,0,0,0,0
1114,1765823725557,0,0,0,0,0,0,0,0
1115,1765823725724,0,0,0,0,0,0,0,0
1116,1765823725907,0,0,0,0,0,0,0,0
1117,1765823726090,0,0,0,0,0,0,0,0
1118,1765823729242,0,0,0,0,0,0,0,0
1119,1765823729408,0,0,0,0,0,0,0,0
1120,1765823729592,0,0,0,0,0,0,0,0
1121,1765823732174,0,0,0,0,0,0,0,0
1122,1765823732391,0,0,0,0,0,0,0,0
1123,1765823732541,0,0,0,0,0,0,0,0
1124,1765823732858,0,0,0,0,0,0,0,0
1125,1765823733041,0,0,0,0,0,0,0,0
1126,1765823733440,0,0,0,0,0,0,0,0
1127,1765823733741,0,0,0,0,0,0,0,0
1128,1765823733958,0,0,0,0,0,0,0,0
1129,1765823734109,0,0,0,0,0,0,0,0
1130,1765823734275,0,0,0,0,0,0,0,0
1131,1765823737174,0,0,0,0,0,0,0,0
1132,1765823737325,0,0,0,0,0,0,0,0
1133,1765823737474,0,0,0,0,0,0,0,0
1134,1765823737658,0,0,0,0,0,0,0,0
1135,1765823737875,0,0,0,0,0,0,0,0
1136,1765823740958,0,0,0,0,0,0,0,0
1137,1765823741375,0,0,0,0,0,0,0,0
1138,1765823741658,0,0,0,0,0,0,0,0
1139,1765823741824,0,0,0,0,0,0,0,0
1140,1765823742024,0,0,0,0,0,0,0,0
1141,1765823742158,0,0,0,0,0,0,0,0
1142,1765823744825,0,0,0,0,0,0,0,0
1143,1765823744990,0,0,0,0,0,0,0,0
1144,1765823745158,0,0,0,0,0,0,0,0
1145,1765823745358,0,0,0,0,0,0,0,0
1146,1765823750658,0,0,0,0,0,0,0,0
1147,1765823750824,0,0,0,0,0,0,0,0
1148,1765823751024,0,0,0,0,0,0,0,0
1149,1765823751191,0,0,0,0,0,0,0,0
1150,1765823751407,0,0,0,0,0,0,0,0
1151,1765823754074,0,0,0,0,0,0,0,0
1152,1765823754241,0,0,0,0,0,0,0,0
1153,1765823754410,0,0,0,0,0,0,0,0
1154,1765823755025,0,0,0,0,0,0,0,0
1155,1765823755477,0,0,0,0,0,0,0,0
1156,1765823756825,0,0,0,0,0,0,0,0
1157,1765823757041,0,0,0,0,0,0,0,0
1158,1765823757207,0,0,0,0,0,0,0,0
1159,1765823865240,0,0,0,0,0,0,0,0
1160,1765823865423,0,0,0,0,0,0,0,0
1161,1765823865673,0,0,0,0,0,0,0,0
1162,1765823865889,0,0,0,0,0,0,0,0
1163,1765823866089,0,0,0,0,0,0,0,0
1164,1765823866323,0,0,0,0,0,0,0,0
1165,1765823866488,0,0,0,0,0,0,0,0
1166,1765823866690,0,0,0,0,0,0,0,0
1167,1765823866956,0,0,0,0,0,0,0,0
1168,1765823867140,0,0,0,0,0,0,0,0
1169,1765823869105,0,0,0,0,0,0,0,0
1170,1765823869323,0,0,0,0,0,0,0,0
1171,1765823869540,0,0,0,0,0,0,0,0
1172,1765823878172,0,0,0,0,0,0,0,0
1173,1765823880589,0,0,0,0,0,0,0,0
1174,1765823880805,0,0,0,0,0,0,0,0
1175,1765823880938,0,0,0,0,0,0,0,0
1176,1765823881154,0,0,0,0,0,0,0,0
1177,1765823881339,0,0,0,0,0,0,0,0
1178,1765823881571,0,0,0,0,0,0,0,0
1179,1765823881938,0,0,0,0,0,0,0,0
1180,1765823882005,0,0,0,0,0,0,0,0
1181,1765823884006,0,0,0,0,0,0,0,0
1182,1765823884206,0,0,0,0,0,0,0,0
1183,1765823884390,0,0,0,0,0,0,0,0
1184,1765823884639,0,0,0,0,0,0,0,0
1185,1765823884840,0,0,0,0,0,0,0,0
1186,1765823885305,0,0,0,0,0,0,0,0
1187,1765823885821,0,0,0,0,0,0,0,0
1188,1765823886004,0,0,0,0,0,0,0,0
1189,1765823886239,0,0,0,0,0,0,0,0
1190,1765823886456,0,0,0,0,0,0,0,0
1191,1765823886672,0,0,0,0,0,0,0,0
1192,1765823886923,0,0,0,0,0,0,0,0
1193,1765823887171,0,0,0,0,0,0,0,0
1194,1765823887322,0,0,0,0,0,0,0,0
1195,1765823887573,0,0,0,0,0,0,0,0
1196,1765823887789,0,0,0,0,0,0,0,0
1197,1765823887955,0,0,0,0,0,0,0,0
1198,1765823888106,0,0,0,0,0,0,0,0
1199,1765823888556,0,0,0,0,0,0,0,0
1200,1765823970738,0,0,0,0,0,0,0,0
1201,1765823970954,0,0,0,0,0,0,0,0
1202,1765823971122,0,0,0,0,0,0,0,0
1203,1765823971354,0,0,0,0,0,0,0,0
1204,1765823971657,0,0,0,0,0,0,0,0
1205,1765823971772,0,0,0,0,0,0,0,0
1206,1765823971988,0,0,0,0,0,0,0,0
1207,1765823972771,0,0,0,0,0,0,0,0
1208,1765823972955,0,0,0,0,0,0,0,0
1209,1765823977155,0,0,0,0,0,0,0,0
1210,1765823977354,0,0,0,0,0,0,0,0
1211,1765823977588,0,0,0,0,0,0,0,0
1212,1765823977805,0,0,0,0,0,0,0,0
1213,1765823977955,0,0,0,0,0,0,0,0
1214,1765823978171,0,0,0,0,0,0,0,0
1215,1765823978388,0,0,0,0,0,0,0,0
1216,1765823978604,0,0,0,0,0,0,0,0
1217,1765823978771,0,0,0,0,0,0,0,0
1218,1765823978971,0,0,0,0,0,0,0,0
1219,1765823979405,0,0,0,0,0,0,0,0
1220,1765823979637,0,0,0,0,0,0,0,0
1221,1765823981404,0,0,0,0,0,0,0,0
1222,1765823981888,0,0,0,0,0,0,0,0
1223,1765823982105,0,0,0,0,0,0,0,0
1224,1765823982338,0,0,0,0,0,0,0,0
1225,1765823982554,0,0,0,0,0,0,0,0
1226,1765823982754,0,0,0,0,0,0,0,0
1227,1765823982970,0,0,0,0,0,0,0,0
1228,1765823993488,0,0,0,0,0,0,0,0
1229,1765823993704,0,0,0,0,0,0,0,0
1230,1765823993905,0,0,0,0,0,0,0,0
1231,1765823994712,0,0,0,0,0,0,0,0
1232,1765823997805,0,0,0,0,0,0,0,0
1233,1765823998038,0,0,0,0,0,0,0,0
1234,1765823998238,0,0,0,0,0,0,0,0
1235,1765823998671,0,0,0,0,0,0,0,0
1236,1765824002670,0,0,0,0,0,0,0,0
1237,1765824002888,0,0,0,0,0,0,0,0
1238,1765824003088,0,0,0,0,0,0,0,0
1239,1765824003271,0,0,0,0,0,0,0,0
1240,1765824003471,0,0,0,0,0,0,0,0
1241,1765824003688,0,0,0,0,0,0,0,0
1242,1765824169652,0,0,0,0,0,0,0,0
1243,1765824169869,0,0,0,0,0,0,0,0
1244,1765824170102,0,0,0,0,0,0,0,0
1245,1765824170318,0,0,0,0,0,0,0,0
1246,1765824170552,0,0,0,0,0,0,0,0
1247,1765824170768,0,0,0,0,0,0,0,0
1248,1765824172518,0,0,0,0,0,0,0,0
1249,1765824172752,0,0,0,0,0,0,0,0
1250,1765824172951,0,0,0,0,0,0,0,0
1251,1765824173152,0,0,0,0,0,0,0,0
1252,1765824173268,0,0,0,0,0,0,0,0
1253,1765824173468,0,0,0,0,0,0,0,0
1254,1765824175435,0,0,0,0,0,0,0,0
1255,1765824175651,0,0,0,0,0,0,0,0
1256,1765824175902,0,0,0,0,0,0,0,0
1257,1765824176985,0,0,0,0,0,0,0,0
1258,1765824177468,0,0,0,0,0,0,0,0
1259,1765824177668,0,0,0,0,0,0,0,0
1260,1765824177868,0,0,0,0,0,0,0,0
1261,1765824178135,0,0,0,0,0,0,0,0
1262,1765824178368,0,0,0,0,0,0,0,0
1263,1765824178635,0,0,0,0,0,0,0,0
1264,1765824178801,0,0,0,0,0,0,0,0
1265,1765824179018,0,0,0,0,0,0,0,0
1266,1765824179302,0,0,0,0,0,0,0,0
1267,1765824179535,0,0,0,0,0,0,0,0
1268,1765824179735,0,0,0,0,0,0,0,0
1269,1765824179951,0,0,0,0,0,0,0,0
1270,1765824180152,0,0,0,0,0,0,0,0
1271,1765824180385,0,0,0,0,0,0,0,0
1272,1765824180518,0,0,0,0,0,0,0,0
1273,1765824180718,0,0,0,0,0,0,0,0
1274,1765824181168,0,0,0,0,0,0,0,0
1275,1765824183135,0,0,0,0,0,0,0,0
1276,1765824183352,0,0,0,0,0,0,0,0
1277,1765824183585,0,0,0,0,0,0,0,0
1278,1765824184268,0,0,0,0,0,0,0,0
1279,1765824184502,0,0,0,0,0,0,0,0
1280,1765824184902,0,0,0,0,0,0,0,0
1281,1765824185185,0,0,0,0,0,0,0,0
1282,1765824185468,0,0,0,0,0,0,0,0
1283,1765824185602,0,0,0,0,0,0,0,0
1284,1765824185818,0,0,0,0,0,0,0,0
1285,1765824186052,0,0,0,0,0,0,0,0
1286,1765824186268,0,0,0,0,0,0,0,0
1287,1765824186485,0,0,0,0,0,0,0,0
1288,1765824186685,0,0,0,0,0,0,0,0
1289,1765824186901,0,0,0,0,0,0,0,0
1290,1765824187151,0,0,0,0,0,0,0,0
1291,1765824194385,0,0,0,0,0,0,0,0
1292,1765824194669,0,0,0,0,0,0,0,0
1293,1765824194901,0,0,0,0,0,0,0,0
1294,1765824195085,0,0,0,0,0,0,0,0
1295,1765824195285,0,0,0,0,0,0,0,0
1296,1765824195519,0,0,0,0,0,0,0,0
1297,1765824195735,0,0,0,0,0,0,0,0
1298,1765824392882,0,0,0,0,0,0,0,0
1299,1765824393782,0,0,0,0,0,0,0,0
1300,1765824394032,0,0,0,0,0,0,0,0
1301,1765824394232,0,0,0,0,0,0,0,0
1302,1765824395349,0,0,0,0,0,0,0,0
1303,1765824397966,0,0,0,0,0,0,0,0
1304,1765824398182,0,0,0,0,0,0,0,0
1305,1765824398399,0,0,0,0,0,0,0,0
1306,1765824399732,0,0,0,0,0,0,0,0
1307,1765824400159,0,0,0,0,0,0,0,0
1308,1765824400165,0,0,0,0,0,0,0,0
1309,1765824400432,0,0,0,0,0,0,0,0
1310,1765824401682,0,0,0,0,0,0,0,0
1311,1765824401949,0,0,0,0,0,0,0,0
1312,1765824402149,0,0,0,0,0,0,0,0
1313,1765824402365,0,0,0,0,0,0,0,0
1314,1765824402599,0,0,0,0,0,0,0,0
1315,1765824403049,0,0,0,0,0,0,0,0
1316,1765824407432,0,0,0,0,0,0,0,0
1317,1765824409749,0,0,0,0,0,0,0,0
1318,1765824409965,0,0,0,0,0,0,0,0
1319,1765824410215,0,0,0,0,0,0,0,0
1320,1765824410382,0,0,0,0,0,0,0,0
1321,1765824411148,0,0,0,0,0,0,0,0
1322,1765824411948,0,0,0,0,0,0,0,0
1323,1765824420833,0,0,0,0,0,0,0,0
1324,1765824421833,0,0,0,0,0,0,0,0
1325,1765824641480,0,0,0,0,0,0,0,0
1326,1765824641680,0,0,0,0,0,0,0,0
1327,1765824641896,0,0,0,0,0,0,0,0
1328,1765824645446,0,0,0,0,0,0,0,0
1329,1765824648529,0,0,0,0,0,0,0,0
1330,1765824648795,0,0,0,0,0,0,0,0
1331,1765824649112,0,0,0,0,0,0,0,0
1332,1765824649346,0,0,0,0,0,0,0,0
1333,1765824649813,0,0,0,0,0,0,0,0
1334,1765824650046,0,0,0,0,0,0,0,0
1335,1765824651397,0,0,0,0,0,0,0,0
1336,1765824651512,0,0,0,0,0,0,0,0
1337,1765824651780,0,0,0,0,0,0,0,0
1338,1765824651979,0,0,0,0,0,0,0,0
1339,1765824652163,0,0,0,0,0,0,0,0
1340,1765824652380,0,0,0,0,0,0,0,0
1341,1765824652562,0,0,0,0,0,0,0,0
1342,1765824652814,0,0,0,0,0,0,0,0
1343,1765824653879,0,0,0,0,0,0,0,0
1344,1765824654078,0,0,0,0,0,0,0,0
1345,1765824654481,0,0,0,0,0,0,0,0
1346,1765824654713,0,0,0,0,0,0,0,0
1347,1765824656298,0,0,0,0,0,0,0,0
1348,1765824656547,0,0,0,0,0,0,0,0
1349,1765824656780,0,0,0,0,0,0,0,0
1350,1765824658429,0,0,8,0,0,0,0,0
1351,1765824658746,0,0,8,0,0,0,0,0
1352,1765824660896,0,0,59,0,0,0,0,0
1353,1765824661312,0,0,59,0,0,0,0,0
1354,1765824663396,0,0,101,0,0,0,0,0
1355,1765824664296,0,0,135,0,0,0,0,0
1356,1765824664679,0,0,135,0,0,0,0,0
1357,1765824665029,0,0,135,0,0,0,0,0
1358,1765824666062,0,0,135,0,0,0,0,0
1359,1765824666296,0,0,162,0,0,0,0,0
1360,1765824667162,0,0,162,0,0,0,0,0
1361,1765824667312,0,0,162,0,0,0,0,0
1362,1765824667612,0,0,162,0,0,0,0,0
1363,1765824667729,0,0,162,0,0,0,0,0
1364,1765824667962,0,0,162,0,0,0,0,0
1365,1765824668179,0,0,184,0,0,0,0,0
1366,1765824668596,0,0,184,0,0,0,0,0
1367,1765824668846,0,0,184,0,0,0,0,0
1368,1765824669346,0,0,184,0,0,0,0,0
1369,1765824669563,0,0,184,0,0,0,0,0
1370,1765824670662,0,0,201,0,0,0,0,0
1371,1765824670912,0,0,201,0,0,0,0,0
1372,1765824671029,0,0,201,0,0,0,0,0
1373,1765824671295,0,0,201,0,0,0,0,0
1374,1765824672046,0,0,201,0,0,0,0,0
1375,1765824672312,0,0,216,0,0,0,0,0
1376,1765824673246,0,0,216,0,0,0,0,0
1377,1765824673545,0,0,216,0,0,0,0,0
1378,1765824673611,0,0,216,0,0,0,0,0
1379,1765824674012,0,0,216,0,0,0,0,0
1380,1765824674195,0,0,216,0,0,0,0,0
1381,1765824675996,0,0,228,0,0,0,0,0
1382,1765824676545,0,0,237,0,0,0,0,0
1383,1765824678129,0,0,245,0,0,0,0,0
1384,1765824678962,0,0,245,0,0,0,0,0
1385,1765824679412,0,0,245,0,0,0,0,0
1386,1765824680812,0,0,251,0,0,0,0,0
1387,1765824681062,0,0,251,0,0,0,0,0
1388,1765824681645,0,0,251,0,0,0,0,0
1389,1765824681862,0,0,251,0,0,0,0,0
1390,1765824682095,0,0,251,0,0,0,0,0
1391,1765824682545,0,0,256,0,0,0,0,0
1392,1765824682778,0,0,256,0,0,0,0,0
1393,1765824683546,0,0,256,0,0,0,0,0
1394,1765824683796,0,0,256,0,0,0,0,0
1395,1765824684979,0,0,260,0,0,0,0,0
1396,1765824685346,0,0,260,0,0,0,0,0
1397,1765824686229,0,0,260,0,0,0,0,0
1398,1765824686395,0,0,264,0,0,0,0,0
1399,1765824687461,0,0,264,0,0,0,0,0
1400,1765824688662,0,0,266,0,0,0,0,0
1401,1765824688695,0,0,266,0,0,0,0,0
1402,1765824689028,0,0,266,0,0,0,0,0
1403,1765824689829,0,0,266,0,0,0,0,0
1404,1765824690079,0,0,266,0,0,0,0,0
1405,1765824691112,0,0,268,0,0,0,0,0
1406,1765824692412,0,0,270,0,0,0,0,0
1407,1765824695261,0,0,272,0,0,0,0,0
1408,1765824696846,0,0,273,0,0,0,0,0
1409,1765824697245,0,0,273,0,0,0,0,0
1410,1765824697762,0,0,273,0,0,0,0,0
1411,1765824697879,0,0,273,0,0,0,0,0
1412,1765824698512,0,0,273,0,0,0,0,0
1413,1765824698745,0,0,273,0,0,0,0,0
1414,1765824698945,0,0,273,0,0,0,0,0
1415,1765824699178,0,0,273,0,0,0,0,0
1416,1765824699379,0,0,273,0,0,0,0,0
1417,1765824699812,0,0,273,0,0,0,0,0
1418,1765824700262,0,0,274,0,0,0,0,0
1419,1765824700679,0,0,274,0,0,0,0,0
1420,1765824700912,0,0,274,0,0,0,0,0
1421,1765824701129,0,0,274,0,0,0,0,0
1422,1765824701379,0,0,274,0,0,0,0,0
1423,1765824701578,0,0,274,0,0,0,0,0
1424,1765824702045,0,0,274,0,0,0,0,0
1425,1765824702162,0,0,277,0,0,0,0,0
