index,date,ERROR_ID,STACK_ERROR_UNDER,CELL_ERROR_UNDER,MIN_CELL_VOLTAGE,5,6,7,8
0,1765223565612,0,4,3,2.87,0,0,0,0
1,1765223565813,0,4,3,3.02,0,0,0,0
2,1765223570677,0,4,3,3.22,0,0,0,0
3,1765223575644,0,4,3,2.7,0,0,0,0
4,1765223575844,0,4,3,2.91,0,0,0,0
5,1765223577328,0,4,3,3.01,0,0,0,0
6,1765223579093,0,4,3,3.1,0,0,0,0
7,1765223585643,0,4,3,3.22,0,0,0,0
8,1765223594111,0,2,3,3.25,0,0,0,0
9,1765223595727,0,2,4,3.23,0,0,0,0
10,1765223599361,0,2,4,3.26,0,0,0,0
11,1765223604443,0,4,3,2.89,0,0,0,0
12,1765223604560,0,4,3,2.9,0,0,0,0
13,1765223609443,0,4,3,2.88,0,0,0,0
14,1765223609594,0,4,3,2.87,0,0,0,0
15,1765223612910,0,2,4,3.25,0,0,0,0
16,1765223614492,0,2,4,3.26,0,0,0,0
17,1765223614643,0,2,4,3.26,0,0,0,0
18,1765223621226,0,2,4,3.26,0,0,0,0
19,1765223624693,0,2,4,3.26,0,0,0,0
20,1765223626344,0,2,4,3.27,0,0,0,0
21,1765223626511,0,2,4,3.27,0,0,0,0
22,1765223629960,0,2,4,3.27,0,0,0,0
23,1765224049654,0,4,3,3.28,0,0,0,0
24,1765224055154,0,4,1,3.29,0,0,0,0
25,1765224058804,0,4,1,3.29,0,0,0,0
26,1765224058970,0,4,1,3.29,0,0,0,0
27,1765224060871,0,4,1,3.29,0,0,0,0
28,1765224062453,0,4,1,3.29,0,0,0,0
29,1765224064437,0,4,1,3.29,0,0,0,0
30,1765224065971,0,4,1,3.29,0,0,0,0
31,1765224067787,0,4,1,3.29,0,0,0,0
32,1765224069487,0,4,1,3.29,0,0,0,0
33,1765224072786,0,4,3,2.15,0,0,0,0
34,1765224072820,2,4,3,2.15,0,0,0,0
35,1765224074604,2,2,1,3.27,0,0,0,0
36,1765224076121,2,2,1,3.27,0,0,0,0
37,1765224076170,2,2,1,3.27,0,0,0,0
38,1765224076337,2,2,1,3.27,0,0,0,0
39,1765224077902,2,2,1,3.28,0,0,0,0
40,1765224079687,2,2,1,3.28,0,0,0,0
41,1765224081424,2,2,1,3.28,0,0,0,0
42,1765224083021,2,2,1,3.28,0,0,0,0
43,1765224083137,2,2,1,3.28,0,0,0,0
44,1765224083204,2,2,1,3.28,0,0,0,0
45,1765224084803,2,2,1,3.28,0,0,0,0
46,1765224084936,2,2,1,3.28,0,0,0,0
47,1765224086637,2,4,1,3.28,0,0,0,0
48,1765224086821,2,4,1,3.28,0,0,0,0
49,1765224088386,2,4,1,3.28,0,0,0,0
50,1765224088420,2,4,1,3.28,0,0,0,0
51,1765224088605,2,4,1,3.28,0,0,0,0
52,1765224090318,2,4,1,3.28,0,0,0,0
53,1765224090487,2,4,1,3.28,0,0,0,0
54,1765224092052,2,4,1,3.28,0,0,0,0
55,1765224092120,2,4,1,3.28,0,0,0,0
56,1765224092303,2,4,1,3.28,0,0,0,0
57,1765224093972,2,4,1,3.28,0,0,0,0
58,1765224094120,2,4,1,3.28,0,0,0,0
59,1765224095721,2,4,1,3.28,0,0,0,0
60,1765224095787,2,4,1,3.28,0,0,0,0
61,1765224095987,2,4,1,3.28,0,0,0,0
62,1765224097503,2,4,1,3.28,0,0,0,0
63,1765224097519,2,4,1,3.28,0,0,0,0
64,1765224099253,2,4,1,3.28,0,0,0,0
65,1765224099303,2,4,1,3.28,0,0,0,0
66,1765224100802,2,4,1,3.28,0,0,0,0
67,1765224101003,2,4,1,3.28,0,0,0,0
68,1765224102603,2,4,1,3.28,0,0,0,0
69,1765224102654,2,4,1,3.28,0,0,0,0
70,1765224102787,2,4,1,3.28,0,0,0,0
71,1765224102836,2,4,1,3.28,0,0,0,0
72,1765224104321,2,4,1,3.28,0,0,0,0
73,1765224104386,2,4,1,3.28,0,0,0,0
74,1765224104571,2,4,1,3.28,0,0,0,0
75,1765224106170,2,4,1,3.28,0,0,0,0
76,1765224107854,2,4,1,3.28,0,0,0,0
77,1765224107920,2,4,1,3.28,0,0,0,0
78,1765224109652,2,4,1,3.28,0,0,0,0
79,1765224109670,2,4,1,3.28,0,0,0,0
80,1765224111235,2,4,1,3.28,0,0,0,0
81,1765224111401,2,4,1,3.28,0,0,0,0
82,1765224156420,0,4,1,3.29,0,0,0,0
83,1765224158052,0,4,1,3.29,0,0,0,0
84,1765224158202,0,4,1,3.29,0,0,0,0
85,1765224159769,0,4,1,3.29,0,0,0,0
86,1765224163652,0,4,1,3.29,0,0,0,0
87,1765224165469,0,4,1,3.29,0,0,0,0
88,1765224169185,0,4,1,3.29,0,0,0,0
89,1765224172519,0,4,1,3.29,0,0,0,0
90,1765224174304,0,4,1,3.29,0,0,0,0
91,1765224177786,0,4,1,3.29,0,0,0,0
92,1765224179402,0,4,1,3.29,0,0,0,0
93,1765224182686,0,4,1,3.29,0,0,0,0
94,1765224184436,0,4,1,3.29,0,0,0,0
95,1765224194506,0,4,3,3.16,0,0,0,0
96,1765224196268,0,4,3,3.06,0,0,0,0
97,1765224196452,0,4,3,3.12,0,0,0,0
98,1765224198285,0,2,1,3.28,0,0,0,0
99,1765224199885,0,4,3,3.2,0,0,0,0
100,1765224201668,0,4,3,2.88,0,0,0,0
101,1765224203467,0,4,3,3.1,0,0,0,0
102,1765224206919,0,2,1,3.27,0,0,0,0
103,1765224213519,0,2,1,3.27,0,0,0,0
104,1765224215285,0,4,3,3.13,0,0,0,0
105,1765224216835,0,4,3,3.13,0,0,0,0
106,1765224217019,0,4,3,3.13,0,0,0,0
107,1765224220286,0,4,3,3.13,0,0,0,0
108,1765224235802,0,4,3,3.23,0,0,0,0
109,1765224237618,0,4,3,3.21,0,0,0,0
110,1765224240934,0,4,3,3.17,0,0,0,0
111,1765224244385,0,4,3,3.17,0,0,0,0
112,1765224247652,0,4,3,3.2,0,0,0,0
113,1765224251002,0,2,1,3.27,0,0,0,0
114,1765224251152,0,2,1,3.27,0,0,0,0
115,1765224253002,0,2,1,3.27,0,0,0,0
116,1765224254533,0,2,1,3.27,0,0,0,0
117,1765224258068,0,2,1,3.27,0,0,0,0
118,1765224259702,0,2,1,3.27,0,0,0,0
119,1765224265251,0,2,1,3.27,0,0,0,0
120,1765224268751,0,2,1,3.27,0,0,0,0
121,1765224268935,0,4,3,3.25,0,0,0,0
122,1765224270485,0,4,3,3.2,0,0,0,0
123,1765224272318,0,4,3,3.2,0,0,0,0
124,1765224275801,0,2,1,3.27,0,0,0,0
125,1765224282435,0,2,1,3.28,0,0,0,0
126,1765224290938,0,2,1,3.28,0,0,0,0
127,1765224292881,0,2,1,3.28,0,0,0,0
128,1765224303184,0,2,1,3.28,0,0,0,0
129,1765224310167,0,2,1,3.28,0,0,0,0
130,1765224316918,0,2,1,3.28,0,0,0,0
131,1765224318534,0,2,1,3.28,0,0,0,0
132,1765224320099,0,2,1,3.28,0,0,0,0
133,1765224321168,0,2,1,3.28,0,0,0,0
134,1765224323084,0,2,1,3.28,0,0,0,0
135,1765224323268,0,2,1,3.28,0,0,0,0
136,1765224335151,0,4,1,3.28,0,0,0,0
137,1765224340617,0,2,1,3.28,0,0,0,0
138,1765224341232,0,2,1,3.28,0,0,0,0
139,1765224341984,0,2,1,3.28,0,0,0,0
140,1765224343217,0,2,1,3.28,0,0,0,0
141,1765224343834,0,2,1,3.28,0,0,0,0
142,1765224344451,0,2,1,3.28,0,0,0,0
143,1765224345818,0,2,1,3.28,0,0,0,0
144,1765224346450,0,4,1,3.28,0,0,0,0
145,1765224352817,0,4,1,3.28,0,0,0,0
146,1765224353450,0,2,1,3.28,0,0,0,0
147,1765224354050,0,4,1,3.28,0,0,0,0
148,1765224356034,0,4,1,3.28,0,0,0,0
149,1765224356650,0,2,1,3.28,0,0,0,0
150,1765224359266,0,2,1,3.28,0,0,0,0
151,1765224362466,0,4,1,3.28,0,0,0,0
152,1765224363085,0,2,1,3.28,0,0,0,0
153,1765224364918,0,2,1,3.28,0,0,0,0
154,1765224365684,0,4,1,3.28,0,0,0,0
155,1765224366301,0,2,1,3.28,0,0,0,0
156,1765224370751,0,2,1,3.28,0,0,0,0
157,1765224371335,0,4,1,3.28,0,0,0,0
158,1765224371518,0,2,1,3.28,0,0,0,0
159,1765224372134,0,2,1,3.28,0,0,0,0
160,1765224378884,0,4,1,3.28,0,0,0,0
161,1765224389051,0,2,1,3.28,0,0,0,0
162,1765224404483,0,4,3,3.16,0,0,0,0
163,1765224404633,0,4,3,3.2,0,0,0,0
164,1765224413183,0,10,161,3.25,0,0,0,0
165,1765224413333,0,2,1,3.25,0,0,0,0
166,1765224414933,0,2,1,3.25,0,0,0,0
167,1765224415134,0,2,1,3.26,0,0,0,0
168,1765224416700,0,2,1,3.26,0,0,0,0
169,1765224418483,0,2,1,3.26,0,0,0,0
170,1765224425250,0,2,3,3.19,0,0,0,0
171,1765224442234,0,2,1,3.27,0,0,0,0
172,1765224449166,0,2,3,3.25,0,0,0,0
173,1765224449349,0,2,3,3.25,0,0,0,0
174,1765224454150,0,4,3,2.99,0,0,0,0
175,1765224456298,2,4,3,2.08,0,0,0,0
176,1765224457466,2,1,3,3.25,0,0,0,0
177,1765224457686,2,2,1,3.25,0,0,0,0
178,1765224459234,2,2,1,3.26,0,0,0,0
179,1765224459414,2,2,1,3.26,0,0,0,0
180,1765224460931,2,2,1,3.26,0,0,0,0
181,1765224462483,2,2,1,3.26,0,0,0,0
182,1765224462666,2,2,1,3.26,0,0,0,0
183,1765224462716,2,2,1,3.26,0,0,0,0
184,1765224464182,2,2,1,3.26,0,0,0,0
185,1765224464233,2,2,1,3.26,0,0,0,0
186,1765224464385,2,2,1,3.27,0,0,0,0
187,1765224466015,2,2,1,3.27,0,0,0,0
188,1765224467700,2,2,1,3.27,0,0,0,0
189,1765224469333,2,2,1,3.27,0,0,0,0
190,1765224469482,2,2,1,3.27,0,0,0,0
191,1765224471014,2,2,1,3.27,0,0,0,0
192,1765224471081,2,2,1,3.27,0,0,0,0
193,1765224471266,2,2,1,3.27,0,0,0,0
194,1765224472901,2,2,1,3.27,0,0,0,0
195,1765224473049,2,2,1,3.27,0,0,0,0
196,1765224474732,2,2,1,3.27,0,0,0,0
197,1765224474932,2,2,1,3.27,0,0,0,0
198,1765224478315,0,2,1,3.27,0,0,0,0
199,1765224480082,0,2,1,3.27,0,0,0,0
200,1765224484950,0,4,1,3.27,0,0,0,0
201,1765224485132,0,2,1,3.27,0,0,0,0
202,1765224490065,0,4,1,3.28,0,0,0,0
203,1765224491666,0,2,1,3.28,0,0,0,0
204,1765224501564,0,4,1,3.28,0,0,0,0
205,1765224506599,0,4,1,3.28,0,0,0,0
206,1765224513731,0,4,1,3.28,0,0,0,0
207,1765224515282,0,4,1,3.28,0,0,0,0
208,1765224517082,0,4,1,3.28,0,0,0,0
209,1765224518748,0,4,1,3.28,0,0,0,0
210,1765224525248,0,4,1,3.28,0,0,0,0
211,1765224531782,0,4,1,3.28,0,0,0,0
212,1765224536714,0,4,1,3.28,0,0,0,0
213,1765224541849,0,4,1,3.28,0,0,0,0
214,1765224545416,0,4,1,3.28,0,0,0,0
215,1765224552215,0,4,1,3.28,0,0,0,0
216,1765224560497,0,4,1,3.28,0,0,0,0
217,1765224634648,0,4,1,3.28,0,0,0,0
218,1765224638331,0,4,1,3.28,0,0,0,0
219,1765224640163,0,4,1,3.28,0,0,0,0
220,1765224645698,0,4,1,3.28,0,0,0,0
221,1765224650682,0,4,3,3.22,0,0,0,0
222,1765224657213,0,4,3,2.5,0,0,0,0
223,1765224660680,0,2,3,2.66,0,0,0,0
224,1765224662363,0,1,3,3.25,0,0,0,0
225,1765224664163,0,2,1,3.26,0,0,0,0
226,1765224670847,0,4,3,3.18,0,0,0,0
227,1765224674463,0,2,1,3.27,0,0,0,0
228,1765224674632,0,2,1,3.27,0,0,0,0
229,1765224676379,0,2,1,3.27,0,0,0,0
230,1765224685162,0,2,1,3.27,0,0,0,0
231,1765224691813,0,4,3,3.01,0,0,0,0
232,1765224692038,0,4,3,2.94,0,0,0,0
233,1765224696829,2,1,3,2.31,0,0,0,0
234,1765224696978,2,1,3,3.23,0,0,0,0
235,1765224698596,2,1,3,3.24,0,0,0,0
236,1765224700329,2,1,3,3.25,0,0,0,0
237,1765224702129,2,1,3,3.26,0,0,0,0
238,1765224702164,2,1,3,3.26,0,0,0,0
239,1765224703678,2,2,1,3.26,0,0,0,0
240,1765224703930,2,2,1,3.26,0,0,0,0
241,1765224705745,2,2,1,3.26,0,0,0,0
242,1765224707596,2,2,1,3.26,0,0,0,0
243,1765224709396,2,2,1,3.27,0,0,0,0
244,1765224711296,2,2,1,3.27,0,0,0,0
245,1765224713112,2,2,1,3.27,0,0,0,0
246,1765224718744,0,2,1,3.27,0,0,0,0
247,1765224720545,0,2,1,3.27,0,0,0,0
248,1765224722129,0,2,1,3.27,0,0,0,0
249,1765224725662,0,2,1,3.27,0,0,0,0
250,1765224730814,0,2,1,3.27,0,0,0,0
251,1765224730930,0,2,1,3.27,0,0,0,0
252,1765224736112,0,2,1,3.28,0,0,0,0
253,1765224741263,0,2,1,3.28,0,0,0,0
254,1765224757670,0,4,1,3.28,0,0,0,0
255,1765224759044,0,2,1,3.28,0,0,0,0
256,1765224759214,0,4,1,3.28,0,0,0,0
257,1765224769113,0,4,1,3.28,0,0,0,0
258,1765224769330,0,4,1,3.28,0,0,0,0
259,1765224773812,0,4,1,3.28,0,0,0,0
260,1765224780463,0,4,1,3.28,0,0,0,0
261,1765224888977,0,4,1,3.28,0,0,0,0
262,1765224896411,0,4,1,3.28,0,0,0,0
263,1765224899095,0,4,1,3.28,0,0,0,0
264,1765224900479,0,4,1,3.28,0,0,0,0
265,1765224901710,0,4,1,3.28,0,0,0,0
266,1765224903095,0,4,1,3.28,0,0,0,0
267,1765224909298,0,4,1,3.28,0,0,0,0
268,1765224910278,0,4,1,3.28,0,0,0,0
269,1765224912311,0,4,1,3.28,0,0,0,0
270,1765224914078,0,4,1,3.28,0,0,0,0
271,1765224914695,0,4,1,3.28,0,0,0,0
272,1765224919377,0,4,1,3.28,0,0,0,0
273,1765224920047,0,4,1,3.28,0,0,0,0
274,1765224923807,0,4,1,3.28,0,0,0,0
275,1765224925528,0,4,1,3.28,0,0,0,0
276,1765224927278,0,4,1,3.28,0,0,0,0
277,1765224932327,0,4,1,3.28,0,0,0,0
278,1765224934111,0,4,1,3.28,0,0,0,0
279,1765224935644,0,4,1,3.28,0,0,0,0
280,1765224935860,0,4,1,3.28,0,0,0,0
281,1765224973045,0,4,3,3.28,0,0,0,0
282,1765224974544,0,4,1,3.28,0,0,0,0
283,1765224974743,0,4,1,3.28,0,0,0,0
284,1765224987174,0,4,1,3.28,0,0,0,0
285,1765224992394,0,4,1,3.28,0,0,0,0
286,1765224992546,0,4,1,3.28,0,0,0,0
287,1765224995892,0,4,1,3.28,0,0,0,0
288,1765224997849,0,4,1,3.28,0,0,0,0
289,1765225000993,0,4,1,3.28,0,0,0,0
290,1765225007726,0,4,1,3.28,0,0,0,0
291,1765225011210,0,4,1,3.28,0,0,0,0
292,1765225020124,0,4,1,3.28,0,0,0,0
293,1765225021909,0,4,1,3.28,0,0,0,0
294,1765225023843,0,4,1,3.28,0,0,0,0
295,1765225027425,0,4,1,3.28,0,0,0,0
296,1765225029144,0,4,1,3.28,0,0,0,0
297,1765225032744,0,4,1,3.28,0,0,0,0
298,1765225042896,0,4,1,3.28,0,0,0,0
299,1765225055144,0,2,3,3.1,0,0,0,0
300,1765225060360,2,1,3,3.24,0,0,0,0
301,1765225060541,2,1,3,3.25,0,0,0,0
302,1765225062044,2,1,3,3.26,0,0,0,0
303,1765225062076,2,1,3,3.26,0,0,0,0
304,1765225063859,2,2,1,3.26,0,0,0,0
305,1765225065424,2,2,1,3.27,0,0,0,0
306,1765225065592,2,2,1,3.27,0,0,0,0
307,1765225067176,2,2,1,3.27,0,0,0,0
308,1765225067225,2,2,1,3.27,0,0,0,0
309,1765225067391,2,2,1,3.27,0,0,0,0
310,1765225068956,2,2,1,3.27,0,0,0,0
311,1765225070724,2,2,1,3.27,0,0,0,0
312,1765225070740,2,2,1,3.27,0,0,0,0
313,1765225072476,2,2,1,3.27,0,0,0,0
314,1765225074042,2,2,1,3.27,0,0,0,0
315,1765225074091,2,2,1,3.27,0,0,0,0
316,1765225074419,2,2,1,3.27,0,0,0,0
317,1765225075792,2,2,1,3.27,0,0,0,0
318,1765225075875,2,2,1,3.27,0,0,0,0
319,1765225076009,2,2,1,3.27,0,0,0,0
320,1765225076058,2,2,1,3.27,0,0,0,0
321,1765225077590,2,2,1,3.27,0,0,0,0
322,1765225077625,2,2,1,3.27,0,0,0,0
323,1765225079357,2,2,1,3.27,0,0,0,0
324,1765225079442,2,2,1,3.27,0,0,0,0
325,1765225081126,2,2,1,3.27,0,0,0,0
326,1765225082757,2,2,1,3.28,0,0,0,0
327,1765225082924,2,2,1,3.28,0,0,0,0
328,1765225084458,2,2,1,3.28,0,0,0,0
329,1765225084524,2,2,1,3.28,0,0,0,0
330,1765225084709,2,2,1,3.28,0,0,0,0
331,1765225084741,2,2,1,3.28,0,0,0,0
332,1765225092692,0,4,1,3.28,0,0,0,0
333,1765225099610,0,4,1,3.28,0,0,0,0
334,1765225099775,0,4,1,3.28,0,0,0,0
335,1765225101459,0,4,1,3.28,0,0,0,0
336,1765225101657,0,4,1,3.28,0,0,0,0
337,1765225103459,0,4,1,3.28,0,0,0,0
338,1765225134324,0,4,1,3.28,0,0,0,0
339,1765225136142,0,4,1,3.28,0,0,0,0
340,1765225139890,0,4,1,3.28,0,0,0,0
341,1765225143708,0,4,1,3.28,0,0,0,0
342,1765225145040,0,4,1,3.28,0,0,0,0
343,1765225149206,0,4,1,3.28,0,0,0,0
344,1765225150841,0,4,1,3.28,0,0,0,0
345,1765225252522,0,4,1,3.28,0,0,0,0
346,1765225263222,0,4,1,3.28,0,0,0,0
347,1765225263390,0,4,1,3.28,0,0,0,0
348,1765225266721,0,4,1,3.28,0,0,0,0
349,1765225273539,0,2,3,3.23,0,0,0,0
350,1765225280303,0,2,3,3.24,0,0,0,0
351,1765225280304,0,2,3,3.23,0,0,0,0
352,1765225285106,0,4,1,3.28,0,0,0,0
353,1765225288655,0,2,3,3.27,0,0,0,0
354,1765225297422,0,2,1,3.28,0,0,0,0
355,1765225297570,0,4,1,3.28,0,0,0,0
356,1765225299406,0,4,1,3.28,0,0,0,0
357,1765225309338,0,4,1,3.28,0,0,0,0
358,1765225309489,0,4,1,3.28,0,0,0,0
359,1765225311273,0,2,3,3.25,0,0,0,0
360,1765225314607,0,2,3,3.14,0,0,0,0
361,1765225321405,0,2,3,3.17,0,0,0,0
362,1765225331905,0,2,3,3.06,0,0,0,0
363,1765225340288,0,2,3,3.27,0,0,0,0
364,1765225343737,0,2,1,3.27,0,0,0,0
365,1765225345321,0,2,3,3.27,0,0,0,0
366,1765225347090,0,2,3,2.76,0,0,0,0
367,1765225350354,0,2,3,2.93,0,0,0,0
368,1765225352104,0,2,3,3.06,0,0,0,0
369,1765225352305,0,2,3,2.93,0,0,0,0
370,1765225353838,0,2,3,3.12,0,0,0,0
371,1765225359254,0,2,1,3.26,0,0,0,0
372,1765225366156,0,4,3,3.02,0,0,0,0
373,1765225367940,0,4,3,2.98,0,0,0,0
374,1765225369621,0,4,3,2.96,0,0,0,0
375,1765225374454,0,4,3,2.76,0,0,0,0
376,1765225382671,0,1,3,3.24,0,0,0,0
377,1765225382854,0,1,3,3.25,0,0,0,0
378,1765225394586,0,1,3,3.25,0,0,0,0
379,1765225400089,0,4,3,3.2,0,0,0,0
380,1765225403471,0,4,3,3.22,0,0,0,0
381,1765225405072,0,1,3,3.26,0,0,0,0
382,1765225405288,0,2,1,3.26,0,0,0,0
383,1765225408504,0,4,3,3.26,0,0,0,0
384,1765225413456,0,2,3,3.12,0,0,0,0
385,1765225415221,0,2,1,3.26,0,0,0,0
386,1765225416755,0,4,3,3.23,0,0,0,0
387,1765225418320,0,2,1,3.27,0,0,0,0
388,1765225418454,0,2,1,3.27,0,0,0,0
389,1765225421771,0,2,1,3.27,0,0,0,0
390,1765225423520,0,2,1,3.27,0,0,0,0
391,1765225425138,0,2,1,3.27,0,0,0,0
392,1765225445673,0,2,1,3.27,0,0,0,0
393,1765225491437,0,2,1,3.28,0,0,0,0
394,1765225498271,0,2,1,3.28,0,0,0,0
395,1765225499837,0,2,1,3.28,0,0,0,0
396,1765225500470,0,2,1,3.28,0,0,0,0
397,1765225505071,0,2,1,3.28,0,0,0,0
398,1765225505702,0,2,1,3.28,0,0,0,0
399,1765225506170,0,2,1,3.28,0,0,0,0
400,1765225508652,0,2,1,3.28,0,0,0,0
401,1765225509384,0,2,1,3.28,0,0,0,0
402,1765225510619,0,2,1,3.28,0,0,0,0
403,1765225511253,0,2,1,3.28,0,0,0,0
404,1765225513219,0,2,1,3.28,0,0,0,0
405,1765225513854,0,2,1,3.28,0,0,0,0
406,1765225515851,0,2,1,3.28,0,0,0,0
407,1765225517085,0,4,3,3.28,0,0,0,0
408,1765225517687,0,4,3,3.28,0,0,0,0
409,1765225518302,0,2,1,3.28,0,0,0,0
410,1765225520319,0,2,1,3.28,0,0,0,0
411,1765225521080,0,2,1,3.28,0,0,0,0
412,1765225524170,0,2,1,3.28,0,0,0,0
413,1765225528189,0,2,1,3.28,0,0,0,0
414,1765225528805,0,2,1,3.28,0,0,0,0
415,1765225529422,0,2,1,3.28,0,0,0,0
416,1765225530071,0,2,1,3.28,0,0,0,0
417,1765225534104,0,2,1,3.28,0,0,0,0
418,1765225534755,0,2,1,3.28,0,0,0,0
419,1765225535972,0,2,1,3.28,0,0,0,0
420,1765225539223,0,2,1,3.28,0,0,0,0
421,1765225540023,0,2,1,3.28,0,0,0,0
422,1765225540637,0,2,1,3.28,0,0,0,0
423,1765225541272,0,2,1,3.28,0,0,0,0
424,1765225541886,0,2,1,3.28,0,0,0,0
425,1765225542520,0,2,1,3.28,0,0,0,0
426,1765225551020,0,2,1,3.28,0,0,0,0
427,1765225551835,0,2,1,3.28,0,0,0,0
428,1765225555701,0,2,1,3.28,0,0,0,0
429,1765225556319,0,2,1,3.28,0,0,0,0
430,1765225556969,0,2,1,3.28,0,0,0,0
431,1765225560202,0,2,1,3.28,0,0,0,0
432,1765225561018,0,2,1,3.28,0,0,0,0
433,1765225562886,0,2,1,3.28,0,0,0,0
434,1765225564870,0,2,1,3.28,0,0,0,0
435,1765225570168,0,2,1,3.28,0,0,0,0
436,1765225572785,0,2,1,3.28,0,0,0,0
437,1765225573435,0,2,1,3.28,0,0,0,0
438,1765225576052,0,2,1,3.28,0,0,0,0
439,1765225576719,0,2,1,3.28,0,0,0,0
440,1765225579318,0,2,1,3.28,0,0,0,0
441,1765225579988,0,2,1,3.28,0,0,0,0
442,1765225586869,0,2,1,3.28,0,0,0,0
443,1765225590401,0,2,1,3.28,0,0,0,0
444,1765225594018,0,2,1,3.28,0,0,0,0
445,1765225595886,0,2,1,3.28,0,0,0,0
446,1765225599601,0,4,1,3.28,0,0,0,0
447,1765225602967,0,2,1,3.28,0,0,0,0
448,1765225608217,0,4,1,3.28,0,0,0,0
449,1765225613250,2,2,3,2.18,0,0,0,0
450,1765225614869,2,2,1,3.26,0,0,0,0
451,1765225615018,2,2,1,3.27,0,0,0,0
452,1765225615034,2,2,1,3.27,0,0,0,0
453,1765225616600,2,2,1,3.27,0,0,0,0
454,1765225616769,2,2,1,3.27,0,0,0,0
455,1765225618318,2,2,1,3.27,0,0,0,0
456,1765225620135,2,2,1,3.27,0,0,0,0
457,1765225621699,2,2,1,3.27,0,0,0,0
458,1765225621832,2,2,1,3.27,0,0,0,0
459,1765225623465,2,2,1,3.27,0,0,0,0
460,1765225623650,2,2,1,3.27,0,0,0,0
461,1765225625234,2,2,1,3.27,0,0,0,0
462,1765225627084,2,2,1,3.27,0,0,0,0
463,1765225627249,2,2,1,3.28,0,0,0,0
464,1765225628851,2,2,1,3.28,0,0,0,0
465,1765225630733,2,2,1,3.28,0,0,0,0
466,1765225630900,2,2,1,3.28,0,0,0,0
467,1765225632551,2,2,1,3.28,0,0,0,0
468,1765225632782,2,2,1,3.28,0,0,0,0
469,1765225634383,2,2,1,3.28,0,0,0,0
470,1765225634383,2,2,1,3.28,0,0,0,0
471,1765225634550,2,2,1,3.28,0,0,0,0
472,1765225636166,2,2,1,3.28,0,0,0,0
473,1765225637868,2,2,1,3.28,0,0,0,0
474,1765225639434,2,2,1,3.28,0,0,0,0
475,1765225639500,2,2,1,3.28,0,0,0,0
476,1765225639651,2,2,1,3.28,0,0,0,0
477,1765225641116,2,2,1,3.28,0,0,0,0
478,1765225641184,2,2,1,3.28,0,0,0,0
479,1765225642968,2,2,1,3.28,0,0,0,0
480,1765225644466,2,2,1,3.28,0,0,0,0
481,1765225644650,2,2,1,3.28,0,0,0,0
482,1765225644717,2,2,1,3.28,0,0,0,0
483,1765225646268,2,2,1,3.28,0,0,0,0
484,1765225646316,2,2,1,3.28,0,0,0,0
485,1765225646415,2,2,1,3.28,0,0,0,0
486,1765225646449,2,2,1,3.28,0,0,0,0
487,1765225648085,2,2,1,3.28,0,0,0,0
488,1765225648283,2,2,1,3.28,0,0,0,0
489,1765225649815,2,2,1,3.28,0,0,0,0
490,1765225651635,2,2,1,3.28,0,0,0,0
491,1765225653469,2,2,1,3.28,0,0,0,0
492,1765225655185,2,2,1,3.28,0,0,0,0
493,1765225656749,2,2,1,3.28,0,0,0,0
494,1765225656902,2,4,1,3.28,0,0,0,0
495,1765225658552,2,2,1,3.28,0,0,0,0
496,1765225660249,2,2,1,3.28,0,0,0,0
497,1765225660318,2,2,1,3.28,0,0,0,0
498,1765225662133,2,2,1,3.28,0,0,0,0
499,1765225664018,2,4,1,3.28,0,0,0,0
500,1765225664389,2,4,1,3.28,0,0,0,0
501,1765225665767,2,2,1,3.28,0,0,0,0
502,1765225665816,2,2,1,3.28,0,0,0,0
503,1765225666033,2,4,1,3.28,0,0,0,0
504,1765225674700,0,4,1,3.28,0,0,0,0
505,1765225676417,0,2,1,3.28,0,0,0,0
506,1765225690799,0,2,1,3.28,0,0,0,0
507,1765225694249,0,4,1,3.28,0,0,0,0
508,1765225697566,0,4,1,3.28,0,0,0,0
509,1765225702852,0,4,1,3.28,0,0,0,0
510,1765225706169,0,4,1,3.28,0,0,0,0
511,1765225714782,0,4,1,3.28,0,0,0,0
512,1765225721829,0,4,3,3.15,0,0,0,0
513,1765225723516,0,2,1,3.28,0,0,0,0
514,1765225730201,0,4,3,3.1,0,0,0,0
515,1765225736783,0,4,3,3.09,0,0,0,0
516,1765225741782,0,2,1,3.26,0,0,0,0
517,1765225748616,0,4,3,2.94,0,0,0,0
518,1765225750348,0,1,3,3.25,0,0,0,0
519,1765225755850,0,2,3,2.97,0,0,0,0
520,1765225764100,0,2,3,3.08,0,0,0,0
521,1765225765784,0,4,3,2.76,0,0,0,0
522,1765225775848,0,1,3,3.23,0,0,0,0
523,1765225779165,0,4,3,3,0,0,0,0
524,1765225780899,0,4,3,2.66,0,0,0,0
525,1765225786100,0,4,3,3.04,0,0,0,0
526,1765225787848,0,1,3,3.23,0,0,0,0
527,1765225794799,0,4,3,3.05,0,0,0,0
528,1765225798232,0,4,3,3.04,0,0,0,0
529,1765225799951,0,4,3,2.99,0,0,0,0
530,1765225804832,0,1,3,3.23,0,0,0,0
531,1765225806516,0,4,3,3.18,0,0,0,0
532,1765225813233,0,1,3,3.23,0,0,0,0
533,1765225816615,0,4,3,2.77,0,0,0,0
534,1765225827032,0,4,3,2.92,0,0,0,0
535,1765225830298,0,4,3,2.67,0,0,0,0
536,1765225833631,0,1,3,3.21,0,0,0,0
537,1765225835247,0,4,3,2.71,0,0,0,0
538,1765225840265,0,4,3,2.71,0,0,0,0
539,1765225841797,0,4,3,2.68,0,0,0,0
540,1765225845284,0,4,3,3.09,0,0,0,0
541,1765225848582,0,4,3,2.62,0,0,0,0
542,1765225852100,0,1,3,3.21,0,0,0,0
543,1765225855716,0,1,3,3.22,0,0,0,0
544,1765225857567,0,1,3,3.21,0,0,0,0
545,1765225867665,0,1,3,3.24,0,0,0,0
546,1765225870933,0,4,3,3.07,0,0,0,0
547,1765225872714,0,1,3,3.24,0,0,0,0
548,1765225876555,0,1,3,3.24,0,0,0,0
549,1765225876555,0,1,3,3.23,0,0,0,0
550,1765225880984,0,1,3,3.25,0,0,0,0
551,1765225881151,0,1,3,3.25,0,0,0,0
552,1765225882801,0,1,3,3.25,0,0,0,0
553,1765225887215,0,1,3,3.25,0,0,0,0
554,1765225889015,0,1,3,3.25,0,0,0,0
555,1765225892281,0,1,3,3.26,0,0,0,0
556,1765225911830,0,1,3,3.26,0,0,0,0
557,1765225915148,0,1,3,3.26,0,0,0,0
558,1765225921747,0,1,3,3.27,0,0,0,0
559,1765225923313,0,1,3,3.27,0,0,0,0
560,1765225926981,0,1,3,3.27,0,0,0,0
561,1765225930547,0,1,3,3.27,0,0,0,0
562,1765225931099,0,1,3,3.27,0,0,0,0
563,1765225934296,0,1,3,3.27,0,0,0,0
564,1765225934913,0,1,3,3.27,0,0,0,0
565,1765225936733,0,1,3,3.27,0,0,0,0
566,1765225937364,0,1,3,3.27,0,0,0,0
567,1765225939933,0,1,3,3.27,0,0,0,0
568,1765225940551,0,1,3,3.27,0,0,0,0
569,1765225942249,0,1,3,3.27,0,0,0,0
570,1765225942518,0,1,3,3.27,0,0,0,0
571,1765225943135,0,1,3,3.27,0,0,0,0
572,1765225943751,0,1,3,3.27,0,0,0,0
573,1765225945133,0,1,3,3.27,0,0,0,0
574,1765225947867,0,1,3,3.27,0,0,0,0
575,1765225951567,0,1,3,3.27,0,0,0,0
576,1765225951747,0,1,3,3.27,0,0,0,0
577,1765225953365,0,1,3,3.27,0,0,0,0
578,1765225958479,0,1,3,3.27,0,0,0,0
579,1765225961947,0,2,1,3.27,0,0,0,0
580,1765225963748,0,1,3,3.28,0,0,0,0
581,1765225970328,0,2,1,3.28,0,0,0,0
582,1765225970497,0,2,1,3.28,0,0,0,0
583,1765225972046,0,2,1,3.28,0,0,0,0
584,1765225973798,0,2,1,3.28,0,0,0,0
585,1765225975580,0,2,1,3.28,0,0,0,0
586,1765225978999,0,2,1,3.28,0,0,0,0
587,1765225979179,0,2,1,3.28,0,0,0,0
588,1765225980795,0,2,1,3.28,0,0,0,0
589,1765225986429,0,2,1,3.28,0,0,0,0
590,1765225988062,0,2,1,3.28,0,0,0,0
591,1765225998195,0,2,1,3.28,0,0,0,0
592,1765225998330,0,2,1,3.28,0,0,0,0
593,1765225999912,0,2,1,3.28,0,0,0,0
594,1765226001664,0,2,1,3.28,0,0,0,0
595,1765226003446,0,2,1,3.28,0,0,0,0
596,1765226004979,0,2,1,3.28,0,0,0,0
597,1765226008429,0,2,1,3.28,0,0,0,0
598,1765226015518,0,2,1,3.28,0,0,0,0
599,1765226017334,0,2,1,3.28,0,0,0,0
600,1765226017502,0,2,1,3.28,0,0,0,0
601,1765226019595,0,2,1,3.28,0,0,0,0
602,1765226021117,0,2,1,3.28,0,0,0,0
603,1765226027979,0,4,3,3.23,0,0,0,0
604,1765226031244,0,2,3,2.17,0,0,0,0
605,1765226032796,2,1,3,3.24,0,0,0,0
606,1765226032830,2,1,3,3.24,0,0,0,0
607,1765226032996,2,1,3,3.24,0,0,0,0
608,1765226034632,2,1,3,3.25,0,0,0,0
609,1765226034795,2,1,3,3.25,0,0,0,0
610,1765226036330,2,1,3,3.26,0,0,0,0
611,1765226038078,2,1,4,3.26,0,0,0,0
612,1765226038096,2,1,4,3.26,0,0,0,0
613,1765226039628,2,1,4,3.26,0,0,0,0
614,1765226039828,2,1,4,3.26,0,0,0,0
615,1765226041380,2,1,4,3.27,0,0,0,0
616,1765226041412,2,1,4,3.27,0,0,0,0
617,1765226043126,2,1,4,3.27,0,0,0,0
618,1765226043160,2,1,4,3.27,0,0,0,0
619,1765226044944,2,1,4,3.27,0,0,0,0
620,1765226046744,2,1,4,3.27,0,0,0,0
621,1765226046796,2,1,4,3.27,0,0,0,0
622,1765226048595,2,1,4,3.27,0,0,0,0
623,1765226050228,2,1,4,3.27,0,0,0,0
624,1765226050478,2,1,4,3.27,0,0,0,0
625,1765226052280,2,1,4,3.27,0,0,0,0
626,1765226054096,2,1,4,3.27,0,0,0,0
627,1765226055679,2,1,4,3.27,0,0,0,0
628,1765226055843,2,1,4,3.27,0,0,0,0
629,1765226057343,2,1,4,3.27,0,0,0,0
630,1765226057393,2,1,4,3.27,0,0,0,0
631,1765226059177,2,1,4,3.27,0,0,0,0
632,1765226060678,2,1,4,3.27,0,0,0,0
633,1765226060827,2,1,4,3.27,0,0,0,0
634,1765226060861,2,1,4,3.27,0,0,0,0
635,1765226062699,2,1,4,3.27,0,0,0,0
636,1765226062699,2,1,4,3.27,0,0,0,0
637,1765226062702,2,1,4,3.27,0,0,0,0
638,1765226062702,2,1,4,3.27,0,0,0,0
639,1765226064129,2,1,4,3.27,0,0,0,0
640,1765226064179,2,1,4,3.27,0,0,0,0
641,1765226065994,2,1,4,3.27,0,0,0,0
642,1765226067480,2,1,4,3.27,0,0,0,0
643,1765226067545,2,1,4,3.27,0,0,0,0
644,1765226067662,2,1,4,3.27,0,0,0,0
645,1765226067713,2,1,4,3.27,0,0,0,0
646,1765226069329,2,1,4,3.27,0,0,0,0
647,1765226069362,2,1,4,3.27,0,0,0,0
648,1765226069462,2,1,4,3.27,0,0,0,0
649,1765226069495,2,1,4,3.27,0,0,0,0
650,1765226071045,2,1,4,3.27,0,0,0,0
651,1765226071097,2,1,4,3.27,0,0,0,0
652,1765226071296,2,1,4,3.27,0,0,0,0
653,1765226072880,2,1,4,3.27,0,0,0,0
654,1765226074663,2,1,4,3.27,0,0,0,0
655,1765226076163,2,1,4,3.28,0,0,0,0
656,1765226076197,2,1,4,3.28,0,0,0,0
657,1765226076312,2,1,4,3.28,0,0,0,0
658,1765226076364,2,1,4,3.28,0,0,0,0
659,1765226078029,2,1,4,3.28,0,0,0,0
660,1765226078212,2,1,4,3.28,0,0,0,0
661,1765226079748,2,1,4,3.28,0,0,0,0
662,1765226079782,2,1,4,3.28,0,0,0,0
663,1765226079962,2,1,4,3.28,0,0,0,0
664,1765226081613,2,1,4,3.28,0,0,0,0
665,1765226081763,2,1,4,3.28,0,0,0,0
666,1765226083397,2,1,4,3.28,0,0,0,0
667,1765226083596,2,2,1,3.28,0,0,0,0
668,1765226085213,2,2,1,3.28,0,0,0,0
669,1765226087062,2,2,1,3.28,0,0,0,0
670,1765226087246,2,2,1,3.28,0,0,0,0
671,1765226088846,2,2,1,3.28,0,0,0,0
672,1765226090629,2,2,1,3.28,0,0,0,0
673,1765226092113,2,2,1,3.28,0,0,0,0
674,1765226092180,2,2,1,3.28,0,0,0,0
675,1765226092281,2,2,1,3.28,0,0,0,0
676,1765226092345,2,2,1,3.28,0,0,0,0
677,1765226093979,2,2,1,3.28,0,0,0,0
678,1765226094080,2,2,1,3.28,0,0,0,0
679,1765226094112,2,2,1,3.28,0,0,0,0
680,1765226095612,2,2,1,3.28,0,0,0,0
681,1765226095696,2,2,1,3.28,0,0,0,0
682,1765226097429,2,2,1,3.28,0,0,0,0
683,1765226097446,2,2,1,3.28,0,0,0,0
684,1765226099045,2,2,1,3.28,0,0,0,0
685,1765226099229,2,2,1,3.28,0,0,0,0
686,1765226100779,2,2,1,3.28,0,0,0,0
687,1765226106044,0,2,1,3.28,0,0,0,0
688,1765226125846,0,2,1,3.28,0,0,0,0
689,1765226130713,0,4,3,3.26,0,0,0,0
690,1765226130861,0,4,3,3.26,0,0,0,0
691,1765226137461,0,4,3,3.18,0,0,0,0
692,1765226140912,0,4,3,3.1,0,0,0,0
693,1765226144248,0,2,1,3.27,0,0,0,0
694,1765226145962,0,4,3,3.27,0,0,0,0
695,1765226149327,0,4,3,2.94,0,0,0,0
696,1765226151419,0,4,3,2.96,0,0,0,0
697,1765226161561,0,4,3,3.04,0,0,0,0
698,1765226163330,0,4,3,3.03,0,0,0,0
699,1765226166645,0,4,3,3.04,0,0,0,0
700,1765226168294,0,4,3,3.03,0,0,0,0
701,1765226178210,0,4,3,2.74,0,0,0,0
702,1765226178378,0,4,3,2.73,0,0,0,0
703,1765226187129,0,1,3,3.24,0,0,0,0
704,1765226190529,0,1,3,3.24,0,0,0,0
705,1765226192243,0,4,3,2.69,0,0,0,0
706,1765226197243,0,1,3,3.24,0,0,0,0
707,1765226198978,0,1,3,3.24,0,0,0,0
708,1765226200761,0,4,3,2.98,0,0,0,0
709,1765226202293,0,4,3,2.83,0,0,0,0
710,1765226212378,0,1,3,3.24,0,0,0,0
711,1765226224761,0,4,3,2.94,0,0,0,0
712,1765226224978,0,4,3,2.75,0,0,0,0
713,1765226228261,0,4,3,2.94,0,0,0,0
714,1765226229861,0,4,3,2.75,0,0,0,0
715,1765226236413,0,4,3,2.91,0,0,0,0
716,1765226238143,0,1,3,3.22,0,0,0,0
717,1765226239677,0,4,3,2.6,0,0,0,0
718,1765226241426,0,4,3,2.63,0,0,0,0
719,1765226244710,0,4,3,3.06,0,0,0,0
720,1765226248126,0,1,3,3.22,0,0,0,0
721,1765226255193,0,1,3,3.24,0,0,0,0
722,1765226258858,0,1,3,3.24,0,0,0,0
723,1765226259091,0,1,3,3.24,0,0,0,0
724,1765226263863,0,4,3,3.09,0,0,0,0
725,1765226265609,0,4,3,3.12,0,0,0,0
726,1765226268927,0,1,3,3.25,0,0,0,0
727,1765226269110,0,1,3,3.25,0,0,0,0
728,1765226274160,0,1,3,3.25,0,0,0,0
729,1765226282641,0,1,3,3.25,0,0,0,0
730,1765226284292,0,1,3,3.26,0,0,0,0
731,1765226291345,0,1,3,3.26,0,0,0,0
732,1765226291526,0,1,3,3.26,0,0,0,0
733,1765226293588,0,1,3,3.26,0,0,0,0
734,1765226300175,0,1,3,3.26,0,0,0,0
735,1765226305261,0,1,3,3.26,0,0,0,0
736,1765226313608,0,1,3,3.26,0,0,0,0
737,1765226322377,0,1,3,3.27,0,0,0,0
738,1765226334094,0,1,3,3.27,0,0,0,0
739,1765226335760,0,1,3,3.27,0,0,0,0
740,1765226339193,0,1,3,3.27,0,0,0,0
741,1765226341010,0,1,3,3.27,0,0,0,0
742,1765226341231,0,1,3,3.27,0,0,0,0
743,1765226342832,0,1,3,3.27,0,0,0,0
744,1765226346520,0,1,4,3.27,0,0,0,0
745,1765226346744,0,1,4,3.27,0,0,0,0
746,1765226349110,0,1,3,3.27,0,0,0,0
747,1765226351765,0,1,3,3.27,0,0,0,0
748,1765226353148,0,1,3,3.27,0,0,0,0
749,1765226353784,0,1,4,3.27,0,0,0,0
750,1765226354522,0,1,4,3.27,0,0,0,0
751,1765226355771,0,1,4,3.27,0,0,0,0
752,1765226356991,0,1,4,3.27,0,0,0,0
753,1765226357157,0,1,4,3.27,0,0,0,0
754,1765226360093,0,1,3,3.27,0,0,0,0
755,1765226360727,0,1,4,3.27,0,0,0,0
756,1765226363326,0,1,4,3.27,0,0,0,0
757,1765226363944,0,1,3,3.27,0,0,0,0
758,1765226367175,0,1,3,3.27,0,0,0,0
759,1765226367791,0,1,4,3.27,0,0,0,0
760,1765226368441,0,1,4,3.27,0,0,0,0
761,1765226369177,0,1,4,3.27,0,0,0,0
762,1765226370424,0,1,4,3.27,0,0,0,0
763,1765226374897,0,1,4,3.27,0,0,0,0
764,1765226377775,0,1,4,3.27,0,0,0,0
765,1765226379308,0,1,4,3.27,0,0,0,0
766,1765226381148,0,1,4,3.27,0,0,0,0
