index,date,ERROR_ID,STACK,CELL,VOLTAGE,1,2,3,4
0,1768832239936,2,1,3,2.41,0,0,0,0
1,1768832240225,2,1,3,2.41,0,0,0,0
2,1768832240520,2,1,4,3.22,0,0,0,0
3,1768832240769,2,1,4,3.23,0,0,0,0
4,1768832241086,2,1,4,3.23,0,0,0,0
5,1768832241104,2,1,4,3.23,0,0,0,0
6,1768832241354,2,1,4,3.23,0,0,0,0
7,1768832241672,2,1,4,3.23,0,0,0,0
8,1768832242020,2,1,4,3.23,0,0,0,0
9,1768832242253,2,1,4,3.23,0,0,0,0
10,1768832242288,2,1,4,3.23,0,0,0,0
11,1768832242621,2,1,4,3.23,0,0,0,0
12,1768832242888,2,1,4,3.23,0,0,0,0
13,1768832243157,2,1,4,3.23,0,0,0,0
14,1768832243506,2,1,4,3.23,0,0,0,0
15,1768832243738,2,1,4,3.23,0,0,0,0
16,1768832243807,2,1,4,3.23,0,0,0,0
17,1768832244090,2,1,4,3.23,0,0,0,0
18,1768832244387,2,1,4,3.23,0,0,0,0
19,1768832244637,2,1,4,3.23,0,0,0,0
20,1768832244972,2,1,4,3.23,0,0,0,0
21,1768832245224,2,1,4,3.23,0,0,0,0
22,1768832245522,2,1,4,3.23,0,0,0,0
23,1768832245854,2,1,4,3.23,0,0,0,0
24,1768832246105,2,1,4,3.23,0,0,0,0
25,1768832246121,2,1,4,3.24,0,0,0,0
26,1768832246439,2,1,4,3.24,0,0,0,0
27,1768832246690,2,1,4,3.24,0,0,0,0
28,1768832246955,2,1,4,3.24,0,0,0,0
29,1768832247237,2,1,4,3.24,0,0,0,0
30,1768832247303,2,1,4,3.24,0,0,0,0
31,1768832247554,2,1,4,3.24,0,0,0,0
32,1768832247891,2,1,4,3.24,0,0,0,0
33,1768832248186,2,1,4,3.24,0,0,0,0
34,1768832248756,2,1,4,3.24,0,0,0,0
35,1768832249022,2,1,4,3.24,0,0,0,0
36,1768832249385,2,1,4,3.24,0,0,0,0
37,1768832249657,2,1,4,3.24,0,0,0,0
38,1768832249903,2,1,4,3.24,0,0,0,0
39,1768832250237,2,1,4,3.24,0,0,0,0
40,1768832250504,2,1,4,3.24,0,0,0,0
41,1768832250804,2,1,4,3.24,0,0,0,0
42,1768832251073,2,1,4,3.24,0,0,0,0
43,1768832251355,2,1,4,3.24,0,0,0,0
44,1768832251704,2,1,4,3.24,0,0,0,0
45,1768832251972,2,1,4,3.24,0,0,0,0
46,1768832252288,2,1,4,3.24,0,0,0,0
47,1768832252570,2,1,4,3.24,0,0,0,0
48,1768832252872,2,1,4,3.24,0,0,0,0
49,1768832253220,2,1,4,3.24,0,0,0,0
50,1768832253541,2,1,4,3.24,0,0,0,0
51,1768832253804,2,1,4,3.24,0,0,0,0
52,1768832254122,2,1,4,3.24,0,0,0,0
53,1768832254404,2,1,4,3.24,0,0,0,0
54,1768832254720,2,1,4,3.24,0,0,0,0
55,1768832255071,2,1,4,3.24,0,0,0,0
56,1768832255321,2,1,4,3.24,0,0,0,0
57,1768832255638,2,1,4,3.24,0,0,0,0
58,1768832412034,2,1,4,0.0,0,0,0,0
59,1768832412385,2,1,4,0.0,0,0,0,0
60,1768832412669,2,1,4,0.0,0,0,0,0
61,1768832412986,2,1,4,0.0,0,0,0,0
62,1768832413236,2,1,4,0.0,0,0,0,0
63,1768832413569,2,1,4,0.0,0,0,0,0
64,1768832413935,2,1,4,0.0,0,0,0,0
65,1768832414169,2,1,4,0.0,0,0,0,0
66,1768832414502,2,1,4,0.0,0,0,0,0
67,1768832414769,2,1,4,0.0,0,0,0,0
68,1768832415053,2,1,4,0.0,0,0,0,0
69,1768832415384,2,1,4,0.0,0,0,0,0
70,1768832415651,2,1,4,0.0,0,0,0,0
71,1768832416001,2,1,4,0.0,0,0,0,0
72,1768832416303,2,1,4,0.0,0,0,0,0
73,1768832416553,2,1,4,0.0,0,0,0,0
74,1768832416868,2,1,4,0.0,0,0,0,0
75,1768832417484,2,1,4,0.0,0,0,0,0
76,1768832417784,2,1,4,0.0,0,0,0,0
77,1768832418036,2,1,4,0.0,0,0,0,0
78,1768832418069,2,1,4,0.0,0,0,0,0
79,1768832418384,2,1,4,0.0,0,0,0,0
80,1768832418636,2,1,4,0.0,0,0,0,0
81,1768832418919,2,1,4,0.0,0,0,0,0
82,1768832419203,2,1,4,0.0,0,0,0,0
83,1768832419268,2,1,4,0.0,0,0,0,0
84,1768832419503,2,1,4,0.0,0,0,0,0
85,1768832419868,2,1,4,0.0,0,0,0,0
86,1768832420119,2,1,4,0.0,0,0,0,0
87,1768832420401,2,1,4,0.0,0,0,0,0
88,1768832420718,2,1,4,0.0,0,0,0,0
89,1768832420986,2,1,4,0.0,0,0,0,0
90,1768832421485,2,1,4,0.0,0,0,0,0
91,1768832421669,2,1,4,0.0,0,0,0,0
92,1768832421919,2,1,4,0.0,0,0,0,0
93,1768832422252,2,1,4,0.0,0,0,0,0
94,1768832422501,2,1,4,0.0,0,0,0,0
95,1768832422834,2,1,4,0.0,0,0,0,0
96,1768832423200,2,1,4,0.0,0,0,0,0
97,1768832423419,2,1,4,0.0,0,0,0,0
98,1768832423735,2,1,4,0.0,0,0,0,0
99,1768832424002,2,1,4,0.0,0,0,0,0
100,1768832424301,2,1,4,0.0,0,0,0,0
101,1768832424635,2,1,4,0.0,0,0,0,0
102,1768832424883,2,1,4,0.0,0,0,0,0
103,1768832425219,2,1,4,0.0,0,0,0,0
104,1768832425537,2,1,4,0.0,0,0,0,0
105,1768832426118,2,1,4,0.0,0,0,0,0
106,1768832426386,2,1,4,0.0,0,0,0,0
107,1768832426704,2,1,4,0.0,0,0,0,0
108,1768832427034,2,1,4,0.0,0,0,0,0
109,1768832427251,2,1,4,0.0,0,0,0,0
110,1768832427600,2,1,4,0.0,0,0,0,0
111,1768832427852,2,1,4,0.0,0,0,0,0
112,1768832428153,2,1,4,0.0,0,0,0,0
113,1768832428435,2,1,4,0.0,0,0,0,0
114,1768832428487,2,1,4,0.0,0,0,0,0
115,1768832428736,2,1,4,0.0,0,0,0,0
116,1768832429068,2,1,4,0.0,0,0,0,0
117,1768832429383,2,1,4,0.0,0,0,0,0
118,1768832429671,2,1,4,0.0,0,0,0,0
119,1768832430018,2,1,4,0.0,0,0,0,0
120,1768832430252,2,1,4,0.0,0,0,0,0
121,1768832430568,2,1,4,0.0,0,0,0,0
122,1768832430885,2,1,4,0.0,0,0,0,0
123,1768832431151,2,1,4,0.0,0,0,0,0
124,1768832431484,2,1,4,0.0,0,0,0,0
125,1768832431735,2,1,4,0.0,0,0,0,0
126,1768832432035,2,1,4,0.0,0,0,0,0
127,1768832432641,2,1,4,0.0,0,0,0,0
128,1768832432641,2,1,4,0.0,0,0,0,0
129,1768832432951,2,1,4,0.0,0,0,0,0
130,1768832433285,2,1,4,0.0,0,0,0,0
131,1768832433552,2,1,4,0.0,0,0,0,0
132,1768832433887,2,1,4,0.0,0,0,0,0
133,1768832434136,2,1,4,0.0,0,0,0,0
134,1768832434220,2,1,4,0.0,0,0,0,0
135,1768832434469,2,1,4,0.0,0,0,0,0
136,1768832434819,2,1,4,0.0,0,0,0,0
137,1768832435069,2,1,4,0.0,0,0,0,0
138,1768832435386,2,1,4,0.0,0,0,0,0
139,1768832435669,2,1,4,0.0,0,0,0,0
140,1768832435968,2,1,4,0.0,0,0,0,0
141,1768832436319,2,1,4,0.0,0,0,0,0
142,1768832436585,2,1,4,0.0,0,0,0,0
143,1768832436885,2,1,4,0.0,0,0,0,0
144,1768832437168,2,1,4,0.0,0,0,0,0
145,1768832437470,2,1,4,0.0,0,0,0,0
146,1768832437785,2,1,4,0.0,0,0,0,0
147,1768832438035,2,1,4,0.0,0,0,0,0
148,1768832438135,2,1,4,0.0,0,0,0,0
149,1768832438419,2,1,4,0.0,0,0,0,0
150,1768832438735,2,1,4,0.0,0,0,0,0
151,1768832439018,2,1,4,0.0,0,0,0,0
152,1768832439368,2,1,4,0.0,0,0,0,0
153,1768832439735,2,1,4,0.0,0,0,0,0
154,1768832440002,2,1,4,0.0,0,0,0,0
155,1768832440602,2,1,4,0.0,0,0,0,0
156,1768832440917,2,1,4,0.0,0,0,0,0
157,1768832441269,2,1,4,0.0,0,0,0,0
158,1768832441552,2,1,4,0.0,0,0,0,0
159,1768832441834,2,1,4,0.0,0,0,0,0
160,1768832442118,2,1,4,0.0,0,0,0,0
161,1768832442384,2,1,4,0.0,0,0,0,0
162,1768832442720,2,1,4,0.0,0,0,0,0
163,1768832442969,2,1,4,0.0,0,0,0,0
164,1768832443018,2,1,4,0.0,0,0,0,0
165,1768832443269,2,1,4,0.0,0,0,0,0
166,1768832443687,2,1,4,0.0,0,0,0,0
167,1768832443885,2,1,4,0.0,0,0,0,0
168,1768832444169,2,1,4,0.0,0,0,0,0
169,1768832444455,2,1,4,0.0,0,0,0,0
170,1768832444738,2,1,4,0.0,0,0,0,0
171,1768832445086,2,1,4,0.0,0,0,0,0
172,1768832445301,2,1,4,0.0,0,0,0,0
173,1768832445368,2,1,4,0.0,0,0,0,0
174,1768832445668,2,1,4,0.0,0,0,0,0
175,1768832445969,2,1,4,0.0,0,0,0,0
176,1768832446201,2,1,4,0.0,0,0,0,0
177,1768832446552,2,1,4,0.0,0,0,0,0
178,1768832446784,2,1,4,0.0,0,0,0,0
179,1768832446885,2,1,4,0.0,0,0,0,0
180,1768832447135,2,1,4,0.0,0,0,0,0
181,1768832447470,2,1,4,0.0,0,0,0,0
182,1768832447719,2,1,4,0.0,0,0,0,0
183,1768832448020,2,1,4,0.0,0,0,0,0
184,1768832448307,2,1,4,0.0,0,0,0,0
185,1768832448601,2,1,196,0.0,0,0,0,0
186,1768832448936,2,1,4,0.0,0,0,0,0
187,1768832449519,2,1,196,0.0,0,0,0,0
188,1768832450084,2,1,4,0.0,0,0,0,0
189,1768832450435,2,1,4,0.0,0,0,0,0
190,1768832450668,2,1,4,0.0,0,0,0,0
191,1768832450752,2,1,4,0.0,0,0,0,0
192,1768832451335,2,1,4,0.0,0,0,0,0
193,1768832451602,2,1,4,0.0,0,0,0,0
194,1768832451920,2,1,4,0.0,0,0,0,0
195,1768832452185,2,1,4,0.0,0,0,0,0
196,1768832452271,2,1,4,0.0,0,0,0,0
197,1768832452486,2,1,4,0.0,0,0,0,0
198,1768832452852,2,1,4,0.0,0,0,0,0
199,1768832453401,2,1,4,0.0,0,0,0,0
200,1768832453719,2,1,4,0.0,0,0,0,0
201,1768832453752,2,1,4,0.0,0,0,0,0
202,1768832454003,2,1,4,0.0,0,0,0,0
203,1768832454335,2,1,4,0.0,0,0,0,0
204,1768832454686,2,1,4,0.0,0,0,0,0
205,1768832454937,2,1,4,0.0,0,0,0,0
206,1768832455382,2,1,4,0.0,0,0,0,0
207,1768832455519,2,1,4,0.0,0,0,0,0
208,1768832455852,2,1,4,0.0,0,0,0,0
209,1768832456167,2,1,4,0.0,0,0,0,0
210,1768832456405,2,1,4,0.0,0,0,0,0
211,1768832456753,2,1,4,0.0,0,0,0,0
212,1768832456969,2,1,4,0.0,0,0,0,0
213,1768832457269,2,1,4,0.0,0,0,0,0
214,1768832457567,2,1,4,0.0,0,0,0,0
215,1768832457617,2,1,4,0.0,0,0,0,0
216,1768832457853,2,1,4,0.0,0,0,0,0
217,1768832458186,2,1,4,0.0,0,0,0,0
218,1768832458485,2,1,4,0.0,0,0,0,0
219,1768832458784,2,1,4,0.0,0,0,0,0
220,1768832459068,2,1,4,0.0,0,0,0,0
221,1768832459335,2,1,4,0.0,0,0,0,0
222,1768832459669,2,1,4,0.0,0,0,0,0
223,1768832459918,2,1,4,0.0,0,0,0,0
224,1768832460000,2,1,4,0.0,0,0,0,0
225,1768832460235,2,1,4,0.0,0,0,0,0
226,1768832460587,2,1,4,0.0,0,0,0,0
227,1768832460818,2,1,4,0.0,0,0,0,0
228,1768832461134,2,1,4,0.0,0,0,0,0
229,1768832461402,2,1,4,0.0,0,0,0,0
230,1768832461484,2,1,4,0.0,0,0,0,0
231,1768832461718,2,1,4,0.0,0,0,0,0
232,1768832462052,2,1,4,0.0,0,0,0,0
233,1768832462335,2,1,4,0.0,0,0,0,0
234,1768832462601,2,1,4,0.0,0,0,0,0
235,1768832462902,2,1,4,0.0,0,0,0,0
236,1768832463189,2,1,4,0.0,0,0,0,0
237,1768832463852,2,1,4,0.0,0,0,0,0
238,1768832464136,2,1,4,0.0,0,0,0,0
239,1768832464467,2,1,4,0.0,0,0,0,0
240,1768832464752,2,1,4,0.0,0,0,0,0
241,1768832465054,2,1,4,0.0,0,0,0,0
242,1768832465384,2,1,4,0.0,0,0,0,0
243,1768832465618,2,1,4,0.0,0,0,0,0
244,1768832465951,2,1,4,0.0,0,0,0,0
245,1768832466523,2,1,4,0.0,0,0,0,0
246,1768832466523,18,1,4,0.0,0,0,0,0
247,1768832466819,18,1,4,0.0,0,0,0,0
248,1768832467085,18,1,4,0.0,0,0,0,0
249,1768832469251,2,1,1,0.0,0,0,0,0
250,1768832469584,2,1,1,0.0,0,0,0,0
251,1768832469751,2,1,1,0.0,0,0,0,0
252,1768832470004,2,1,1,0.0,0,0,0,0
253,1768832470318,2,1,1,0.0,0,0,0,0
254,1768832470568,2,1,1,0.0,0,0,0,0
255,1768832470901,2,1,1,0.0,0,0,0,0
256,1768832471252,2,1,1,0.0,0,0,0,0
257,1768832471534,2,1,1,0.0,0,0,0,0
258,1768832471851,2,1,1,0.0,0,0,0,0
259,1768832472134,2,1,1,0.0,0,0,0,0
260,1768832472435,2,1,1,0.0,0,0,0,0
261,1768832472801,2,1,1,0.0,0,0,0,0
262,1768832473118,2,1,1,0.0,0,0,0,0
263,1768832473401,2,1,1,0.0,0,0,0,0
264,1768832473734,2,1,1,0.0,0,0,0,0
265,1768832473985,2,1,1,0.0,0,0,0,0
266,1768832474336,2,1,1,0.0,0,0,0,0
267,1768832474653,2,1,1,0.0,0,0,0,0
268,1768832474918,2,1,1,0.0,0,0,0,0
269,1768832475218,2,1,1,0.0,0,0,0,0
270,1768832475485,2,1,1,0.0,0,0,0,0
271,1768832475784,2,1,1,0.0,0,0,0,0
272,1768832476050,2,1,1,0.0,0,0,0,0
273,1768832476136,2,1,1,0.0,0,0,0,0
274,1768832476368,2,1,1,0.0,0,0,0,0
275,1768832476719,2,1,1,0.0,0,0,0,0
276,1768832477001,2,1,1,0.0,0,0,0,0
277,1768832477269,2,1,1,0.0,0,0,0,0
278,1768832477602,2,1,1,0.0,0,0,0,0
279,1768832477635,2,1,1,0.0,0,0,0,0
280,1768832477871,2,1,1,0.0,0,0,0,0
281,1768832478327,2,1,1,0.0,0,0,0,0
282,1768832478552,2,1,1,0.0,0,0,0,0
283,1768832478802,2,1,1,0.0,0,0,0,0
284,1768832479133,2,1,1,0.0,0,0,0,0
285,1768832479383,2,1,1,0.0,0,0,0,0
286,1768832479669,2,1,1,0.0,0,0,0,0
287,1768832480252,98,1,1,0.0,0,0,0,0
288,1768832480585,2,1,1,0.0,0,0,0,0
289,1768832480869,2,1,1,0.0,0,0,0,0
290,1768832481152,2,1,1,0.0,0,0,0,0
291,1768832481484,2,1,1,0.0,0,0,0,0
292,1768832481720,2,1,1,0.0,0,0,0,0
293,1768832482053,2,1,1,0.0,0,0,0,0
294,1768832482401,2,1,1,0.0,0,0,0,0
295,1768832482671,2,1,1,0.0,0,0,0,0
296,1768832640015,2,1,1,0.0,0,0,0,0
297,1768832640031,2,1,1,0.0,0,0,0,0
298,1768832640264,0,0,0,0.0,0,0,0,0
299,1768832640615,2,1,1,0.0,0,0,0,0
300,1768832640983,2,1,1,0.0,0,0,0,0
301,1768832641232,2,1,1,0.0,0,0,0,0
302,1768832641816,2,1,1,0.0,0,0,0,0
303,1768832642099,2,1,1,0.0,0,0,0,0
304,1768832642449,2,1,1,0.0,0,0,0,0
305,1768832642683,2,1,1,0.0,0,0,0,0
306,1768832642767,2,1,1,0.0,0,0,0,0
307,1768832643049,2,1,1,0.0,0,0,0,0
308,1768832643367,2,1,1,0.0,0,0,0,0
309,1768832643615,2,1,1,0.0,0,0,0,0
310,1768832643950,2,1,1,0.0,0,0,0,0
311,1768832644199,2,1,1,0.0,0,0,0,0
312,1768832644864,2,1,1,0.0,0,0,0,0
313,1768832645133,2,1,1,0.0,0,0,0,0
314,1768832645749,2,1,1,0.0,0,0,0,0
315,1768832645849,2,1,1,0.0,0,0,0,0
316,1768832646630,2,1,1,0.0,0,0,0,0
317,1768832646967,2,1,1,0.0,0,0,0,0
318,1768832647331,2,1,1,0.0,0,0,0,0
319,1768832647564,2,1,1,0.0,0,0,0,0
320,1768832647865,2,1,1,0.0,0,0,0,0
321,1768832648414,2,1,1,0.0,0,0,0,0
322,1768832648932,2,12289,1,0.0,0,0,0,0
323,1768832648966,2,1,1,0.0,0,0,0,0
324,1768832649233,2,1,1,0.0,0,0,0,0
325,1768832649583,2,1,1,0.0,0,0,0,0
326,1768832650166,2,1,1,0.0,0,0,0,0
327,1768832651099,0,0,0,0.0,0,0,0,0
328,1768832651916,2,1,1,0.0,0,0,0,0
329,1768832652200,2,1,1,0.0,0,0,0,0
330,1768832652499,2,1,1,0.0,0,0,0,0
331,1768832653101,2,1,1,0.0,0,0,0,0
332,1768832653399,2,1,1,0.0,0,0,0,0
333,1768832655550,2,1,1,0.0,0,0,0,0
334,1768832655782,2,1,1,0.0,0,0,0,0
335,1768832656718,2,1,1,0.0,0,0,0,0
336,1768832657333,2,1,1,0.0,0,0,0,0
337,1768832657483,2,1,1,0.0,0,0,0,0
338,1768832657882,2,1,1,0.0,0,0,0,0
339,1768832658683,2,1,1,0.0,0,0,0,0
340,1768832661717,2,1,1,0.0,0,0,0,0
341,1768832662064,2,1,1,0.0,0,0,0,0
342,1768832662349,2,1,1,0.0,0,0,0,0
343,1768832662815,2,1,1,0.0,0,0,0,0
344,1768832663182,2,1,1,0.0,0,0,0,0
345,1768832663549,2,1,1,0.0,0,0,0,0
346,1768832663781,2,1,1,0.0,0,0,0,0
347,1768832664584,2,1,1,0.0,0,0,0,0
348,1768832664900,2,1,1,0.0,0,0,0,0
349,1768832665181,2,12297,1,0.0,0,0,0,0
350,1768832665799,1,1,1,0.0,0,0,0,0
351,1768832666065,2,9,1,0.0,0,0,0,0
352,1768832666250,2,1,1,0.0,0,0,0,0
353,1768832666950,2,1,1,0.0,0,0,0,0
354,1768832667249,2,1,1,0.0,0,0,0,0
355,1768832667399,2,1,1,0.0,0,0,0,0
356,1768832667818,2,1,1,0.0,0,0,0,0
357,1768832667984,2,1,1,0.0,0,0,0,0
358,1768832668284,2,1,1,0.0,0,0,0,0
359,1768832668816,2,1,1,0.0,0,0,0,0
360,1768832669465,2,1,1,0.0,0,0,0,0
361,1768832669732,2,1,1,0.0,0,0,0,0
362,1768832672748,2,1,1,0.0,0,0,0,0
363,1768832673084,2,1,1,0.0,0,0,0,0
364,1768832673233,2,1,1,0.0,0,0,0,0
365,1768832673850,2,1,1,0.0,0,0,0,0
366,1768832673866,2,1,1,0.0,0,0,0,0
367,1768832674116,2,1,1,0.0,0,0,0,0
368,1768832674433,2,1,1,0.0,0,0,0,0
369,1768832674783,2,1,1,0.0,0,0,0,0
370,1768832675065,2,1,1,0.0,0,0,0,0
371,1768832675681,2,1,1,0.0,0,0,0,0
372,1768832676182,2,1,1,0.0,0,0,0,0
373,1768832676316,2,1,1,0.0,0,0,0,0
374,1768832676535,2,1,1,0.0,0,0,0,0
375,1768832676599,2,1,1,0.0,0,0,0,0
376,1768832676883,2,1,1,0.0,0,0,0,0
377,1768832677184,2,1,1,0.0,0,0,0,0
378,1768832677465,2,1,1,0.0,0,0,0,0
379,1768832677833,2,1,1,0.0,0,0,0,0
380,1768832678067,2,1,1,0.0,0,0,0,0
381,1768832678700,2,1,1,0.0,0,0,0,0
382,1768832678982,2,1,1,0.0,0,0,0,0
383,1768832679299,2,1,1,0.0,0,0,0,0
384,1768832679599,2,1,1,0.0,0,0,0,0
385,1768832679649,2,1,1,0.0,0,0,0,0
386,1768832679885,2,1,1,0.0,0,0,0,0
387,1768832680233,2,1,1,0.0,0,0,0,0
388,1768832680502,2,1,1,0.0,0,0,0,0
389,1768832680782,2,1,1,0.0,0,0,0,0
390,1768832681116,2,1,1,0.0,0,0,0,0
391,1768832681685,2,1,1,0.0,0,0,0,0
392,1768832682034,2,1,1,0.0,0,0,0,0
393,1768832682283,2,1,1,0.0,0,0,0,0
394,1768832683165,2,1,1,0.0,0,0,0,0
395,1768832683448,2,1,1,0.0,0,0,0,0
396,1768832683498,2,1,1,0.0,0,0,0,0
397,1768832683749,2,1,1,0.0,0,0,0,0
398,1768832684099,2,1,1,0.0,0,0,0,0
399,1768832684383,2,1,1,0.0,0,0,0,0
400,1768832684649,2,1,1,0.0,0,0,0,0
401,1768832684964,2,1,1,0.0,0,0,0,0
402,1768832684999,2,1,1,0.0,0,0,0,0
403,1768832686067,2,2305,1,0.0,0,0,0,0
404,1768832686699,2,1,1,0.0,0,0,0,0
405,1768832686752,2,1,1,0.0,0,0,0,0
406,1768832687898,2,1,1,0.0,0,0,0,0
407,1768832688050,2,1,1,0.0,0,0,0,0
408,1768832688668,2,1,1,0.0,0,0,0,0
409,1768832688999,2,1,1,0.0,0,0,0,0
410,1768832689249,2,1,1,0.0,0,0,0,0
411,1768832689550,2,1,1,0.0,0,0,0,0
412,1768832689831,2,1,1,0.0,0,0,0,0
413,1768832690099,2,1,1,0.0,0,0,0,0
414,1768832690983,2,1,1,0.0,0,0,0,0
415,1768832691532,2,1,1,0.0,0,0,0,0
416,1768832691850,2,1,1,0.0,0,0,0,0
417,1768832692082,2,1,1,0.0,0,0,0,0
418,1768832692415,2,1,1,0.0,0,0,0,0
419,1768832692699,2,1,1,0.0,0,0,0,0
420,1768832692982,2,1,1,0.0,0,0,0,0
421,1768832693864,2,1,1,0.0,0,0,0,0
422,1768832694134,2,1,1,0.0,0,0,0,0
423,1768832694448,2,1,1,0.0,0,0,0,0
424,1768832695348,2,1,1,0.0,0,0,0,0
425,1768832696233,2,1,1,0.0,0,0,0,0
426,1768832696466,2,1,1,0.0,0,0,0,0
427,1768832696832,2,1,1,0.0,0,0,0,0
428,1768832697733,2,1,1,0.0,0,0,0,0
429,1768832698031,2,1,1,0.0,0,0,0,0
430,1768832698315,2,1,1,0.0,0,0,0,0
431,1768832698948,2,1,1,0.0,0,0,0,0
432,1768832699283,2,1,1,0.0,0,0,0,0
433,1768832699834,2,1,1,0.0,0,0,0,0
434,1768832700448,2,1,1,0.0,0,0,0,0
435,1768832701066,2,1,1,0.0,0,0,0,0
436,1768832701700,2,1,1,0.0,0,0,0,0
437,1768832701948,2,1,1,0.0,0,0,0,0
438,1768832702265,2,1,1,0.0,0,0,0,0
439,1768832702566,2,1,1,0.0,0,0,0,0
440,1768832703215,2,1,1,0.0,0,0,0,0
441,1768832703449,2,1,1,0.0,0,0,0,0
442,1768832704947,2,1,1,0.0,0,0,0,0
443,1768832705449,2,1,1,0.0,0,0,0,0
444,1768832705765,2,1,1,0.0,0,0,0,0
445,1768832705998,2,1,1,0.0,0,0,0,0
446,1768832706365,2,1,1,0.0,0,0,0,0
447,1768832706681,2,1,16385,0.0,0,0,0,0
448,1768832708615,2,1,1,0.0,0,0,0,0
449,1768832709165,2,1,1,0.0,0,0,0,0
450,1768832709631,2,1,1,0.0,0,0,0,0
451,1768832711051,2,1,1,0.0,0,0,0,0
452,1768832711365,2,1,1,0.0,0,0,0,0
453,1768832711635,2,1,1,0.0,0,0,0,0
454,1768832712568,2,1,1,0.0,0,0,0,0
455,1768832712814,2,1,1,0.0,0,0,0,0
456,1768832713099,2,1,1,0.0,0,0,0,0
457,1768832713365,2,1,1,0.0,0,0,0,0
458,1768832713698,2,1,1,0.0,0,0,0,0
459,1768832713933,2,1,1,0.0,0,0,0,0
460,1768832714519,2,1,1,0.0,0,0,0,0
461,1768832718749,2,1,1,0.0,0,0,0,0
462,1768832719284,2,1,1,0.0,0,0,0,0
463,1768832719532,2,1,1,0.0,0,0,0,0
464,1768832719864,2,1,1,0.0,0,0,0,0
465,1768832720115,2,1,1,0.0,0,0,0,0
466,1768832720202,2,1,1,0.0,0,0,0,0
467,1768832720466,2,1,1,0.0,0,0,0,0
468,1768832720769,2,1,1,0.0,0,0,0,0
469,1768832721217,2,1,1,0.0,0,0,0,0
470,1768832721803,2,1,1,0.0,0,0,0,0
471,1768832722067,2,1,1,0.0,0,0,0,0
472,1768832722384,2,1,1,0.0,0,0,0,0
473,1768832723019,2,1,1,0.0,0,0,0,0
474,1768832723532,2,1,1,0.0,0,0,0,0
475,1768832723783,2,1,1,0.0,0,0,0,0
476,1768832724115,2,1,1,0.0,0,0,0,0
477,1768832724366,2,1,1,0.0,0,0,0,0
478,1768832724684,2,1,1,0.0,0,0,0,0
479,1768832725016,2,1,1,0.0,0,0,0,0
480,1768832725216,2,1,1,0.0,0,0,0,0
481,1768832725852,2,1,1,0.0,0,0,0,0
482,1768832725866,2,1,1,0.0,0,0,0,0
483,1768832726499,2,1,1,0.0,0,0,0,0
484,1768832727099,2,1,1,0.0,0,0,0,0
485,1768832727667,2,1,1,0.0,0,0,0,0
486,1768832728300,2,1,1,0.0,0,0,0,0
487,1768832728598,2,1,1,0.0,0,0,0,0
488,1768832728899,2,1,1,0.0,0,0,0,0
489,1768832729798,2,1,1,0.0,0,0,0,0
490,1768832730116,2,1,1,0.0,0,0,0,0
491,1768832730715,2,1,1,0.0,0,0,0,0
492,1768832731350,2,1,1,0.0,0,0,0,0
493,1768832731415,2,1,1,0.0,0,0,0,0
494,1768832732016,2,1,1,0.0,0,0,0,0
495,1768832732249,2,1,1,0.0,0,0,0,0
496,1768832732617,2,1,1,0.0,0,0,0,0
497,1768832733931,2,1,1,0.0,0,0,0,0
498,1768832734164,2,1,1,0.0,0,0,0,0
499,1768832734815,2,1,1,0.0,0,0,0,0
500,1768832735116,2,1,1,0.0,0,0,0,0
501,1768832735413,2,1,1,0.0,0,0,0,0
502,1768832736281,2,1,1,0.0,0,0,0,0
503,1768832737015,2,1,1,0.0,0,0,0,0
504,1768832737114,2,1,1,0.0,0,0,0,0
505,1768832737714,2,1,1,0.0,0,0,0,0
506,1768832738013,2,2305,1,0.0,0,0,0,0
507,1768832738281,2,1,1,0.0,0,0,0,0
508,1768832739115,2,1,1,0.0,0,0,0,0
509,1768832739431,2,1,1,0.0,0,0,0,0
510,1768832740599,2,1,1,0.0,0,0,0,0
511,1768832741180,2,1,1,0.0,0,0,0,0
512,1768832741449,2,1,1,0.0,0,0,0,0
513,1768832742598,2,1,1,0.0,0,0,0,0
514,1768832743197,2,1,1,0.0,0,0,0,0
515,1768832743781,2,1,1,0.0,0,0,0,0
516,1768832744033,2,1,1,0.0,0,0,0,0
517,1768832744614,2,1,1,0.0,0,0,0,0
518,1768832745466,2,1,1,0.0,0,0,0,0
519,1768832746034,2,1,1,0.0,0,0,0,0
520,1768832746850,2,1,1,0.0,0,0,0,0
521,1768832747448,2,1,1,0.0,0,0,0,0
522,1768832748550,2,1,1,0.0,0,0,0,0
523,1768832748867,2,1,1,0.0,0,0,0,0
524,1768832749118,2,1,1,0.0,0,0,0,0
525,1768832749685,2,1,1,0.0,0,0,0,0
526,1768832750035,2,1,1,0.0,0,0,0,0
527,1768832751447,98,1,1,0.0,0,0,0,0
528,1768832751716,2,1,1,0.0,0,0,0,0
529,1768832753115,2,1,1,0.0,0,0,0,0
530,1768832753732,2,1,1,0.0,0,0,0,0
531,1768832754566,2,1,1,0.0,0,0,0,0
532,1768832754915,2,1,1,0.0,0,0,0,0
533,1768832755164,2,1,1,0.0,0,0,0,0
534,1768832755467,2,1,1,0.0,0,0,0,0
535,1768832755766,2,1,1,0.0,0,0,0,0
536,1768832756016,2,1,1,0.0,0,0,0,0
537,1768832756914,2,1,1,0.0,0,0,0,0
538,1768832757481,2,1,1,0.0,0,0,0,0
539,1768832758048,2,1,1,0.0,0,0,0,0
540,1768832758681,2,1,1,0.0,0,0,0,0
541,1768832758947,2,1,1,0.0,0,0,0,0
542,1768832759264,2,1,1,0.0,0,0,0,0
543,1768832759515,2,1,1,0.0,0,0,0,0
544,1768832759615,2,1,1,0.0,0,0,0,0
545,1768832759847,2,1,1,0.0,0,0,0,0
546,1768832760199,2,1,1,0.0,0,0,0,0
547,1768832760778,2,1,1,0.0,0,0,0,0
548,1768832761031,2,1,1,0.0,0,0,0,0
549,1768832761265,2,1,1,0.0,0,0,0,0
550,1768832761599,2,1,1,0.0,0,0,0,0
551,1768832761848,2,1,1,0.0,0,0,0,0
552,1768832762516,2,1,1,0.0,0,0,0,0
553,1768832763314,2,1,1,0.0,0,0,0,0
554,1768832763632,2,1,1,0.0,0,0,0,0
555,1768832764814,2,1,1,0.0,0,0,0,0
556,1768832765117,2,1,1,0.0,0,0,0,0
557,1768832765450,2,1,1,0.0,0,0,0,0
558,1768832765700,2,1,1,0.0,0,0,0,0
559,1768832765797,2,1,1,0.0,0,0,0,0
560,1768832766032,2,1,1,0.0,0,0,0,0
561,1768832766680,2,1,1,0.0,0,0,0,0
562,1768832766967,2,1,1,0.0,0,0,0,0
563,1768832767301,2,1,1,0.0,0,0,0,0
564,1768832767532,2,1,1,0.0,0,0,0,0
565,1768832768082,2,1,1,0.0,0,0,0,0
566,1768832768164,2,1,1,0.0,0,0,0,0
567,1768832768782,2,1,1,0.0,0,0,0,0
568,1768832769015,2,1,1,0.0,0,0,0,0
569,1768832769350,2,1,1,0.0,0,0,0,0
570,1768832770284,2,1,1,0.0,0,0,0,0
571,1768832770514,2,1,1,0.0,0,0,0,0
572,1768832770614,2,1,1,0.0,0,0,0,0
573,1768832770883,2,1,1,0.0,0,0,0,0
574,1768832771233,2,1,1,0.0,0,0,0,0
575,1768832771532,2,1,1,0.0,0,0,0,0
576,1768832772660,2,1,1,0.0,0,0,0,0
577,1768832772751,2,1,1,0.0,0,0,0,0
578,1768832772999,2,1,1,0.0,0,0,0,0
579,1768832773849,2,1,1,0.0,0,0,0,0
580,1768832774447,2,1,1,0.0,0,0,0,0
581,1768832775048,2,1,1,0.0,0,0,0,0
582,1768832775897,2,1,1,0.0,0,0,0,0
583,1768832776484,2,1,1,0.0,0,0,0,0
584,1768832777281,2,1,1,0.0,0,0,0,0
585,1768832778447,2,1,1,0.0,0,0,0,0
586,1768832779298,2,1,1,0.0,0,0,0,0
587,1768832779901,2,1,1,0.0,0,0,0,0
588,1768832780482,2,1,1,0.0,0,0,0,0
589,1768832781331,2,1,1,0.0,0,0,0,0
590,1768832781599,2,1,1,0.0,0,0,0,0
591,1768832781931,2,1,1,0.0,0,0,0,0
592,1768832782766,2,1,1,0.0,0,0,0,0
593,1768832783965,2,1,1,0.0,0,0,0,0
594,1768832783983,2,1,1,0.0,0,0,0,0
595,1768832784215,2,1,1,0.0,0,0,0,0
596,1768832784847,2,1,1,0.0,0,0,0,0
597,1768832785082,2,1,1,0.0,0,0,0,0
598,1768832785416,2,1,1,0.0,0,0,0,0
599,1768832785666,2,1,1,0.0,0,0,0,0
600,1768832786313,2,1,1,0.0,0,0,0,0
601,1768832786865,2,1,1,0.0,0,0,0,0
602,1768832787116,2,1,1,0.0,0,0,0,0
603,1768832787433,2,1,1,0.0,0,0,0,0
604,1768832788331,2,1,1,0.0,0,0,0,0
605,1768832788580,2,1,1,0.0,0,0,0,0
606,1768832788898,2,1,1,0.0,0,0,0,0
607,1768832789764,2,1,1,0.0,0,0,0,0
608,1768832790314,2,1,1,0.0,0,0,0,0
609,1768832790649,2,1,1,0.0,0,0,0,0
610,1768832791716,2,1,1,0.0,0,0,0,0
611,1768832792281,2,1,1,0.0,0,0,0,0
612,1768832792566,2,1,1,0.0,0,0,0,0
613,1768832792831,2,1,1,0.0,0,0,0,0
614,1768832793698,2,1,1,0.0,0,0,0,0
615,1768832793965,1,12289,1,0.0,0,0,0,0
616,1768832794264,2,1,1,0.0,0,0,0,0
617,1768832795130,2,1,1,0.0,0,0,0,0
618,1768832795681,2,1,1,0.0,0,0,0,0
619,1768832796031,2,1,1,0.0,0,0,0,0
620,1768832796583,2,1,1,0.0,0,0,0,0
621,1768832796864,2,1,1,0.0,0,0,0,0
622,1768832797147,2,1,1,0.0,0,0,0,0
623,1768832798067,2,1,1,0.0,0,0,0,0
624,1768832798400,2,1,1,0.0,0,0,0,0
625,1768832798650,2,1,1,0.0,0,0,0,0
626,1768832799281,2,1,1,0.0,0,0,0,0
627,1768832799549,2,1,1,0.0,0,0,0,0
628,1768832799898,2,1,1,0.0,0,0,0,0
629,1768832800131,2,1,1,0.0,0,0,0,0
630,1768832800797,2,1,1,0.0,0,0,0,0
631,1768832801081,2,1,1,0.0,0,0,0,0
632,1768832801717,2,1,1,0.0,0,0,0,0
633,1768832802314,2,1,1,0.0,0,0,0,0
634,1768832802917,2,1,1,0.0,0,0,0,0
635,1768832803532,2,1,1,0.0,0,0,0,0
636,1768832803833,2,1,1,0.0,0,0,0,0
637,1768832804100,2,1,1,0.0,0,0,0,0
638,1768832805048,2,1,1,0.0,0,0,0,0
639,1768832805348,2,1,1,0.0,0,0,0,0
640,1768832805399,2,1,1,0.0,0,0,0,0
641,1768832805648,2,1,1,0.0,0,0,0,0
642,1768832806117,2,1,1,0.0,0,0,0,0
643,1768832806234,2,1,1,0.0,0,0,0,0
644,1768832806581,2,1,1,0.0,0,0,0,0
645,1768832807232,2,1,1,0.0,0,0,0,0
646,1768832807533,2,1,1,0.0,0,0,0,0
647,1768832807866,2,1,1,0.0,0,0,0,0
648,1768832808747,2,1,1,0.0,0,0,0,0
649,1768832809049,2,1,1,0.0,0,0,0,0
650,1768832809381,2,1,1,0.0,0,0,0,0
651,1768832810233,2,1,1,0.0,0,0,0,0
652,1768832810831,2,1,1,0.0,0,0,0,0
653,1768832811981,2,1,1,0.0,0,0,0,0
654,1768832812297,2,1,1,0.0,0,0,0,0
655,1768832812549,2,1,1,0.0,0,0,0,0
656,1768832813415,2,1,1,0.0,0,0,0,0
657,1768832813732,2,1,1,0.0,0,0,0,0
658,1768832815431,18,1,1,0.0,0,0,0,0
659,1768832815764,18,1,1,0.0,0,0,0,0
660,1768832816015,18,1,1,0.0,0,0,0,0
661,1768832817133,18,1,1,0.0,0,0,0,0
662,1768832817481,18,1,1,0.0,0,0,0,0
663,1768832818064,18,1,1,0.0,0,0,0,0
664,1768832818932,18,1,1,0.0,0,0,0,0
665,1768832820130,18,1,1,0.0,0,0,0,0
666,1768832820699,18,1,1,0.0,0,0,0,0
667,1768832820947,18,1,1,0.0,0,0,0,0
668,1768832821248,18,1,1,0.0,0,0,0,0
669,1768832821533,18,1,1,0.0,0,0,0,0
670,1768832822116,18,1,1,0.0,0,0,0,0
671,1768832822381,18,1,1,0.0,0,0,0,0
672,1768832822680,18,1,1,0.0,0,0,0,0
673,1768832822949,18,1,1,0.0,0,0,0,0
674,1768832823546,18,1,1,0.0,0,0,0,0
675,1768832824117,18,1,1,0.0,0,0,0,0
676,1768832824380,18,1,1,0.0,0,0,0,0
677,1768832824447,18,1,1,0.0,0,0,0,0
678,1768832826146,18,1,1,0.0,0,0,0,0
679,1768832826448,18,1,1,0.0,0,0,0,0
680,1768832826696,18,1,1,0.0,0,0,0,0
681,1768832827581,18,1,1,0.0,0,0,0,0
682,1768832828242,18,1,1,0.0,0,0,0,0
683,1768832828242,18,1,1,0.0,0,0,0,0
684,1768832829047,18,1,1,0.0,0,0,0,0
685,1768832829582,18,1,1,0.0,0,0,0,0
686,1768832829932,18,1,1,0.0,0,0,0,0
687,1768832830496,18,1,1,0.0,0,0,0,0
688,1768832830747,18,1,1,0.0,0,0,0,0
689,1768832831064,18,1,1,0.0,0,0,0,0
690,1768832831914,18,1,1,0.0,0,0,0,0
691,1768832832165,18,1,1,0.0,0,0,0,0
692,1768832832481,18,1,1,0.0,0,0,0,0
693,1768832833382,18,1,1,0.0,0,0,0,0
694,1768832833932,18,1,1,0.0,0,0,0,0
695,1768832834497,18,1,1,0.0,0,0,0,0
696,1768832834814,18,1,1,0.0,0,0,0,0
697,1768832835064,18,1,1,0.0,0,0,0,0
698,1768832835417,18,1,1,0.0,0,0,0,0
699,1768832836032,18,1,1,0.0,0,0,0,0
700,1768832836347,18,1,1,0.0,0,0,0,0
701,1768832836664,18,1,1,0.0,0,0,0,0
702,1768832837546,18,1,1,0.0,0,0,0,0
703,1768832837880,18,1,1,0.0,0,0,0,0
704,1768832838180,18,1,1,0.0,0,0,0,0
705,1768832839276,18,1,1,0.0,0,0,0,0
706,1768832839398,18,1,1,0.0,0,0,0,0
707,1768832839747,18,1,1,0.0,0,0,0,0
708,1768832839981,18,1,1,0.0,0,0,0,0
709,1768832840331,18,1,1,0.0,0,0,0,0
710,1768832841248,18,1,1,0.0,0,0,0,0
711,1768832841481,18,1,1,0.0,0,0,0,0
712,1768832841829,18,1,1,0.0,0,0,0,0
713,1768832842781,18,1,1,0.0,0,0,0,0
714,1768832843115,18,1,1,0.0,0,0,0,0
715,1768832843364,18,1,1,0.0,0,0,0,0
716,1768832843963,18,1,1,0.0,0,0,0,0
717,1768832844598,18,1,1,0.0,0,0,0,0
718,1768832844881,18,1,1,0.0,0,0,0,0
719,1768832845214,18,1,1,0.0,0,0,0,0
720,1768832846065,18,1,1,0.0,0,0,0,0
721,1768832846363,18,1,1,0.0,0,0,0,0
722,1768832846663,18,1,1,0.0,0,0,0,0
723,1768832846897,18,1,1,0.0,0,0,0,0
724,1768832847215,18,1,1,0.0,0,0,0,0
725,1768832847480,18,1,1,0.0,0,0,0,0
726,1768832848315,18,1,1,0.0,0,0,0,0
727,1768832848880,18,1,1,0.0,0,0,0,0
728,1768832849196,18,1,1,0.0,0,0,0,0
729,1768832849465,18,1,1,0.0,0,0,0,0
730,1768832850314,18,1,1,0.0,0,0,0,0
731,1768832850631,18,1,1,0.0,0,0,0,0
732,1768832850898,18,1,1,0.0,0,0,0,0
733,1768832851748,18,1,1,0.0,0,0,0,0
734,1768832852596,18,1,1,0.0,0,0,0,0
735,1768832853163,18,1,1,0.0,0,0,0,0
736,1768832853480,18,1,1,0.0,0,0,0,0
737,1768832853731,18,1,1,0.0,0,0,0,0
738,1768832854581,18,1,1,0.0,0,0,0,0
739,1768832854913,18,1,1,0.0,0,0,0,0
740,1768832855180,18,1,1,0.0,0,0,0,0
741,1768832855996,18,1,1,0.0,0,0,0,0
742,1768832856897,18,1,1,0.0,0,0,0,0
743,1768832857196,18,1,1,0.0,0,0,0,0
744,1768832857462,18,1,1,0.0,0,0,0,0
745,1768832858363,18,1,1,0.0,0,0,0,0
746,1768832858914,18,1,1,0.0,0,0,0,0
747,1768832859228,18,1,1,0.0,0,0,0,0
748,1768832859479,18,1,1,0.0,0,0,0,0
749,1768832860347,18,1,1,0.0,0,0,0,0
750,1768832862363,18,1,1,0.0,0,0,0,0
751,1768832862805,18,1,1,0.0,0,0,0,0
752,1768832862946,18,1,1,0.0,0,0,0,0
753,1768832863231,18,1,1,0.0,0,0,0,0
754,1768832864114,18,1,1,0.0,0,0,0,0
755,1768832864664,18,1,1,0.0,0,0,0,0
756,1768832864929,18,1,1,0.0,0,0,0,0
757,1768832865212,18,1,1,0.0,0,0,0,0
758,1768832866115,18,1,1,0.0,0,0,0,0
759,1768832866347,18,1,1,0.0,0,0,0,0
760,1768832868078,18,1,1,0.0,0,0,0,0
761,1768832868396,18,1,1,0.0,0,0,0,0
762,1768832868946,18,1,1,0.0,0,0,0,0
763,1768832869179,18,1,1,0.0,0,0,0,0
764,1768832869512,18,1,1,0.0,0,0,0,0
765,1768832870448,18,1,1,0.0,0,0,0,0
766,1768832870663,18,1,1,0.0,0,0,0,0
767,1768832871015,18,1,1,0.0,0,0,0,0
768,1768832871895,18,1,1,0.0,0,0,0,0
769,1768832872212,18,1,1,0.0,0,0,0,0
770,1768832872480,18,1,1,0.0,0,0,0,0
771,1768832873114,18,1,1,0.0,0,0,0,0
772,1768832873431,18,1,1,0.0,0,0,0,0
773,1768832875248,18,1,1,0.0,0,0,0,0
774,1768832875529,18,1,1,0.0,0,0,0,0
775,1768832875864,18,1,1,0.0,0,0,0,0
776,1768832875897,18,1,1,0.0,0,0,0,0
777,1768832876162,18,1,1,0.0,0,0,0,0
778,1768832876496,18,1,1,0.0,0,0,0,0
779,1768832877479,18,1,1,0.0,0,0,0,0
780,1768832877748,18,1,1,0.0,0,0,0,0
781,1768832877813,18,1,1,0.0,0,0,0,0
782,1768832878063,18,1,1,0.0,0,0,0,0
783,1768832878748,18,1,1,0.0,0,0,0,0
784,1768832879013,18,1,1,0.0,0,0,0,0
785,1768832879362,18,1,1,0.0,0,0,0,0
786,1768832880297,18,1,1,0.0,0,0,0,0
787,1768832880912,18,1,1,0.0,0,0,0,0
788,1768832881181,18,1,1,0.0,0,0,0,0
789,1768832881780,18,1,1,0.0,0,0,0,0
790,1768832882045,18,1,1,0.0,0,0,0,0
791,1768832882363,18,1,1,0.0,0,0,0,0
792,1768832882614,18,1,1,0.0,0,0,0,0
793,1768832882913,18,1,1,0.0,0,0,0,0
794,1768832884596,18,1,1,0.0,0,0,0,0
795,1768832885195,18,1,1,0.0,0,0,0,0
796,1768832885795,18,1,1,0.0,0,0,0,0
797,1768832886957,18,1,1,0.0,0,0,0,0
798,1768832886957,18,1,1,0.0,0,0,0,0
799,1768832887196,18,1,1,0.0,0,0,0,0
800,1768832888013,18,1,1,0.0,0,0,0,0
801,1768832888597,18,1,1,0.0,0,0,0,0
802,1768832888863,18,1,1,0.0,0,0,0,0
803,1768832889180,18,1,1,0.0,0,0,0,0
804,1768832889445,18,1,1,0.0,0,0,0,0
805,1768832890015,18,1,1,0.0,0,0,0,0
806,1768832890278,18,1,1,0.0,0,0,0,0
807,1768832890613,18,1,1,0.0,0,0,0,0
808,1768832891431,18,1,1,0.0,0,0,0,0
809,1768832892246,18,1,1,0.0,0,0,0,0
810,1768832892814,18,1,1,0.0,0,0,0,0
811,1768832893428,18,1,1,0.0,0,0,0,0
812,1768832894261,18,1,1,0.0,0,0,0,0
813,1768832894562,18,1,1,0.0,0,0,0,0
814,1768832894829,18,1,1,0.0,0,0,0,0
815,1768832895680,18,1,1,0.0,0,0,0,0
816,1768832896246,18,1,1,0.0,0,0,0,0
817,1768832896849,18,1,1,0.0,0,0,0,0
818,1768832897095,18,1,1,0.0,0,0,0,0
819,1768832897936,18,1,1,0.0,0,0,0,0
820,1768832898529,18,1,1,0.0,0,0,0,0
821,1768832898846,18,1,1,0.0,0,0,0,0
822,1768832899113,18,1,1,0.0,0,0,0,0
823,1768832899945,18,1,1,0.0,0,0,0,0
824,1768832900513,18,1,1,0.0,0,0,0,0
825,1768832901114,18,1,1,0.0,0,0,0,0
826,1768832901946,18,1,1,0.0,0,0,0,0
827,1768832902230,18,1,1,0.0,0,0,0,0
828,1768832903931,18,1,1,0.0,0,0,0,0
829,1768832904497,18,1,1,0.0,0,0,0,0
830,1768832904780,18,1,1,0.0,0,0,0,0
831,1768832905114,18,1,1,0.0,0,0,0,0
832,1768832905399,18,1,1,0.0,0,0,0,0
833,1768832906229,18,1,1,0.0,0,0,0,0
834,1768832906545,18,1,1,0.0,0,0,0,0
835,1768832906813,18,1,1,0.0,0,0,0,0
836,1768832907628,18,1,1,0.0,0,0,0,0
837,1768832908245,18,1,1,0.0,0,0,0,0
838,1768832909106,18,1,1,0.0,0,0,0,0
839,1768832909112,18,1,1,0.0,0,0,0,0
840,1768832909530,18,1,1,0.0,0,0,0,0
841,1768832909779,18,1,1,0.0,0,0,0,0
842,1768832909879,18,1,1,0.0,0,0,0,0
843,1768832910129,18,1,1,0.0,0,0,0,0
844,1768832910497,18,1,1,0.0,0,0,0,0
845,1768832911413,18,1,1,0.0,0,0,0,0
846,1768832912046,18,1,1,0.0,0,0,0,0
847,1768832913229,18,1,1,0.0,0,0,0,0
848,1768832913563,18,1,1,0.0,0,0,0,0
849,1768832913846,18,1,1,0.0,0,0,0,0
850,1768832914746,18,1,1,0.0,0,0,0,0
851,1768832915064,18,1,1,0.0,0,0,0,0
852,1768832915348,18,1,1,0.0,0,0,0,0
853,1768832915997,18,1,1,0.0,0,0,0,0
854,1768832916245,18,1,1,0.0,0,0,0,0
855,1768832916930,18,1,1,0.0,0,0,0,0
856,1768832917163,18,1,1,0.0,0,0,0,0
857,1768832917479,18,1,1,0.0,0,0,0,0
858,1768832917714,18,1,1,0.0,0,0,0,0
859,1768832918396,18,1,1,0.0,0,0,0,0
860,1768832918946,18,1,1,0.0,0,0,0,0
861,1768832919196,18,1,1,0.0,0,0,0,0
862,1768832919513,18,1,1,0.0,0,0,0,0
863,1768832920414,18,1,1,0.0,0,0,0,0
864,1768832920647,18,1,1,0.0,0,0,0,0
865,1768832920711,18,1,1,0.0,0,0,0,0
866,1768832920996,18,1,1,0.0,0,0,0,0
867,1768832921312,18,1,1,0.0,0,0,0,0
868,1768832921564,18,1,1,0.0,0,0,0,0
869,1768832921897,18,1,1,0.0,0,0,0,0
870,1768832922747,18,1,1,0.0,0,0,0,0
871,1768832923332,18,1,1,0.0,0,0,0,0
872,1768832923880,18,1,1,0.0,0,0,0,0
873,1768832924465,18,1,1,0.0,0,0,0,0
874,1768832924780,18,1,1,0.0,0,0,0,0
875,1768832925062,18,1,1,0.0,0,0,0,0
876,1768832925362,18,1,1,0.0,0,0,0,0
877,1768832925928,18,1,1,0.0,0,0,0,0
878,1768832926247,18,1,1,0.0,0,0,0,0
879,1768832927096,18,1,1,0.0,0,0,0,0
880,1768832927346,18,1,1,0.0,0,0,0,0
881,1768832927679,18,1,1,0.0,0,0,0,0
882,1768832928228,18,1,1,0.0,0,0,0,0
883,1768832928811,18,1,1,0.0,0,0,0,0
884,1768832929146,18,1,1,0.0,0,0,0,0
885,1768832929412,18,1,1,0.0,0,0,0,0
886,1768832930278,18,1,1,0.0,0,0,0,0
887,1768832930580,18,1,1,0.0,0,0,0,0
888,1768832931072,18,1,1,0.0,0,0,0,0
889,1768832931166,18,1,1,0.0,0,0,0,0
890,1768832931446,18,1,1,0.0,0,0,0,0
891,1768832931712,18,1,1,0.0,0,0,0,0
892,1768832932598,18,1,1,0.0,0,0,0,0
893,1768832933160,18,1,1,0.0,0,0,0,0
894,1768832933461,18,1,1,0.0,0,0,0,0
895,1768832933712,18,1,1,0.0,0,0,0,0
896,1768832934595,18,1,1,0.0,0,0,0,0
897,1768832934879,18,1,1,0.0,0,0,0,0
898,1768832935161,18,1,1,0.0,0,0,0,0
899,1768832936029,18,1,1,0.0,0,0,0,0
900,1768832936294,18,1,1,0.0,0,0,0,0
901,1768832936911,18,1,1,0.0,0,0,0,0
902,1768832937463,18,1,1,0.0,0,0,0,0
903,1768832937729,18,1,1,0.0,0,0,0,0
904,1768832938027,18,1,1,0.0,0,0,0,0
905,1768832938947,18,1,1,0.0,0,0,0,0
906,1768832939213,18,1,1,0.0,0,0,0,0
907,1768832939511,18,1,1,0.0,0,0,0,0
